file_name,relative_path,file_type,data_scope,row_count,column_count,database_or_json_objects,file_size_bytes,sha256,analysis_date_utc,suspected_grain,candidate_primary_key,candidate_foreign_keys,patient_identifier_available,event_date_available,inspection_error
DATA_DICTIONARY.csv,data/releases/BAYER_PROSTATE_PATIENT_JOURNEY_SYNTHETIC_v2.1.0_20260825T112627Z/analytical_dataset/DATA_DICTIONARY.csv,csv,certified_analytical_dataset,383,14,table; grain; column; dtype; nullable_observed; missing_count; missing_rate; primary_key_flag; foreign_key_target; description; controlled_values; availability_stage; availability_condition; rule_version,92776,17a5a0e26e30c9bc554c08b8b5a8b5713503ce875f3ee38ff735355c75cdaa88,2026-08-28,unknown/reference table; inspect before analytical use,,,False,False,
active_surveillance.csv,data/releases/BAYER_PROSTATE_PATIENT_JOURNEY_SYNTHETIC_v2.1.0_20260825T112627Z/analytical_dataset/active_surveillance.csv,csv,certified_analytical_dataset,5055,18,active_surveillance_id; patient_id; market_code; as_eligibility_flag; as_eligibility_reason; as_ineligibility_reason; as_start_date; as_status; as_exit_date; as_exit_reason; as_reclassification_event_flag; as_reclassification_date; transition_to_treatment_flag; planned_treatment_start_date; time_from_as_exit_to_treatment_days; monitoring_event_count; active_surveillance_rule_version; synthetic_event_flag,709287,d93256f3043e994a7466fbdd1fabcc3c5171d7caa465bb665ba9b81090899e91,2026-08-28,one active-surveillance assessment/pathway record,active_surveillance_id,patient_id->patient.patient_id,True,True,
active_surveillance.parquet,data/releases/BAYER_PROSTATE_PATIENT_JOURNEY_SYNTHETIC_v2.1.0_20260825T112627Z/analytical_dataset/active_surveillance.parquet,parquet,certified_analytical_dataset,5055,18,active_surveillance_id; patient_id; market_code; as_eligibility_flag; as_eligibility_reason; as_ineligibility_reason; as_start_date; as_status; as_exit_date; as_exit_reason; as_reclassification_event_flag; as_reclassification_date; transition_to_treatment_flag; planned_treatment_start_date; time_from_as_exit_to_treatment_days; monitoring_event_count; active_surveillance_rule_version; synthetic_event_flag,106866,c85324a9b8031c273b1d4f4487c2610715bbf0daac7b3a448a452bc76ad1d0bf,2026-08-28,one active-surveillance assessment/pathway record,active_surveillance_id,patient_id->patient.patient_id,True,True,
adverse_event.csv,data/releases/BAYER_PROSTATE_PATIENT_JOURNEY_SYNTHETIC_v2.1.0_20260825T112627Z/analytical_dataset/adverse_event.csv,csv,certified_analytical_dataset,439,10,adverse_event_id; patient_id; market_code; treatment_episode_id; adverse_event_date; adverse_event_type; severity; serious_event_flag; outcome_model_version; synthetic_event_flag,46793,4b9fda52bb4854b6238440ca94c4e5ce9359acb2937fd47c8f71f57ebc042888,2026-08-28,one dated adverse event,adverse_event_id,patient_id->patient.patient_id; treatment_episode_id->treatment_episode.treatment_episode_id,True,True,
adverse_event.parquet,data/releases/BAYER_PROSTATE_PATIENT_JOURNEY_SYNTHETIC_v2.1.0_20260825T112627Z/analytical_dataset/adverse_event.parquet,parquet,certified_analytical_dataset,439,10,adverse_event_id; patient_id; market_code; treatment_episode_id; adverse_event_date; adverse_event_type; severity; serious_event_flag; outcome_model_version; synthetic_event_flag,18333,a6a37c215ad774de6364be26a41764a352271f4287a5dbde3eda3565378f084a,2026-08-28,one dated adverse event,adverse_event_id,patient_id->patient.patient_id; treatment_episode_id->treatment_episode.treatment_episode_id,True,True,
diagnosis.csv,data/releases/BAYER_PROSTATE_PATIENT_JOURNEY_SYNTHETIC_v2.1.0_20260825T112627Z/analytical_dataset/diagnosis.csv,csv,certified_analytical_dataset,10000,24,diagnosis_id; patient_id; market_code; diagnosis_date; prostate_cancer_flag; prostate_stage; localized_flag; locally_advanced_flag; metastatic_flag; metastatic_date; metastatic_site; hormone_sensitive_flag; hormone_sensitive_confirmation_date; castration_resistant_flag; castration_resistant_date; risk_group; psa_value; gleason_primary_pattern; gleason_secondary_pattern; gleason_score; isup_grade_group; diagnosis_source; clinical_state_model_version; data_quality_flag,1822115,c5da278394b8e4fb38a91a71e1c7b571d381a34b89fc444491e721aeaf56b12f,2026-08-28,one index prostate diagnosis per patient,diagnosis_id,patient_id->patient.patient_id,True,True,
diagnosis.parquet,data/releases/BAYER_PROSTATE_PATIENT_JOURNEY_SYNTHETIC_v2.1.0_20260825T112627Z/analytical_dataset/diagnosis.parquet,parquet,certified_analytical_dataset,10000,24,diagnosis_id; patient_id; market_code; diagnosis_date; prostate_cancer_flag; prostate_stage; localized_flag; locally_advanced_flag; metastatic_flag; metastatic_date; metastatic_site; hormone_sensitive_flag; hormone_sensitive_confirmation_date; castration_resistant_flag; castration_resistant_date; risk_group; psa_value; gleason_primary_pattern; gleason_secondary_pattern; gleason_score; isup_grade_group; diagnosis_source; clinical_state_model_version; data_quality_flag,250548,13c87c8ddb04965efdbc1b76fabf5c7a4be51d04e6891961e7bad92dc0f57a35,2026-08-28,one index prostate diagnosis per patient,diagnosis_id,patient_id->patient.patient_id,True,True,
disease_state_event.csv,data/releases/BAYER_PROSTATE_PATIENT_JOURNEY_SYNTHETIC_v2.1.0_20260825T112627Z/analytical_dataset/disease_state_event.csv,csv,certified_analytical_dataset,10177,9,disease_state_event_id; patient_id; market_code; state_date; state; previous_state; transition_reason; clinical_state_model_version; synthetic_event_flag,982082,93d35e161ef4c6d0ab678528d63603d8f94f334d16efb22dc4e36f1eacee7f7b,2026-08-28,one dated disease-state event,disease_state_event_id,patient_id->patient.patient_id,True,True,
disease_state_event.parquet,data/releases/BAYER_PROSTATE_PATIENT_JOURNEY_SYNTHETIC_v2.1.0_20260825T112627Z/analytical_dataset/disease_state_event.parquet,parquet,certified_analytical_dataset,10177,9,disease_state_event_id; patient_id; market_code; state_date; state; previous_state; transition_reason; clinical_state_model_version; synthetic_event_flag,172460,7d829d828391036136ebf22d76df5a8d7fe713f63917c9d3cee8463e29cec40c,2026-08-28,one dated disease-state event,disease_state_event_id,patient_id->patient.patient_id,True,True,
driver_tree.csv,data/releases/BAYER_PROSTATE_PATIENT_JOURNEY_SYNTHETIC_v2.1.0_20260825T112627Z/analytical_dataset/driver_tree.csv,csv,certified_analytical_dataset,72,11,market_code; sequence; node_id; parent_node_id; node_label; count; parent_denominator; conversion_rate; definition; definition_version; caveat,17769,f613dd3c9c4f3abc56b8630041a71e33c6019729e42afa0e519ed8a1c0b19aa5,2026-08-28,unknown/reference table; inspect before analytical use,,,False,False,
eligibility.csv,data/releases/BAYER_PROSTATE_PATIENT_JOURNEY_SYNTHETIC_v2.1.0_20260825T112627Z/analytical_dataset/eligibility.csv,csv,certified_analytical_dataset,10000,20,eligibility_id; patient_id; market_code; mhspc_flag; eligibility_flag; eligible_for_arpi; eligibility_status; eligibility_date; eligibility_reason; ineligibility_reason; clinical_exclusion_reason; contraindication_flag; contraindication_reason; data_sufficiency_flag; possible_followup_days; minimum_followup_required_days; eligibility_rule_version; source_assumption; censor_date_at_generation; synthetic_event_flag,2819933,6cb20699c9c1092e1a8488c88e07347bee28e377662c47285d5bef64709ed0c9,2026-08-28,one versioned eligibility assessment per patient,eligibility_id,patient_id->patient.patient_id,True,True,
eligibility.parquet,data/releases/BAYER_PROSTATE_PATIENT_JOURNEY_SYNTHETIC_v2.1.0_20260825T112627Z/analytical_dataset/eligibility.parquet,parquet,certified_analytical_dataset,10000,20,eligibility_id; patient_id; market_code; mhspc_flag; eligibility_flag; eligible_for_arpi; eligibility_status; eligibility_date; eligibility_reason; ineligibility_reason; clinical_exclusion_reason; contraindication_flag; contraindication_reason; data_sufficiency_flag; possible_followup_days; minimum_followup_required_days; eligibility_rule_version; source_assumption; censor_date_at_generation; synthetic_event_flag,207589,175660055ca3091ada50631fccf49b106e124d0c3f267521761cff53ae650958,2026-08-28,one versioned eligibility assessment per patient,eligibility_id,patient_id->patient.patient_id,True,True,
encounter.csv,data/releases/BAYER_PROSTATE_PATIENT_JOURNEY_SYNTHETIC_v2.1.0_20260825T112627Z/analytical_dataset/encounter.csv,csv,certified_analytical_dataset,76819,12,encounter_id; patient_id; market_code; provider_id; organization_id; encounter_date; encounter_type; provider_specialty; care_setting; sequence_number; detail_level; synthetic_event_flag,9711007,66765b5331d6e3f20ac391c39f93a1a29d5dfe9811b809e5a1489987db836d27,2026-08-28,one dated patient-provider encounter,encounter_id,patient_id->patient.patient_id; provider_id->provider.provider_id; organization_id->organization.organization_id,True,True,
encounter.parquet,data/releases/BAYER_PROSTATE_PATIENT_JOURNEY_SYNTHETIC_v2.1.0_20260825T112627Z/analytical_dataset/encounter.parquet,parquet,certified_analytical_dataset,76819,12,encounter_id; patient_id; market_code; provider_id; organization_id; encounter_date; encounter_type; provider_specialty; care_setting; sequence_number; detail_level; synthetic_event_flag,862695,f7c08334d05df8cc5b7a9463da3cb0053249b8e4e175faa6ff38f6dd1fc07324,2026-08-28,one dated patient-provider encounter,encounter_id,patient_id->patient.patient_id; provider_id->provider.provider_id; organization_id->organization.organization_id,True,True,
feature_timing.csv,data/releases/BAYER_PROSTATE_PATIENT_JOURNEY_SYNTHETIC_v2.1.0_20260825T112627Z/analytical_dataset/feature_timing.csv,csv,certified_analytical_dataset,105,9,feature_metadata_id; feature_name; availability_stage; allowed_use_cases; future_information_flag; predictor_allowed_flag; availability_condition; target_label_flag; timing_rule_version,13298,9a999971796a0fa4d52cf8fab30e7e92c821bdce0acd14a9277b9fa51939f4e5,2026-08-28,one timing/governance record per mart field,feature_metadata_id,,False,False,
feature_timing.parquet,data/releases/BAYER_PROSTATE_PATIENT_JOURNEY_SYNTHETIC_v2.1.0_20260825T112627Z/analytical_dataset/feature_timing.parquet,parquet,certified_analytical_dataset,105,9,feature_metadata_id; feature_name; availability_stage; allowed_use_cases; future_information_flag; predictor_allowed_flag; availability_condition; target_label_flag; timing_rule_version,8922,cef8f730fa2bf863d437f21076a4b294a705c4f8bd078aa1b701b0f7c95f3db6,2026-08-28,one timing/governance record per mart field,feature_metadata_id,,False,False,
intervention_prioritisation_inputs.csv,data/releases/BAYER_PROSTATE_PATIENT_JOURNEY_SYNTHETIC_v2.1.0_20260825T112627Z/analytical_dataset/intervention_prioritisation_inputs.csv,csv,certified_analytical_dataset,135,29,market_code; market_depth; region; initial_care_setting; complexity_segment; eligible; initiation_90d_evaluable; initiated_90d; treatment_gap_90d; initiation_90d_censored_not_evaluable; initiation_90d_partition_unexplained; treatment_gap_rate_90d; treatment_gap_rate_90d_evaluable_denominator; treatment_gap_rate_90d_eligible_denominator; treatment_gap_ci95_low; treatment_gap_ci95_high; treatment_gap_eligible_ci95_low; treatment_gap_eligible_ci95_high; referral_evaluable; referral_completed; referral_noncompletion_rate; median_referral_delay_days; mean_access_index; persistence_evaluable_12m; persistent_12m,51734,1e88c3692b541b77518fee82eb2b921135127638548ff3607a0a1a73cd48dcc3,2026-08-28,unknown/reference table; inspect before analytical use,,,False,False,
market_opportunity.csv,data/releases/BAYER_PROSTATE_PATIENT_JOURNEY_SYNTHETIC_v2.1.0_20260825T112627Z/analytical_dataset/market_opportunity.csv,csv,certified_analytical_dataset,7,30,market_code; market_depth; patients; eligible; initiated_90d; treatment_gap_90d; initiation_90d_evaluable; initiation_90d_censored_not_evaluable; evaluable_12m; persistent_12m; discontinued_or_switched_12m; censored_12m; realized_value_proxy_12m; initiation_rate_90d_eligible_denominator; initiation_eligible_ci95_low; initiation_eligible_ci95_high; initiation_rate_90d_evaluable_denominator; initiation_evaluable_ci95_low; initiation_evaluable_ci95_high; treatment_gap_rate_90d_eligible_denominator; treatment_gap_rate_90d_evaluable_denominator; persistence_rate_12m; persistence_ci95_low; persistence_ci95_high; realized_value_proxy_rate_12m,4769,b7c7172e05428eea0a52aa36c6a9f9e77767a63aff482f2663d5a46abd962f16,2026-08-28,unknown/reference table; inspect before analytical use,,,True,False,
observation.csv,data/releases/BAYER_PROSTATE_PATIENT_JOURNEY_SYNTHETIC_v2.1.0_20260825T112627Z/analytical_dataset/observation.csv,csv,certified_analytical_dataset,10000,13,observation_id; patient_id; market_code; observation_start_date; observation_end_date; last_observed_date; loss_to_follow_up_date; death_date; censor_date; censor_reason; follow_up_days_from_diagnosis; observation_rule_version; synthetic_event_flag,1251868,08f9c15351278260d07ec04d8f91e6caa9e44eb07e04380087463f018ee41f9b,2026-08-28,one observation/censoring record per patient,observation_id,patient_id->patient.patient_id,True,True,
observation.parquet,data/releases/BAYER_PROSTATE_PATIENT_JOURNEY_SYNTHETIC_v2.1.0_20260825T112627Z/analytical_dataset/observation.parquet,parquet,certified_analytical_dataset,10000,13,observation_id; patient_id; market_code; observation_start_date; observation_end_date; last_observed_date; loss_to_follow_up_date; death_date; censor_date; censor_reason; follow_up_days_from_diagnosis; observation_rule_version; synthetic_event_flag,234867,c8c7ec6ec1238410d4d5a2c977795dc99bb59887cbf42588b8f0f35de603c7c1,2026-08-28,one observation/censoring record per patient,observation_id,patient_id->patient.patient_id,True,True,
organization.csv,data/releases/BAYER_PROSTATE_PATIENT_JOURNEY_SYNTHETIC_v2.1.0_20260825T112627Z/analytical_dataset/organization.csv,csv,certified_analytical_dataset,48,8,organization_id; market_code; region; organization_type; care_setting; academic_flag; multidisciplinary_team_flag; synthetic_organization_flag,3680,50a2732dc4eb378270ccae5f1b267e492362f02f757792d2e36c2611d45d243d,2026-08-28,one synthetic organization,organization_id,,False,False,
organization.parquet,data/releases/BAYER_PROSTATE_PATIENT_JOURNEY_SYNTHETIC_v2.1.0_20260825T112627Z/analytical_dataset/organization.parquet,parquet,certified_analytical_dataset,48,8,organization_id; market_code; region; organization_type; care_setting; academic_flag; multidisciplinary_team_flag; synthetic_organization_flag,5783,0b777daf69bae108ca3f54c6f1a3eb47621ffc200beae6bce393bbd1318527cc,2026-08-28,one synthetic organization,organization_id,,False,False,
outcome.csv,data/releases/BAYER_PROSTATE_PATIENT_JOURNEY_SYNTHETIC_v2.1.0_20260825T112627Z/analytical_dataset/outcome.csv,csv,certified_analytical_dataset,10000,21,outcome_id; patient_id; market_code; progression_event; progression_date; castration_resistant_transition; castration_resistant_date; hospitalisation_flag; first_hospitalisation_date; adverse_event_flag; adverse_event_count; death_flag; death_date; lost_to_follow_up_flag; loss_to_follow_up_date; last_observed_date; censor_date; censor_reason; outcome_status; outcome_model_version; synthetic_event_flag,1602347,ad097fd09501d1b8938075a449b69f650876fbaa6ca2efafd38c18ad359e848c,2026-08-28,one derived outcome/censoring record per patient,outcome_id,patient_id->patient.patient_id,True,True,
outcome.parquet,data/releases/BAYER_PROSTATE_PATIENT_JOURNEY_SYNTHETIC_v2.1.0_20260825T112627Z/analytical_dataset/outcome.parquet,parquet,certified_analytical_dataset,10000,21,outcome_id; patient_id; market_code; progression_event; progression_date; castration_resistant_transition; castration_resistant_date; hospitalisation_flag; first_hospitalisation_date; adverse_event_flag; adverse_event_count; death_flag; death_date; lost_to_follow_up_flag; loss_to_follow_up_date; last_observed_date; censor_date; censor_reason; outcome_status; outcome_model_version; synthetic_event_flag,220049,fb9543f253091c83a1774734652aa80f216d4e9c3c66027207f9d98b09c17ef5,2026-08-28,one derived outcome/censoring record per patient,outcome_id,patient_id->patient.patient_id,True,True,
patient.csv,data/releases/BAYER_PROSTATE_PATIENT_JOURNEY_SYNTHETIC_v2.1.0_20260825T112627Z/analytical_dataset/patient.csv,csv,certified_analytical_dataset,10000,27,patient_id; source_patient_id; source_archetype_id; source_record_type; birth_date; index_date; birth_year; age_at_index; sex; market_code; country; market_depth; region; postal_code_prefix; race; ethnicity; insurance_type; access_index; comorbidity_score; frailty_proxy; complexity_segment; socioeconomic_proxy; date_of_death; synthetic_oversampling_flag; population_representative_flag,2111300,e9b5b951f00910ce6fbc94eb9fcc51cebcb745391ad97769a0b0af222a5cc1bd,2026-08-28,one row per synthetic patient/archetype,patient_id,,True,True,
patient.parquet,data/releases/BAYER_PROSTATE_PATIENT_JOURNEY_SYNTHETIC_v2.1.0_20260825T112627Z/analytical_dataset/patient.parquet,parquet,certified_analytical_dataset,10000,27,patient_id; source_patient_id; source_archetype_id; source_record_type; birth_date; index_date; birth_year; age_at_index; sex; market_code; country; market_depth; region; postal_code_prefix; race; ethnicity; insurance_type; access_index; comorbidity_score; frailty_proxy; complexity_segment; socioeconomic_proxy; date_of_death; synthetic_oversampling_flag; population_representative_flag,338116,2f355bd61784a8cc076655489dce7ef90bebe7eee339249d7254370ae8e1f65e,2026-08-28,one row per synthetic patient/archetype,patient_id,,True,True,
patient_journey.csv,data/releases/BAYER_PROSTATE_PATIENT_JOURNEY_SYNTHETIC_v2.1.0_20260825T112627Z/analytical_dataset/patient_journey.csv,csv,certified_analytical_dataset,10000,105,patient_id; market_code; country; market_depth; source_archetype_id; age_at_index; comorbidity_score; frailty_proxy; complexity_segment; region; insurance_type; access_index; socioeconomic_proxy; prostate_stage; metastatic_flag; hormone_sensitive_flag; castration_resistant_flag; risk_group; psa_value; gleason_score; isup_grade_group; mhspc_flag; denominator_status; eligibility_flag; eligible_for_arpi,7702540,250f59c73ed7b8c0a8ee27e05d58e54c2525f4f638b5c12472cc284a049c1ba1,2026-08-28,one analysis-ready row per patient,patient_id,patient_id->patient.patient_id,True,True,
patient_journey.parquet,data/releases/BAYER_PROSTATE_PATIENT_JOURNEY_SYNTHETIC_v2.1.0_20260825T112627Z/analytical_dataset/patient_journey.parquet,parquet,certified_analytical_dataset,10000,105,patient_id; market_code; country; market_depth; source_archetype_id; age_at_index; comorbidity_score; frailty_proxy; complexity_segment; region; insurance_type; access_index; socioeconomic_proxy; prostate_stage; metastatic_flag; hormone_sensitive_flag; castration_resistant_flag; risk_group; psa_value; gleason_score; isup_grade_group; mhspc_flag; denominator_status; eligibility_flag; eligible_for_arpi,624738,3db9ced43def488601f12ac41e1e72c45e609c89586652be39795001fced2912,2026-08-28,one analysis-ready row per patient,patient_id,patient_id->patient.patient_id,True,True,
patient_split.csv,data/releases/BAYER_PROSTATE_PATIENT_JOURNEY_SYNTHETIC_v2.1.0_20260825T112627Z/analytical_dataset/patient_split.csv,csv,certified_analytical_dataset,10000,6,patient_split_id; patient_id; source_archetype_id; market_code; split; split_rule_version,875761,96d6073816bc72aab83909ed0337babcd350deefee370a0704e4984a510564c3,2026-08-28,one reproducible analytical split per patient,patient_split_id,patient_id->patient.patient_id,True,False,
patient_split.parquet,data/releases/BAYER_PROSTATE_PATIENT_JOURNEY_SYNTHETIC_v2.1.0_20260825T112627Z/analytical_dataset/patient_split.parquet,parquet,certified_analytical_dataset,10000,6,patient_split_id; patient_id; source_archetype_id; market_code; split; split_rule_version,195426,c854f1670f5e5cd6d4c38b27a5d3d428230e946cee8d61519a0e4e0d1fe2834d,2026-08-28,one reproducible analytical split per patient,patient_split_id,patient_id->patient.patient_id,True,False,
prescription_event.csv,data/releases/BAYER_PROSTATE_PATIENT_JOURNEY_SYNTHETIC_v2.1.0_20260825T112627Z/analytical_dataset/prescription_event.csv,csv,certified_analytical_dataset,26306,20,prescription_event_id; patient_id; market_code; treatment_episode_id; regimen_id; component_id; service_date; product_id; drug_name; drug_class; quantity_dispensed; days_supply; nominal_covered_until_date; covered_until_date; event_type; refill_gap_days; refill_timing; adherence_profile; detail_level; synthetic_event_flag,5120238,f56210692d2148b780d0e762ef8d50a2e38efdc496dbec9d8efed79739924343,2026-08-28,one dispensing/refill event,prescription_event_id,patient_id->patient.patient_id; treatment_episode_id->treatment_episode.treatment_episode_id; regimen_id->treatment_regimen.regimen_id; component_id->treatment_regimen_component.component_id,True,True,
prescription_event.parquet,data/releases/BAYER_PROSTATE_PATIENT_JOURNEY_SYNTHETIC_v2.1.0_20260825T112627Z/analytical_dataset/prescription_event.parquet,parquet,certified_analytical_dataset,26306,20,prescription_event_id; patient_id; market_code; treatment_episode_id; regimen_id; component_id; service_date; product_id; drug_name; drug_class; quantity_dispensed; days_supply; nominal_covered_until_date; covered_until_date; event_type; refill_gap_days; refill_timing; adherence_profile; detail_level; synthetic_event_flag,536532,4ab599f66e9293a55dfd50715fb711a175c0343104822b92d9961ab52da2fd59,2026-08-28,one dispensing/refill event,prescription_event_id,patient_id->patient.patient_id; treatment_episode_id->treatment_episode.treatment_episode_id; regimen_id->treatment_regimen.regimen_id; component_id->treatment_regimen_component.component_id,True,True,
prostate_journey.duckdb,data/releases/BAYER_PROSTATE_PATIENT_JOURNEY_SYNTHETIC_v2.1.0_20260825T112627Z/analytical_dataset/prostate_journey.duckdb,duckdb,certified_analytical_dataset,203400,383,active_surveillance; adverse_event; diagnosis; disease_state_event; eligibility; encounter; feature_timing; observation; organization; outcome; patient; patient_journey; patient_split; prescription_event; provider; referral; treatment_episode; treatment_regimen; treatment_regimen_component,12070912,4dc18e10d9a662652f2d94b9787bc815e53bec72b34bc9dbb55fcbafca74d177,2026-08-28,database container with multiple table grains,,,True,False,
provider.csv,data/releases/BAYER_PROSTATE_PATIENT_JOURNEY_SYNTHETIC_v2.1.0_20260825T112627Z/analytical_dataset/provider.csv,csv,certified_analytical_dataset,64,10,provider_id; organization_id; market_code; region; provider_specialty; care_setting; academic_flag; annual_prostate_volume; multidisciplinary_team_flag; synthetic_provider_flag,5672,f16ff4da0e7a5ae3e7ab665c71aad1d46b5f79e967d636943088bffb2bcef814,2026-08-28,one stable provider-master row,provider_id,organization_id->organization.organization_id,False,False,
provider.parquet,data/releases/BAYER_PROSTATE_PATIENT_JOURNEY_SYNTHETIC_v2.1.0_20260825T112627Z/analytical_dataset/provider.parquet,parquet,certified_analytical_dataset,64,10,provider_id; organization_id; market_code; region; provider_specialty; care_setting; academic_flag; annual_prostate_volume; multidisciplinary_team_flag; synthetic_provider_flag,7701,4514806cb2835f7a164ed55253413ae0052c8425b2cf7ba9e104e451cb5c6de2,2026-08-28,one stable provider-master row,provider_id,organization_id->organization.organization_id,False,False,
referral.csv,data/releases/BAYER_PROSTATE_PATIENT_JOURNEY_SYNTHETIC_v2.1.0_20260825T112627Z/analytical_dataset/referral.csv,csv,certified_analytical_dataset,5419,16,referral_id; patient_id; market_code; source_provider_id; source_organization_id; source_specialty; destination_provider_id; destination_organization_id; destination_specialty; referral_date; completion_date; referral_status; referral_reason; decision_owner_specialty; detail_level; synthetic_event_flag,1045612,89acdffa0e9393a0e5cd9f8c00d54b03a2a88cf8c577701dced7d1a36f3b6eae,2026-08-28,one provider-to-provider referral,referral_id,patient_id->patient.patient_id; source_provider_id->provider.provider_id; destination_provider_id->provider.provider_id; source_organization_id->organization.organization_id; destination_organization_id->organization.organization_id,True,True,
referral.parquet,data/releases/BAYER_PROSTATE_PATIENT_JOURNEY_SYNTHETIC_v2.1.0_20260825T112627Z/analytical_dataset/referral.parquet,parquet,certified_analytical_dataset,5419,16,referral_id; patient_id; market_code; source_provider_id; source_organization_id; source_specialty; destination_provider_id; destination_organization_id; destination_specialty; referral_date; completion_date; referral_status; referral_reason; decision_owner_specialty; detail_level; synthetic_event_flag,133587,c9deab018fbfcb7ed68abb51c5144d5a602eb71a02b0473b366085789a1d04df,2026-08-28,one provider-to-provider referral,referral_id,patient_id->patient.patient_id; source_provider_id->provider.provider_id; destination_provider_id->provider.provider_id; source_organization_id->organization.organization_id; destination_organization_id->organization.organization_id,True,True,
sensitivity_analysis.csv,data/releases/BAYER_PROSTATE_PATIENT_JOURNEY_SYNTHETIC_v2.1.0_20260825T112627Z/analytical_dataset/sensitivity_analysis.csv,csv,certified_analytical_dataset,48,20,market_code; sensitivity_domain; parameter_days; definition; numerator; denominator; eligible_denominator; evaluable_denominator; censored_not_evaluable; unexplained_partition; rate; rate_evaluable_denominator; rate_eligible_denominator; wilson_ci95_low; wilson_ci95_high; eligible_denominator_ci95_low; eligible_denominator_ci95_high; precomputed_flag_mismatch_count; definition_version; caveat,20336,34caf062094f9e72fae3e3d4ab6fa0efc0d5d516c9a564f6d44eec7451da54d3,2026-08-28,unknown/reference table; inspect before analytical use,,,False,False,
treatment_episode.csv,data/releases/BAYER_PROSTATE_PATIENT_JOURNEY_SYNTHETIC_v2.1.0_20260825T112627Z/analytical_dataset/treatment_episode.csv,csv,certified_analytical_dataset,2369,24,treatment_episode_id; patient_id; market_code; treatment_line; treatment_start_date; treatment_end_date; treatment_status; treatment_intent; episode_reason; transition_type; previous_episode_id; prescribing_provider_id; discontinuation_flag; discontinuation_date; discontinuation_reason; switch_flag; switch_date; restart_flag; restart_date; temporary_gap_flag; tracking_component_id; prescription_event_count; max_refill_gap_days; synthetic_event_flag,436513,9de04a1e160493cf0e7b9feffe5cbd41215e0607a95ad5c692feb95be906754d,2026-08-28,one longitudinal treatment line/episode,treatment_episode_id,patient_id->patient.patient_id; prescribing_provider_id->provider.provider_id; previous_episode_id->treatment_episode.treatment_episode_id,True,True,
treatment_episode.parquet,data/releases/BAYER_PROSTATE_PATIENT_JOURNEY_SYNTHETIC_v2.1.0_20260825T112627Z/analytical_dataset/treatment_episode.parquet,parquet,certified_analytical_dataset,2369,24,treatment_episode_id; patient_id; market_code; treatment_line; treatment_start_date; treatment_end_date; treatment_status; treatment_intent; episode_reason; transition_type; previous_episode_id; prescribing_provider_id; discontinuation_flag; discontinuation_date; discontinuation_reason; switch_flag; switch_date; restart_flag; restart_date; temporary_gap_flag; tracking_component_id; prescription_event_count; max_refill_gap_days; synthetic_event_flag,102022,885202dc409bfa352469479b67253bc92ae38e513c0b9f3ca5179f86b438f3fb,2026-08-28,one longitudinal treatment line/episode,treatment_episode_id,patient_id->patient.patient_id; prescribing_provider_id->provider.provider_id; previous_episode_id->treatment_episode.treatment_episode_id,True,True,
treatment_gap_heatmap.csv,data/releases/BAYER_PROSTATE_PATIENT_JOURNEY_SYNTHETIC_v2.1.0_20260825T112627Z/analytical_dataset/treatment_gap_heatmap.csv,csv,certified_analytical_dataset,377,22,market_code; market_depth; region; initial_care_setting; complexity_segment; age_group; eligible; initiation_90d_evaluable; initiated_90d; treatment_gap_90d; initiation_90d_censored_not_evaluable; initiation_90d_partition_unexplained; treatment_gap_rate_90d; treatment_gap_rate_90d_evaluable_denominator; treatment_gap_rate_90d_eligible_denominator; wilson_ci95_low; wilson_ci95_high; eligible_denominator_ci95_low; eligible_denominator_ci95_high; confidence_grade; small_cell_flag; caveat,120373,a8c3f37272b620e010a67c378678cdb5b21430823c832d0099f097e83d38d17a,2026-08-28,unknown/reference table; inspect before analytical use,,,False,False,
treatment_regimen.csv,data/releases/BAYER_PROSTATE_PATIENT_JOURNEY_SYNTHETIC_v2.1.0_20260825T112627Z/analytical_dataset/treatment_regimen.csv,csv,certified_analytical_dataset,2369,14,regimen_id; treatment_episode_id; patient_id; market_code; regimen_name; regimen_type; combination_strategy; regimen_start_date; regimen_end_date; regimen_status; intensification_flag; guideline_concordance_classification; guideline_rule_version; synthetic_event_flag,428269,2dbe941b02763b031114b1def9dd9d4307a177b40615328f1668cf271424ea9f,2026-08-28,one regimen attached to a treatment episode,regimen_id,patient_id->patient.patient_id; treatment_episode_id->treatment_episode.treatment_episode_id,True,True,
treatment_regimen.parquet,data/releases/BAYER_PROSTATE_PATIENT_JOURNEY_SYNTHETIC_v2.1.0_20260825T112627Z/analytical_dataset/treatment_regimen.parquet,parquet,certified_analytical_dataset,2369,14,regimen_id; treatment_episode_id; patient_id; market_code; regimen_name; regimen_type; combination_strategy; regimen_start_date; regimen_end_date; regimen_status; intensification_flag; guideline_concordance_classification; guideline_rule_version; synthetic_event_flag,81251,d4c3faf373fd8e3f264d541b6ddd27ae9365ebe8dccd227d16bb978b274f8a8a,2026-08-28,one regimen attached to a treatment episode,regimen_id,patient_id->patient.patient_id; treatment_episode_id->treatment_episode.treatment_episode_id,True,True,
treatment_regimen_component.csv,data/releases/BAYER_PROSTATE_PATIENT_JOURNEY_SYNTHETIC_v2.1.0_20260825T112627Z/analytical_dataset/treatment_regimen_component.csv,csv,certified_analytical_dataset,4230,17,component_id; regimen_id; treatment_episode_id; patient_id; market_code; drug_name; drug_class; component_role; route; component_start_date; dispensing_required_flag; component_end_date; component_status; planned_cycle_count; cycle_length_days; dispensing_detail_available_flag; synthetic_event_flag,641233,e39a6d2e92920f597d11deaa712b65400c61c3b6f6fec595a65ce3b6a3398a29,2026-08-28,one drug/procedure component within a regimen,component_id,patient_id->patient.patient_id; treatment_episode_id->treatment_episode.treatment_episode_id; regimen_id->treatment_regimen.regimen_id,True,True,
treatment_regimen_component.parquet,data/releases/BAYER_PROSTATE_PATIENT_JOURNEY_SYNTHETIC_v2.1.0_20260825T112627Z/analytical_dataset/treatment_regimen_component.parquet,parquet,certified_analytical_dataset,4230,17,component_id; regimen_id; treatment_episode_id; patient_id; market_code; drug_name; drug_class; component_role; route; component_start_date; dispensing_required_flag; component_end_date; component_status; planned_cycle_count; cycle_length_days; dispensing_detail_available_flag; synthetic_event_flag,129386,fb03b80176007e3d77ef0da4315879c9b70f0462e051a1e4ed7973aaeca957ed,2026-08-28,one drug/procedure component within a regimen,component_id,patient_id->patient.patient_id; treatment_episode_id->treatment_episode.treatment_episode_id; regimen_id->treatment_regimen.regimen_id,True,True,
assumptions_register.csv,data/releases/BAYER_PROSTATE_PATIENT_JOURNEY_SYNTHETIC_v2.1.0_20260825T112627Z/qa_evidence/assumptions_register.csv,csv,certified_qa_evidence,448,10,assumption_id; domain; parameter_path; configured_value; market_applicability; version; source_or_rationale; validation_status; sensitivity_supported; caveat,136024,7ad19e73c60b0c8b4ae6829cf59bc798a74cc6b14eb57653b27eded44dfe57fb,2026-08-28,unknown/reference table; inspect before analytical use,,,False,False,
final_scorecard.csv,data/releases/BAYER_PROSTATE_PATIENT_JOURNEY_SYNTHETIC_v2.1.0_20260825T112627Z/qa_evidence/final_scorecard.csv,csv,certified_qa_evidence,11,5,dimension; score_0_100; status; supporting_test_ids; remaining_deficiency,1075,3a27c5b6fe41539214445375154907c96804304bff6e320a494a5846f378de0d,2026-08-28,unknown/reference table; inspect before analytical use,,,False,False,
leakage_report.csv,data/releases/BAYER_PROSTATE_PATIENT_JOURNEY_SYNTHETIC_v2.1.0_20260825T112627Z/qa_evidence/leakage_report.csv,csv,certified_qa_evidence,3,16,task; prediction_cutoff; target; rows; predictor_count; actual_feature_set_columns; actual_predictor_columns; timing_violation_count; max_abs_numeric_correlation; max_correlation_feature; max_deterministic_mapping_fraction; max_mapping_feature; perfect_prediction_count; leakage_violation_count; status; caveat,4115,9d361fb12038ba6d1dcfdecc6a6f1e0e4d3b2edb38b3787444a72133914701df,2026-08-28,aggregated report rows,,,False,False,
leakage_report.json,data/releases/BAYER_PROSTATE_PATIENT_JOURNEY_SYNTHETIC_v2.1.0_20260825T112627Z/qa_evidence/leakage_report.json,json,certified_qa_evidence,1,2,all_tasks_pass; tasks,28129,26faddefbe6ce85d88435716c7a77a365c95cd41ea9dff33a9eb0f19fb0ee61c,2026-08-28,reference/configuration JSON object,,,False,False,
artifact_manifest.json,data/releases/BAYER_PROSTATE_PATIENT_JOURNEY_SYNTHETIC_v2.1.0_20260825T112627Z/qa_evidence/manifests/artifact_manifest.json,json,certified_qa_evidence,1,6,component; generated_at; base_directory; file_count; total_bytes; files,20467,97db070a811de38f533978cbb1aa9d2c628a40d7a4ee6163b9edfbccdb022abc,2026-08-28,reference/configuration JSON object,,,False,False,
config_manifest.json,data/releases/BAYER_PROSTATE_PATIENT_JOURNEY_SYNTHETIC_v2.1.0_20260825T112627Z/qa_evidence/manifests/config_manifest.json,json,certified_qa_evidence,1,6,component; generated_at; base_directory; file_count; total_bytes; files,1250,ce471dcbe6818818398011ca89659f2c1ed257d15196df8a93cbdd078889da04,2026-08-28,reference/configuration JSON object,,,False,False,
docs_manifest.json,data/releases/BAYER_PROSTATE_PATIENT_JOURNEY_SYNTHETIC_v2.1.0_20260825T112627Z/qa_evidence/manifests/docs_manifest.json,json,certified_qa_evidence,1,6,component; generated_at; base_directory; file_count; total_bytes; files,1877,bda3a26fca1965a4f6c480c880166a9699ac18835984d610b0a925e82a182360,2026-08-28,reference/configuration JSON object,,,False,False,
input_manifest.json,data/releases/BAYER_PROSTATE_PATIENT_JOURNEY_SYNTHETIC_v2.1.0_20260825T112627Z/qa_evidence/manifests/input_manifest.json,json,certified_qa_evidence,1,6,component; generated_at; base_directory; file_count; total_bytes; files,3228,f06cb0dd4d132c670db9011f84798edde11937f5f3f539a232d19c0c1acbe7f9,2026-08-28,reference/configuration JSON object,,,False,False,
source_manifest.json,data/releases/BAYER_PROSTATE_PATIENT_JOURNEY_SYNTHETIC_v2.1.0_20260825T112627Z/qa_evidence/manifests/source_manifest.json,json,certified_qa_evidence,1,6,component; generated_at; base_directory; file_count; total_bytes; files,9910,d21a0cfd3daa43e13e1021b4b7ea8923c99e691f72c2274f67a48159e1ad4555,2026-08-28,reference/configuration JSON object,,,False,False,
market_coverage.csv,data/releases/BAYER_PROSTATE_PATIENT_JOURNEY_SYNTHETIC_v2.1.0_20260825T112627Z/qa_evidence/market_coverage.csv,csv,certified_qa_evidence,7,49,market_code; market_depth; patients; follow_up_mean_days; follow_up_median_days; follow_up_p25_days; follow_up_p75_days; diagnosis_date_min; diagnosis_date_max; censor_date_min; censor_date_max; encounter_event_date_min; encounter_event_date_max; referral_event_date_min; referral_event_date_max; treatment_event_date_min; treatment_event_date_max; prescription_event_date_min; prescription_event_date_max; active_surveillance_event_date_min; active_surveillance_event_date_max; providers; organizations; encounters; treatment_episodes,4614,14b2432f2b85b811a7e43fbe61320696e714169d6b814ef47ef81335d7abcdd9,2026-08-28,unknown/reference table; inspect before analytical use,,,True,True,
adversarial_audit.json,data/releases/BAYER_PROSTATE_PATIENT_JOURNEY_SYNTHETIC_v2.1.0_20260825T112627Z/qa_evidence/reports/adversarial_audit.json,json,certified_qa_evidence,1,8,independent_audit_score; maximum_score; p0_blockers_remaining; p1_issues_remaining; ready_for_bayer_diagnostic; independent_metrics; remaining_warnings; scorecard,10660,3d0b443870d53f9e7e7b2984247e2c7d5a3e2a2d5dfc339a7c15af0ad54bd986,2026-08-28,reference/configuration JSON object,,,False,False,
adversarial_audit_scorecard.csv,data/releases/BAYER_PROSTATE_PATIENT_JOURNEY_SYNTHETIC_v2.1.0_20260825T112627Z/qa_evidence/reports/adversarial_audit_scorecard.csv,csv,certified_qa_evidence,25,7,check_id; check; priority; status; score; max_score; evidence,4024,a5d7a216b41379df044d1c1064557f623d24868a61f240b91f0da0e75202d4fc,2026-08-28,unknown/reference table; inspect before analytical use,,,False,False,
cohort_kpis.csv,data/releases/BAYER_PROSTATE_PATIENT_JOURNEY_SYNTHETIC_v2.1.0_20260825T112627Z/qa_evidence/reports/cohort_kpis.csv,csv,certified_qa_evidence,22,3,kpi; value; data_label,1680,2c2f501f1fdd03998178f76e48abe538883cd209a514585099a288b7e8f6fe3d,2026-08-28,unknown/reference table; inspect before analytical use,,,False,False,
data_quality_summary.csv,data/releases/BAYER_PROSTATE_PATIENT_JOURNEY_SYNTHETIC_v2.1.0_20260825T112627Z/qa_evidence/reports/data_quality_summary.csv,csv,certified_qa_evidence,92,5,rule; severity; status; failure_count; detail,9367,64e9d4d564cd8e5288ef0a320ddade21dacb864939916432b6eeb20f34ec624d,2026-08-28,aggregated report rows,,,False,False,
data_quality_summary.json,data/releases/BAYER_PROSTATE_PATIENT_JOURNEY_SYNTHETIC_v2.1.0_20260825T112627Z/qa_evidence/reports/data_quality_summary.json,json,certified_qa_evidence,1,3,disclaimer; rules; critical_failures,20296,05232c8bc67ecab3a024d335804cb9efdbb719fe779f69d073ab22e99cf88d29,2026-08-28,reference/configuration JSON object,,,False,False,
market_summary.csv,data/releases/BAYER_PROSTATE_PATIENT_JOURNEY_SYNTHETIC_v2.1.0_20260825T112627Z/qa_evidence/reports/market_summary.csv,csv,certified_qa_evidence,7,16,market_code; market_depth; patients; encounters; encounters_per_patient; referrals; referrals_per_patient; treatment_episodes; treatment_episodes_per_patient; prescription_events; prescription_events_per_patient; adverse_events; adverse_events_per_patient; eligible; initiated; persistent_12m_evaluable,1158,0d4bd74f59bb3acb6447a4c44e5d52174d54ad0f84e77b38701772ae8d0a8982,2026-08-28,aggregated report rows,,,True,False,
missingness_summary.csv,data/releases/BAYER_PROSTATE_PATIENT_JOURNEY_SYNTHETIC_v2.1.0_20260825T112627Z/qa_evidence/reports/missingness_summary.csv,csv,certified_qa_evidence,383,6,table; column; dtype; nullable_observed; missing_count; missing_rate,20569,b77e3ea5242726fec4f28b120d347d96d296555476b481114056894f22a86041,2026-08-28,aggregated report rows,,,False,False,
readiness_audit.json,data/releases/BAYER_PROSTATE_PATIENT_JOURNEY_SYNTHETIC_v2.1.0_20260825T112627Z/qa_evidence/reports/readiness_audit.json,json,certified_qa_evidence,1,8,overall_readiness_score; maximum_score; failed_requirements; partial_requirements; p0_p1_failures; requirements; categories; table_fingerprints,9812,0e1696cf59498740cf0fe0f09318ef381e2a935edff50f4f9e53a21539d85170,2026-08-28,reference/configuration JSON object,,,False,False,
readiness_requirement_matrix.csv,data/releases/BAYER_PROSTATE_PATIENT_JOURNEY_SYNTHETIC_v2.1.0_20260825T112627Z/qa_evidence/reports/readiness_requirement_matrix.csv,csv,certified_qa_evidence,25,7,requirement_id; category; priority; status; score; max_score; detail,2464,c6774862babe807159464d03b299675299b484f3b83357f56b2ff4e0dbbd8ec4,2026-08-28,unknown/reference table; inspect before analytical use,,,False,False,
readiness_scorecard.csv,data/releases/BAYER_PROSTATE_PATIENT_JOURNEY_SYNTHETIC_v2.1.0_20260825T112627Z/qa_evidence/reports/readiness_scorecard.csv,csv,certified_qa_evidence,11,4,category; score; max_score; percentage,445,db1422e82e97bbb76498d26cfc26894a774ec40310a11a2673194eb94ed5efb0,2026-08-28,unknown/reference table; inspect before analytical use,,,False,False,
release_reconciliation.json,data/releases/BAYER_PROSTATE_PATIENT_JOURNEY_SYNTHETIC_v2.1.0_20260825T112627Z/qa_evidence/reports/release_reconciliation.json,json,certified_qa_evidence,1,7,status; concepts; comparisons; total_mismatches; hard_failures; summary; detail,3513,28c07d6e0a5e497b2d5b81c6e1cb1a371505880540ad34b0c1f745a6532aeb99,2026-08-28,reference/configuration JSON object,,,False,False,
release_reconciliation_detail.csv,data/releases/BAYER_PROSTATE_PATIENT_JOURNEY_SYNTHETIC_v2.1.0_20260825T112627Z/qa_evidence/reports/release_reconciliation_detail.csv,csv,certified_qa_evidence,0,7,concept; patient_id; entity_id; field; expected; actual; message,60,53b111c31a92d32875dc0b0f003e7565219fa5a6f5e7c3f52d765796a6fa66ec,2026-08-28,unknown/reference table; inspect before analytical use,,,True,False,
release_reconciliation_summary.csv,data/releases/BAYER_PROSTATE_PATIENT_JOURNEY_SYNTHETIC_v2.1.0_20260825T112627Z/qa_evidence/reports/release_reconciliation_summary.csv,csv,certified_qa_evidence,10,5,concept; comparisons; mismatches; status; evidence,2213,3680f1274d4409b6587a1fcfb547fcc8d4e9733778296f98224fee306b8c938c,2026-08-28,aggregated report rows,,,False,False,
run_metadata.json,data/releases/BAYER_PROSTATE_PATIENT_JOURNEY_SYNTHETIC_v2.1.0_20260825T112627Z/qa_evidence/reports/run_metadata.json,json,certified_qa_evidence,1,20,disclaimer; generation_started_at; generation_completed_at; git_commit; git_branch; git_tracked_source_clean; generator_version; python_version; python_implementation; python_executable; platform; dependencies; synthea_commit; random_seed; cohort_size; scenario_version; market_configuration_version; clinical_rules_version; config_snapshot_sha256; output_file_hashes,6928,8d81e60d3875883e54bbfb046c32797e13bc00f1b2e302499589af8f1c2508e1,2026-08-28,reference/configuration JSON object,,,False,True,
schema_summary.csv,data/releases/BAYER_PROSTATE_PATIENT_JOURNEY_SYNTHETIC_v2.1.0_20260825T112627Z/qa_evidence/reports/schema_summary.csv,csv,certified_qa_evidence,19,4,table; rows; columns; memory_bytes,620,bca9d2be0a7c12d858bafc89967aedfd398d250d7b4c6eabe8f4b26423aca11f,2026-08-28,aggregated report rows,,,False,False,
synthetic_realism_report.csv,data/releases/BAYER_PROSTATE_PATIENT_JOURNEY_SYNTHETIC_v2.1.0_20260825T112627Z/qa_evidence/synthetic_realism_report.csv,csv,certified_qa_evidence,11,6,check_id; diagnostic; status; observed; acceptance_threshold; caveat,1956,43c09833312222c405b3257e0aa238bbd4e4c46436766adf92c6ab0543fb2df1,2026-08-28,aggregated report rows,,,False,False,
synthetic_realism_report.json,data/releases/BAYER_PROSTATE_PATIENT_JOURNEY_SYNTHETIC_v2.1.0_20260825T112627Z/qa_evidence/synthetic_realism_report.json,json,certified_qa_evidence,1,3,all_checks_pass; failed_checks; diagnostics,3672,8e26a1bf7e22f6715eb8c683bf738c8e8013c89fa349e9c8fb1ac9324dc17bc2,2026-08-28,reference/configuration JSON object,,,False,False,
test_report.json,data/releases/BAYER_PROSTATE_PATIENT_JOURNEY_SYNTHETIC_v2.1.0_20260825T112627Z/qa_evidence/test_report.json,json,certified_qa_evidence,1,7,generated_at; project_root; python_executable; passed; commands; junit; junit_sha256,2336,3c2ac61bc746db9fc4298396c4b790e8af87ea157e00b6e315006b5cf1ab8fa7,2026-08-28,reference/configuration JSON object,,,False,False,
uncertainty_confidence.csv,data/releases/BAYER_PROSTATE_PATIENT_JOURNEY_SYNTHETIC_v2.1.0_20260825T112627Z/qa_evidence/uncertainty_confidence.csv,csv,certified_qa_evidence,56,12,market_code; market_depth; metric; numerator; denominator; rate; wilson_ci95_low; wilson_ci95_high; data_completeness_rate; confidence_grade; confidence_rule_version; caveat,17637,71ab181603ad95dcafaf4a5ea6e99183e4fb672ff1e2b02df0116248fbe2992a,2026-08-28,unknown/reference table; inspect before analytical use,,,False,False,
birthweights.csv,external/synthea/build/resources/main/birthweights.csv,csv,external_reference_or_fixture,124,87,hispanic_mother; baby_sex; lmp_gestational_age; weight; sum; 100; 200; 300; 400; 500; 600; 700; 800; 900; 1000; 1100; 1200; 1300; 1400; 1500; 1600; 1700; 1800; 1900; 2000,28930,a7cc66cb046628bb0a0b4d95797f4056c99c1ae7ea4c1e62f69265a66f5d20b2,2026-08-28,unknown/reference table; inspect before analytical use,,,False,False,
bmi_correlations.json,external/synthea/build/resources/main/bmi_correlations.json,json,external_reference_or_fixture,1,18,3; 4; 5; 6; 7; 8; 9; 10; 11; 12; 13; 14; 15; 16; 17; 18; 19; 20,1135,0ed9bcb1c45634b64948dbaf4e42f03706438058ad2a04c0a64df20d344bad97,2026-08-28,reference/configuration JSON object,,,False,False,
cdc_growth_charts.json,external/synthea/build/resources/main/cdc_growth_charts.json,json,external_reference_or_fixture,1,4,height; weight; bmi; head,570847,8fabba5dd50225a236b9914f3376514801fcf31827ef9b22f4cdcc878eb9a5a5,2026-08-28,reference/configuration JSON object,,,False,False,
cdc_wtleninf.csv,external/synthea/build/resources/main/cdc_wtleninf.csv,csv,external_reference_or_fixture,120,14,Sex; Length; L; M; S; P3; P5; P10; P25; P50; P75; P90; P95; P97,18240,c2f3a1ad04db2af80663cae3f58d766d6e8d5bbbab5a3fb23a79a76f10208e85,2026-08-28,unknown/reference table; inspect before analytical use,,,False,False,
devices.csv,external/synthea/build/resources/main/costs/devices.csv,csv,external_reference_or_fixture,6,5,CODE; MIN; MODE; MAX; COMMENTS,327,bd14253593400fb7927ea9002467884be60889365d491ccc50bc7115cc18424b,2026-08-28,unknown/reference table; inspect before analytical use,,,False,False,
devices_adjustments.csv,external/synthea/build/resources/main/costs/devices_adjustments.csv,csv,external_reference_or_fixture,53,2,STATE; ADJ_FACTOR,599,7f66d71fe7a9b047e1e8e525f164387141d4b260de11a6d36fc6f540a308e651,2026-08-28,unknown/reference table; inspect before analytical use,,,False,False,
dialysis_adjustments.csv,external/synthea/build/resources/main/costs/dialysis_adjustments.csv,csv,external_reference_or_fixture,53,2,STATE; ADJ_FACTOR,599,516c345c120806e3e996bd2f97e0337bc20a498e667bb7e51e153bb38d839edf,2026-08-28,unknown/reference table; inspect before analytical use,,,False,False,
encounters.csv,external/synthea/build/resources/main/costs/encounters.csv,csv,external_reference_or_fixture,9,5,CODE; MIN; MODE; MAX; COMMENTS,668,8e193efb708679374adf592ccb3794c33c800da7082b20e28f79eabf4826a715,2026-08-28,unknown/reference table; inspect before analytical use,,,False,False,
encounters_adjustments.csv,external/synthea/build/resources/main/costs/encounters_adjustments.csv,csv,external_reference_or_fixture,477,3,STATE; ENCOUNTER; ADJ_FACTOR,9460,6d8858cd8d2ab67b91dc94a19decd136d4322d78bf8b58487699e2248b071306,2026-08-28,unknown/reference table; inspect before analytical use,,,False,False,
immunizations.csv,external/synthea/build/resources/main/costs/immunizations.csv,csv,external_reference_or_fixture,0,5,CODE; MIN; MODE; MAX; COMMENTS,28,ff03907666df5ff2983e8dd347b6ac03150e2a7924d160b8797cf8fed99aeffc,2026-08-28,unknown/reference table; inspect before analytical use,,,False,False,
labs_adjustments.csv,external/synthea/build/resources/main/costs/labs_adjustments.csv,csv,external_reference_or_fixture,53,2,STATE; ADJ_FACTOR,599,613ba2562b7a406f0de318328b4d158686a0fdf4ed8274577a113b33b50d3b1d,2026-08-28,unknown/reference table; inspect before analytical use,,,False,False,
medications.csv,external/synthea/build/resources/main/costs/medications.csv,csv,external_reference_or_fixture,189,5,CODE; MIN; MODE; MAX; COMMENTS,21099,23e117ed69f88592efdf4d504d655cc3c1a22867439aff3d0443e751f3b6ddcf,2026-08-28,unknown/reference table; inspect before analytical use,,,False,False,
medications_adjustments.csv,external/synthea/build/resources/main/costs/medications_adjustments.csv,csv,external_reference_or_fixture,53,2,STATE; ADJ_FACTOR,599,279ef2e1c4bcbce8df6d2ecfe0bf2b035b63e1a3cb52f05a09b476d9ee39b87d,2026-08-28,unknown/reference table; inspect before analytical use,,,False,False,
pde_oop_thresholds.csv,external/synthea/build/resources/main/costs/pde_oop_thresholds.csv,csv,external_reference_or_fixture,13,2,YEAR; THRESHOLD,157,b5b19b05b32299e8cc34426ece2005b65aece69672bc4d46b719dec32825d7df,2026-08-28,unknown/reference table; inspect before analytical use,,,False,False,
procedures.csv,external/synthea/build/resources/main/costs/procedures.csv,csv,external_reference_or_fixture,3079,5,CODE; MIN; MODE; MAX; COMMENTS,208915,5b368eeb9cc64d7ed2e71c983530efef102e6982900691b86ac126ccb931352d,2026-08-28,unknown/reference table; inspect before analytical use,,,False,False,
procedures_adjustments.csv,external/synthea/build/resources/main/costs/procedures_adjustments.csv,csv,external_reference_or_fixture,53,2,STATE; ADJ_FACTOR,599,c316d45830e42afc847113bd8c3964149dbb98f9f0e546cd3fc57ff7f8fc6170,2026-08-28,unknown/reference table; inspect before analytical use,,,False,False,
supplies.csv,external/synthea/build/resources/main/costs/supplies.csv,csv,external_reference_or_fixture,2,5,CODE; MIN; MODE; MAX; COMMENTS,171,4a10229ea37c149abc9212459aa62642dbc6cdc7c6638ef2d823634d73c1d1d6,2026-08-28,unknown/reference table; inspect before analytical use,,,False,False,
supplies_adjustments.csv,external/synthea/build/resources/main/costs/supplies_adjustments.csv,csv,external_reference_or_fixture,53,2,STATE; ADJ_FACTOR,599,7f66d71fe7a9b047e1e8e525f164387141d4b260de11a6d36fc6f540a308e651,2026-08-28,unknown/reference table; inspect before analytical use,,,False,False,
covid_first_shot_percentage_by_age.json,external/synthea/build/resources/main/covid19/covid_first_shot_percentage_by_age.json,json,external_reference_or_fixture,1,8,Ages_12-15_yrs; Ages_16-17_yrs; Ages_18-29_yrs; Ages_30-39_yrs; Ages_40-49_yrs; Ages_50-64_yrs; Ages_65-74_yrs; Ages_75+_yrs,233,166e4b63efac5e080a96b02294b739267e5a14243ad18ea7129d106c4df283ae,2026-08-28,reference/configuration JSON object,,,False,False,
beneficiary_bb2_ccw.csv,external/synthea/build/resources/main/export/beneficiary_bb2_ccw.csv,csv,external_reference_or_fixture,210,2,BB2; CCW,6918,9dda808f151fa2429c138d843f32ce0c57f893deb243a9c74e55de7885f1e887,2026-08-28,unknown/reference table; inspect before analytical use,,,False,False,
carrier_bb2_ccw.csv,external/synthea/build/resources/main/export/carrier_bb2_ccw.csv,csv,external_reference_or_fixture,100,2,BB2; CCW,3569,b582355e5591d5f8523aa0554aea99fc1b161284ed963bcd2555e3e0a2535b3c,2026-08-28,unknown/reference table; inspect before analytical use,,,False,False,
dme_bb2_ccw.csv,external/synthea/build/resources/main/export/dme_bb2_ccw.csv,csv,external_reference_or_fixture,91,2,BB2; CCW,3208,8679372da7cb66851c8a457b5f09f9f57e5b6cf08a481b22bd94e306fad1407a,2026-08-28,unknown/reference table; inspect before analytical use,,,False,False,
hha_bb2_ccw.csv,external/synthea/build/resources/main/export/hha_bb2_ccw.csv,csv,external_reference_or_fixture,132,2,BB2; CCW,3779,9cc90454c5871da9d321a31f780bb1a7446e7980724f060df8ce43862cb5c198,2026-08-28,unknown/reference table; inspect before analytical use,,,False,False,
hospice_bb2_ccw.csv,external/synthea/build/resources/main/export/hospice_bb2_ccw.csv,csv,external_reference_or_fixture,130,2,BB2; CCW,3721,5aaab31fecf848cb3e7dd9d4ac7a7689430285491914a39b0862dec171671712,2026-08-28,unknown/reference table; inspect before analytical use,,,False,False,
inpatient_bb2_ccw.csv,external/synthea/build/resources/main/export/inpatient_bb2_ccw.csv,csv,external_reference_or_fixture,267,2,BB2; CCW,8072,ec548a136e6315acc8f530d8d70dc33eeb5c46d72cd8bb6335cf55eb8ca12412,2026-08-28,unknown/reference table; inspect before analytical use,,,False,False,
outpatient_bb2_ccw.csv,external/synthea/build/resources/main/export/outpatient_bb2_ccw.csv,csv,external_reference_or_fixture,234,2,BB2; CCW,6775,e708b970e9e044d4506c2797953a52b766545ddb6f7d5a4bc21c4e4ec87175ff,2026-08-28,unknown/reference table; inspect before analytical use,,,False,False,
pde_bb2_ccw.csv,external/synthea/build/resources/main/export/pde_bb2_ccw.csv,csv,external_reference_or_fixture,41,2,BB2; CCW,1148,6167b34c9984e391fd3d0101bec94046feb6d54f23469687df809596ccf28b7e,2026-08-28,unknown/reference table; inspect before analytical use,,,False,False,
snf_bb2_ccw.csv,external/synthea/build/resources/main/export/snf_bb2_ccw.csv,csv,external_reference_or_fixture,230,2,BB2; CCW,6709,190671c4977bc10111dda7b2c19697c9504082aa5f22e42b01fef8da8b88e013,2026-08-28,unknown/reference table; inspect before analytical use,,,False,False,
gbd_disability_weights.csv,external/synthea/build/resources/main/gbd_disability_weights.csv,csv,external_reference_or_fixture,147,6,SYSTEM; CODE; DISPLAY; LOW; MED; HIGH,10423,787da945b415e992cf63db4863351a96173c172619c1ed74de087d199f9012a0,2026-08-28,unknown/reference table; inspect before analytical use,,,False,False,
demographics.csv,external/synthea/build/resources/main/geography/demographics.csv,csv,external_reference_or_fixture,43235,47,ID; COUNTY; NAME; STNAME; POPESTIMATE2015; CTYNAME; TOT_POP; TOT_MALE; TOT_FEMALE; WHITE; HISPANIC; BLACK; ASIAN; NATIVE; OTHER; 1; 2; 3; 4; 5; 6; 7; 8; 9; 10,25913691,50472729a926fbd4fe273fd623dbf462ce15e139b0ac413acd65dd7466383ba0,2026-08-28,unknown/reference table; inspect before analytical use,,,True,False,
fipscodes.csv,external/synthea/build/resources/main/geography/fipscodes.csv,csv,external_reference_or_fixture,44066,9,zip; city; state; latitude; longitude; fipscounty; county; ssacounty; fipsstate,3028389,d91c9395593ae786e6b814872390cb41fb1564cecf89181399d46a50f0f2873e,2026-08-28,unknown/reference table; inspect before analytical use,,,False,False,
foreign_birthplace.json,external/synthea/build/resources/main/geography/foreign_birthplace.json,json,external_reference_or_fixture,1,14,arabic; spanish; chinese; french; german; greek; hindi; italian; portuguese; russian; polish; japanese; korean; vietnamese,3454,c9aa51720efc5877d86a5437fc53957dce6fe2b7f7df37ed4bb621edfca89ead,2026-08-28,reference/configuration JSON object,,,False,False,
sdoh.csv,external/synthea/build/resources/main/geography/sdoh.csv,csv,external_reference_or_fixture,3142,10,FIPS_CODE; COUNTY_CODE; COUNTY; ST; STATE; FOOD_INSECURITY; SEVERE_HOUSING_COST_BURDEN; UNEMPLOYED; NO_VEHICLE_ACCESS; UNINSURED,227315,993d220c19d07b209a6fdd618e77e8449bea08a55bf41b2c6e63d6f24d53e3b8,2026-08-28,unknown/reference table; inspect before analytical use,,,False,False,
timezones.csv,external/synthea/build/resources/main/geography/timezones.csv,csv,external_reference_or_fixture,52,4,STATE; ST; TIMEZONE; TZ,2112,95b6ad8dcfcf7104d440be5c229db1aeb586e1113a8439f7337b1a4ba2545f57,2026-08-28,unknown/reference table; inspect before analytical use,,,False,True,
veteran_demographics.csv,external/synthea/build/resources/main/geography/veteran_demographics.csv,csv,external_reference_or_fixture,34627,47,; COUNTY; NAME; STNAME; POPESTIMATE2015; CTYNAME; TOT_POP; TOT_MALE; TOT_FEMALE; WHITE; HISPANIC; BLACK; ASIAN; NATIVE; OTHER; 1; 2; 3; 4; 5; 6; 7; 8; 9; 10,19488406,ded64c3fed1302026d93b3da5a3a78bccdcc166829a4a72840eb30d52322c252,2026-08-28,unknown/reference table; inspect before analytical use,,,False,False,
zipcodes.csv,external/synthea/build/resources/main/geography/zipcodes.csv,csv,external_reference_or_fixture,65806,7,; USPS; ST; NAME; ZCTA5; LAT; LON,3417577,6f8769b9bdb60082820aa62508effbfe0309c94a9efebae84df7d2c3074f3c88,2026-08-28,unknown/reference table; inspect before analytical use,,,False,False,
growth_data_error_rates.json,external/synthea/build/resources/main/growth_data_error_rates.json,json,external_reference_or_fixture,1,13,weightUnitErrorRate; weightTransposeErrorRate; weightSwitchErrorRate; weightExtremeErrorRate; weightDuplicateErrorRate; weightCarriedForwardErrorRate; heightUnitErrorRate; heightTransposeErrorRate; heightSwitchErrorRate; heightExtremeErrorRate; heightAbsoluteErrorRate; heightDuplicateErrorRate; heightCarriedForwardErrorRate,497,789921cd443d2c028acd0294c8f10e08664cdbb63dd1b9bb1cc38acc133e9206,2026-08-28,reference/configuration JSON object,,,False,False,
htn_drugs.csv,external/synthea/build/resources/main/htn_drugs.csv,csv,external_reference_or_fixture,21,9,Precise Class; Class; Simple Name; RxNorm; Display; Systolic Impact Minimum; Systolic Impact Maximum; Diastolic Impact Minimum; Diastolic Impact Maximum,2551,6f266df80cff9c8ddf8e3463d4f9f9cdb56ab1d2272ee29e0d6a0b297d54b94b,2026-08-28,unknown/reference table; inspect before analytical use,,,False,False,
immunization_schedule.json,external/synthea/build/resources/main/immunization_schedule.json,json,external_reference_or_fixture,1,18,hepb; hepb_adult; rv_mono; dtap; hib; pcv13; ipv; flu; mmr; var; hepa; hepa_adult; men; tdap; hpv; td; zoster; ppsv23,7235,3ab41beb78fe9eda9b0f8be4c729e71d0c386f7bc3770e3ab12551d1d091403c,2026-08-28,reference/configuration JSON object,,,False,False,
keep_diabetes.json,external/synthea/build/resources/main/keep_modules/keep_diabetes.json,json,external_reference_or_fixture,1,3,name; states; gmf_version,938,95a9435507699611ec9964658c4b8722cf4e29ff049da5b7507c2415b8b548f2,2026-08-28,reference/configuration JSON object,,,False,False,
keep_diabetes_no_dr.json,external/synthea/build/resources/main/keep_modules/keep_diabetes_no_dr.json,json,external_reference_or_fixture,1,4,name; remarks; states; gmf_version,1369,de0684c92ecd3e46b4796d4ee7d68767bc530e6afc2041e6fe2fb56387990ce7,2026-08-28,reference/configuration JSON object,,,False,False,
keep_hospice.json,external/synthea/build/resources/main/keep_modules/keep_hospice.json,json,external_reference_or_fixture,1,3,name; states; gmf_version,541,26448c177b0a3227517a7d5515cb4386df1afd6525986cde45d5f18446f80d51,2026-08-28,reference/configuration JSON object,,,False,False,
keep_medicare_beneficiaries.json,external/synthea/build/resources/main/keep_modules/keep_medicare_beneficiaries.json,json,external_reference_or_fixture,1,4,name; remarks; states; gmf_version,5263,063dcd5089751ba95b83c5669d832c7cc2befafc066ed457d4d2ea2b4a123435,2026-08-28,reference/configuration JSON object,,,False,False,
keep_npdr.json,external/synthea/build/resources/main/keep_modules/keep_npdr.json,json,external_reference_or_fixture,1,3,name; states; gmf_version,814,ccd4aa056735a8d85adc08def768c8915b570af4401d4f254cbd2a6e86546e51,2026-08-28,reference/configuration JSON object,,,False,False,
keep_npdr_no_pdr.json,external/synthea/build/resources/main/keep_modules/keep_npdr_no_pdr.json,json,external_reference_or_fixture,1,4,name; remarks; states; gmf_version,1405,ac79746259ed73e4070f1ffa5557c7c4f123c45d024ca5dec668daf90e2960ab,2026-08-28,reference/configuration JSON object,,,False,False,
keep_pdr.json,external/synthea/build/resources/main/keep_modules/keep_pdr.json,json,external_reference_or_fixture,1,3,name; states; gmf_version,811,233794a7bdd4c55ad8fd7833112b64b3f140fb8bec51e2c060afc9e134c4929b,2026-08-28,reference/configuration JSON object,,,False,False,
must_have_cabg.json,external/synthea/build/resources/main/keep_modules/must_have_cabg.json,json,external_reference_or_fixture,1,4,name; remarks; states; gmf_version,1851,f1f9972fa6ee20453aececf0f8275d45ec3cccce211a19686bb492d4e650d11b,2026-08-28,reference/configuration JSON object,,,False,False,
must_have_cardiac_surgery.json,external/synthea/build/resources/main/keep_modules/must_have_cardiac_surgery.json,json,external_reference_or_fixture,1,4,name; remarks; states; gmf_version,3172,40a1cbea7eb69e5b370741ba950e30caf501fe153af345c559d99d43480e0227,2026-08-28,reference/configuration JSON object,,,False,False,
language_lookup.json,external/synthea/build/resources/main/language_lookup.json,json,external_reference_or_fixture,1,19,english; spanish; portuguese; chinese; japanese; korean; french; french_creole; italian; russian; vietnamese; greek; arabic; cambodian; german; polish; hawaiian; hindi; undetermined,2045,99d2229d1b2c8211d5bdb72c9565c572499a8634e6a6baef5241c757a267e7f0,2026-08-28,reference/configuration JSON object,,,False,False,
AIS_From_School_Screening_to_SOSORT_Recommendations.json,external/synthea/build/resources/main/modules/AIS_From_School_Screening_to_SOSORT_Recommendations.json,json,external_reference_or_fixture,1,4,name; remarks; states; gmf_version,50552,18c84be98d28d413d868a86702d5506dfc59abe0caf69db2a649890789c6b61c,2026-08-28,reference/configuration JSON object,,,False,False,
acute_myeloid_leukemia.json,external/synthea/build/resources/main/modules/acute_myeloid_leukemia.json,json,external_reference_or_fixture,1,4,name; states; remarks; gmf_version,23488,cfea0c81b312dd9b92bed904f56cc970ad0e59f6856ac8feda299da21a30698b,2026-08-28,reference/configuration JSON object,,,False,False,
allergic_rhinitis.json,external/synthea/build/resources/main/modules/allergic_rhinitis.json,json,external_reference_or_fixture,1,4,name; remarks; states; gmf_version,11088,1d4a39226ae2b9eba71df7cadf2d2354c9b07492e92a31e0d30f97808e4ed3b7,2026-08-28,reference/configuration JSON object,,,False,False,
allergies.json,external/synthea/build/resources/main/modules/allergies.json,json,external_reference_or_fixture,1,4,name; remarks; states; gmf_version,9341,7749a5cb08aa92d99d6ff9d74e3af0f2bc90fa0f502110a8a17fc2c250707efa,2026-08-28,reference/configuration JSON object,,,False,False,
allergy_panel.json,external/synthea/build/resources/main/modules/allergies/allergy_panel.json,json,external_reference_or_fixture,1,4,name; remarks; states; gmf_version,25729,c91e4867dd9386e4c96ae62d73e26aa739948e87fb089bc26eb092e57caafba5,2026-08-28,reference/configuration JSON object,,,False,False,
drug_allergy_incidence.json,external/synthea/build/resources/main/modules/allergies/drug_allergy_incidence.json,json,external_reference_or_fixture,1,4,name; remarks; states; gmf_version,20699,720607231cd630372d6eb264335be120d33d9ebddd3d181c75bf1f54492d74ab,2026-08-28,reference/configuration JSON object,,,False,False,
environmental_allergy_incidence.json,external/synthea/build/resources/main/modules/allergies/environmental_allergy_incidence.json,json,external_reference_or_fixture,1,3,name; remarks; states,20398,b840876b3dfca40464a79d9aaba272aeb98999a6d8aa487889b8ba886a2fd830,2026-08-28,reference/configuration JSON object,,,False,False,
food_allergy_incidence.json,external/synthea/build/resources/main/modules/allergies/food_allergy_incidence.json,json,external_reference_or_fixture,1,3,name; remarks; states,37516,35dcfd495d28e06086dd0b2936af6cb92caa54599fd764b0a1bc4f3fac59c689,2026-08-28,reference/configuration JSON object,,,False,False,
immunotherapy.json,external/synthea/build/resources/main/modules/allergies/immunotherapy.json,json,external_reference_or_fixture,1,4,name; remarks; states; gmf_version,8320,b10ac2b7b8276ff468ca87aba400a73426e578b4844a53a917728f1ee65f2001,2026-08-28,reference/configuration JSON object,,,False,False,
outgrow_env_allergies.json,external/synthea/build/resources/main/modules/allergies/outgrow_env_allergies.json,json,external_reference_or_fixture,1,4,name; remarks; states; gmf_version,7712,893ae68854f90ad0dc904329a7fc22b6030b93726798ecc19bebbdebb7f73bc9,2026-08-28,reference/configuration JSON object,,,False,False,
outgrow_food_allergies.json,external/synthea/build/resources/main/modules/allergies/outgrow_food_allergies.json,json,external_reference_or_fixture,1,4,name; remarks; states; gmf_version,9773,29ece2a5ea8974cb0cc04cbde1a66bb4745f812a835f1a0e757867f2d18af634,2026-08-28,reference/configuration JSON object,,,False,False,
severe_allergic_reaction.json,external/synthea/build/resources/main/modules/allergies/severe_allergic_reaction.json,json,external_reference_or_fixture,1,4,name; remarks; states; gmf_version,2803,6e039e3d5e14656b1110be8b98350776fd8bc717d3980cdc24260af46ff3fd03,2026-08-28,reference/configuration JSON object,,,False,False,
anemia_sub.json,external/synthea/build/resources/main/modules/anemia/anemia_sub.json,json,external_reference_or_fixture,1,4,name; remarks; states; gmf_version,29674,ea03f31a416215aa34d579a24ab1778fddccbab4e6e6de553b6cfd999ebf03c1,2026-08-28,reference/configuration JSON object,,,False,False,
anemia___unknown_etiology.json,external/synthea/build/resources/main/modules/anemia___unknown_etiology.json,json,external_reference_or_fixture,1,4,name; remarks; states; gmf_version,9151,b44907bc94542d327abdf974817c135d5eeebcfed4ecaab0a31fc1554a86d707,2026-08-28,reference/configuration JSON object,,,False,False,
appendicitis.json,external/synthea/build/resources/main/modules/appendicitis.json,json,external_reference_or_fixture,1,3,name; states; gmf_version,10783,b32e60d670d9b620a99ea9d9fc832b42c0f53d1e9e767aad00fa4dee0c14e979,2026-08-28,reference/configuration JSON object,,,False,False,
asthma.json,external/synthea/build/resources/main/modules/asthma.json,json,external_reference_or_fixture,1,4,name; remarks; states; gmf_version,17592,7fe4528b286e02f2d06ee1c570190143c3b4991185188ddea02a761e45145bbb,2026-08-28,reference/configuration JSON object,,,False,False,
atopy.json,external/synthea/build/resources/main/modules/atopy.json,json,external_reference_or_fixture,1,4,name; remarks; states; gmf_version,5916,6e77c30218e2814346cfadd2796b98dbd5f74ecc3562b78d0601df33e076c699,2026-08-28,reference/configuration JSON object,,,False,False,
atrial_fibrillation.json,external/synthea/build/resources/main/modules/atrial_fibrillation.json,json,external_reference_or_fixture,1,5,name; specialty; remarks; states; gmf_version,4755,2a7a2f7263b629d75d4c12e008892605abaf37188a4fcbdee745ecf6f5bfe992,2026-08-28,reference/configuration JSON object,,,False,False,
attention_deficit_disorder.json,external/synthea/build/resources/main/modules/attention_deficit_disorder.json,json,external_reference_or_fixture,1,4,name; remarks; states; gmf_version,12929,6503de17be72b7b762b6bd595ca70587737871db4a0beb606fc1b476373b79e1,2026-08-28,reference/configuration JSON object,,,False,False,
bone_marrow_transplant.json,external/synthea/build/resources/main/modules/bone_marrow_transplant.json,json,external_reference_or_fixture,1,4,name; remarks; states; gmf_version,22322,9a51600ba428eba1a24521ee26016eb6a48b4d33e5e6f88028fbd5d9c1aaefb7,2026-08-28,reference/configuration JSON object,,,False,False,
breast_cancer.json,external/synthea/build/resources/main/modules/breast_cancer.json,json,external_reference_or_fixture,1,4,name; remarks; states; gmf_version,70259,585be59a0f9f47b72358c4f6c3c126a2d562cde77fabcdc896b8c9e66823432a,2026-08-28,reference/configuration JSON object,,,False,False,
chemotherapy_breast.json,external/synthea/build/resources/main/modules/breast_cancer/chemotherapy_breast.json,json,external_reference_or_fixture,1,4,name; remarks; states; gmf_version,9756,a7d4377ebe95d06829016cff70a7b53abbdd4cd9aafe5f77888064c1622aef35,2026-08-28,reference/configuration JSON object,,,False,False,
hormone_diagnosis.json,external/synthea/build/resources/main/modules/breast_cancer/hormone_diagnosis.json,json,external_reference_or_fixture,1,4,name; remarks; states; gmf_version,14200,43ba978a2c5023dc0405912d30f35e613dc31b3912d642523ab3fe088fad08ae,2026-08-28,reference/configuration JSON object,,,False,False,
hormonetherapy_breast.json,external/synthea/build/resources/main/modules/breast_cancer/hormonetherapy_breast.json,json,external_reference_or_fixture,1,4,name; remarks; states; gmf_version,27320,87c81b5075e5db61b627e373ac836079d3f8ea19395f67b8659cd6245552a16e,2026-08-28,reference/configuration JSON object,,,False,False,
surgery_therapy_breast.json,external/synthea/build/resources/main/modules/breast_cancer/surgery_therapy_breast.json,json,external_reference_or_fixture,1,4,name; remarks; states; gmf_version,53627,dc2e9896997d8fcef3f83d3e61aeca38fbf1b17b3c1ab134c39105c331d1e1ea,2026-08-28,reference/configuration JSON object,,,False,False,
tnm_diagnosis.json,external/synthea/build/resources/main/modules/breast_cancer/tnm_diagnosis.json,json,external_reference_or_fixture,1,4,name; remarks; states; gmf_version,18915,55a69c30919397bc313b208fbbd8e903bf7311cc4a89fbc4cdc85ab13f5f3dac,2026-08-28,reference/configuration JSON object,,,False,False,
bronchitis.json,external/synthea/build/resources/main/modules/bronchitis.json,json,external_reference_or_fixture,1,4,name; remarks; states; gmf_version,14925,794e832cefa96415a46d2bfac082d120214ce5793844c08c58c05aa8c2506586,2026-08-28,reference/configuration JSON object,,,False,False,
cerebral_palsy.json,external/synthea/build/resources/main/modules/cerebral_palsy.json,json,external_reference_or_fixture,1,4,name; states; remarks; gmf_version,49227,8ca4d8c6216d73fefe76c652ec822ea73615cf085ca6a537f14d3113d0bcc759,2026-08-28,reference/configuration JSON object,,,False,False,
chronic_kidney_disease.json,external/synthea/build/resources/main/modules/chronic_kidney_disease.json,json,external_reference_or_fixture,1,4,name; remarks; states; gmf_version,12174,89f5c2d5a3246e58c9400f41ba715d33ccdc8cc0e560121a37a6c20431b010b5,2026-08-28,reference/configuration JSON object,,,False,False,
colorectal_cancer.json,external/synthea/build/resources/main/modules/colorectal_cancer.json,json,external_reference_or_fixture,1,4,name; remarks; states; gmf_version,66055,180584bd297a28aa74910ed7ec862c3e7a1063070d8ba920757e1324fabeeb8b,2026-08-28,reference/configuration JSON object,,,False,False,
congestive_heart_failure.json,external/synthea/build/resources/main/modules/congestive_heart_failure.json,json,external_reference_or_fixture,1,5,name; specialty; states; remarks; gmf_version,55725,4ec92868aa7d6114b8bab8a5b658ad5766f02f474838d4a07041dc1517254932,2026-08-28,reference/configuration JSON object,,,False,False,
contraceptive_maintenance.json,external/synthea/build/resources/main/modules/contraceptive_maintenance.json,json,external_reference_or_fixture,1,4,name; remarks; states; gmf_version,15390,ae94cc88887f3c23555ad2f220d3832a38410369b08d95ec51765c285f881d21,2026-08-28,reference/configuration JSON object,,,False,False,
contraceptives.json,external/synthea/build/resources/main/modules/contraceptives.json,json,external_reference_or_fixture,1,4,name; remarks; states; gmf_version,19639,e846dfb5d556f130e66ccb593507c8fdd4533be712004a1c1f3ed87325051f40,2026-08-28,reference/configuration JSON object,,,False,False,
clear_contraceptive.json,external/synthea/build/resources/main/modules/contraceptives/clear_contraceptive.json,json,external_reference_or_fixture,1,4,name; remarks; states; gmf_version,1507,1374e15ed436fa2c625a11db98f02148027cbe41d034c28f14fc9cd20f31c9e8,2026-08-28,reference/configuration JSON object,,,False,False,
female_sterilization.json,external/synthea/build/resources/main/modules/contraceptives/female_sterilization.json,json,external_reference_or_fixture,1,4,name; remarks; states; gmf_version,5299,cb9b6578c7bd47cf94f0c33cd4c06dd5b387feffe0356cce2233c06b468ab57f,2026-08-28,reference/configuration JSON object,,,False,False,
implant_contraceptive.json,external/synthea/build/resources/main/modules/contraceptives/implant_contraceptive.json,json,external_reference_or_fixture,1,4,name; remarks; states; gmf_version,6195,07ca8b36d4136ea19872db4123fb7dfead17908ec2e510ba5d91a93e6e4d472b,2026-08-28,reference/configuration JSON object,,,False,False,
injectable_contraceptive.json,external/synthea/build/resources/main/modules/contraceptives/injectable_contraceptive.json,json,external_reference_or_fixture,1,4,name; remarks; states; gmf_version,4943,78a4499ea1db33e4eaa27407a95c2fb1d67e12a512d6f44e40a08fee49fb8911,2026-08-28,reference/configuration JSON object,,,False,False,
intrauterine_device.json,external/synthea/build/resources/main/modules/contraceptives/intrauterine_device.json,json,external_reference_or_fixture,1,4,name; remarks; states; gmf_version,9961,23a73a76d0cdf969a9aa8e92bfb6768a893cb0d410d23b4a28068654ba138dbe,2026-08-28,reference/configuration JSON object,,,False,False,
male_sterilization.json,external/synthea/build/resources/main/modules/contraceptives/male_sterilization.json,json,external_reference_or_fixture,1,4,name; remarks; states; gmf_version,3820,eebc9ce990afda684a9bdf8b1bf5953c3b9da2fca922a338b598b223a7cc0249,2026-08-28,reference/configuration JSON object,,,False,False,
oral_contraceptive.json,external/synthea/build/resources/main/modules/contraceptives/oral_contraceptive.json,json,external_reference_or_fixture,1,4,name; remarks; states; gmf_version,17409,a69d9a6ed67848ca33b2f715799cc29fa911f9a709ccd40a0f83c3643491f70d,2026-08-28,reference/configuration JSON object,,,False,False,
patch_contraceptive.json,external/synthea/build/resources/main/modules/contraceptives/patch_contraceptive.json,json,external_reference_or_fixture,1,4,name; remarks; states; gmf_version,2532,d3fd05f2524eeab12ef01240eeb43d8eba9206a28cb2e0c273de1223874a396a,2026-08-28,reference/configuration JSON object,,,False,False,
ring_contraceptive.json,external/synthea/build/resources/main/modules/contraceptives/ring_contraceptive.json,json,external_reference_or_fixture,1,4,name; remarks; states; gmf_version,2465,098b9b53ecbaffd174bf846a679863bba6e64f98766ea9d7d6ef107b4bb91a05,2026-08-28,reference/configuration JSON object,,,False,False,
copd.json,external/synthea/build/resources/main/modules/copd.json,json,external_reference_or_fixture,1,4,name; remarks; states; gmf_version,36744,4bc8b6ab280b94b99dcb6be749fc510617063303a607c93385623b4d1a7ddcaa,2026-08-28,reference/configuration JSON object,,,False,False,
covid19.json,external/synthea/build/resources/main/modules/covid19.json,json,external_reference_or_fixture,1,4,name; remarks; states; gmf_version,2028,2e124283c4e023d0198bc31707dd5f8ec492136da569efbf852c38e992491ffb,2026-08-28,reference/configuration JSON object,,,False,False,
admission.json,external/synthea/build/resources/main/modules/covid19/admission.json,json,external_reference_or_fixture,1,4,name; remarks; states; gmf_version,32133,daba02fd78e2e31b22c788c10e7beb9c00ec9aabdecb41ea008a384d4bdfe98d,2026-08-28,reference/configuration JSON object,,,False,False,
determine_risk.json,external/synthea/build/resources/main/modules/covid19/determine_risk.json,json,external_reference_or_fixture,1,4,name; states; remarks; gmf_version,11838,43c5fbf7c1a6fe314a6b5828674b57f2f966b5a78b3448779fbf71e7be0bc123,2026-08-28,reference/configuration JSON object,,,False,False,
diagnose_bacterial_infection.json,external/synthea/build/resources/main/modules/covid19/diagnose_bacterial_infection.json,json,external_reference_or_fixture,1,4,name; remarks; states; gmf_version,1875,b6fa3279aa46ea8c91ecef9c1029c2b854464258fa048fabc349be9ba929c676,2026-08-28,reference/configuration JSON object,,,False,False,
diagnose_blood_clot.json,external/synthea/build/resources/main/modules/covid19/diagnose_blood_clot.json,json,external_reference_or_fixture,1,4,name; remarks; states; gmf_version,3270,829446ff0fae227de9211e6795690fff2220be694d51de68a5adcfa1f0b10eb7,2026-08-28,reference/configuration JSON object,,,False,False,
end_outcomes.json,external/synthea/build/resources/main/modules/covid19/end_outcomes.json,json,external_reference_or_fixture,1,4,name; remarks; states; gmf_version,4390,ac91b4ae7b2b6f8dc34800348905d21c9de8e5785f17ca6cae5ba22d5ef726c1,2026-08-28,reference/configuration JSON object,,,False,False,
end_symptoms.json,external/synthea/build/resources/main/modules/covid19/end_symptoms.json,json,external_reference_or_fixture,1,4,name; remarks; states; gmf_version,5379,44c64141f2250f2b5cfccaa1344c47129de789236d15f013ac9395b2abeed3e8,2026-08-28,reference/configuration JSON object,,,False,False,
infection.json,external/synthea/build/resources/main/modules/covid19/infection.json,json,external_reference_or_fixture,1,3,name; states; gmf_version,37312,d628cce6444abac559060ce4ab50195735a691cb57acb62d29dcd3eb71f3b8fb,2026-08-28,reference/configuration JSON object,,,False,False,
measurements_daily.json,external/synthea/build/resources/main/modules/covid19/measurements_daily.json,json,external_reference_or_fixture,1,4,name; remarks; states; gmf_version,24843,6507c347e8498ed4cad6b9fb1719a7b014ba20b083899a5dba58216982e592a9,2026-08-28,reference/configuration JSON object,,,False,False,
measurements_frequent.json,external/synthea/build/resources/main/modules/covid19/measurements_frequent.json,json,external_reference_or_fixture,1,4,name; remarks; states; gmf_version,6303,a061fa1d26ced7fc6a171b31908c4499509f68ca7a72ddb6c0f8f4f273f06b4e,2026-08-28,reference/configuration JSON object,,,False,False,
measurements_vitals.json,external/synthea/build/resources/main/modules/covid19/measurements_vitals.json,json,external_reference_or_fixture,1,4,name; remarks; states; gmf_version,3438,1c901ea717f34c660d3832abf9ed56d26540a79a529942c5aa7441c12297487c,2026-08-28,reference/configuration JSON object,,,False,False,
medications.json,external/synthea/build/resources/main/modules/covid19/medications.json,json,external_reference_or_fixture,1,4,name; remarks; states; gmf_version,30469,d6a5e582414fd1b742362d8b2a57b645c47a9c1b847903571677f9e00bacc977,2026-08-28,reference/configuration JSON object,,,False,False,
nonsurvivor_lab_values.json,external/synthea/build/resources/main/modules/covid19/nonsurvivor_lab_values.json,json,external_reference_or_fixture,1,4,name; remarks; states; gmf_version,12853,c7d90d1cfb8f078ce6a3d4edfc97fb370d145be2e6b178d515bb0974987bc2e6,2026-08-28,reference/configuration JSON object,,,False,False,
outcomes.json,external/synthea/build/resources/main/modules/covid19/outcomes.json,json,external_reference_or_fixture,1,4,name; remarks; states; gmf_version,11182,2064bf244d2b2e83e9ccde08bca7931e262ba4cc1e6e83343fca253bb386e36a,2026-08-28,reference/configuration JSON object,,,False,False,
supplies_hospitalization.json,external/synthea/build/resources/main/modules/covid19/supplies_hospitalization.json,json,external_reference_or_fixture,1,4,name; remarks; states; gmf_version,4798,2e5492aebe5a53d8a55189bfb4655d89d1faff6756fdd8fc52ea253a3084a6c4,2026-08-28,reference/configuration JSON object,,,False,False,
supplies_icu.json,external/synthea/build/resources/main/modules/covid19/supplies_icu.json,json,external_reference_or_fixture,1,4,name; remarks; states; gmf_version,4392,3b647dbf98ba268225e39684dccece418505a2c6d3d090e777b6c7cfc70889d8,2026-08-28,reference/configuration JSON object,,,False,False,
supplies_intubation.json,external/synthea/build/resources/main/modules/covid19/supplies_intubation.json,json,external_reference_or_fixture,1,4,name; remarks; states; gmf_version,5860,4eeb17ccda4221ac718c351831bcf4869a0ea69d007ed5059b1db84e5d71ab4e,2026-08-28,reference/configuration JSON object,,,False,False,
survivor_lab_values.json,external/synthea/build/resources/main/modules/covid19/survivor_lab_values.json,json,external_reference_or_fixture,1,4,name; remarks; states; gmf_version,14024,43800533bb796afc4f3fde86900fbfc839f2352a5faaf2e51c40c4db2dea552d,2026-08-28,reference/configuration JSON object,,,False,False,
symptoms.json,external/synthea/build/resources/main/modules/covid19/symptoms.json,json,external_reference_or_fixture,1,4,name; remarks; states; gmf_version,28243,ab5251c8c3c1ed11600b65cca50caa08b5f81e723e17c00adf9a9ed7b4197136,2026-08-28,reference/configuration JSON object,,,False,False,
treat_blood_clot.json,external/synthea/build/resources/main/modules/covid19/treat_blood_clot.json,json,external_reference_or_fixture,1,4,name; remarks; states; gmf_version,6795,5387656d734d629c4cefd2ddb3ae74ebb000a0357a65e2e20bf40469891f6e8a,2026-08-28,reference/configuration JSON object,,,False,False,
cystic_fibrosis.json,external/synthea/build/resources/main/modules/cystic_fibrosis.json,json,external_reference_or_fixture,1,4,name; remarks; states; gmf_version,47983,f53f583d32269fa0d139e4f5d3adec65c9d248de1df52e4697e162180be48c3d,2026-08-28,reference/configuration JSON object,,,False,False,
dementia.json,external/synthea/build/resources/main/modules/dementia.json,json,external_reference_or_fixture,1,4,name; remarks; states; gmf_version,22560,eba9a4ca7ccd21495a0e1727bf33244d868eab4ebc7fa5aa11130f1a9113fe65,2026-08-28,reference/configuration JSON object,,,False,False,
dental_and_oral_examination.json,external/synthea/build/resources/main/modules/dental_and_oral_examination.json,json,external_reference_or_fixture,1,4,name; remarks; states; gmf_version,30844,6d03cc12ab4e81116b038c35e1d974be0f69332b5fcbe2d1ae2fac61d8209ad9,2026-08-28,reference/configuration JSON object,,,False,False,
dentures.json,external/synthea/build/resources/main/modules/dentures.json,json,external_reference_or_fixture,1,4,name; remarks; states; gmf_version,20367,2920813b08f72353a2b3501e3b6725b5e0b35fba62ac683bd8ceb7a6130ae596,2026-08-28,reference/configuration JSON object,,,False,False,
dermatitis.json,external/synthea/build/resources/main/modules/dermatitis.json,json,external_reference_or_fixture,1,4,name; remarks; states; gmf_version,20818,cacc4d979b476e0913420c05609b4799b2caed040264b3b700e983d6abad4081,2026-08-28,reference/configuration JSON object,,,False,False,
early_moderate_eczema_obs.json,external/synthea/build/resources/main/modules/dermatitis/early_moderate_eczema_obs.json,json,external_reference_or_fixture,1,4,name; remarks; states; gmf_version,2388,eb16505668062b40b0be871c6ae0181e805bae45ce648cb6c03a7d9296718409,2026-08-28,reference/configuration JSON object,,,False,False,
early_severe_eczema_obs.json,external/synthea/build/resources/main/modules/dermatitis/early_severe_eczema_obs.json,json,external_reference_or_fixture,1,4,name; remarks; states; gmf_version,2379,e02772dc1655b3aa9a452b5f63e117ec68ffc0b3c19a519cdb030bb4ac9d0836,2026-08-28,reference/configuration JSON object,,,False,False,
mid_moderate_eczema_obs.json,external/synthea/build/resources/main/modules/dermatitis/mid_moderate_eczema_obs.json,json,external_reference_or_fixture,1,4,name; remarks; states; gmf_version,2387,13f0bf5b4946c9ecf5dd7e0ba7a8e2211092fce9956afeafa643572a178fadb7,2026-08-28,reference/configuration JSON object,,,False,False,
mid_severe_eczema_obs.json,external/synthea/build/resources/main/modules/dermatitis/mid_severe_eczema_obs.json,json,external_reference_or_fixture,1,4,name; remarks; states; gmf_version,2378,d34a29ccbef27f27637009fc0c8a00e4ce6ce79f785bea62172aa5408930a8fa,2026-08-28,reference/configuration JSON object,,,False,False,
moderate_cd_obs.json,external/synthea/build/resources/main/modules/dermatitis/moderate_cd_obs.json,json,external_reference_or_fixture,1,4,name; remarks; states; gmf_version,2262,2b286f45e0f1f93aadc9448030bedeabb81daae8970ae20b6f843525d38bf34d,2026-08-28,reference/configuration JSON object,,,False,False,
severe_cd_obs.json,external/synthea/build/resources/main/modules/dermatitis/severe_cd_obs.json,json,external_reference_or_fixture,1,4,name; remarks; states; gmf_version,2258,aa7746ec69856ca1b87650a64fe36deba1f06e788dfd2341101bf412d8022f27,2026-08-28,reference/configuration JSON object,,,False,False,
diabetic_retinopathy_treatment.json,external/synthea/build/resources/main/modules/diabetic_retinopathy_treatment.json,json,external_reference_or_fixture,1,4,name; remarks; states; gmf_version,20486,bfcecdf942297477326c599cc652c380f2107bca64cdde3dbdc87cbd10dc14bd,2026-08-28,reference/configuration JSON object,,,False,False,
dialysis.json,external/synthea/build/resources/main/modules/dialysis.json,json,external_reference_or_fixture,1,4,name; remarks; states; gmf_version,20481,e0074194cc5d050627e46ffea62b2c751f0c45c261838ae0a09b8763c3c324c7,2026-08-28,reference/configuration JSON object,,,False,False,
wheelchair.json,external/synthea/build/resources/main/modules/dme/wheelchair.json,json,external_reference_or_fixture,1,4,name; remarks; states; gmf_version,1960,bdad6ec482ae4cf33766d6808b93ed42d29ec30db182fcdb379c139aadbc0542,2026-08-28,reference/configuration JSON object,,,False,False,
wheelchair_end.json,external/synthea/build/resources/main/modules/dme/wheelchair_end.json,json,external_reference_or_fixture,1,4,name; remarks; states; gmf_version,614,6f537876ebf2206221541f38cbeb41961f7d3fab86c67a7cbc6559307be4f463,2026-08-28,reference/configuration JSON object,,,False,False,
ear_infections.json,external/synthea/build/resources/main/modules/ear_infections.json,json,external_reference_or_fixture,1,3,name; states; gmf_version,8484,6ed6ad6a0b4fe9e21dafecaff99c6f05b61038629ef8e0e3b3fe0072bf346240,2026-08-28,reference/configuration JSON object,,,False,False,
anxiety_screening.json,external/synthea/build/resources/main/modules/encounter/anxiety_screening.json,json,external_reference_or_fixture,1,4,name; remarks; states; gmf_version,5368,4dc12ee289e18e3303be802cba9434d37f6bac688f488debbf0e903c89c0266e,2026-08-28,reference/configuration JSON object,,,False,False,
depression_screening.json,external/synthea/build/resources/main/modules/encounter/depression_screening.json,json,external_reference_or_fixture,1,4,name; remarks; states; gmf_version,8861,9141b54754600e6e473461d278dde8fbe6560e6638cdde2bce2591ea799c6982,2026-08-28,reference/configuration JSON object,,,False,False,
fall_risk_screening.json,external/synthea/build/resources/main/modules/encounter/fall_risk_screening.json,json,external_reference_or_fixture,1,4,name; remarks; states; gmf_version,7397,c38f92885c19ceae06ef846129bd78eea36cf44bf38401282c39d57c120512e0,2026-08-28,reference/configuration JSON object,,,False,False,
hark_screening.json,external/synthea/build/resources/main/modules/encounter/hark_screening.json,json,external_reference_or_fixture,1,4,name; remarks; states; gmf_version,4174,8916328d7b09b63339720dbd958d6e362a7e1ad17594e7fac4836197155785b0,2026-08-28,reference/configuration JSON object,,,False,False,
hospital_basic_labs.json,external/synthea/build/resources/main/modules/encounter/hospital_basic_labs.json,json,external_reference_or_fixture,1,4,name; remarks; states; gmf_version,29053,1ba655aaea7267f3a136c2a7a649a61069f7f50965dfd349112e71ba64df131f,2026-08-28,reference/configuration JSON object,,,False,False,
sdoh_hrsn.json,external/synthea/build/resources/main/modules/encounter/sdoh_hrsn.json,json,external_reference_or_fixture,1,4,name; remarks; states; gmf_version,69719,28be2fa2fe90c8ef94043cb9091f0b5b622a9069da33babecc91211e9cd46f27,2026-08-28,reference/configuration JSON object,,,False,False,
substance_use_screening.json,external/synthea/build/resources/main/modules/encounter/substance_use_screening.json,json,external_reference_or_fixture,1,4,name; remarks; states; gmf_version,20315,7e6fb95a9f3ae6fba14845dbd7eb44a648ab72566cfbcdab93abba009cbc03e6,2026-08-28,reference/configuration JSON object,,,False,False,
vitals.json,external/synthea/build/resources/main/modules/encounter/vitals.json,json,external_reference_or_fixture,1,3,name; remarks; states,2647,08c0af46991abb59bd6d058431d215b8303115138989304f96313171edc22c4f,2026-08-28,reference/configuration JSON object,,,False,False,
epilepsy.json,external/synthea/build/resources/main/modules/epilepsy.json,json,external_reference_or_fixture,1,4,name; remarks; states; gmf_version,11930,5d38ad337e4c7fd44f68ceb2793e690f790ad415f6cc4cf0930708158007ae4d,2026-08-28,reference/configuration JSON object,,,False,False,
intraocular_pressure.json,external/synthea/build/resources/main/modules/eye/intraocular_pressure.json,json,external_reference_or_fixture,1,4,name; remarks; states; gmf_version,3259,bc64f19d273528bb9c9482d59894905470330b867656eed04ed852fff045a340,2026-08-28,reference/configuration JSON object,,,False,False,
ophthalmic_progression.json,external/synthea/build/resources/main/modules/eye/ophthalmic_progression.json,json,external_reference_or_fixture,1,4,name; states; gmf_version; remarks,11327,4d0e72338293ca6de90bd3805850129069d3d7e5718f2d7dd043ab857c5d163f,2026-08-28,reference/configuration JSON object,,,False,False,
ophthalmic_tomography.json,external/synthea/build/resources/main/modules/eye/ophthalmic_tomography.json,json,external_reference_or_fixture,1,4,name; remarks; states; gmf_version,2984,22fa5c23166abe17ce851072bc9ea1aed7c3219a1ebf96a8bf3a97aa58fe2286,2026-08-28,reference/configuration JSON object,,,False,False,
visual_acuity.json,external/synthea/build/resources/main/modules/eye/visual_acuity.json,json,external_reference_or_fixture,1,4,name; remarks; states; gmf_version,2648,f2ca04d366df8a966c0d0cfc3bd13b9cc89a39c1b91a176167e1d1effb39e020,2026-08-28,reference/configuration JSON object,,,False,False,
female_reproduction.json,external/synthea/build/resources/main/modules/female_reproduction.json,json,external_reference_or_fixture,1,4,name; remarks; states; gmf_version,11717,2fa6ac687b29b552c6af5f8842968dd02efc31a7a1265748a955414c9001c5f4,2026-08-28,reference/configuration JSON object,,,False,False,
fibromyalgia.json,external/synthea/build/resources/main/modules/fibromyalgia.json,json,external_reference_or_fixture,1,4,name; remarks; states; gmf_version,11958,69b8c7f6434a8a4abe644d5630ca6232e1c93394dfec430f6fa8b1f35ee60390,2026-08-28,reference/configuration JSON object,,,False,False,
food_allergies.json,external/synthea/build/resources/main/modules/food_allergies.json,json,external_reference_or_fixture,1,4,name; remarks; states; gmf_version,8678,7fc54a49705e5ceef3278c1b3193c29040ae746bf7b353fb6cf24d0a2d12fffd,2026-08-28,reference/configuration JSON object,,,False,False,
gallstones.json,external/synthea/build/resources/main/modules/gallstones.json,json,external_reference_or_fixture,1,4,name; remarks; states; gmf_version,39569,acd1f364d1bd33e979e0c8bdf66e9567c85e6f5f0a1828ed9a118f4a1e987787,2026-08-28,reference/configuration JSON object,,,False,False,
gout.json,external/synthea/build/resources/main/modules/gout.json,json,external_reference_or_fixture,1,4,name; remarks; states; gmf_version,8592,0096db2387f20cd70be842728ae4cbd28ca652a3f0e55ee2301ad424d4aaf955,2026-08-28,reference/configuration JSON object,,,False,False,
acs_anticoagulant.json,external/synthea/build/resources/main/modules/heart/acs_anticoagulant.json,json,external_reference_or_fixture,1,5,name; specialty; remarks; states; gmf_version,5086,a7fc59bbc6ebaa89b5013e7749f62b55e63387d64b591bfed679c76c92cd1b7c,2026-08-28,reference/configuration JSON object,,,False,False,
acs_antiplatelet.json,external/synthea/build/resources/main/modules/heart/acs_antiplatelet.json,json,external_reference_or_fixture,1,5,name; specialty; remarks; states; gmf_version,5694,3265d2add28749f230bee35eaec92b6e6b5162c5aee4e64b342bf7e42d7b541e,2026-08-28,reference/configuration JSON object,,,False,False,
acs_arrival_medications.json,external/synthea/build/resources/main/modules/heart/acs_arrival_medications.json,json,external_reference_or_fixture,1,5,name; specialty; remarks; states; gmf_version,3461,f24349e2d653d43d699cd4512b689b75469cad564fc6250016bc54f3fc78e131,2026-08-28,reference/configuration JSON object,,,False,False,
acs_discharge_meds.json,external/synthea/build/resources/main/modules/heart/acs_discharge_meds.json,json,external_reference_or_fixture,1,5,name; specialty; remarks; states; gmf_version,8229,7f4a1385ea45655e0f0ab64751447a45b76c0b5c3d39e4aac57b5e75c55fb653,2026-08-28,reference/configuration JSON object,,,False,False,
antithrombotic.json,external/synthea/build/resources/main/modules/heart/avrr/antithrombotic.json,json,external_reference_or_fixture,1,5,name; specialty; remarks; states; gmf_version,4055,134ada689c214ec287e1f8d95c5bb8893aafdc13493b77a02cc0e9eb284222f8,2026-08-28,reference/configuration JSON object,,,False,False,
avrr_referral.json,external/synthea/build/resources/main/modules/heart/avrr/avrr_referral.json,json,external_reference_or_fixture,1,5,name; specialty; remarks; states; gmf_version,13636,fd1ffe1f29a9e7b0ccf99935488ad735dc191e04cdc95eb6667cfc70f41e10d2,2026-08-28,reference/configuration JSON object,,,False,False,
intraop_meds_blood.json,external/synthea/build/resources/main/modules/heart/avrr/intraop_meds_blood.json,json,external_reference_or_fixture,1,5,name; specialty; remarks; states; gmf_version,2615,4323140ff24dc4134c8e553c73155e7f229295e57beb266fb33da49b6c07f9c7,2026-08-28,reference/configuration JSON object,,,False,False,
outcomes.json,external/synthea/build/resources/main/modules/heart/avrr/outcomes.json,json,external_reference_or_fixture,1,5,name; specialty; remarks; states; gmf_version,28558,b3986346a4e3cc45d7f77ed26d1aa5d5cf5cde045e472f1214c0ef75975efb92,2026-08-28,reference/configuration JSON object,,,False,False,
preoperative.json,external/synthea/build/resources/main/modules/heart/avrr/preoperative.json,json,external_reference_or_fixture,1,4,name; specialty; states; gmf_version,16191,5f25d64c8e57e4d8b87164e4391840d90a7260096f97a15eb9e4d68242d8a70a,2026-08-28,reference/configuration JSON object,,,False,False,
savrr_operation.json,external/synthea/build/resources/main/modules/heart/avrr/savrr_operation.json,json,external_reference_or_fixture,1,5,name; specialty; remarks; states; gmf_version,9392,20218b6f6cc33cc801dc312b6eed82e79768975c3479ced1f3c549dba9e10734,2026-08-28,reference/configuration JSON object,,,False,False,
savrr_postop.json,external/synthea/build/resources/main/modules/heart/avrr/savrr_postop.json,json,external_reference_or_fixture,1,5,name; specialty; remarks; states; gmf_version,23752,5b94dd4d3b76d0e372960428f6d048a67f4c6d19c0f72f53bfea0db4ac248271,2026-08-28,reference/configuration JSON object,,,False,False,
sequence.json,external/synthea/build/resources/main/modules/heart/avrr/sequence.json,json,external_reference_or_fixture,1,5,name; specialty; remarks; states; gmf_version,12314,c97136b5ca69dfe4adbd5405f5b48fa18b483316686eb900437b66f2b57fb311,2026-08-28,reference/configuration JSON object,,,False,False,
cabg_referral.json,external/synthea/build/resources/main/modules/heart/cabg/cabg_referral.json,json,external_reference_or_fixture,1,5,name; specialty; remarks; states; gmf_version,14785,3aef3c7331e93fac359953c4941cbc2e5ca5c8f9e74c3ea36fffd6d24fb58d69,2026-08-28,reference/configuration JSON object,,,False,False,
details.json,external/synthea/build/resources/main/modules/heart/cabg/details.json,json,external_reference_or_fixture,1,5,name; specialty; remarks; states; gmf_version,11379,f276df2362a7a6a51c549db014085fe7af69ea617c8c297dd434c6bb7fdb7e11,2026-08-28,reference/configuration JSON object,,,False,False,
icu_meds_devices.json,external/synthea/build/resources/main/modules/heart/cabg/icu_meds_devices.json,json,external_reference_or_fixture,1,5,name; specialty; remarks; states; gmf_version,2187,55bf0eb67d71d61e52cda708e77dd482efc6f0739caed5536f6f7949f3d41f9d,2026-08-28,reference/configuration JSON object,,,False,False,
labs_common.json,external/synthea/build/resources/main/modules/heart/cabg/labs_common.json,json,external_reference_or_fixture,1,4,name; specialty; remarks; states,23605,4908e77db0e7c70a9c9fd1627036e20a093b4f3b76dbe5013f82a4427d1efb11,2026-08-28,reference/configuration JSON object,,,False,False,
operation.json,external/synthea/build/resources/main/modules/heart/cabg/operation.json,json,external_reference_or_fixture,1,5,name; specialty; remarks; states; gmf_version,10646,965fd21bab131f91a5de2c6cac0611dcbebb757a8f8c998cd1dc9b47c1905f4f,2026-08-28,reference/configuration JSON object,,,False,False,
or_intraop.json,external/synthea/build/resources/main/modules/heart/cabg/or_intraop.json,json,external_reference_or_fixture,1,5,name; specialty; states; gmf_version; remarks,5965,0b439e958358c5610aa0dfe90828f9c512677c696e63f8934a34698ac4ecf676,2026-08-28,reference/configuration JSON object,,,False,False,
or_labs_meds.json,external/synthea/build/resources/main/modules/heart/cabg/or_labs_meds.json,json,external_reference_or_fixture,1,5,name; specialty; remarks; states; gmf_version,9223,5d79a1fc1eb449d5bf591f4639f9ac100cd4d7bc8e3a1f90c44ee86877acf1a6,2026-08-28,reference/configuration JSON object,,,False,False,
outcomes.json,external/synthea/build/resources/main/modules/heart/cabg/outcomes.json,json,external_reference_or_fixture,1,5,name; specialty; remarks; states; gmf_version,26357,6ca898ff2dd114df50f4b5816bad2a4d44bd92e77097424c46a0f29ea1358d6b,2026-08-28,reference/configuration JSON object,,,False,False,
postop.json,external/synthea/build/resources/main/modules/heart/cabg/postop.json,json,external_reference_or_fixture,1,5,name; specialty; remarks; states; gmf_version,12233,645abbb707671dd3ab76d240b1bf9faf3d97cbfc3f044fcc729e1f175951630e,2026-08-28,reference/configuration JSON object,,,False,False,
postop_blood.json,external/synthea/build/resources/main/modules/heart/cabg/postop_blood.json,json,external_reference_or_fixture,1,5,name; specialty; states; gmf_version; remarks,8698,b0ca213d836166c46606a59e4508315d2c276dd51b3b6bcd76d9f372aa525402,2026-08-28,reference/configuration JSON object,,,False,False,
preoperative.json,external/synthea/build/resources/main/modules/heart/cabg/preoperative.json,json,external_reference_or_fixture,1,5,name; specialty; remarks; states; gmf_version,20041,4ee9cc20445023470bf77052721e4496e1c6fe103db0f9770018432af5d6bf09,2026-08-28,reference/configuration JSON object,,,False,False,
cabg_sequence.json,external/synthea/build/resources/main/modules/heart/cabg_sequence.json,json,external_reference_or_fixture,1,5,name; specialty; remarks; states; gmf_version,7834,7bdf8df271cc2245f434f20e7a582a70962cb8d2d05f4e68a4a60a5b17baec36,2026-08-28,reference/configuration JSON object,,,False,False,
cardiac_labs.json,external/synthea/build/resources/main/modules/heart/cardiac_labs.json,json,external_reference_or_fixture,1,5,name; specialty; remarks; states; gmf_version,21473,fcd40436f4438a9aa47e0df2b900adf59d253f627bdf7e92377efc418dc4d8da,2026-08-28,reference/configuration JSON object,,,False,False,
chf_lab_work.json,external/synthea/build/resources/main/modules/heart/chf_lab_work.json,json,external_reference_or_fixture,1,5,name; specialty; remarks; states; gmf_version,16518,00db558ea3d88c39c6df21a9c410218846c7461afe028464dff6b5a64d8ea956,2026-08-28,reference/configuration JSON object,,,False,False,
chf_lvad.json,external/synthea/build/resources/main/modules/heart/chf_lvad.json,json,external_reference_or_fixture,1,5,name; specialty; remarks; states; gmf_version,2251,c63f3c059bc41275d552e76058b8803c91c3b54f91e5426eb60e7d812d39ce01,2026-08-28,reference/configuration JSON object,,,False,False,
chf_meds.json,external/synthea/build/resources/main/modules/heart/chf_meds.json,json,external_reference_or_fixture,1,5,name; specialty; remarks; states; gmf_version,7224,6494bd03ec01e94af282243b4de29b3009e5908a62a84a9ac0ac58bf1230db3b,2026-08-28,reference/configuration JSON object,,,False,False,
chf_meds_hfmef.json,external/synthea/build/resources/main/modules/heart/chf_meds_hfmef.json,json,external_reference_or_fixture,1,5,name; specialty; remarks; states; gmf_version,7878,8bca633337faba7a1ef148abd41f85ecbc9d587938a0a8db800bf1072a68e68a,2026-08-28,reference/configuration JSON object,,,False,False,
chf_meds_hfref_nyha2.json,external/synthea/build/resources/main/modules/heart/chf_meds_hfref_nyha2.json,json,external_reference_or_fixture,1,5,name; specialty; remarks; states; gmf_version,10138,548fab147f1e054761b9be978f54496d7d33e9bd02e68e0626e62d8cfaf7f4f0,2026-08-28,reference/configuration JSON object,,,False,False,
chf_meds_hfref_nyha3.json,external/synthea/build/resources/main/modules/heart/chf_meds_hfref_nyha3.json,json,external_reference_or_fixture,1,5,name; specialty; remarks; states; gmf_version,11474,a60875b7ab98709bab1e136c6238271362afcfb674cefd0e8e384defd1c7a067,2026-08-28,reference/configuration JSON object,,,False,False,
chf_meds_hfref_nyha4.json,external/synthea/build/resources/main/modules/heart/chf_meds_hfref_nyha4.json,json,external_reference_or_fixture,1,5,name; specialty; remarks; states; gmf_version,8885,0d0624e58c0f2e249a5a3c0eef2cfc3e446ff52e92912faa48493b6f2adc56c2,2026-08-28,reference/configuration JSON object,,,False,False,
chf_nyha_panel.json,external/synthea/build/resources/main/modules/heart/chf_nyha_panel.json,json,external_reference_or_fixture,1,5,name; specialty; remarks; states; gmf_version,19360,5d7e0e8607415bf2d1fc25412cfa64d59570b2494777533dc3e21f1d28d4c349,2026-08-28,reference/configuration JSON object,,,False,False,
chf_transplant.json,external/synthea/build/resources/main/modules/heart/chf_transplant.json,json,external_reference_or_fixture,1,5,name; specialty; remarks; states; gmf_version,1963,1cbb44091ee8c345254fef48ebeb0a8bb83b1a100a0317035ef41449cd26e018,2026-08-28,reference/configuration JSON object,,,False,False,
nsteacs_pathway.json,external/synthea/build/resources/main/modules/heart/nsteacs_pathway.json,json,external_reference_or_fixture,1,5,name; specialty; remarks; states; gmf_version,9929,24530052b6552251b604cc0f55d0b11a4f72b6da2b2a34f3cf8db887f54e4d7a,2026-08-28,reference/configuration JSON object,,,False,False,
operative_status.json,external/synthea/build/resources/main/modules/heart/operative_status.json,json,external_reference_or_fixture,1,5,name; specialty; remarks; states; gmf_version,6105,13b8fdc88bdb4d75ca93361c9e17e62ff84e6d897ba2c66a7acb445738b3078a,2026-08-28,reference/configuration JSON object,,,False,False,
or_blood.json,external/synthea/build/resources/main/modules/heart/or_blood.json,json,external_reference_or_fixture,1,5,name; specialty; states; gmf_version; remarks,3598,b094b651953522a5f4380dbf29eaf056cba4395c95888e9bd876fe503c2e76be,2026-08-28,reference/configuration JSON object,,,False,False,
operative_status.json,external/synthea/build/resources/main/modules/heart/savrepair/operative_status.json,json,external_reference_or_fixture,1,5,name; specialty; remarks; states; gmf_version,4445,be5a613c83da4e24a8e543dde80cf74e22796b5bf610817eaf277aa159e55a20,2026-08-28,reference/configuration JSON object,,,False,False,
operative_status.json,external/synthea/build/resources/main/modules/heart/savreplace/operative_status.json,json,external_reference_or_fixture,1,5,name; specialty; remarks; states; gmf_version,5340,e01bc88a89e7581d0af1299051faca9f23bd882e9a1f446a59c53342c07c7c09,2026-08-28,reference/configuration JSON object,,,False,False,
stemi_fibrinolytic.json,external/synthea/build/resources/main/modules/heart/stemi_fibrinolytic.json,json,external_reference_or_fixture,1,5,name; specialty; remarks; states; gmf_version,1485,b19b9967e362d23ddbbcf588607359c2cba5b477723e849dbd7f2b99e44d09ad,2026-08-28,reference/configuration JSON object,,,False,False,
stemi_pathway.json,external/synthea/build/resources/main/modules/heart/stemi_pathway.json,json,external_reference_or_fixture,1,5,name; specialty; remarks; states; gmf_version,5944,99d358e062e9234cf2dfe99142a804851e5cf44cc7c5d559b6ef6b52a12b5c86,2026-08-28,reference/configuration JSON object,,,False,False,
alt_access.json,external/synthea/build/resources/main/modules/heart/tavr/alt_access.json,json,external_reference_or_fixture,1,5,name; specialty; remarks; states; gmf_version,3797,305c8ad8668b864d2df6c1486b4d5a632491eeb68c9e680b71cc8fa8862cb11a,2026-08-28,reference/configuration JSON object,,,False,False,
operation.json,external/synthea/build/resources/main/modules/heart/tavr/operation.json,json,external_reference_or_fixture,1,5,name; specialty; remarks; states; gmf_version,4584,a940078ec7cb01465f534358e4237303322e4f5dca2acf6b0143880c4e3b9d83,2026-08-28,reference/configuration JSON object,,,False,False,
operative_status.json,external/synthea/build/resources/main/modules/heart/tavr/operative_status.json,json,external_reference_or_fixture,1,5,name; specialty; remarks; states; gmf_version,4455,202009a29a37b5f1cbd0fb1c1b3631368f742377e11afb9b831403d89bad8c20,2026-08-28,reference/configuration JSON object,,,False,False,
outcomes.json,external/synthea/build/resources/main/modules/heart/tavr/outcomes.json,json,external_reference_or_fixture,1,5,name; specialty; remarks; states; gmf_version,25889,1a74fc8dfe4236dd976d2e320049e6b701a4d6706958ea5e9ff60faac24df162,2026-08-28,reference/configuration JSON object,,,False,False,
postop.json,external/synthea/build/resources/main/modules/heart/tavr/postop.json,json,external_reference_or_fixture,1,5,name; specialty; remarks; states; gmf_version,25417,4245ca533693647ca35803d0454b97f05af954df33929fd529d1b1de937a31c2,2026-08-28,reference/configuration JSON object,,,False,False,
vhd_risks.json,external/synthea/build/resources/main/modules/heart/vhd_risks.json,json,external_reference_or_fixture,1,5,name; specialty; remarks; states; gmf_version,2087,20e3357b9a64bab44c61c7caf4c9c1f994491efc907cfb5b8ef49980fbdaf4a0,2026-08-28,reference/configuration JSON object,,,False,False,
art_sequence.json,external/synthea/build/resources/main/modules/hiv/art_sequence.json,json,external_reference_or_fixture,1,3,name; states; gmf_version,7002,d7537a1a094e3223e26a5168af4e60b3e22d97e2e7e09dc0477e79a2d227278b,2026-08-28,reference/configuration JSON object,,,False,False,
art_sequence_1987_1994.json,external/synthea/build/resources/main/modules/hiv/art_sequence_1987_1994.json,json,external_reference_or_fixture,1,4,name; remarks; states; gmf_version,7599,e9f8904f609e50257cfcf7d0efea590c0a50219d20be1a36216d37690c313c05,2026-08-28,reference/configuration JSON object,,,False,False,
art_sequence_1995_1996.json,external/synthea/build/resources/main/modules/hiv/art_sequence_1995_1996.json,json,external_reference_or_fixture,1,4,name; remarks; states; gmf_version,4792,fd199517c72580da74bbdc65176870779c1a14e0abe32fb1323e6b4b09239c09,2026-08-28,reference/configuration JSON object,,,False,False,
art_sequence_1997_2002.json,external/synthea/build/resources/main/modules/hiv/art_sequence_1997_2002.json,json,external_reference_or_fixture,1,4,name; remarks; states; gmf_version,16267,fd21c51059a3030b62505985bf37873e324a4bb10b5a07a46a036502a9d3a966,2026-08-28,reference/configuration JSON object,,,False,False,
art_sequence_2003_2005.json,external/synthea/build/resources/main/modules/hiv/art_sequence_2003_2005.json,json,external_reference_or_fixture,1,4,name; remarks; states; gmf_version,8439,dd41319c6de4ccb8f7428d94cd46ac407543248cfb3cde781a2df60810e0a4ca,2026-08-28,reference/configuration JSON object,,,False,False,
art_sequence_2006_2014.json,external/synthea/build/resources/main/modules/hiv/art_sequence_2006_2014.json,json,external_reference_or_fixture,1,4,name; remarks; states; gmf_version,15076,6d2a008a5b311b75f7372958883673253a56c45508cb227671e31dc12f15f570,2026-08-28,reference/configuration JSON object,,,False,False,
art_sequence_2015.json,external/synthea/build/resources/main/modules/hiv/art_sequence_2015.json,json,external_reference_or_fixture,1,4,name; remarks; states; gmf_version,15403,0ca30f6d3b271b8598e8328d6843169f5c6e4fde8de9624066a072da1667a6dc,2026-08-28,reference/configuration JSON object,,,False,False,
hiv_baseline.json,external/synthea/build/resources/main/modules/hiv/hiv_baseline.json,json,external_reference_or_fixture,1,4,name; remarks; states; gmf_version,55606,735e0f9b25563f70eb61f8d9460e0a11b97ed910c65500792c2f7c1e856bc95f,2026-08-28,reference/configuration JSON object,,,False,False,
hiv_cd4.json,external/synthea/build/resources/main/modules/hiv/hiv_cd4.json,json,external_reference_or_fixture,1,4,name; remarks; states; gmf_version,44224,98989d607532cdd19f287c9666307726aedf36f186cc5509399043d66a5cd7c3,2026-08-28,reference/configuration JSON object,,,False,False,
hiv_oi_prophylaxis.json,external/synthea/build/resources/main/modules/hiv/hiv_oi_prophylaxis.json,json,external_reference_or_fixture,1,4,name; remarks; states; gmf_version,10482,9678e967e50fbe744857fa706da6500f1026d70a52ab358448a09a789e1d6a31,2026-08-28,reference/configuration JSON object,,,False,False,
hiv_screening.json,external/synthea/build/resources/main/modules/hiv/hiv_screening.json,json,external_reference_or_fixture,1,4,name; remarks; states; gmf_version,3564,c199444aa40f431698b633065429761806dacb626f9876c6c90da536a9a62429,2026-08-28,reference/configuration JSON object,,,False,False,
hiv_viral_load.json,external/synthea/build/resources/main/modules/hiv/hiv_viral_load.json,json,external_reference_or_fixture,1,4,name; remarks; states; gmf_version,11279,99d3b53a6caed70b0452b55319d631bad6bd38aed78a2468a5eebb929b7b1888,2026-08-28,reference/configuration JSON object,,,False,False,
stop_all_art_meds.json,external/synthea/build/resources/main/modules/hiv/stop_all_art_meds.json,json,external_reference_or_fixture,1,4,name; remarks; states; gmf_version,8235,fa704a0b9b72f44f14bff63539566bf960355908e288bed07e953074adff53c6,2026-08-28,reference/configuration JSON object,,,False,False,
hiv_care.json,external/synthea/build/resources/main/modules/hiv_care.json,json,external_reference_or_fixture,1,4,name; remarks; states; gmf_version,25884,51d67127d1ba7135e73d97e168c0d59320c6e368f0cd4fa8518bdea449ad157c,2026-08-28,reference/configuration JSON object,,,False,False,
hiv_diagnosis.json,external/synthea/build/resources/main/modules/hiv_diagnosis.json,json,external_reference_or_fixture,1,4,name; remarks; states; gmf_version,8126,1fefc75c1b6b7fc5729ca63b03f8d226c1ef13ba242c59ac36a00942f75ab222,2026-08-28,reference/configuration JSON object,,,False,False,
home_health_treatment.json,external/synthea/build/resources/main/modules/home_health_treatment.json,json,external_reference_or_fixture,1,4,name; remarks; states; gmf_version,9676,4a123141cad2092c8d458a52bd93670f42db34bfbe4b0be409dc0511164f6efe,2026-08-28,reference/configuration JSON object,,,False,False,
home_hospice_snf.json,external/synthea/build/resources/main/modules/home_hospice_snf.json,json,external_reference_or_fixture,1,4,name; remarks; states; gmf_version,23434,aa372e4b1dfd7bd003cdc8d2e24cd33b257eedc22605c3e5d8e9cbe26231fa56,2026-08-28,reference/configuration JSON object,,,False,False,
homelessness.json,external/synthea/build/resources/main/modules/homelessness.json,json,external_reference_or_fixture,1,4,name; remarks; states; gmf_version,16279,dd785a5db7103e36a497831ce917426194cbb91e053a1686429a488a23109625,2026-08-28,reference/configuration JSON object,,,False,False,
hospice_treatment.json,external/synthea/build/resources/main/modules/hospice_treatment.json,json,external_reference_or_fixture,1,4,name; remarks; states; gmf_version,8265,0109b57aa57acff469b88c9354861436c916911d1cfebab50f0d5045a677df62,2026-08-28,reference/configuration JSON object,,,False,False,
hypertension.json,external/synthea/build/resources/main/modules/hypertension.json,json,external_reference_or_fixture,1,4,name; remarks; states; gmf_version,31626,edb365dfae5aecb1d503228b182d5e891b51bc312770db6ce3bcb1bc762533a1,2026-08-28,reference/configuration JSON object,,,False,False,
hypothyroidism.json,external/synthea/build/resources/main/modules/hypothyroidism.json,json,external_reference_or_fixture,1,4,name; remarks; states; gmf_version,6173,1eccfbfe7e8d5b6c0988d83c58843653cd4af6c40cd6942dab956ffe456e889a,2026-08-28,reference/configuration JSON object,,,False,False,
injuries.json,external/synthea/build/resources/main/modules/injuries.json,json,external_reference_or_fixture,1,4,name; remarks; states; gmf_version,97375,d730a83cc2f428deeff020ecf63f7dc2e2c7830f1746a284d7864594fe856609,2026-08-28,reference/configuration JSON object,,,False,False,
broken_jaw.json,external/synthea/build/resources/main/modules/injuries/broken_jaw.json,json,external_reference_or_fixture,1,4,name; states; gmf_version; remarks,15864,f0e667bb029a76b645e18ae9505f81d40b1e383e9fd00401269bb20d1b98c795,2026-08-28,reference/configuration JSON object,,,False,False,
kidney_transplant.json,external/synthea/build/resources/main/modules/kidney_transplant.json,json,external_reference_or_fixture,1,4,name; remarks; states; gmf_version,58586,83ea3a8e8644031ad9cb5baa10145526b52a8055b488b563916c1b6767b46361,2026-08-28,reference/configuration JSON object,,,False,False,
AML.csv,external/synthea/build/resources/main/modules/lookup_tables/AML.csv,csv,external_reference_or_fixture,12,5,gender; race; ethnicity; Levofloxacin; No_Levofloxacin_Prophylaxis,586,3051c3b7e74dea2c1241c9047990bf7114bf0bc9f77c8e780cec63096a574463,2026-08-28,unknown/reference table; inspect before analytical use,,,False,False,
ace_arb_amlodipine_benazepril_product_distribution.csv,external/synthea/build/resources/main/modules/lookup_tables/ace_arb_amlodipine_benazepril_product_distribution.csv,csv,external_reference_or_fixture,243,9,age; gender; state; Prescribe_Amlodipine_10_Mg_Benazepril_Hydrochloride_20_Mg_Oral_Capsule; Prescribe_Amlodipine_10_Mg_Benazepril_Hydrochloride_40_Mg_Oral_Capsule; Prescribe_Amlodipine_2_5_Mg_Benazepril_Hydrochloride_10_Mg_Oral_Capsule; Prescribe_Amlodipine_5_Mg_Benazepril_Hydrochloride_10_Mg_Oral_Capsule; Prescribe_Amlodipine_5_Mg_Benazepril_Hydrochloride_20_Mg_Oral_Capsule; Prescribe_Amlodipine_5_Mg_Benazepril_Hydrochloride_40_Mg_Oral_Capsule,12024,c8709908696ba513d1ceea3d9dbc1f2d51f526f17bca52d8b16e347dc226fcc2,2026-08-28,unknown/reference table; inspect before analytical use,,,False,False,
ace_arb_benazepril_hydrochlorothiazide_product_distribution.csv,external/synthea/build/resources/main/modules/lookup_tables/ace_arb_benazepril_hydrochlorothiazide_product_distribution.csv,csv,external_reference_or_fixture,169,6,age; gender; state; Prescribe_Benazepril_Hydrochloride_10_Mg_Hydrochlorothiazide_12_5_Mg_Oral_Tablet; Prescribe_Benazepril_Hydrochloride_20_Mg_Hydrochlorothiazide_12_5_Mg_Oral_Tablet; Prescribe_Benazepril_Hydrochloride_20_Mg_Hydrochlorothiazide_25_Mg_Oral_Tablet,5768,fbf127665094deb16373099e60dfd5248569e998ea0bbd3584d7c9cc53518a23,2026-08-28,unknown/reference table; inspect before analytical use,,,False,False,
ace_arb_benazepril_product_distribution.csv,external/synthea/build/resources/main/modules/lookup_tables/ace_arb_benazepril_product_distribution.csv,csv,external_reference_or_fixture,284,7,age; gender; state; Prescribe_Benazepril_Hydrochloride_10_Mg_Oral_Tablet; Prescribe_Benazepril_Hydrochloride_20_Mg_Oral_Tablet; Prescribe_Benazepril_Hydrochloride_40_Mg_Oral_Tablet; Prescribe_Benazepril_Hydrochloride_5_Mg_Oral_Tablet,11354,957b84dcd4712f90d9031f4d0eb9a00088235439538afbd24b29a0a3a44e9061,2026-08-28,unknown/reference table; inspect before analytical use,,,False,False,
ace_arb_enalapril_product_distribution.csv,external/synthea/build/resources/main/modules/lookup_tables/ace_arb_enalapril_product_distribution.csv,csv,external_reference_or_fixture,276,8,age; gender; state; Prescribe_Enalapril_Maleate_10_Mg_Oral_Tablet; Prescribe_Enalapril_Maleate_1_Mg_Ml_Oral_Solution_Epaned; Prescribe_Enalapril_Maleate_20_Mg_Oral_Tablet; Prescribe_Enalapril_Maleate_2_5_Mg_Oral_Tablet; Prescribe_Enalapril_Maleate_5_Mg_Oral_Tablet,12264,023e1aa65c010cf66452ec04fe54c174d5dbf9c36cbd537e1135f339d6a7f441,2026-08-28,unknown/reference table; inspect before analytical use,,,False,False,
ace_arb_hydrochlorothiazide_lisinopril_product_distribution.csv,external/synthea/build/resources/main/modules/lookup_tables/ace_arb_hydrochlorothiazide_lisinopril_product_distribution.csv,csv,external_reference_or_fixture,351,6,age; gender; state; Prescribe_Hydrochlorothiazide_12_5_Mg_Lisinopril_10_Mg_Oral_Tablet; Prescribe_Hydrochlorothiazide_12_5_Mg_Lisinopril_20_Mg_Oral_Tablet; Prescribe_Hydrochlorothiazide_25_Mg_Lisinopril_20_Mg_Oral_Tablet,12656,dc374f8e51b0bd07b6015f75a6f600d608cf6b50430f30bce6cffefd2e16784b,2026-08-28,unknown/reference table; inspect before analytical use,,,False,False,
ace_arb_hydrochlorothiazide_losartan_product_distribution.csv,external/synthea/build/resources/main/modules/lookup_tables/ace_arb_hydrochlorothiazide_losartan_product_distribution.csv,csv,external_reference_or_fixture,351,9,age; gender; state; Prescribe_Hydrochlorothiazide_12_5_Mg_Losartan_Potassium_100_Mg_Oral_Tablet; Prescribe_Hydrochlorothiazide_12_5_Mg_Losartan_Potassium_100_Mg_Oral_Tablet_Hyzaar; Prescribe_Hydrochlorothiazide_12_5_Mg_Losartan_Potassium_50_Mg_Oral_Tablet; Prescribe_Hydrochlorothiazide_12_5_Mg_Losartan_Potassium_50_Mg_Oral_Tablet_Hyzaar; Prescribe_Hydrochlorothiazide_25_Mg_Losartan_Potassium_100_Mg_Oral_Tablet; Prescribe_Hydrochlorothiazide_25_Mg_Losartan_Potassium_100_Mg_Oral_Tablet_Hyzaar,16897,3a7534dd837666ecc791c8b59d535e0207f28cbe18f93b121d57471fc106938f,2026-08-28,unknown/reference table; inspect before analytical use,,,False,False,
ace_arb_hydrochlorothiazide_valsartan_product_distribution.csv,external/synthea/build/resources/main/modules/lookup_tables/ace_arb_hydrochlorothiazide_valsartan_product_distribution.csv,csv,external_reference_or_fixture,237,8,age; gender; state; Prescribe_Hydrochlorothiazide_12_5_Mg_Valsartan_160_Mg_Oral_Tablet; Prescribe_Hydrochlorothiazide_12_5_Mg_Valsartan_320_Mg_Oral_Tablet; Prescribe_Hydrochlorothiazide_12_5_Mg_Valsartan_80_Mg_Oral_Tablet; Prescribe_Hydrochlorothiazide_25_Mg_Valsartan_160_Mg_Oral_Tablet; Prescribe_Hydrochlorothiazide_25_Mg_Valsartan_320_Mg_Oral_Tablet,10739,7c89165283305d723a125d0ecfa35e58761ed148e7914f9bb880418ca7d767e9,2026-08-28,unknown/reference table; inspect before analytical use,,,False,False,
ace_arb_ingredient_distribution.csv,external/synthea/build/resources/main/modules/lookup_tables/ace_arb_ingredient_distribution.csv,csv,external_reference_or_fixture,611,18,age; gender; state; Prescribe_Amlodipine_Benazepril; Prescribe_Benazepril; Prescribe_Benazepril_Hydrochlorothiazide; Prescribe_Enalapril; Prescribe_Hydrochlorothiazide_Lisinopril; Prescribe_Hydrochlorothiazide_Losartan; Prescribe_Hydrochlorothiazide_Valsartan; Prescribe_Irbesartan; Prescribe_Lisinopril; Prescribe_Losartan; Prescribe_Quinapril; Prescribe_Ramipril; Prescribe_Sacubitril_Valsartan; Prescribe_Telmisartan; Prescribe_Valsartan,56024,328e78a984a255342a99e835fac4e936ac13eb1d95333f1fda4c9c5275e886e8,2026-08-28,unknown/reference table; inspect before analytical use,,,False,False,
ace_arb_irbesartan_product_distribution.csv,external/synthea/build/resources/main/modules/lookup_tables/ace_arb_irbesartan_product_distribution.csv,csv,external_reference_or_fixture,259,6,age; gender; state; Prescribe_Irbesartan_150_Mg_Oral_Tablet; Prescribe_Irbesartan_300_Mg_Oral_Tablet; Prescribe_Irbesartan_75_Mg_Oral_Tablet,8951,d61bc697e867ef0d4624177b64406f860a0159cc0718c41250179e5f0240e93d,2026-08-28,unknown/reference table; inspect before analytical use,,,False,False,
ace_arb_lisinopril_product_distribution.csv,external/synthea/build/resources/main/modules/lookup_tables/ace_arb_lisinopril_product_distribution.csv,csv,external_reference_or_fixture,573,10,age; gender; state; Prescribe_Lisinopril_10_Mg_Oral_Tablet; Prescribe_Lisinopril_1_Mg_Ml_Oral_Solution_Qbrelis; Prescribe_Lisinopril_20_Mg_Oral_Tablet; Prescribe_Lisinopril_2_5_Mg_Oral_Tablet; Prescribe_Lisinopril_30_Mg_Oral_Tablet; Prescribe_Lisinopril_40_Mg_Oral_Tablet; Prescribe_Lisinopril_5_Mg_Oral_Tablet,31215,f4fbf6838738852270f64fb8687c250d5bf39a149a2e1cb947171efc48661525,2026-08-28,unknown/reference table; inspect before analytical use,,,False,False,
ace_arb_losartan_product_distribution.csv,external/synthea/build/resources/main/modules/lookup_tables/ace_arb_losartan_product_distribution.csv,csv,external_reference_or_fixture,409,8,age; gender; state; Prescribe_Losartan_Potassium_100_Mg_Oral_Tablet; Prescribe_Losartan_Potassium_25_Mg_Oral_Tablet; Prescribe_Losartan_Potassium_25_Mg_Oral_Tablet_Cozaar; Prescribe_Losartan_Potassium_50_Mg_Oral_Tablet; Prescribe_Losartan_Potassium_50_Mg_Oral_Tablet_Cozaar,17975,bef7dc0ac6782ca9241a46295401aa9e5f86f0b3fcebea12fda1744ac9542785,2026-08-28,unknown/reference table; inspect before analytical use,,,False,False,
ace_arb_quinapril_product_distribution.csv,external/synthea/build/resources/main/modules/lookup_tables/ace_arb_quinapril_product_distribution.csv,csv,external_reference_or_fixture,137,7,age; gender; state; Prescribe_Quinapril_10_Mg_Oral_Tablet; Prescribe_Quinapril_20_Mg_Oral_Tablet; Prescribe_Quinapril_40_Mg_Oral_Tablet; Prescribe_Quinapril_5_Mg_Oral_Tablet,5371,d935f053430fab6f61f18336b87c773d069ce0da4ec873f90926e65db3d13697,2026-08-28,unknown/reference table; inspect before analytical use,,,False,False,
ace_arb_ramipril_product_distribution.csv,external/synthea/build/resources/main/modules/lookup_tables/ace_arb_ramipril_product_distribution.csv,csv,external_reference_or_fixture,222,7,age; gender; state; Prescribe_Ramipril_10_Mg_Oral_Capsule; Prescribe_Ramipril_1_25_Mg_Oral_Capsule; Prescribe_Ramipril_2_5_Mg_Oral_Capsule; Prescribe_Ramipril_5_Mg_Oral_Capsule,8791,5495e7b73b1099fa3292281e2664c759e1c8d6bf2c1c07c2228d905ce611fcd0,2026-08-28,unknown/reference table; inspect before analytical use,,,False,False,
ace_arb_sacubitril_valsartan_product_distribution.csv,external/synthea/build/resources/main/modules/lookup_tables/ace_arb_sacubitril_valsartan_product_distribution.csv,csv,external_reference_or_fixture,165,6,age; gender; state; Prescribe_Sacubitril_24_Mg_Valsartan_26_Mg_Oral_Tablet_Entresto; Prescribe_Sacubitril_49_Mg_Valsartan_51_Mg_Oral_Tablet_Entresto; Prescribe_Sacubitril_97_Mg_Valsartan_103_Mg_Oral_Tablet_Entresto,5574,091f263d9c9305468f3c72a478d734f76bebcc4b0eb61a1bcb4cb9319ea6fc32,2026-08-28,unknown/reference table; inspect before analytical use,,,False,False,
ace_arb_telmisartan_product_distribution.csv,external/synthea/build/resources/main/modules/lookup_tables/ace_arb_telmisartan_product_distribution.csv,csv,external_reference_or_fixture,194,8,age; gender; state; Prescribe_Telmisartan_20_Mg_Oral_Tablet; Prescribe_Telmisartan_20_Mg_Oral_Tablet_Micardis; Prescribe_Telmisartan_40_Mg_Oral_Tablet; Prescribe_Telmisartan_80_Mg_Oral_Tablet; Prescribe_Telmisartan_80_Mg_Oral_Tablet_Micardis,8274,939edcc0483e35b54a78d401e4cd25a1a8dd2d023eaa2f4b5fbcb67ecb98c6a4,2026-08-28,unknown/reference table; inspect before analytical use,,,False,False,
ace_arb_valsartan_product_distribution.csv,external/synthea/build/resources/main/modules/lookup_tables/ace_arb_valsartan_product_distribution.csv,csv,external_reference_or_fixture,319,8,age; gender; state; Prescribe_Valsartan_160_Mg_Oral_Tablet; Prescribe_Valsartan_320_Mg_Oral_Tablet; Prescribe_Valsartan_320_Mg_Oral_Tablet_Diovan; Prescribe_Valsartan_40_Mg_Oral_Tablet; Prescribe_Valsartan_80_Mg_Oral_Tablet,14226,e84d7a95d6c23d6ce3876a65767dc6f6c473a9e76be87ac70cb3d1a3b3dfb54f,2026-08-28,unknown/reference table; inspect before analytical use,,,False,False,
beta_blocker_atenolol_product_distribution.csv,external/synthea/build/resources/main/modules/lookup_tables/beta_blocker_atenolol_product_distribution.csv,csv,external_reference_or_fixture,396,6,age; gender; state; Prescribe_Atenolol_100_Mg_Oral_Tablet; Prescribe_Atenolol_25_Mg_Oral_Tablet; Prescribe_Atenolol_50_Mg_Oral_Tablet,13571,51d503f047577449a312d67757603a18aaf6224079d7b8a851f97c8cae772fa7,2026-08-28,unknown/reference table; inspect before analytical use,,,False,False,
beta_blocker_bisoprolol_hydrochlorothiazide_product_distribution.csv,external/synthea/build/resources/main/modules/lookup_tables/beta_blocker_bisoprolol_hydrochlorothiazide_product_distribution.csv,csv,external_reference_or_fixture,169,6,age; gender; state; Prescribe_Bisoprolol_Fumarate_10_Mg_Hydrochlorothiazide_6_25_Mg_Oral_Tablet; Prescribe_Bisoprolol_Fumarate_2_5_Mg_Hydrochlorothiazide_6_25_Mg_Oral_Tablet; Prescribe_Bisoprolol_Fumarate_5_Mg_Hydrochlorothiazide_6_25_Mg_Oral_Tablet,5978,2f4845695fc3bc9240bc0b2320aaf9401e33a12ae911507d443492f2a967134a,2026-08-28,unknown/reference table; inspect before analytical use,,,False,False,
beta_blocker_bisoprolol_product_distribution.csv,external/synthea/build/resources/main/modules/lookup_tables/beta_blocker_bisoprolol_product_distribution.csv,csv,external_reference_or_fixture,191,5,age; gender; state; Prescribe_Bisoprolol_Fumarate_10_Mg_Oral_Tablet; Prescribe_Bisoprolol_Fumarate_5_Mg_Oral_Tablet,5734,d7a63a20666c7338c4a9b19d8a27755d07e522516e815b1904128e328f983b43,2026-08-28,unknown/reference table; inspect before analytical use,,,False,False,
beta_blocker_carvedilol_product_distribution.csv,external/synthea/build/resources/main/modules/lookup_tables/beta_blocker_carvedilol_product_distribution.csv,csv,external_reference_or_fixture,374,13,age; gender; state; Prescribe_24_Hr_Carvedilol_Phosphate_10_Mg_Extended_Release_Oral_Capsule; Prescribe_24_Hr_Carvedilol_Phosphate_20_Mg_Extended_Release_Oral_Capsule; Prescribe_24_Hr_Carvedilol_Phosphate_20_Mg_Extended_Release_Oral_Capsule_Coreg; Prescribe_Carvedilol_12_5_Mg_Oral_Tablet; Prescribe_Carvedilol_12_5_Mg_Oral_Tablet_Coreg; Prescribe_Carvedilol_25_Mg_Oral_Tablet; Prescribe_Carvedilol_25_Mg_Oral_Tablet_Coreg; Prescribe_Carvedilol_3_125_Mg_Oral_Tablet; Prescribe_Carvedilol_6_25_Mg_Oral_Tablet; Prescribe_Carvedilol_6_25_Mg_Oral_Tablet_Coreg,24467,abb1833a6882d3b93bc29057d08e7d078081232bad140d412b904c306f2581ed,2026-08-28,unknown/reference table; inspect before analytical use,,,False,False,
beta_blocker_ingredient_distribution.csv,external/synthea/build/resources/main/modules/lookup_tables/beta_blocker_ingredient_distribution.csv,csv,external_reference_or_fixture,559,11,age; gender; state; Prescribe_Atenolol; Prescribe_Bisoprolol; Prescribe_Bisoprolol_Hydrochlorothiazide; Prescribe_Carvedilol; Prescribe_Labetalol; Prescribe_Metoprolol; Prescribe_Nebivolol; Prescribe_Propranolol,33155,4c6b96598c6b639ca6dcdfe3b1da297e2171cbfaffbd821f7312dada96dcedc2,2026-08-28,unknown/reference table; inspect before analytical use,,,False,False,
beta_blocker_labetalol_product_distribution.csv,external/synthea/build/resources/main/modules/lookup_tables/beta_blocker_labetalol_product_distribution.csv,csv,external_reference_or_fixture,327,6,age; gender; state; Prescribe_Labetalol_Hydrochloride_100_Mg_Oral_Tablet; Prescribe_Labetalol_Hydrochloride_200_Mg_Oral_Tablet; Prescribe_Labetalol_Hydrochloride_300_Mg_Oral_Tablet,11277,98deaf7ec9f471b4c086576a940941ffe231856beb516cbc0a2389a1ffb6ec0f,2026-08-28,unknown/reference table; inspect before analytical use,,,False,False,
beta_blocker_metoprolol_product_distribution.csv,external/synthea/build/resources/main/modules/lookup_tables/beta_blocker_metoprolol_product_distribution.csv,csv,external_reference_or_fixture,406,15,age; gender; state; Prescribe_24_Hr_Metoprolol_Succinate_100_Mg_Extended_Release_Oral_Tablet; Prescribe_24_Hr_Metoprolol_Succinate_200_Mg_Extended_Release_Oral_Tablet; Prescribe_24_Hr_Metoprolol_Succinate_25_Mg_Extended_Release_Oral_Tablet; Prescribe_24_Hr_Metoprolol_Succinate_25_Mg_Extended_Release_Oral_Tablet_Toprol; Prescribe_24_Hr_Metoprolol_Succinate_50_Mg_Extended_Release_Oral_Tablet; Prescribe_24_Hr_Metoprolol_Succinate_50_Mg_Extended_Release_Oral_Tablet_Toprol; Prescribe_5_Ml_Metoprolol_Tartrate_1_Mg_Ml_Cartridge; Prescribe_5_Ml_Metoprolol_Tartrate_1_Mg_Ml_Injection; Prescribe_Metoprolol_Tartrate_100_Mg_Oral_Tablet; Prescribe_Metoprolol_Tartrate_25_Mg_Oral_Tablet; Prescribe_Metoprolol_Tartrate_50_Mg_Oral_Tablet; Prescribe_Metoprolol_Tartrate_50_Mg_Oral_Tablet_Lopressor,32198,33450943427a2bf27515e57092bbb97a205b067712d945aa52baf9ad04c4b97c,2026-08-28,unknown/reference table; inspect before analytical use,,,False,False,
beta_blocker_nebivolol_product_distribution.csv,external/synthea/build/resources/main/modules/lookup_tables/beta_blocker_nebivolol_product_distribution.csv,csv,external_reference_or_fixture,226,7,age; gender; state; Prescribe_Nebivolol_10_Mg_Oral_Tablet_Bystolic; Prescribe_Nebivolol_20_Mg_Oral_Tablet_Bystolic; Prescribe_Nebivolol_2_5_Mg_Oral_Tablet_Bystolic; Prescribe_Nebivolol_5_Mg_Oral_Tablet_Bystolic,8910,a1371c4c1e97e0ad1a311ac22a98df2a776a3059f26bca5deb65379b087a27b4,2026-08-28,unknown/reference table; inspect before analytical use,,,False,False,
beta_blocker_propranolol_product_distribution.csv,external/synthea/build/resources/main/modules/lookup_tables/beta_blocker_propranolol_product_distribution.csv,csv,external_reference_or_fixture,478,12,age; gender; state; Prescribe_24_Hr_Propranolol_Hydrochloride_120_Mg_Extended_Release_Oral_Capsule; Prescribe_24_Hr_Propranolol_Hydrochloride_160_Mg_Extended_Release_Oral_Capsule; Prescribe_24_Hr_Propranolol_Hydrochloride_60_Mg_Extended_Release_Oral_Capsule; Prescribe_24_Hr_Propranolol_Hydrochloride_80_Mg_Extended_Release_Oral_Capsule; Prescribe_Propranolol_Hydrochloride_10_Mg_Oral_Tablet; Prescribe_Propranolol_Hydrochloride_20_Mg_Oral_Tablet; Prescribe_Propranolol_Hydrochloride_40_Mg_Oral_Tablet; Prescribe_Propranolol_Hydrochloride_60_Mg_Oral_Tablet; Prescribe_Propranolol_Hydrochloride_80_Mg_Oral_Tablet,29204,e20d4e63e9a3cd39a9ac1949518ba24c1cf76c4651fc6cc32957df875b71d22a,2026-08-28,unknown/reference table; inspect before analytical use,,,False,False,
cabg_details_num_art_cond.csv,external/synthea/build/resources/main/modules/lookup_tables/cabg_details_num_art_cond.csv,csv,external_reference_or_fixture,6,7,cabg_number_of_grafts; Art_Cond_1; Art_Cond_2; Art_Cond_3; Art_Cond_4; Art_Cond_5; Art_Cond_6,309,c57bfa3b69bf489c30770d5371c16939b2c70d8a54a62ff4726b98a68cf0ee17,2026-08-28,unknown/reference table; inspect before analytical use,,,False,False,
cabg_details_num_grafts.csv,external/synthea/build/resources/main/modules/lookup_tables/cabg_details_num_grafts.csv,csv,external_reference_or_fixture,4,7,operative_status; Graft_No_1; Graft_No_2; Graft_No_3; Graft_No_4; Graft_No_5; Graft_No_6,272,e3d0b5c666350aa3d0cfe8ff5ad6c0c8cee90cc19e95d0b6b25661dd03601b78,2026-08-28,unknown/reference table; inspect before analytical use,,,False,False,
cabg_details_operative_approach.csv,external/synthea/build/resources/main/modules/lookup_tables/cabg_details_operative_approach.csv,csv,external_reference_or_fixture,4,4,operative_status; Sternotomy; Thoracotomy; Anything Else,143,96edd0ddd8ebd13d67306c3a92710599b32a1a99cf64b9d22d8720f608b7d7b1,2026-08-28,unknown/reference table; inspect before analytical use,,,False,False,
covid-19-severity-outcomes.csv,external/synthea/build/resources/main/modules/lookup_tables/covid-19-severity-outcomes.csv,csv,external_reference_or_fixture,6,6,age; covid19_risk; Negative Severity; General Severity; Severe Severity; Critical Severity,254,5844d7d398e601f4455777f1a634afc162751a08e6f0758fa8e28e39b9c93ea1,2026-08-28,unknown/reference table; inspect before analytical use,,,False,False,
covid-19-survival-outcomes.csv,external/synthea/build/resources/main/modules/lookup_tables/covid-19-survival-outcomes.csv,csv,external_reference_or_fixture,44,5,age; gender; covid19_severity; Survival: Survivor; Survival: Non-Survivor,1247,29df6556bcc6ca35a74d108f46f0c8e6698a70669ce15495c1a54ae92487401f,2026-08-28,unknown/reference table; inspect before analytical use,,,False,False,
covid19_prob.csv,external/synthea/build/resources/main/modules/lookup_tables/covid19_prob.csv,csv,external_reference_or_fixture,602,4,time; Check Vaccine Status; Terminal; Wait Until Exposure,37020,e55ec3494b3d43203bb1a9170f57f557d64daf7060fbac2049616a999ec6f7fd,2026-08-28,unknown/reference table; inspect before analytical use,,,False,True,
covid_dose_rates.csv,external/synthea/build/resources/main/modules/lookup_tables/covid_dose_rates.csv,csv,external_reference_or_fixture,273,9,date; Ages_12-15_yrs; Ages_16-17_yrs; Ages_18-29_yrs; Ages_30-39_yrs; Ages_40-49_yrs; Ages_50-64_yrs; Ages_65-74_yrs; Ages_75+_yrs,16070,c806b8d85d6e55c6a2a25481ab31df5515a3d5f0c71f84e32a51b146e1f9923a,2026-08-28,unknown/reference table; inspect before analytical use,,,False,True,
diabetic_retinopathy_followup.csv,external/synthea/build/resources/main/modules/lookup_tables/diabetic_retinopathy_followup.csv,csv,external_reference_or_fixture,10,7,diabetic_retinopathy_stage; macular_edema; Followup_Yearly; Followup_6-12Months; Followup_3-6Months; Followup_2-4Months; Followup_Monthly,319,1f4ce826d444f7a1a199edfefbd7dcc0b933b3d3712e23141725f064f8a8106d,2026-08-28,unknown/reference table; inspect before analytical use,,,False,False,
emergency_inhaler_albuterol_product_distribution.csv,external/synthea/build/resources/main/modules/lookup_tables/emergency_inhaler_albuterol_product_distribution.csv,csv,external_reference_or_fixture,2,9,age; Prescribe_Albuterol_0_21_Mg_Ml_Inhalation_Solution; Prescribe_Albuterol_0_417_Mg_Ml_Inhalation_Solution; Prescribe_Albuterol_0_83_Mg_Ml_Inhalation_Solution; Prescribe_Albuterol_5_Mg_Ml_Inhalation_Solution; Prescribe_Nda020503_200_Actuat_Albuterol_0_09_Mg_Actuat_Metered_Dose_Inhaler_Proventil; Prescribe_Nda020983_200_Actuat_Albuterol_0_09_Mg_Actuat_Metered_Dose_Inhaler_Ventolin; Prescribe_Nda020983_60_Actuat_Albuterol_0_09_Mg_Actuat_Metered_Dose_Inhaler_Ventolin; Prescribe_Nda021457_200_Actuat_Albuterol_0_09_Mg_Actuat_Metered_Dose_Inhaler_Proair,651,c827b35f6dab1fc38e725b4e09196b7ca6bed17317af8b2dd58611a77dbac0f9,2026-08-28,unknown/reference table; inspect before analytical use,,,False,False,
emergency_inhaler_ingredient_distribution.csv,external/synthea/build/resources/main/modules/lookup_tables/emergency_inhaler_ingredient_distribution.csv,csv,external_reference_or_fixture,2,3,age; Prescribe_Albuterol; Prescribe_Levalbuterol,80,1abf3ef9994cdec55659c1037bc3b6d7d6868b241b431c3b62cde0446096ec90,2026-08-28,unknown/reference table; inspect before analytical use,,,False,False,
emergency_inhaler_levalbuterol_product_distribution.csv,external/synthea/build/resources/main/modules/lookup_tables/emergency_inhaler_levalbuterol_product_distribution.csv,csv,external_reference_or_fixture,1,4,age; Prescribe_200_Actuat_Levalbuterol_0_045_Mg_Actuat_Metered_Dose_Inhaler; Prescribe_200_Actuat_Levalbuterol_0_045_Mg_Actuat_Metered_Dose_Inhaler_Xopenex; Prescribe_Levalbuterol_0_417_Mg_Ml_Inhalation_Solution,233,d15e3defd649d253a99b8a46332759dcc777b7db6e7becf6546f147577bb8128,2026-08-28,unknown/reference table; inspect before analytical use,,,False,False,
hiv_care.csv,external/synthea/build/resources/main/modules/lookup_tables/hiv_care.csv,csv,external_reference_or_fixture,56,4,time; age; Continuous_ART; Non_Continuous_ART,2661,c84ac6daf1c0865dfbf93061179ecc9723c80649951c5ca93237092c34d2b10a,2026-08-28,unknown/reference table; inspect before analytical use,,,False,True,
hiv_diagnosis_early.csv,external/synthea/build/resources/main/modules/lookup_tables/hiv_diagnosis_early.csv,csv,external_reference_or_fixture,500,5,time; age; gender; Diagnosed_Early_Years; Wait_Until_Next_Diagnosis_Check,30015,413417f390c543846bc60a18fab74589f82dd1665d990ce33dfd3be86010a41c,2026-08-28,unknown/reference table; inspect before analytical use,,,False,True,
hiv_diagnosis_later.csv,external/synthea/build/resources/main/modules/lookup_tables/hiv_diagnosis_later.csv,csv,external_reference_or_fixture,324,5,time; age; gender; Diagnosed_Later_Years; Wait_Until_Next_Diagnosis_Check,18335,20636054c6c538c195ac47356c12b98f4fcb19236f1485fa56722dd7837d67ec,2026-08-28,unknown/reference table; inspect before analytical use,,,False,True,
hiv_mortality_early.csv,external/synthea/build/resources/main/modules/lookup_tables/hiv_mortality_early.csv,csv,external_reference_or_fixture,382,5,time; age; gender; Death; Living_with_Diagnosis_Early_Years,19217,ee8891f62b7049f21924b5961fdafbc9879dc130b1fe6bf7424086c0ec9296f7,2026-08-28,unknown/reference table; inspect before analytical use,,,False,True,
hiv_mortality_later.csv,external/synthea/build/resources/main/modules/lookup_tables/hiv_mortality_later.csv,csv,external_reference_or_fixture,376,5,time; age; gender; Death; Living_with_Diagnosis_Later_Years,18915,ef0022fd3c3f344070b28d71e0b837030856f5714d911c5a0db1c48c1cb5f587,2026-08-28,unknown/reference table; inspect before analytical use,,,False,True,
hiv_mortality_very_early.csv,external/synthea/build/resources/main/modules/lookup_tables/hiv_mortality_very_early.csv,csv,external_reference_or_fixture,13,3,time; Death_within_six_months; Living_with_Diagnosis_Six_Months,550,d58bc3683479cca5ffbc6025e4d241435d81dbe71af672dd802ff4faa07be5b0,2026-08-28,unknown/reference table; inspect before analytical use,,,False,True,
hiv_stage.csv,external/synthea/build/resources/main/modules/lookup_tables/hiv_stage.csv,csv,external_reference_or_fixture,60,5,time; age; stage_1; stage_2; stage_3,3039,6ddc14395ca565697f24b057f95d275c74154c1d0a6b03c09f2eac162d1ddc0d,2026-08-28,unknown/reference table; inspect before analytical use,,,False,True,
maintenance_inhaler_beclomethasone_product_distribution.csv,external/synthea/build/resources/main/modules/lookup_tables/maintenance_inhaler_beclomethasone_product_distribution.csv,csv,external_reference_or_fixture,2,3,age; Prescribe_Breath_Actuated_120_Actuat_Beclomethasone_Dipropionate_0_04_Mg_Actuat_Metered_Dose_Inhaler_Qvar; Prescribe_Breath_Actuated_120_Actuat_Beclomethasone_Dipropionate_0_08_Mg_Actuat_Metered_Dose_Inhaler_Qvar,249,52504fe67c4d9a5a304cb8405c140df5f9e46ebc2168c2614b4546e8a2953a78,2026-08-28,unknown/reference table; inspect before analytical use,,,False,False,
maintenance_inhaler_budesonide_product_distribution.csv,external/synthea/build/resources/main/modules/lookup_tables/maintenance_inhaler_budesonide_product_distribution.csv,csv,external_reference_or_fixture,2,7,age; Prescribe_120_Actuat_Budesonide_0_18_Mg_Actuat_Dry_Powder_Inhaler_Pulmicort; Prescribe_60_Actuat_Budesonide_0_09_Mg_Actuat_Dry_Powder_Inhaler_Pulmicort; Prescribe_Budesonide_0_125_Mg_Ml_Inhalation_Suspension; Prescribe_Budesonide_0_125_Mg_Ml_Inhalation_Suspension_Pulmicort; Prescribe_Budesonide_0_25_Mg_Ml_Inhalation_Suspension; Prescribe_Budesonide_0_5_Mg_Ml_Inhalation_Suspension,461,cc1cfe06e8274a58912b5ce3f8a150cb0693d74402aa7e2b58c9a33b7c820626,2026-08-28,unknown/reference table; inspect before analytical use,,,False,False,
maintenance_inhaler_fluticasone_product_distribution.csv,external/synthea/build/resources/main/modules/lookup_tables/maintenance_inhaler_fluticasone_product_distribution.csv,csv,external_reference_or_fixture,2,9,age; Prescribe_120_Actuat_Fluticasone_Propionate_0_044_Mg_Actuat_Metered_Dose_Inhaler_Flovent; Prescribe_120_Actuat_Fluticasone_Propionate_0_11_Mg_Actuat_Metered_Dose_Inhaler_Flovent; Prescribe_120_Actuat_Fluticasone_Propionate_0_22_Mg_Actuat_Metered_Dose_Inhaler_Flovent; Prescribe_30_Actuat_Fluticasone_Furoate_0_1_Mg_Actuat_Dry_Powder_Inhaler_Arnuity; Prescribe_30_Actuat_Fluticasone_Furoate_0_2_Mg_Actuat_Dry_Powder_Inhaler_Arnuity; Prescribe_60_Actuat_Fluticasone_Propionate_0_05_Mg_Actuat_Dry_Powder_Inhaler_Flovent; Prescribe_60_Actuat_Fluticasone_Propionate_0_1_Mg_Actuat_Dry_Powder_Inhaler_Flovent; Prescribe_60_Actuat_Fluticasone_Propionate_0_25_Mg_Actuat_Dry_Powder_Inhaler_Flovent,781,a28871ce36fe38afbd9c0c3f7c316f41187f4e038aff34bd5a65b4eb3c9c5a0a,2026-08-28,unknown/reference table; inspect before analytical use,,,False,False,
maintenance_inhaler_ingredient_distribution.csv,external/synthea/build/resources/main/modules/lookup_tables/maintenance_inhaler_ingredient_distribution.csv,csv,external_reference_or_fixture,2,5,age; Prescribe_Beclomethasone; Prescribe_Budesonide; Prescribe_Fluticasone; Prescribe_Mometasone,150,5d8a08b6530e5d20a064b3429e47b26f62f8c4fd32a3a3fb513b2be675854176,2026-08-28,unknown/reference table; inspect before analytical use,,,False,False,
maintenance_inhaler_mometasone_product_distribution.csv,external/synthea/build/resources/main/modules/lookup_tables/maintenance_inhaler_mometasone_product_distribution.csv,csv,external_reference_or_fixture,1,6,age; Prescribe_120_Actuat_Mometasone_Furoate_0_1_Mg_Actuat_Metered_Dose_Inhaler_Asmanex; Prescribe_120_Actuat_Mometasone_Furoate_0_22_Mg_Actuat_Dry_Powder_Inhaler_Asmanex; Prescribe_120_Actuat_Mometasone_Furoate_0_2_Mg_Actuat_Metered_Dose_Inhaler_Asmanex; Prescribe_14_Actuat_Mometasone_Furoate_0_22_Mg_Actuat_Dry_Powder_Inhaler_Asmanex; Prescribe_60_Actuat_Mometasone_Furoate_0_22_Mg_Actuat_Dry_Powder_Inhaler_Asmanex,452,e42702f5cf21e2033cb67c3b0be4c36c838dd7dc288e25fd81244b49890dc201,2026-08-28,unknown/reference table; inspect before analytical use,,,False,False,
or_blood_anemia_check.csv,external/synthea/build/resources/main/modules/lookup_tables/or_blood_anemia_check.csv,csv,external_reference_or_fixture,16,4,cardiac_surgery; operative_status; RBC; Platelet_Check,585,9f784b683dddbc1d2efce662637676b0046f8e117421ab29061e450be2d5ca78,2026-08-28,unknown/reference table; inspect before analytical use,,,False,False,
or_blood_plasma_check.csv,external/synthea/build/resources/main/modules/lookup_tables/or_blood_plasma_check.csv,csv,external_reference_or_fixture,16,4,cardiac_surgery; operative_status; Plasma_Transfusion; Terminal,600,248496c572d8861e7beb5cc50dc4b91068f4ee2949324c4b82becfe7fc75ed2d,2026-08-28,unknown/reference table; inspect before analytical use,,,False,False,
or_blood_platelet_check.csv,external/synthea/build/resources/main/modules/lookup_tables/or_blood_platelet_check.csv,csv,external_reference_or_fixture,16,4,cardiac_surgery; operative_status; Platelet_Transfusion; Plasma_Check,596,2e76db04c63e724978a101205a648817f92c7ca356b9204eff5d6bc83b7ee504,2026-08-28,unknown/reference table; inspect before analytical use,,,False,False,
statin_atorvastatin_product_distribution.csv,external/synthea/build/resources/main/modules/lookup_tables/statin_atorvastatin_product_distribution.csv,csv,external_reference_or_fixture,437,9,age; gender; state; Prescribe_Atorvastatin_10_Mg_Oral_Tablet; Prescribe_Atorvastatin_10_Mg_Oral_Tablet_Lipitor; Prescribe_Atorvastatin_20_Mg_Oral_Tablet; Prescribe_Atorvastatin_40_Mg_Oral_Tablet; Prescribe_Atorvastatin_40_Mg_Oral_Tablet_Lipitor; Prescribe_Atorvastatin_80_Mg_Oral_Tablet,22168,9994d165d0f39df06aa8628e1e700fe5e4151ea42c7de839d61c3c5cfb6b836b,2026-08-28,unknown/reference table; inspect before analytical use,,,False,False,
statin_ezetimibe_simvastatin_product_distribution.csv,external/synthea/build/resources/main/modules/lookup_tables/statin_ezetimibe_simvastatin_product_distribution.csv,csv,external_reference_or_fixture,138,7,age; gender; state; Prescribe_Ezetimibe_10_Mg_Simvastatin_20_Mg_Oral_Tablet; Prescribe_Ezetimibe_10_Mg_Simvastatin_40_Mg_Oral_Tablet; Prescribe_Ezetimibe_10_Mg_Simvastatin_40_Mg_Oral_Tablet_Vytorin; Prescribe_Ezetimibe_10_Mg_Simvastatin_80_Mg_Oral_Tablet,5411,f6dcd2e869e8f538ec42ec0988cd5ffdcf74d6aedf8ace9dc9e6c78134627c0a,2026-08-28,unknown/reference table; inspect before analytical use,,,False,False,
statin_ingredient_distribution.csv,external/synthea/build/resources/main/modules/lookup_tables/statin_ingredient_distribution.csv,csv,external_reference_or_fixture,437,10,age; gender; state; Prescribe_Atorvastatin; Prescribe_Ezetimibe_Simvastatin; Prescribe_Lovastatin; Prescribe_Pitavastatin; Prescribe_Pravastatin; Prescribe_Rosuvastatin; Prescribe_Simvastatin,24434,d70d4f4cc8544d6a2d5aa3fa3738f4445e561a5b90c191b7f726a1c62a122af2,2026-08-28,unknown/reference table; inspect before analytical use,,,False,False,
statin_lovastatin_product_distribution.csv,external/synthea/build/resources/main/modules/lookup_tables/statin_lovastatin_product_distribution.csv,csv,external_reference_or_fixture,267,6,age; gender; state; Prescribe_Lovastatin_10_Mg_Oral_Tablet; Prescribe_Lovastatin_20_Mg_Oral_Tablet; Prescribe_Lovastatin_40_Mg_Oral_Tablet,9646,bdbe28fc4199c6d553c9544bd7edc57187fe8649cfcea88623be1cc123ac7363,2026-08-28,unknown/reference table; inspect before analytical use,,,False,False,
statin_pitavastatin_product_distribution.csv,external/synthea/build/resources/main/modules/lookup_tables/statin_pitavastatin_product_distribution.csv,csv,external_reference_or_fixture,177,6,age; gender; state; Prescribe_Pitavastatin_Calcium_1_Mg_Oral_Tablet_Livalo; Prescribe_Pitavastatin_Calcium_2_Mg_Oral_Tablet_Livalo; Prescribe_Pitavastatin_Calcium_4_Mg_Oral_Tablet_Livalo,5904,ac6638335e41e0f5f6d4fab019471400652f48587b0adcd40180681888a45c09,2026-08-28,unknown/reference table; inspect before analytical use,,,False,False,
statin_pravastatin_product_distribution.csv,external/synthea/build/resources/main/modules/lookup_tables/statin_pravastatin_product_distribution.csv,csv,external_reference_or_fixture,327,8,age; gender; state; Prescribe_Pravastatin_Sodium_10_Mg_Oral_Tablet; Prescribe_Pravastatin_Sodium_20_Mg_Oral_Tablet; Prescribe_Pravastatin_Sodium_40_Mg_Oral_Tablet; Prescribe_Pravastatin_Sodium_40_Mg_Oral_Tablet_Pravachol; Prescribe_Pravastatin_Sodium_80_Mg_Oral_Tablet,14896,48128152203b4ddb620f6b45d635ef9f4b0edb754845beee1bb11fd7b23cf071,2026-08-28,unknown/reference table; inspect before analytical use,,,False,False,
statin_rosuvastatin_product_distribution.csv,external/synthea/build/resources/main/modules/lookup_tables/statin_rosuvastatin_product_distribution.csv,csv,external_reference_or_fixture,319,11,age; gender; state; Prescribe_Rosuvastatin_Calcium_10_Mg_Oral_Tablet; Prescribe_Rosuvastatin_Calcium_10_Mg_Oral_Tablet_Crestor; Prescribe_Rosuvastatin_Calcium_20_Mg_Oral_Tablet; Prescribe_Rosuvastatin_Calcium_20_Mg_Oral_Tablet_Crestor; Prescribe_Rosuvastatin_Calcium_40_Mg_Oral_Tablet; Prescribe_Rosuvastatin_Calcium_40_Mg_Oral_Tablet_Crestor; Prescribe_Rosuvastatin_Calcium_5_Mg_Oral_Tablet; Prescribe_Rosuvastatin_Calcium_5_Mg_Oral_Tablet_Crestor,19074,a1a2164360f960b019dc8ad91d8f1ef63feefcc5d4892d1afa1a686c9eb358b1,2026-08-28,unknown/reference table; inspect before analytical use,,,False,False,
statin_simvastatin_product_distribution.csv,external/synthea/build/resources/main/modules/lookup_tables/statin_simvastatin_product_distribution.csv,csv,external_reference_or_fixture,365,8,age; gender; state; Prescribe_Simvastatin_10_Mg_Oral_Tablet; Prescribe_Simvastatin_20_Mg_Oral_Tablet; Prescribe_Simvastatin_40_Mg_Oral_Tablet; Prescribe_Simvastatin_5_Mg_Oral_Tablet; Prescribe_Simvastatin_80_Mg_Oral_Tablet,16611,0ee1abface65118a2b8d6305296ffc23d0375465229d0db436a3b90832e65ef7,2026-08-28,unknown/reference table; inspect before analytical use,,,False,False,
uti.csv,external/synthea/build/resources/main/modules/lookup_tables/uti.csv,csv,external_reference_or_fixture,10,5,age; gender; Cystitis; Pyelonephritis; Wait_for_UTI,348,6665a967f539b2c79568fb43e38468254449ace3e53002022cf2cd23e752fd85,2026-08-28,unknown/reference table; inspect before analytical use,,,False,False,
uti_recurrence.csv,external/synthea/build/resources/main/modules/lookup_tables/uti_recurrence.csv,csv,external_reference_or_fixture,10,4,age; gender; Cystitis; Pyelonephritis,367,baf597d27a7c139f962b7a100ff02abfcdc616c540478c7867e888305965aeda,2026-08-28,unknown/reference table; inspect before analytical use,,,False,False,
vhd_ar.csv,external/synthea/build/resources/main/modules/lookup_tables/vhd_ar.csv,csv,external_reference_or_fixture,38,5,age; gender; vhd_ar_risk; Aortic Valve Regurgitation; Annual Check,1246,69f481211603d2f07c05c3f3bcf5da675e7e97be9975eaaee500ab15537ee1fb,2026-08-28,unknown/reference table; inspect before analytical use,,,False,False,
vhd_as.csv,external/synthea/build/resources/main/modules/lookup_tables/vhd_as.csv,csv,external_reference_or_fixture,38,5,age; gender; vhd_as_risk; Aortic Valve Stenosis; Check for AR Onset,1247,8bf435896cec3b993e2ccfc0c981e8a4d1a7a43ad6849397b58a0ee95659623b,2026-08-28,unknown/reference table; inspect before analytical use,,,False,False,
vhd_mr.csv,external/synthea/build/resources/main/modules/lookup_tables/vhd_mr.csv,csv,external_reference_or_fixture,38,5,age; gender; vhd_mr_risk; Mitral Valve Regurgitation; Annual Check,1246,78a970a1139ab9d64cdc9b04db8b1ec28cf72b70f5701c532e28d17cb895a647,2026-08-28,unknown/reference table; inspect before analytical use,,,False,False,
vhd_ms.csv,external/synthea/build/resources/main/modules/lookup_tables/vhd_ms.csv,csv,external_reference_or_fixture,38,5,age; gender; vhd_ms_risk; Mitral Valve Stenosis; Check for MR Onset,1245,335feee1da21506fa7441d65c0b8d7d1d05783a157417f2551d6a487281f4d4e,2026-08-28,unknown/reference table; inspect before analytical use,,,False,False,
vhd_pr.csv,external/synthea/build/resources/main/modules/lookup_tables/vhd_pr.csv,csv,external_reference_or_fixture,38,5,age; gender; vhd_pr_risk; Pulmonic Valve Regurgitation; Annual Check,1234,07b9b2c51ce07524999f79dc2a897f7e568a375efd53ecaefeb43359a5df51bb,2026-08-28,unknown/reference table; inspect before analytical use,,,False,False,
vhd_ps.csv,external/synthea/build/resources/main/modules/lookup_tables/vhd_ps.csv,csv,external_reference_or_fixture,38,5,age; gender; vhd_ps_risk; Pulmonic Valve Stenosis; Check for PR Onset,1241,ea61fcc810400d793df0c40ce0b59763015001c83196855ce3a59af223af9d6e,2026-08-28,unknown/reference table; inspect before analytical use,,,False,False,
vhd_tr.csv,external/synthea/build/resources/main/modules/lookup_tables/vhd_tr.csv,csv,external_reference_or_fixture,38,5,age; gender; vhd_tr_risk; Tricuspid Valve Regurgitation; Annual Check,1249,c05eac1fbb72bc409deda5046d3142296ca05539c1457bc6b942b4a3aa084575,2026-08-28,unknown/reference table; inspect before analytical use,,,False,False,
vhd_ts.csv,external/synthea/build/resources/main/modules/lookup_tables/vhd_ts.csv,csv,external_reference_or_fixture,38,5,age; gender; vhd_ts_risk; Tricuspid Valve Stenosis; Check for TR Onset,1252,f600e227053dc180091f57e21ba9068bf5de68d62c0ab301e6cd269b0b325d9b,2026-08-28,unknown/reference table; inspect before analytical use,,,False,False,
lung_cancer.json,external/synthea/build/resources/main/modules/lung_cancer.json,json,external_reference_or_fixture,1,4,name; remarks; states; gmf_version,77148,c5c9722c4d0146d9554438229e5e0339cbad5ae1fe333ff270d020c5b2d98a92,2026-08-28,reference/configuration JSON object,,,False,False,
lung_cancer_probabilities.json,external/synthea/build/resources/main/modules/lung_cancer/lung_cancer_probabilities.json,json,external_reference_or_fixture,1,4,name; remarks; states; gmf_version,4066,15e4e7d35a0cc94f216cb2409a4ec47a9c875712ce28b87f3cdfb5156a5af818,2026-08-28,reference/configuration JSON object,,,False,False,
lupus.json,external/synthea/build/resources/main/modules/lupus.json,json,external_reference_or_fixture,1,4,name; remarks; states; gmf_version,10216,ebad84328ed841bbeda3be5c3d1a75faca169dd4971713783507aec0bbba7323,2026-08-28,reference/configuration JSON object,,,False,False,
mTBI.json,external/synthea/build/resources/main/modules/mTBI.json,json,external_reference_or_fixture,1,4,name; remarks; states; gmf_version,1729,fccecb0bf9eb36dfc48e40894d7d0dca5b2f1b20e14bc4dd3a21d697471823cf,2026-08-28,reference/configuration JSON object,,,False,False,
med_rec.json,external/synthea/build/resources/main/modules/med_rec.json,json,external_reference_or_fixture,1,4,name; remarks; states; gmf_version,1927,0cfef4ca6a2c39e9dc12f492b34118e02fa1e8a405d7ba3361e84fcd30184e5b,2026-08-28,reference/configuration JSON object,,,False,False,
ace_arb.json,external/synthea/build/resources/main/modules/medications/ace_arb.json,json,external_reference_or_fixture,1,4,name; remarks; gmf_version; states,66903,6e3bafd56fe32cc47d6f1e3d6d9e80778463fe825d5e4a5021b2351a01bcaa7f,2026-08-28,reference/configuration JSON object,,,False,False,
beta_blocker.json,external/synthea/build/resources/main/modules/medications/beta_blocker.json,json,external_reference_or_fixture,1,4,name; remarks; gmf_version; states,45656,5c3d77fe2b22c458074e07e324bfa83231038313983342b8f73cff658a83c32b,2026-08-28,reference/configuration JSON object,,,False,False,
ear_infection_antibiotic.json,external/synthea/build/resources/main/modules/medications/ear_infection_antibiotic.json,json,external_reference_or_fixture,1,4,name; remarks; states; gmf_version,17593,47e7301673352fa39b39fdde1024774ae86f2f5170c34aa5c6f8fc4536aeb930,2026-08-28,reference/configuration JSON object,,,False,False,
emergency_inhaler.json,external/synthea/build/resources/main/modules/medications/emergency_inhaler.json,json,external_reference_or_fixture,1,4,name; remarks; gmf_version; states,14915,963b420a316271a3f3548191f1c5ca029147adc6074ec30d086d3afa978eafb3,2026-08-28,reference/configuration JSON object,,,False,False,
hypertension_medication.json,external/synthea/build/resources/main/modules/medications/hypertension_medication.json,json,external_reference_or_fixture,1,4,name; remarks; states; gmf_version,33908,c9b0dcc659adf3cd2693615e13cd15c9f4e06ae76a2eab9a099837a384604720,2026-08-28,reference/configuration JSON object,,,False,False,
maintenance_inhaler.json,external/synthea/build/resources/main/modules/medications/maintenance_inhaler.json,json,external_reference_or_fixture,1,4,name; remarks; gmf_version; states,26357,37c0e1c234bd83561caec9a25797e5b103224e3857f2bf0045a6b3313cf768aa,2026-08-28,reference/configuration JSON object,,,False,False,
moderate_opioid_pain_reliever.json,external/synthea/build/resources/main/modules/medications/moderate_opioid_pain_reliever.json,json,external_reference_or_fixture,1,4,name; remarks; states; gmf_version,5290,2e230bbdab2a5dbd6a35d1a0771bb5379b185e9b11276be9be771992a1e994fc,2026-08-28,reference/configuration JSON object,,,False,False,
otc_antihistamine.json,external/synthea/build/resources/main/modules/medications/otc_antihistamine.json,json,external_reference_or_fixture,1,4,name; remarks; states; gmf_version,13308,61e25a48618417b4798d2ade3b20694fa484880dbfddaeeb9a5d98a5bf69eb64,2026-08-28,reference/configuration JSON object,,,False,False,
otc_pain_reliever.json,external/synthea/build/resources/main/modules/medications/otc_pain_reliever.json,json,external_reference_or_fixture,1,4,name; remarks; states; gmf_version,9504,26d3310f78db9b2da4177bc0d5b5501481fbee1dcb0959e6c4145a9cb9086efd,2026-08-28,reference/configuration JSON object,,,False,False,
statin.json,external/synthea/build/resources/main/modules/medications/statin.json,json,external_reference_or_fixture,1,4,name; remarks; gmf_version; states,33809,a7a71102bf5c0e28c34d85a4224dd2796913abc0117119460d2fc8c6a904cf7d,2026-08-28,reference/configuration JSON object,,,False,False,
strong_opioid_pain_reliever.json,external/synthea/build/resources/main/modules/medications/strong_opioid_pain_reliever.json,json,external_reference_or_fixture,1,4,name; remarks; states; gmf_version,4331,a653e9d7aa61a102fd26d053c21258f7c20ef4d298e9a8e8a222171e6b850ab8,2026-08-28,reference/configuration JSON object,,,False,False,
mend_program.json,external/synthea/build/resources/main/modules/mend_program.json,json,external_reference_or_fixture,1,4,name; remarks; states; gmf_version,4852,e37130bb9729f1e0f62b462ed4dd2a81c6fa7442a6f9d89308f37bc7da056f25,2026-08-28,reference/configuration JSON object,,,False,False,
amputations.json,external/synthea/build/resources/main/modules/metabolic_syndrome/amputations.json,json,external_reference_or_fixture,1,4,name; remarks; states; gmf_version,11894,99f5fb95bbadbfa863fe7ad30b16240456240453b8b13ec92c573daf78da575a,2026-08-28,reference/configuration JSON object,,,False,False,
diabetic_retinopathy_diagnoses.json,external/synthea/build/resources/main/modules/metabolic_syndrome/diabetic_retinopathy_diagnoses.json,json,external_reference_or_fixture,1,4,name; remarks; states; gmf_version,7179,5393e3653985a7e8817788c4afd632b48a2bc9c73c04fde6da5780d88246c231,2026-08-28,reference/configuration JSON object,,,False,False,
diabetic_retinopathy_progression.json,external/synthea/build/resources/main/modules/metabolic_syndrome/diabetic_retinopathy_progression.json,json,external_reference_or_fixture,1,4,name; remarks; states; gmf_version,7078,223971bbf9e3c382ca74555bb031d487d0f6e04d46244651afdefaa289e8ce78,2026-08-28,reference/configuration JSON object,,,False,False,
dme_supplies.json,external/synthea/build/resources/main/modules/metabolic_syndrome/dme_supplies.json,json,external_reference_or_fixture,1,4,name; remarks; states; gmf_version,2732,0099309a1fb7b08bb4ca2790e9443a2d4556a46ab2f57946ec12c803ce8eb210,2026-08-28,reference/configuration JSON object,,,False,False,
kidney_conditions.json,external/synthea/build/resources/main/modules/metabolic_syndrome/kidney_conditions.json,json,external_reference_or_fixture,1,4,name; remarks; states; gmf_version,59054,1362eeccd6c65aed3366f42c177398c3884b8b38ae78ed15af7025d454498354,2026-08-28,reference/configuration JSON object,,,False,False,
medications.json,external/synthea/build/resources/main/modules/metabolic_syndrome/medications.json,json,external_reference_or_fixture,1,2,name; states,11243,a615a2e41a4cadcd50c1382fec938089705c8ab5acfa2042f5b8729d8550826e,2026-08-28,reference/configuration JSON object,,,False,False,
metabolic_syndrome_care.json,external/synthea/build/resources/main/modules/metabolic_syndrome_care.json,json,external_reference_or_fixture,1,4,name; remarks; states; gmf_version,21629,3f198b701e26fdbc23ac0c8d6dc1cd76f876e76a16a771d52fe3fb7c823569ce,2026-08-28,reference/configuration JSON object,,,False,False,
metabolic_syndrome_disease.json,external/synthea/build/resources/main/modules/metabolic_syndrome_disease.json,json,external_reference_or_fixture,1,4,name; remarks; states; gmf_version,16795,9035bb772322a909e8490145c42b069f33133f601d9f6cd17a3c15bd64416501,2026-08-28,reference/configuration JSON object,,,False,False,
myocardial_infarction.json,external/synthea/build/resources/main/modules/myocardial_infarction.json,json,external_reference_or_fixture,1,5,name; specialty; remarks; states; gmf_version,8404,d7d2048f10bad83d99b1b9a4fe7c066d77b2e9e4307a33036b737d0aa6cbe468,2026-08-28,reference/configuration JSON object,,,False,False,
opioid_addiction.json,external/synthea/build/resources/main/modules/opioid_addiction.json,json,external_reference_or_fixture,1,4,name; remarks; states; gmf_version,27255,1ff06017a27f1b775a30f0a4212bdc8d63147fb2e610470c2653bfe273f455da,2026-08-28,reference/configuration JSON object,,,False,False,
osteoarthritis.json,external/synthea/build/resources/main/modules/osteoarthritis.json,json,external_reference_or_fixture,1,4,name; remarks; states; gmf_version,13909,736c190f8de468be54a4048c49c0de0690f7a86f6d929eae93b518e71479bd17,2026-08-28,reference/configuration JSON object,,,False,False,
osteoporosis.json,external/synthea/build/resources/main/modules/osteoporosis.json,json,external_reference_or_fixture,1,4,name; remarks; states; gmf_version,7021,4316767bfe08402f3314c22c90de016ebb2ceb5ff81719471485ce26f54ff605,2026-08-28,reference/configuration JSON object,,,False,False,
pregnancy.json,external/synthea/build/resources/main/modules/pregnancy.json,json,external_reference_or_fixture,1,4,name; remarks; states; gmf_version,68916,1bb96c30b0d8430c8b10b36fa30e246bb505dfa52d02eb10d7d432855ff8a736,2026-08-28,reference/configuration JSON object,,,False,False,
prescribing_opioids_for_chronic_pain_and_treatment_of_oud.json,external/synthea/build/resources/main/modules/prescribing_opioids_for_chronic_pain_and_treatment_of_oud.json,json,external_reference_or_fixture,1,4,name; remarks; states; gmf_version,90467,61a87e5c593b65dd70225bfc30026dbbd17c841f5abdfb043f937ffc0da5016a,2026-08-28,reference/configuration JSON object,,,False,False,
rheumatoid_arthritis.json,external/synthea/build/resources/main/modules/rheumatoid_arthritis.json,json,external_reference_or_fixture,1,4,name; remarks; states; gmf_version,10841,1f336dce0c46b76a5c786e44f1ba26a6230f05645064ad93a1784aed14b335ad,2026-08-28,reference/configuration JSON object,,,False,False,
self_harm.json,external/synthea/build/resources/main/modules/self_harm.json,json,external_reference_or_fixture,1,4,name; remarks; states; gmf_version,20659,cc1db830a15fd5b1c39b2dbd9724e107f4bd7df0b2557aaca978e69a886679ce,2026-08-28,reference/configuration JSON object,,,False,False,
sepsis.json,external/synthea/build/resources/main/modules/sepsis.json,json,external_reference_or_fixture,1,4,name; remarks; states; gmf_version,18767,5d60cf152c28a47c6c530f30ae6afef598306e8c1f4989c9a3a3944d1e8e5aab,2026-08-28,reference/configuration JSON object,,,False,False,
sexual_activity.json,external/synthea/build/resources/main/modules/sexual_activity.json,json,external_reference_or_fixture,1,4,name; remarks; states; gmf_version,13531,4063d9044ca48a134d6b74332ac097dad835214fcdf940049d74abf3a5520e59,2026-08-28,reference/configuration JSON object,,,False,False,
sinusitis.json,external/synthea/build/resources/main/modules/sinusitis.json,json,external_reference_or_fixture,1,3,name; states; gmf_version,15052,3d5251031e938f7df2ec78fd5a49dc21b4e85e603ece3c829fdcc0dc881bbdcd,2026-08-28,reference/configuration JSON object,,,False,False,
sleep_apnea.json,external/synthea/build/resources/main/modules/sleep_apnea.json,json,external_reference_or_fixture,1,4,name; remarks; states; gmf_version,28063,b1df64d9b9b4308d5fac745a9d1275f5ab3952c277050e36bb3977c051a78fc2,2026-08-28,reference/configuration JSON object,,,False,False,
skilled_nursing_facility.json,external/synthea/build/resources/main/modules/snf/skilled_nursing_facility.json,json,external_reference_or_fixture,1,4,name; remarks; states; gmf_version,9392,76c6b71fee153a3afa342fe985f16a9d089bdef6e56e3163a6c6f8050b0320a5,2026-08-28,reference/configuration JSON object,,,False,False,
sore_throat.json,external/synthea/build/resources/main/modules/sore_throat.json,json,external_reference_or_fixture,1,4,name; remarks; states; gmf_version,19260,602483e7e575426b18d7d53488e2d80704f5930a17848ab99fc93cf968e49a58,2026-08-28,reference/configuration JSON object,,,False,False,
spina_bifida.json,external/synthea/build/resources/main/modules/spina_bifida.json,json,external_reference_or_fixture,1,3,name; remarks; states,26893,286ade31730535c9174f78f809c8facc29d26aad066ca7d324dc873db0e3463e,2026-08-28,reference/configuration JSON object,,,False,False,
stable_ischemic_heart_disease.json,external/synthea/build/resources/main/modules/stable_ischemic_heart_disease.json,json,external_reference_or_fixture,1,5,name; specialty; remarks; states; gmf_version,6244,caef12130527c24b9cfb6b9eb94314f793f299b96cd0894c479e76bc81d6651f,2026-08-28,reference/configuration JSON object,,,False,False,
stroke.json,external/synthea/build/resources/main/modules/stroke.json,json,external_reference_or_fixture,1,5,name; specialty; remarks; states; gmf_version,4234,6dbd5a635f621be56427effc88019253f199bd947fc47eac6e7915756265f48c,2026-08-28,reference/configuration JSON object,,,False,False,
general_anesthesia.json,external/synthea/build/resources/main/modules/surgery/general_anesthesia.json,json,external_reference_or_fixture,1,4,name; remarks; states; gmf_version,11692,571ac961ef076d0831f4b1d8a48c25b4dffb34402c8f00971eb92ebb964d1916,2026-08-28,reference/configuration JSON object,,,False,False,
total_joint_replacement.json,external/synthea/build/resources/main/modules/total_joint_replacement.json,json,external_reference_or_fixture,1,4,name; remarks; states; gmf_version,12194,b8b12c2b1400d496017ddda5a81fe48ab0d1d82fb85c80a01594aff585375763,2026-08-28,reference/configuration JSON object,,,False,False,
functional_status_assessments.json,external/synthea/build/resources/main/modules/total_joint_replacement/functional_status_assessments.json,json,external_reference_or_fixture,1,4,name; remarks; states; gmf_version,23236,abc7a81862d475bb544ae94c2888141cd63b8e037345a250a8499ea9c2e377a4,2026-08-28,reference/configuration JSON object,,,False,False,
trigger_bone_marrow_transplant.json,external/synthea/build/resources/main/modules/trigger_bone_marrow_transplant.json,json,external_reference_or_fixture,1,4,name; remarks; states; gmf_version,3316,5c8f23775893af1bae61b3cb88f2e3136c8ba3dfbcab56335f38a99b8afdb6a9,2026-08-28,reference/configuration JSON object,,,False,False,
urinary_tract_infections.json,external/synthea/build/resources/main/modules/urinary_tract_infections.json,json,external_reference_or_fixture,1,4,name; remarks; states; gmf_version,8003,5497ba1e4e61bd5d8333691b802a93a64999080bb499fe99f4ef89ef201d9111,2026-08-28,reference/configuration JSON object,,,False,False,
abx_tx.json,external/synthea/build/resources/main/modules/uti/abx_tx.json,json,external_reference_or_fixture,1,3,name; states; gmf_version,26814,596fb1cd5c65f90bf343bc61ecd64435b937efcb4372d30a6ba0f6ae6cac398c,2026-08-28,reference/configuration JSON object,,,False,False,
ambulatory_eval.json,external/synthea/build/resources/main/modules/uti/ambulatory_eval.json,json,external_reference_or_fixture,1,3,name; states; gmf_version,1875,d8e47427e3824dc64062dd352c063e8552102fb9710f548c9692378b1a888c6b,2026-08-28,reference/configuration JSON object,,,False,False,
ambulatory_path.json,external/synthea/build/resources/main/modules/uti/ambulatory_path.json,json,external_reference_or_fixture,1,3,name; states; gmf_version,5558,90de8e090ebb5063a14f1862302e3dd32fd3238e1a3c3639b869aaf0b943b6e0,2026-08-28,reference/configuration JSON object,,,False,False,
ed_bundle.json,external/synthea/build/resources/main/modules/uti/ed_bundle.json,json,external_reference_or_fixture,1,3,name; states; gmf_version,58066,9958a73015acc1259f7bf051925530218cb89f860eb4ecfee74acc0194ed77d4,2026-08-28,reference/configuration JSON object,,,False,False,
ed_eval.json,external/synthea/build/resources/main/modules/uti/ed_eval.json,json,external_reference_or_fixture,1,3,name; states; gmf_version,3175,50e9669b7f8798f67585431b220bb81a168e9cd5107d1f97709f759cbd7d35d0,2026-08-28,reference/configuration JSON object,,,False,False,
ed_path.json,external/synthea/build/resources/main/modules/uti/ed_path.json,json,external_reference_or_fixture,1,3,name; states; gmf_version,1130,1df35bf092a9b804d0909bf88b432602057eda045ac27bda2491c37155a57373,2026-08-28,reference/configuration JSON object,,,False,False,
gu_pregnancy_check.json,external/synthea/build/resources/main/modules/uti/gu_pregnancy_check.json,json,external_reference_or_fixture,1,3,name; states; gmf_version,3527,3817bab1bb678ccb2558f93077b30e465dfeb2556639a1c52207d506c5e7919f,2026-08-28,reference/configuration JSON object,,,False,False,
hpi.json,external/synthea/build/resources/main/modules/uti/hpi.json,json,external_reference_or_fixture,1,4,name; remarks; states; gmf_version,4191,a5ef9d1b927aba4dede5837b631efcd6ff2f81272183a621a86245af9b37c95f,2026-08-28,reference/configuration JSON object,,,False,False,
lab_follow_up.json,external/synthea/build/resources/main/modules/uti/lab_follow_up.json,json,external_reference_or_fixture,1,3,name; states; gmf_version,3620,a945a4f2bfc1504eba657dbc4fca8ecfaedb516cd743defbd6ab05c93d37651c,2026-08-28,reference/configuration JSON object,,,False,False,
labs.json,external/synthea/build/resources/main/modules/uti/labs.json,json,external_reference_or_fixture,1,3,name; states; gmf_version,18089,d9088ab7390d981e6d1647c12d7950e0c9c740d4f01837e056bf11938c74d80f,2026-08-28,reference/configuration JSON object,,,False,False,
telemed_path.json,external/synthea/build/resources/main/modules/uti/telemed_path.json,json,external_reference_or_fixture,1,3,name; states; gmf_version,12495,c67a581a6571dfdf4a092fd1ef89fda2a653c2cbc67433077e369061f84ee7dc,2026-08-28,reference/configuration JSON object,,,False,False,
veteran.json,external/synthea/build/resources/main/modules/veteran.json,json,external_reference_or_fixture,1,4,name; remarks; states; gmf_version,19057,a530e6dd439cce42f8af7248de9094eeeee49de56cc2d80d951bc79ac438da3c,2026-08-28,reference/configuration JSON object,,,False,False,
veteran_hyperlipidemia.json,external/synthea/build/resources/main/modules/veteran_hyperlipidemia.json,json,external_reference_or_fixture,1,4,name; remarks; states; gmf_version,21959,9912a6ed5d90de2e2a258b123f14eb43e11bcc9da6168d70f032cde7a3742e58,2026-08-28,reference/configuration JSON object,,,False,False,
veteran_lung_cancer.json,external/synthea/build/resources/main/modules/veteran_lung_cancer.json,json,external_reference_or_fixture,1,4,name; remarks; states; gmf_version,34095,15ff1d3ab1f135b7ea974642d0cb0f4fd4fe103544e8448786ff6258d5c36855,2026-08-28,reference/configuration JSON object,,,False,False,
veteran_mdd.json,external/synthea/build/resources/main/modules/veteran_mdd.json,json,external_reference_or_fixture,1,4,name; remarks; states; gmf_version,20411,f8f1914d6d0d56ecd1768479b5b28653b035150bd4ef3cb30e4aec179d780bd5,2026-08-28,reference/configuration JSON object,,,False,False,
veteran_prostate_cancer.json,external/synthea/build/resources/main/modules/veteran_prostate_cancer.json,json,external_reference_or_fixture,1,4,name; remarks; states; gmf_version,34426,019a5a6218564abeffe42f557959feb437d686d6914c0cb9ce35be520a15f00c,2026-08-28,reference/configuration JSON object,,,False,False,
veteran_ptsd.json,external/synthea/build/resources/main/modules/veteran_ptsd.json,json,external_reference_or_fixture,1,4,name; remarks; states; gmf_version,33703,1fbe935248309e3e88ba19ee84265dcebe30091e32c2f0d677d57d262792495c,2026-08-28,reference/configuration JSON object,,,False,False,
veteran_self_harm.json,external/synthea/build/resources/main/modules/veteran_self_harm.json,json,external_reference_or_fixture,1,4,name; remarks; states; gmf_version,17020,e5ce53cb484c713a36cce81e641d495fd3f720bb39a4b544a2a3490f29661287,2026-08-28,reference/configuration JSON object,,,False,False,
veteran_substance_abuse_conditions.json,external/synthea/build/resources/main/modules/veteran_substance_abuse_conditions.json,json,external_reference_or_fixture,1,4,name; remarks; states; gmf_version,3749,0a25f0f0e0ffe0ed4a82ef208fce28770f8e9131fc9a3f78c24a26811e307957,2026-08-28,reference/configuration JSON object,,,False,False,
veteran_substance_abuse_treatment.json,external/synthea/build/resources/main/modules/veteran_substance_abuse_treatment.json,json,external_reference_or_fixture,1,4,name; remarks; states; gmf_version,6576,084c9a67b4d77f1861308be858ef6300fc82c901033da5eff4489cc910e7ed7b,2026-08-28,reference/configuration JSON object,,,False,False,
veteran_suicide_probabilities.json,external/synthea/build/resources/main/modules/veterans/veteran_suicide_probabilities.json,json,external_reference_or_fixture,1,4,name; remarks; states; gmf_version,2687,6891504319754de6f2d4ae13a13ef02ee0d7cfa59972abbde413066260e8919a,2026-08-28,reference/configuration JSON object,,,False,False,
vhd_aortic.json,external/synthea/build/resources/main/modules/vhd_aortic.json,json,external_reference_or_fixture,1,5,name; specialty; remarks; states; gmf_version,18869,4eb9406fff0ccc6588775c3a6a80afd169e1bea15bc953e78091dcc5211f20a2,2026-08-28,reference/configuration JSON object,,,False,False,
vhd_mitral.json,external/synthea/build/resources/main/modules/vhd_mitral.json,json,external_reference_or_fixture,1,5,name; specialty; remarks; states; gmf_version,4927,200fe23944fe7897a3e18439267c2d75bf928093c2f007494058379d23ab7a34,2026-08-28,reference/configuration JSON object,,,False,False,
vhd_pulmonic.json,external/synthea/build/resources/main/modules/vhd_pulmonic.json,json,external_reference_or_fixture,1,5,name; specialty; remarks; states; gmf_version,4903,13e59a8d46df4278a8ef827b74243c74f3a9c50c2a7848178556ce8ff0e4af2f,2026-08-28,reference/configuration JSON object,,,False,False,
vhd_tricuspid.json,external/synthea/build/resources/main/modules/vhd_tricuspid.json,json,external_reference_or_fixture,1,5,name; specialty; remarks; states; gmf_version,4914,f42ddc858a746959511b49a48b361398c25f7f5c589aeff8db14cee8e09094a9,2026-08-28,reference/configuration JSON object,,,False,False,
mend_week.json,external/synthea/build/resources/main/modules/weight_loss/mend_week.json,json,external_reference_or_fixture,1,3,name; remarks; states,4024,17d445996b901841f88c331c8337870fdcbb5ba5b7597deacb9665901b01dd04,2026-08-28,reference/configuration JSON object,,,False,False,
wellness_encounters.json,external/synthea/build/resources/main/modules/wellness_encounters.json,json,external_reference_or_fixture,1,4,name; remarks; states; gmf_version,30889,8102eb2671a780fee5b605c30447321a974e20a82d1734dccb0d6eb0d04f5fed,2026-08-28,reference/configuration JSON object,,,False,False,
nhanes_two_year_olds_bmi.csv,external/synthea/build/resources/main/nhanes_two_year_olds_bmi.csv,csv,external_reference_or_fixture,2239,9,id; sex; agem; wt; ht; swt; racec; bmi; prob,179336,146d3f90c56cc47101ba9526975b5d0247f4df6c555c3cb82d2fa0dd06c9d184,2026-08-28,unknown/reference table; inspect before analytical use,,,True,False,
carriers.csv,external/synthea/build/resources/main/payers/carriers.csv,csv,external_reference_or_fixture,91,5,CARR_NUM; CARR_LINE_PRCNG_LCLTY_CD; STATE; STATE_CODE; DETAIL,4497,caeebbcd40dd302afb6034ac8a48f365cafcee44bbe216febccbc1c0e99c43c4,2026-08-28,unknown/reference table; inspect before analytical use,,,False,False,
medicaid_income_eligibilities.csv,external/synthea/build/resources/main/payers/eligibility_input_files/medicaid_income_eligibilities.csv,csv,external_reference_or_fixture,51,7,state; 0-1; 2-5; 6-18; pregnant; parent; adult,2021,3e4ea9135301239988092fdaee810dcfa7b93af01e31d761e1b0ca0f12d9baa8,2026-08-28,unknown/reference table; inspect before analytical use,,,False,False,
medicaid_mnil_eligibilities.csv,external/synthea/build/resources/main/payers/eligibility_input_files/medicaid_mnil_eligibilities.csv,csv,external_reference_or_fixture,51,4,state; spenddown-available; age-blind-disabled-limit; monthly-spenddown-req,1325,45d61dc4d47e0529aae3a22cb66341f498e77d0119f3e0e84710501c7c5d3374,2026-08-28,unknown/reference table; inspect before analytical use,,,False,False,
ssd_eligibility.csv,external/synthea/build/resources/main/payers/eligibility_input_files/ssd_eligibility.csv,csv,external_reference_or_fixture,25,3,condition_name; attribute; codes,1423,2715afcc6c3dfc00b7f0f9eabcc3c98dca4a3c62fa82c8db6d24c56bddb7e4fb,2026-08-28,unknown/reference table; inspect before analytical use,,,False,False,
insurance_companies.csv,external/synthea/build/resources/main/payers/insurance_companies.csv,csv,external_reference_or_fixture,9,9,Id; Name; Address; City; State Headquarterd; Zip; Phone; States Covered; Ownership,824,ea9904cacd49b705ed4fb424eb01e52aa538d4ecf60d8ac3b63db83337f145d7,2026-08-28,unknown/reference table; inspect before analytical use,,,True,False,
insurance_eligibilities.csv,external/synthea/build/resources/main/payers/insurance_eligibilities.csv,csv,external_reference_or_fixture,8,12,Name; Poverty Multiplier; Income Threshold; Age Threshold; Qualifying Codes; Qualifying Attributes; Poverty Multiplier File; Spenddown File; Acceptance Likelihood; Sub-Eligibilities; Logical Operator; Notes,1085,53658e768e390968cecffddafd067775954b87338710aaa1d78cfce2863b9050,2026-08-28,unknown/reference table; inspect before analytical use,,,False,False,
insurance_plans.csv,external/synthea/build/resources/main/payers/insurance_plans.csv,csv,external_reference_or_fixture,19,17,Payer Id; Plan Id; Name; Services Covered; Deductible; Default Coinsurance; Default Copay; Monthly Premium; Max Out of Pocket; Medicare Supplement; Is ACA Plan; Income Based Premium; Eligibility Policy; Start Year; End Year; Priority Level; Notes,3204,8f51fcf45521b6a533e89605d9aba9ba2f3b81501db68397df28cac742ca8608,2026-08-28,unknown/reference table; inspect before analytical use,,,False,True,
ambulatory_surgical_center.csv,external/synthea/build/resources/main/providers/ambulatory_surgical_center.csv,csv,external_reference_or_fixture,5852,19,provider_num; npi; name; address; city; state; zip; fips_county; lat; lon; phone; provider_type_code; category; emergency; upin; pin; region_code; bed_count; clia_lab_number,949896,2d57c0d6fc4ccd28dc86e0a492cbbca5fcf6310949185d0190c79947a391a163,2026-08-28,unknown/reference table; inspect before analytical use,,,False,False,
dialysis.csv,external/synthea/build/resources/main/providers/dialysis.csv,csv,external_reference_or_fixture,8091,19,provider_num; npi; name; address; city; state; zip; fips_county; lat; lon; phone; provider_type_code; category; emergency; upin; pin; region_code; bed_count; clia_lab_number,1414519,af8b2ea4a1ff9dd46c5d8eb66823d664a24eba74e53cd52f685e604afb773a74,2026-08-28,unknown/reference table; inspect before analytical use,,,False,False,
home_health_agencies.csv,external/synthea/build/resources/main/providers/home_health_agencies.csv,csv,external_reference_or_fixture,11755,19,provider_num; npi; name; address; city; state; zip; fips_county; lat; lon; phone; provider_type_code; category; emergency; upin; pin; region_code; bed_count; clia_lab_number,2000478,437bdee4747a399e9bfef17d51e4a8b19677ace29d68f05e05ecd706168e2b2e,2026-08-28,unknown/reference table; inspect before analytical use,,,False,False,
hospice.csv,external/synthea/build/resources/main/providers/hospice.csv,csv,external_reference_or_fixture,5948,19,provider_num; npi; name; address; city; state; zip; fips_county; lat; lon; phone; provider_type_code; category; emergency; upin; pin; region_code; bed_count; clia_lab_number,1005178,3051a6f0192c726026a0cfe774644aaa1be42410bf49ed116be20af22b59357d,2026-08-28,unknown/reference table; inspect before analytical use,,,False,False,
hospitals.csv,external/synthea/build/resources/main/providers/hospitals.csv,csv,external_reference_or_fixture,10678,19,provider_num; npi; name; address; city; state; zip; fips_county; lat; lon; phone; provider_type_code; category; emergency; upin; pin; region_code; bed_count; clia_lab_number,1822542,67c25e4093be195b0f0cb13567798c916af348baa0be1616d2aaa45555e681fa,2026-08-28,unknown/reference table; inspect before analytical use,,,False,False,
ihs_centers.csv,external/synthea/build/resources/main/providers/ihs_centers.csv,csv,external_reference_or_fixture,438,15,; id; name; address; city; state; zip; county; phone; type; ownership; emergency; quality; LAT; LON,60076,1882f86cb3e405fd860b687ffb611bad56d9cce11ecdee16f5fe68901e6a086e,2026-08-28,unknown/reference table; inspect before analytical use,,,True,False,
ihs_facilities.csv,external/synthea/build/resources/main/providers/ihs_facilities.csv,csv,external_reference_or_fixture,44,15,; id; name; address; city; state; zip; county; phone; type; ownership; emergency; quality; LAT; LON,7661,e7181704dad870ce047814bd01e4422930d99d2f5aac385da6cc1ec64782ebe0,2026-08-28,unknown/reference table; inspect before analytical use,,,True,False,
longterm.csv,external/synthea/build/resources/main/providers/longterm.csv,csv,external_reference_or_fixture,387,19,provider_num; npi; name; address; city; state; zip; fips_county; lat; lon; phone; provider_type_code; category; emergency; upin; pin; region_code; bed_count; clia_lab_number,75739,46047f9171ba0180081f9c91b1eed624cafcf4511e565acafaf129accf0d667a,2026-08-28,unknown/reference table; inspect before analytical use,,,False,False,
nursing.csv,external/synthea/build/resources/main/providers/nursing.csv,csv,external_reference_or_fixture,15204,19,provider_num; npi; name; address; city; state; zip; fips_county; lat; lon; phone; provider_type_code; category; emergency; upin; pin; region_code; bed_count; clia_lab_number,2591939,14161639b7243450369cb01185bbd1c4e44919bc50fe366a87dcc4b907985604,2026-08-28,unknown/reference table; inspect before analytical use,,,False,False,
primary_care_facilities.csv,external/synthea/build/resources/main/providers/primary_care_facilities.csv,csv,external_reference_or_fixture,39143,19,provider_num; npi; name; address; city; state; zip; fips_county; lat; lon; phone; provider_type_code; category; emergency; upin; pin; region_code; bed_count; clia_lab_number,6344264,084ced1eaec11f50f1d3e1f39bae827882fd9ad063b8cd614f54ca0b2114e872,2026-08-28,unknown/reference table; inspect before analytical use,,,False,False,
primary_care_facilities_children.csv,external/synthea/build/resources/main/providers/primary_care_facilities_children.csv,csv,external_reference_or_fixture,740,19,provider_num; npi; name; address; city; state; zip; fips_county; lat; lon; phone; provider_type_code; category; emergency; upin; pin; region_code; bed_count; clia_lab_number,118171,e8a813d9f2c06f96547f871d3c69bcf5934ac2a1b816810d366d93544834ea01,2026-08-28,unknown/reference table; inspect before analytical use,,,False,False,
primary_care_facilities_women.csv,external/synthea/build/resources/main/providers/primary_care_facilities_women.csv,csv,external_reference_or_fixture,3198,19,provider_num; npi; name; address; city; state; zip; fips_county; lat; lon; phone; provider_type_code; category; emergency; upin; pin; region_code; bed_count; clia_lab_number,510372,800ba9b0a117276212f90bd8fddb14becfcb3cbcc6ac1a1052ad4b85977b5726,2026-08-28,unknown/reference table; inspect before analytical use,,,False,False,
rehab.csv,external/synthea/build/resources/main/providers/rehab.csv,csv,external_reference_or_fixture,12698,19,provider_num; npi; name; address; city; state; zip; fips_county; lat; lon; phone; provider_type_code; category; emergency; upin; pin; region_code; bed_count; clia_lab_number,2011605,306ed1f2682b961277edc9c2fbc28f439605e5b300b8a51f017e50baced51496,2026-08-28,unknown/reference table; inspect before analytical use,,,False,False,
urgent_care_facilities.csv,external/synthea/build/resources/main/providers/urgent_care_facilities.csv,csv,external_reference_or_fixture,1943,19,provider_num; npi; name; address; city; state; zip; fips_county; lat; lon; phone; provider_type_code; category; emergency; upin; pin; region_code; bed_count; clia_lab_number,303122,920db864b952e904651b54afceeec49deb37a8cec5b6cbef5a46cfaf71fd297b,2026-08-28,unknown/reference table; inspect before analytical use,,,False,False,
va_facilities.csv,external/synthea/build/resources/main/providers/va_facilities.csv,csv,external_reference_or_fixture,1481,22,id; name; address; city; state; zip; phone; type; ownership; emergency; quality; LAT; LON; EBTPU; PCT; PRRP; SIPU; PTSD_DOM; DH; WSDTT; SUPT; WTRP,257827,5545cc54a4ff751b45e4b75361818d7857be783504acb71c29b44c80e2e79067,2026-08-28,unknown/reference table; inspect before analytical use,,,True,False,
race_ethnicity_codes.json,external/synthea/build/resources/main/race_ethnicity_codes.json,json,external_reference_or_fixture,1,8,white; hispanic; black; asian; native; hawaiian; other; nonhispanic,194,900c55217a1d8253e5fdc282768d749f7703b85fda7988b8cd2b9117bc5c4269,2026-08-28,reference/configuration JSON object,,,False,False,
telemedicine_config.json,external/synthea/build/resources/main/telemedicine_config.json,json,external_reference_or_fixture,1,4,start_year; high_emergency_use_insurance_names; pre_telemedicine; during_telemedicine,632,e9e8b208d304ff3af4d1f5dbc4dd0327d272f5bacd484956b8d3ae47996000bb,2026-08-28,reference/configuration JSON object,,,False,True,
incidence_1.json,external/synthea/build/resources/main/templates/modules/incidence_1.json,json,external_reference_or_fixture,1,4,name; remarks; states; gmf_version,3856,cc4c32a20fa3a7bbecec271a4430c3c9ac576acbc5b64a1d6e5f8f1185693eda,2026-08-28,reference/configuration JSON object,,,False,False,
incidence_2.json,external/synthea/build/resources/main/templates/modules/incidence_2.json,json,external_reference_or_fixture,1,4,name; remarks; states; gmf_version,5299,0f09e861b30e6e4dfe7a81e121b3e35818d4eedc679c09343da012c206867087,2026-08-28,reference/configuration JSON object,,,False,False,
keep.json,external/synthea/build/resources/main/templates/modules/keep.json,json,external_reference_or_fixture,1,3,name; states; gmf_version,960,4944526896aa7f567afba3d82e0992e1ad354ff0342578374bf3414ad7537ce5,2026-08-28,reference/configuration JSON object,,,False,False,
onset_distribution.json,external/synthea/build/resources/main/templates/modules/onset_distribution.json,json,external_reference_or_fixture,1,4,name; remarks; states; gmf_version,4285,b0c0c47c2da005ff85b65598bb2a5194db6ede3c65694a15690ab19e4d556437,2026-08-28,reference/configuration JSON object,,,False,False,
prevalence.json,external/synthea/build/resources/main/templates/modules/prevalence.json,json,external_reference_or_fixture,1,4,name; remarks; states; gmf_version,10492,9b0d2ddae16ebdbe40511df0060ff5003be48a5f761f47a23d783995796adb5c,2026-08-28,reference/configuration JSON object,,,False,False,
us_core_mapping.csv,external/synthea/build/resources/main/us_core_mapping.csv,csv,external_reference_or_fixture,123,4,SYSTEM; CODE; URL; VERSION,14054,c99f1a202c5daf43f82d35c19681a6b7ebca6899cc80a29dacb9ab27da9ce20f,2026-08-28,unknown/reference table; inspect before analytical use,,,False,False,
allergies.csv,external/synthea/output/csv/allergies.csv,csv,external_reference_or_fixture,20,15,START; STOP; PATIENT; ENCOUNTER; CODE; SYSTEM; DESCRIPTION; TYPE; CATEGORY; REACTION1; DESCRIPTION1; SEVERITY1; REACTION2; DESCRIPTION2; SEVERITY2,3641,8eb1217607b82f48392c3abdf7751e614e66d3ff7b02d5585f297be2e368cbcb,2026-08-28,unknown/reference table; inspect before analytical use,,,True,True,
careplans.csv,external/synthea/output/csv/careplans.csv,csv,external_reference_or_fixture,115,9,Id; START; STOP; PATIENT; ENCOUNTER; CODE; DESCRIPTION; REASONCODE; REASONDESCRIPTION,23050,a9748530d4c1cb8cecac84e8c16457a2c84abde65e5612d06e9ce78e0dcdf8b5,2026-08-28,unknown/reference table; inspect before analytical use,,,True,True,
claims.csv,external/synthea/output/csv/claims.csv,csv,external_reference_or_fixture,4206,31,Id; PATIENTID; PROVIDERID; PRIMARYPATIENTINSURANCEID; SECONDARYPATIENTINSURANCEID; DEPARTMENTID; PATIENTDEPARTMENTID; DIAGNOSIS1; DIAGNOSIS2; DIAGNOSIS3; DIAGNOSIS4; DIAGNOSIS5; DIAGNOSIS6; DIAGNOSIS7; DIAGNOSIS8; REFERRINGPROVIDERID; APPOINTMENTID; CURRENTILLNESSDATE; SERVICEDATE; SUPERVISINGPROVIDERID; STATUS1; STATUS2; STATUSP; OUTSTANDING1; OUTSTANDING2,1627658,6e3c2c8c498f9bd2a3bc824ae5b14ea9fc9bcc277c2e02e7ebc41f8efd28e1ba,2026-08-28,unknown/reference table; inspect before analytical use,,,True,True,
claims_transactions.csv,external/synthea/output/csv/claims_transactions.csv,csv,external_reference_or_fixture,30200,33,ID; CLAIMID; CHARGEID; PATIENTID; TYPE; AMOUNT; METHOD; FROMDATE; TODATE; PLACEOFSERVICE; PROCEDURECODE; MODIFIER1; MODIFIER2; DIAGNOSISREF1; DIAGNOSISREF2; DIAGNOSISREF3; DIAGNOSISREF4; UNITS; DEPARTMENTID; NOTES; UNITAMOUNT; TRANSFEROUTID; TRANSFERTYPE; PAYMENTS; ADJUSTMENTS,13701883,a9801a7c6cb59cadb18c42c7e8fe12b6f447b78e009e7435e6103e8496b162bf,2026-08-28,unknown/reference table; inspect before analytical use,,,True,True,
conditions.csv,external/synthea/output/csv/conditions.csv,csv,external_reference_or_fixture,1285,7,START; STOP; PATIENT; ENCOUNTER; SYSTEM; CODE; DESCRIPTION,186946,7615ce70980006feb14e21e11ee2fe16f3bf9d9b61ed219f439b776a86364d19,2026-08-28,unknown/reference table; inspect before analytical use,,,True,True,
devices.csv,external/synthea/output/csv/devices.csv,csv,external_reference_or_fixture,233,7,START; STOP; PATIENT; ENCOUNTER; CODE; DESCRIPTION; UDI,53470,47a04e395e169675b9febc47f015699b7cf3bd0ddd8290d066fdc803385c975c,2026-08-28,unknown/reference table; inspect before analytical use,,,True,True,
encounters.csv,external/synthea/output/csv/encounters.csv,csv,external_reference_or_fixture,2260,15,Id; START; STOP; PATIENT; ORGANIZATION; PROVIDER; PAYER; ENCOUNTERCLASS; CODE; DESCRIPTION; BASE_ENCOUNTER_COST; TOTAL_CLAIM_COST; PAYER_COVERAGE; REASONCODE; REASONDESCRIPTION,760108,7fb97fa4b526f57055236fd75ffce2aa5b9f18590d4458f78706bffd697419a4,2026-08-28,unknown/reference table; inspect before analytical use,,,True,True,
imaging_studies.csv,external/synthea/output/csv/imaging_studies.csv,csv,external_reference_or_fixture,136,13,Id; DATE; PATIENT; ENCOUNTER; SERIES_UID; BODYSITE_CODE; BODYSITE_DESCRIPTION; MODALITY_CODE; MODALITY_DESCRIPTION; INSTANCE_UID; SOP_CODE; SOP_DESCRIPTION; PROCEDURE_CODE,54957,c92fc0fc8d4b6c06252922cc217d55c07f34d83148570159243c12be66584414,2026-08-28,unknown/reference table; inspect before analytical use,,,True,True,
immunizations.csv,external/synthea/output/csv/immunizations.csv,csv,external_reference_or_fixture,446,6,DATE; PATIENT; ENCOUNTER; CODE; DESCRIPTION; BASE_COST,62728,952654b1442bbe141eb2572f353dc4314e517ac4de0959cb80c03af8738a0315,2026-08-28,unknown/reference table; inspect before analytical use,,,True,True,
medications.csv,external/synthea/output/csv/medications.csv,csv,external_reference_or_fixture,1946,13,START; STOP; PATIENT; PAYER; ENCOUNTER; CODE; DESCRIPTION; BASE_COST; PAYER_COVERAGE; DISPENSES; TOTALCOST; REASONCODE; REASONDESCRIPTION,504497,08a5cf1130a0af8e5ba76b2fbd0c035f516326e5bfb804b3672ba244628ceac0,2026-08-28,unknown/reference table; inspect before analytical use,,,True,True,
observations.csv,external/synthea/output/csv/observations.csv,csv,external_reference_or_fixture,28435,9,DATE; PATIENT; ENCOUNTER; CATEGORY; CODE; DESCRIPTION; VALUE; UNITS; TYPE,5082114,8ba50c5fe85ed5f10fe317ed64ac7be9529ad74e3dc014664d571ced9a54652a,2026-08-28,unknown/reference table; inspect before analytical use,,,True,True,
organizations.csv,external/synthea/output/csv/organizations.csv,csv,external_reference_or_fixture,102,11,Id; NAME; ADDRESS; CITY; STATE; ZIP; LAT; LON; PHONE; REVENUE; UTILIZATION,16075,b0af720f9a1a7bbe3886e60041c81928b0c1a626afce539686e56c8921997e57,2026-08-28,unknown/reference table; inspect before analytical use,,,True,False,
patients.csv,external/synthea/output/csv/patients.csv,csv,external_reference_or_fixture,31,28,Id; BIRTHDATE; DEATHDATE; SSN; DRIVERS; PASSPORT; PREFIX; FIRST; MIDDLE; LAST; SUFFIX; MAIDEN; MARITAL; RACE; ETHNICITY; GENDER; BIRTHPLACE; ADDRESS; CITY; STATE; COUNTY; FIPS; ZIP; LAT; LON,9630,919d60a44c2cc763835063a5f852bd1c11cd1eae74d672e3a6b7880d8a83b498,2026-08-28,unknown/reference table; inspect before analytical use,,,True,True,
payer_transitions.csv,external/synthea/output/csv/payer_transitions.csv,csv,external_reference_or_fixture,1170,8,PATIENT; MEMBERID; START_DATE; END_DATE; PAYER; SECONDARY_PAYER; PLAN_OWNERSHIP; OWNER_NAME,204528,af6815d1528e7b1978f190efab8856e5927b01f7dc236d2c85950ad1a2aedb55,2026-08-28,unknown/reference table; inspect before analytical use,,,True,True,
payers.csv,external/synthea/output/csv/payers.csv,csv,external_reference_or_fixture,10,22,Id; NAME; OWNERSHIP; ADDRESS; CITY; STATE_HEADQUARTERED; ZIP; PHONE; AMOUNT_COVERED; AMOUNT_UNCOVERED; REVENUE; COVERED_ENCOUNTERS; UNCOVERED_ENCOUNTERS; COVERED_MEDICATIONS; UNCOVERED_MEDICATIONS; COVERED_PROCEDURES; UNCOVERED_PROCEDURES; COVERED_IMMUNIZATIONS; UNCOVERED_IMMUNIZATIONS; UNIQUE_CUSTOMERS; QOLS_AVG; MEMBER_MONTHS,1730,ce279c4777c287fc1dd3ce94af8c805622aa1ccd782a865fc0162857fbbfae31,2026-08-28,unknown/reference table; inspect before analytical use,,,True,False,
procedures.csv,external/synthea/output/csv/procedures.csv,csv,external_reference_or_fixture,5649,10,START; STOP; PATIENT; ENCOUNTER; SYSTEM; CODE; DESCRIPTION; BASE_COST; REASONCODE; REASONDESCRIPTION,1186229,62c04ff18f992754fd4f3b911f734e08abdbf3dcdf3e938578f98c502b215fde,2026-08-28,unknown/reference table; inspect before analytical use,,,True,True,
providers.csv,external/synthea/output/csv/providers.csv,csv,external_reference_or_fixture,102,13,Id; ORGANIZATION; NAME; GENDER; SPECIALITY; ADDRESS; CITY; STATE; ZIP; LAT; LON; ENCOUNTERS; PROCEDURES,19236,83f9f9101e90c9551234f94bb544b303c81f1f015825dd72ecf662bfbb19058d,2026-08-28,unknown/reference table; inspect before analytical use,,,True,False,
supplies.csv,external/synthea/output/csv/supplies.csv,csv,external_reference_or_fixture,1126,6,DATE; PATIENT; ENCOUNTER; CODE; DESCRIPTION; QUANTITY,160900,bfdcb18cc24de7c1b46d291a7d3a5733f42d1ded1b505c19bc1d4d05d0365fd8,2026-08-28,unknown/reference table; inspect before analytical use,,,True,True,
hospitalInformation1785936758011.json,external/synthea/output/fhir/hospitalInformation1785936758011.json,json,external_reference_or_fixture,1,3,resourceType; type; entry,321566,1a7d0c89210d79ee4cfaddb177c39f562f3d45c50d4a64f4377dc9260b49afa6,2026-08-28,reference/configuration JSON object,,,False,False,
practitionerInformation1785936758011.json,external/synthea/output/fhir/practitionerInformation1785936758011.json,json,external_reference_or_fixture,1,3,resourceType; type; entry,336538,0aacb7ccea41015982a3a27c8ef2ba4485848aca7bcb0ea5f8f67d8fcd0710f4,2026-08-28,reference/configuration JSON object,,,False,False,
2026_08_05T13_32_38Z_25_Massachusetts_2d07de9e_8348_4b89_a11b_c940a343faf1.json,external/synthea/output/metadata/2026_08_05T13_32_38Z_25_Massachusetts_2d07de9e_8348_4b89_a11b_c940a343faf1.json,json,external_reference_or_fixture,1,17,runID; seed; clinicianSeed; referenceTime; endTime; version; patientCount; providerCount; payerCount; javaVersion; generate.thread_pool_size; generatorThreads; runStartTime; runTimeInSeconds; exporter.years_of_history; state; modules,504,c17f4854998dceb1e695cff6f56748b9cf911907d895c5ed0cf439aeea76de5e,2026-08-28,reference/configuration JSON object,,,True,True,
birthweights.csv,external/synthea/src/main/resources/birthweights.csv,csv,external_reference_or_fixture,124,87,hispanic_mother; baby_sex; lmp_gestational_age; weight; sum; 100; 200; 300; 400; 500; 600; 700; 800; 900; 1000; 1100; 1200; 1300; 1400; 1500; 1600; 1700; 1800; 1900; 2000,28930,a7cc66cb046628bb0a0b4d95797f4056c99c1ae7ea4c1e62f69265a66f5d20b2,2026-08-28,unknown/reference table; inspect before analytical use,,,False,False,
bmi_correlations.json,external/synthea/src/main/resources/bmi_correlations.json,json,external_reference_or_fixture,1,18,3; 4; 5; 6; 7; 8; 9; 10; 11; 12; 13; 14; 15; 16; 17; 18; 19; 20,1135,0ed9bcb1c45634b64948dbaf4e42f03706438058ad2a04c0a64df20d344bad97,2026-08-28,reference/configuration JSON object,,,False,False,
cdc_growth_charts.json,external/synthea/src/main/resources/cdc_growth_charts.json,json,external_reference_or_fixture,1,4,height; weight; bmi; head,570847,8fabba5dd50225a236b9914f3376514801fcf31827ef9b22f4cdcc878eb9a5a5,2026-08-28,reference/configuration JSON object,,,False,False,
cdc_wtleninf.csv,external/synthea/src/main/resources/cdc_wtleninf.csv,csv,external_reference_or_fixture,120,14,Sex; Length; L; M; S; P3; P5; P10; P25; P50; P75; P90; P95; P97,18240,c2f3a1ad04db2af80663cae3f58d766d6e8d5bbbab5a3fb23a79a76f10208e85,2026-08-28,unknown/reference table; inspect before analytical use,,,False,False,
devices.csv,external/synthea/src/main/resources/costs/devices.csv,csv,external_reference_or_fixture,6,5,CODE; MIN; MODE; MAX; COMMENTS,327,bd14253593400fb7927ea9002467884be60889365d491ccc50bc7115cc18424b,2026-08-28,unknown/reference table; inspect before analytical use,,,False,False,
devices_adjustments.csv,external/synthea/src/main/resources/costs/devices_adjustments.csv,csv,external_reference_or_fixture,53,2,STATE; ADJ_FACTOR,599,7f66d71fe7a9b047e1e8e525f164387141d4b260de11a6d36fc6f540a308e651,2026-08-28,unknown/reference table; inspect before analytical use,,,False,False,
dialysis_adjustments.csv,external/synthea/src/main/resources/costs/dialysis_adjustments.csv,csv,external_reference_or_fixture,53,2,STATE; ADJ_FACTOR,599,516c345c120806e3e996bd2f97e0337bc20a498e667bb7e51e153bb38d839edf,2026-08-28,unknown/reference table; inspect before analytical use,,,False,False,
encounters.csv,external/synthea/src/main/resources/costs/encounters.csv,csv,external_reference_or_fixture,9,5,CODE; MIN; MODE; MAX; COMMENTS,668,8e193efb708679374adf592ccb3794c33c800da7082b20e28f79eabf4826a715,2026-08-28,unknown/reference table; inspect before analytical use,,,False,False,
encounters_adjustments.csv,external/synthea/src/main/resources/costs/encounters_adjustments.csv,csv,external_reference_or_fixture,477,3,STATE; ENCOUNTER; ADJ_FACTOR,9460,6d8858cd8d2ab67b91dc94a19decd136d4322d78bf8b58487699e2248b071306,2026-08-28,unknown/reference table; inspect before analytical use,,,False,False,
immunizations.csv,external/synthea/src/main/resources/costs/immunizations.csv,csv,external_reference_or_fixture,0,5,CODE; MIN; MODE; MAX; COMMENTS,28,ff03907666df5ff2983e8dd347b6ac03150e2a7924d160b8797cf8fed99aeffc,2026-08-28,unknown/reference table; inspect before analytical use,,,False,False,
labs_adjustments.csv,external/synthea/src/main/resources/costs/labs_adjustments.csv,csv,external_reference_or_fixture,53,2,STATE; ADJ_FACTOR,599,613ba2562b7a406f0de318328b4d158686a0fdf4ed8274577a113b33b50d3b1d,2026-08-28,unknown/reference table; inspect before analytical use,,,False,False,
medications.csv,external/synthea/src/main/resources/costs/medications.csv,csv,external_reference_or_fixture,189,5,CODE; MIN; MODE; MAX; COMMENTS,21099,23e117ed69f88592efdf4d504d655cc3c1a22867439aff3d0443e751f3b6ddcf,2026-08-28,unknown/reference table; inspect before analytical use,,,False,False,
medications_adjustments.csv,external/synthea/src/main/resources/costs/medications_adjustments.csv,csv,external_reference_or_fixture,53,2,STATE; ADJ_FACTOR,599,279ef2e1c4bcbce8df6d2ecfe0bf2b035b63e1a3cb52f05a09b476d9ee39b87d,2026-08-28,unknown/reference table; inspect before analytical use,,,False,False,
pde_oop_thresholds.csv,external/synthea/src/main/resources/costs/pde_oop_thresholds.csv,csv,external_reference_or_fixture,13,2,YEAR; THRESHOLD,157,b5b19b05b32299e8cc34426ece2005b65aece69672bc4d46b719dec32825d7df,2026-08-28,unknown/reference table; inspect before analytical use,,,False,False,
procedures.csv,external/synthea/src/main/resources/costs/procedures.csv,csv,external_reference_or_fixture,3079,5,CODE; MIN; MODE; MAX; COMMENTS,208915,5b368eeb9cc64d7ed2e71c983530efef102e6982900691b86ac126ccb931352d,2026-08-28,unknown/reference table; inspect before analytical use,,,False,False,
procedures_adjustments.csv,external/synthea/src/main/resources/costs/procedures_adjustments.csv,csv,external_reference_or_fixture,53,2,STATE; ADJ_FACTOR,599,c316d45830e42afc847113bd8c3964149dbb98f9f0e546cd3fc57ff7f8fc6170,2026-08-28,unknown/reference table; inspect before analytical use,,,False,False,
supplies.csv,external/synthea/src/main/resources/costs/supplies.csv,csv,external_reference_or_fixture,2,5,CODE; MIN; MODE; MAX; COMMENTS,171,4a10229ea37c149abc9212459aa62642dbc6cdc7c6638ef2d823634d73c1d1d6,2026-08-28,unknown/reference table; inspect before analytical use,,,False,False,
supplies_adjustments.csv,external/synthea/src/main/resources/costs/supplies_adjustments.csv,csv,external_reference_or_fixture,53,2,STATE; ADJ_FACTOR,599,7f66d71fe7a9b047e1e8e525f164387141d4b260de11a6d36fc6f540a308e651,2026-08-28,unknown/reference table; inspect before analytical use,,,False,False,
covid_first_shot_percentage_by_age.json,external/synthea/src/main/resources/covid19/covid_first_shot_percentage_by_age.json,json,external_reference_or_fixture,1,8,Ages_12-15_yrs; Ages_16-17_yrs; Ages_18-29_yrs; Ages_30-39_yrs; Ages_40-49_yrs; Ages_50-64_yrs; Ages_65-74_yrs; Ages_75+_yrs,233,166e4b63efac5e080a96b02294b739267e5a14243ad18ea7129d106c4df283ae,2026-08-28,reference/configuration JSON object,,,False,False,
beneficiary_bb2_ccw.csv,external/synthea/src/main/resources/export/beneficiary_bb2_ccw.csv,csv,external_reference_or_fixture,210,2,BB2; CCW,6918,9dda808f151fa2429c138d843f32ce0c57f893deb243a9c74e55de7885f1e887,2026-08-28,unknown/reference table; inspect before analytical use,,,False,False,
carrier_bb2_ccw.csv,external/synthea/src/main/resources/export/carrier_bb2_ccw.csv,csv,external_reference_or_fixture,100,2,BB2; CCW,3569,b582355e5591d5f8523aa0554aea99fc1b161284ed963bcd2555e3e0a2535b3c,2026-08-28,unknown/reference table; inspect before analytical use,,,False,False,
dme_bb2_ccw.csv,external/synthea/src/main/resources/export/dme_bb2_ccw.csv,csv,external_reference_or_fixture,91,2,BB2; CCW,3208,8679372da7cb66851c8a457b5f09f9f57e5b6cf08a481b22bd94e306fad1407a,2026-08-28,unknown/reference table; inspect before analytical use,,,False,False,
hha_bb2_ccw.csv,external/synthea/src/main/resources/export/hha_bb2_ccw.csv,csv,external_reference_or_fixture,132,2,BB2; CCW,3779,9cc90454c5871da9d321a31f780bb1a7446e7980724f060df8ce43862cb5c198,2026-08-28,unknown/reference table; inspect before analytical use,,,False,False,
hospice_bb2_ccw.csv,external/synthea/src/main/resources/export/hospice_bb2_ccw.csv,csv,external_reference_or_fixture,130,2,BB2; CCW,3721,5aaab31fecf848cb3e7dd9d4ac7a7689430285491914a39b0862dec171671712,2026-08-28,unknown/reference table; inspect before analytical use,,,False,False,
inpatient_bb2_ccw.csv,external/synthea/src/main/resources/export/inpatient_bb2_ccw.csv,csv,external_reference_or_fixture,267,2,BB2; CCW,8072,ec548a136e6315acc8f530d8d70dc33eeb5c46d72cd8bb6335cf55eb8ca12412,2026-08-28,unknown/reference table; inspect before analytical use,,,False,False,
outpatient_bb2_ccw.csv,external/synthea/src/main/resources/export/outpatient_bb2_ccw.csv,csv,external_reference_or_fixture,234,2,BB2; CCW,6775,e708b970e9e044d4506c2797953a52b766545ddb6f7d5a4bc21c4e4ec87175ff,2026-08-28,unknown/reference table; inspect before analytical use,,,False,False,
pde_bb2_ccw.csv,external/synthea/src/main/resources/export/pde_bb2_ccw.csv,csv,external_reference_or_fixture,41,2,BB2; CCW,1148,6167b34c9984e391fd3d0101bec94046feb6d54f23469687df809596ccf28b7e,2026-08-28,unknown/reference table; inspect before analytical use,,,False,False,
snf_bb2_ccw.csv,external/synthea/src/main/resources/export/snf_bb2_ccw.csv,csv,external_reference_or_fixture,230,2,BB2; CCW,6709,190671c4977bc10111dda7b2c19697c9504082aa5f22e42b01fef8da8b88e013,2026-08-28,unknown/reference table; inspect before analytical use,,,False,False,
gbd_disability_weights.csv,external/synthea/src/main/resources/gbd_disability_weights.csv,csv,external_reference_or_fixture,147,6,SYSTEM; CODE; DISPLAY; LOW; MED; HIGH,10423,787da945b415e992cf63db4863351a96173c172619c1ed74de087d199f9012a0,2026-08-28,unknown/reference table; inspect before analytical use,,,False,False,
demographics.csv,external/synthea/src/main/resources/geography/demographics.csv,csv,external_reference_or_fixture,43235,47,ID; COUNTY; NAME; STNAME; POPESTIMATE2015; CTYNAME; TOT_POP; TOT_MALE; TOT_FEMALE; WHITE; HISPANIC; BLACK; ASIAN; NATIVE; OTHER; 1; 2; 3; 4; 5; 6; 7; 8; 9; 10,25913691,50472729a926fbd4fe273fd623dbf462ce15e139b0ac413acd65dd7466383ba0,2026-08-28,unknown/reference table; inspect before analytical use,,,True,False,
fipscodes.csv,external/synthea/src/main/resources/geography/fipscodes.csv,csv,external_reference_or_fixture,44066,9,zip; city; state; latitude; longitude; fipscounty; county; ssacounty; fipsstate,3028389,d91c9395593ae786e6b814872390cb41fb1564cecf89181399d46a50f0f2873e,2026-08-28,unknown/reference table; inspect before analytical use,,,False,False,
foreign_birthplace.json,external/synthea/src/main/resources/geography/foreign_birthplace.json,json,external_reference_or_fixture,1,14,arabic; spanish; chinese; french; german; greek; hindi; italian; portuguese; russian; polish; japanese; korean; vietnamese,3454,c9aa51720efc5877d86a5437fc53957dce6fe2b7f7df37ed4bb621edfca89ead,2026-08-28,reference/configuration JSON object,,,False,False,
sdoh.csv,external/synthea/src/main/resources/geography/sdoh.csv,csv,external_reference_or_fixture,3142,10,FIPS_CODE; COUNTY_CODE; COUNTY; ST; STATE; FOOD_INSECURITY; SEVERE_HOUSING_COST_BURDEN; UNEMPLOYED; NO_VEHICLE_ACCESS; UNINSURED,227315,993d220c19d07b209a6fdd618e77e8449bea08a55bf41b2c6e63d6f24d53e3b8,2026-08-28,unknown/reference table; inspect before analytical use,,,False,False,
timezones.csv,external/synthea/src/main/resources/geography/timezones.csv,csv,external_reference_or_fixture,52,4,STATE; ST; TIMEZONE; TZ,2112,95b6ad8dcfcf7104d440be5c229db1aeb586e1113a8439f7337b1a4ba2545f57,2026-08-28,unknown/reference table; inspect before analytical use,,,False,True,
veteran_demographics.csv,external/synthea/src/main/resources/geography/veteran_demographics.csv,csv,external_reference_or_fixture,34627,47,; COUNTY; NAME; STNAME; POPESTIMATE2015; CTYNAME; TOT_POP; TOT_MALE; TOT_FEMALE; WHITE; HISPANIC; BLACK; ASIAN; NATIVE; OTHER; 1; 2; 3; 4; 5; 6; 7; 8; 9; 10,19488406,ded64c3fed1302026d93b3da5a3a78bccdcc166829a4a72840eb30d52322c252,2026-08-28,unknown/reference table; inspect before analytical use,,,False,False,
zipcodes.csv,external/synthea/src/main/resources/geography/zipcodes.csv,csv,external_reference_or_fixture,65806,7,; USPS; ST; NAME; ZCTA5; LAT; LON,3417577,6f8769b9bdb60082820aa62508effbfe0309c94a9efebae84df7d2c3074f3c88,2026-08-28,unknown/reference table; inspect before analytical use,,,False,False,
growth_data_error_rates.json,external/synthea/src/main/resources/growth_data_error_rates.json,json,external_reference_or_fixture,1,13,weightUnitErrorRate; weightTransposeErrorRate; weightSwitchErrorRate; weightExtremeErrorRate; weightDuplicateErrorRate; weightCarriedForwardErrorRate; heightUnitErrorRate; heightTransposeErrorRate; heightSwitchErrorRate; heightExtremeErrorRate; heightAbsoluteErrorRate; heightDuplicateErrorRate; heightCarriedForwardErrorRate,497,789921cd443d2c028acd0294c8f10e08664cdbb63dd1b9bb1cc38acc133e9206,2026-08-28,reference/configuration JSON object,,,False,False,
htn_drugs.csv,external/synthea/src/main/resources/htn_drugs.csv,csv,external_reference_or_fixture,21,9,Precise Class; Class; Simple Name; RxNorm; Display; Systolic Impact Minimum; Systolic Impact Maximum; Diastolic Impact Minimum; Diastolic Impact Maximum,2551,6f266df80cff9c8ddf8e3463d4f9f9cdb56ab1d2272ee29e0d6a0b297d54b94b,2026-08-28,unknown/reference table; inspect before analytical use,,,False,False,
immunization_schedule.json,external/synthea/src/main/resources/immunization_schedule.json,json,external_reference_or_fixture,1,18,hepb; hepb_adult; rv_mono; dtap; hib; pcv13; ipv; flu; mmr; var; hepa; hepa_adult; men; tdap; hpv; td; zoster; ppsv23,7235,3ab41beb78fe9eda9b0f8be4c729e71d0c386f7bc3770e3ab12551d1d091403c,2026-08-28,reference/configuration JSON object,,,False,False,
keep_diabetes.json,external/synthea/src/main/resources/keep_modules/keep_diabetes.json,json,external_reference_or_fixture,1,3,name; states; gmf_version,938,95a9435507699611ec9964658c4b8722cf4e29ff049da5b7507c2415b8b548f2,2026-08-28,reference/configuration JSON object,,,False,False,
keep_diabetes_no_dr.json,external/synthea/src/main/resources/keep_modules/keep_diabetes_no_dr.json,json,external_reference_or_fixture,1,4,name; remarks; states; gmf_version,1369,de0684c92ecd3e46b4796d4ee7d68767bc530e6afc2041e6fe2fb56387990ce7,2026-08-28,reference/configuration JSON object,,,False,False,
keep_hospice.json,external/synthea/src/main/resources/keep_modules/keep_hospice.json,json,external_reference_or_fixture,1,3,name; states; gmf_version,541,26448c177b0a3227517a7d5515cb4386df1afd6525986cde45d5f18446f80d51,2026-08-28,reference/configuration JSON object,,,False,False,
keep_medicare_beneficiaries.json,external/synthea/src/main/resources/keep_modules/keep_medicare_beneficiaries.json,json,external_reference_or_fixture,1,4,name; remarks; states; gmf_version,5263,063dcd5089751ba95b83c5669d832c7cc2befafc066ed457d4d2ea2b4a123435,2026-08-28,reference/configuration JSON object,,,False,False,
keep_npdr.json,external/synthea/src/main/resources/keep_modules/keep_npdr.json,json,external_reference_or_fixture,1,3,name; states; gmf_version,814,ccd4aa056735a8d85adc08def768c8915b570af4401d4f254cbd2a6e86546e51,2026-08-28,reference/configuration JSON object,,,False,False,
keep_npdr_no_pdr.json,external/synthea/src/main/resources/keep_modules/keep_npdr_no_pdr.json,json,external_reference_or_fixture,1,4,name; remarks; states; gmf_version,1405,ac79746259ed73e4070f1ffa5557c7c4f123c45d024ca5dec668daf90e2960ab,2026-08-28,reference/configuration JSON object,,,False,False,
keep_pdr.json,external/synthea/src/main/resources/keep_modules/keep_pdr.json,json,external_reference_or_fixture,1,3,name; states; gmf_version,811,233794a7bdd4c55ad8fd7833112b64b3f140fb8bec51e2c060afc9e134c4929b,2026-08-28,reference/configuration JSON object,,,False,False,
must_have_cabg.json,external/synthea/src/main/resources/keep_modules/must_have_cabg.json,json,external_reference_or_fixture,1,4,name; remarks; states; gmf_version,1851,f1f9972fa6ee20453aececf0f8275d45ec3cccce211a19686bb492d4e650d11b,2026-08-28,reference/configuration JSON object,,,False,False,
must_have_cardiac_surgery.json,external/synthea/src/main/resources/keep_modules/must_have_cardiac_surgery.json,json,external_reference_or_fixture,1,4,name; remarks; states; gmf_version,3172,40a1cbea7eb69e5b370741ba950e30caf501fe153af345c559d99d43480e0227,2026-08-28,reference/configuration JSON object,,,False,False,
language_lookup.json,external/synthea/src/main/resources/language_lookup.json,json,external_reference_or_fixture,1,19,english; spanish; portuguese; chinese; japanese; korean; french; french_creole; italian; russian; vietnamese; greek; arabic; cambodian; german; polish; hawaiian; hindi; undetermined,2045,99d2229d1b2c8211d5bdb72c9565c572499a8634e6a6baef5241c757a267e7f0,2026-08-28,reference/configuration JSON object,,,False,False,
AIS_From_School_Screening_to_SOSORT_Recommendations.json,external/synthea/src/main/resources/modules/AIS_From_School_Screening_to_SOSORT_Recommendations.json,json,external_reference_or_fixture,1,4,name; remarks; states; gmf_version,50552,18c84be98d28d413d868a86702d5506dfc59abe0caf69db2a649890789c6b61c,2026-08-28,reference/configuration JSON object,,,False,False,
acute_myeloid_leukemia.json,external/synthea/src/main/resources/modules/acute_myeloid_leukemia.json,json,external_reference_or_fixture,1,4,name; states; remarks; gmf_version,23488,cfea0c81b312dd9b92bed904f56cc970ad0e59f6856ac8feda299da21a30698b,2026-08-28,reference/configuration JSON object,,,False,False,
allergic_rhinitis.json,external/synthea/src/main/resources/modules/allergic_rhinitis.json,json,external_reference_or_fixture,1,4,name; remarks; states; gmf_version,11088,1d4a39226ae2b9eba71df7cadf2d2354c9b07492e92a31e0d30f97808e4ed3b7,2026-08-28,reference/configuration JSON object,,,False,False,
allergies.json,external/synthea/src/main/resources/modules/allergies.json,json,external_reference_or_fixture,1,4,name; remarks; states; gmf_version,9341,7749a5cb08aa92d99d6ff9d74e3af0f2bc90fa0f502110a8a17fc2c250707efa,2026-08-28,reference/configuration JSON object,,,False,False,
allergy_panel.json,external/synthea/src/main/resources/modules/allergies/allergy_panel.json,json,external_reference_or_fixture,1,4,name; remarks; states; gmf_version,25729,c91e4867dd9386e4c96ae62d73e26aa739948e87fb089bc26eb092e57caafba5,2026-08-28,reference/configuration JSON object,,,False,False,
drug_allergy_incidence.json,external/synthea/src/main/resources/modules/allergies/drug_allergy_incidence.json,json,external_reference_or_fixture,1,4,name; remarks; states; gmf_version,20699,720607231cd630372d6eb264335be120d33d9ebddd3d181c75bf1f54492d74ab,2026-08-28,reference/configuration JSON object,,,False,False,
environmental_allergy_incidence.json,external/synthea/src/main/resources/modules/allergies/environmental_allergy_incidence.json,json,external_reference_or_fixture,1,3,name; remarks; states,20398,b840876b3dfca40464a79d9aaba272aeb98999a6d8aa487889b8ba886a2fd830,2026-08-28,reference/configuration JSON object,,,False,False,
food_allergy_incidence.json,external/synthea/src/main/resources/modules/allergies/food_allergy_incidence.json,json,external_reference_or_fixture,1,3,name; remarks; states,37516,35dcfd495d28e06086dd0b2936af6cb92caa54599fd764b0a1bc4f3fac59c689,2026-08-28,reference/configuration JSON object,,,False,False,
immunotherapy.json,external/synthea/src/main/resources/modules/allergies/immunotherapy.json,json,external_reference_or_fixture,1,4,name; remarks; states; gmf_version,8320,b10ac2b7b8276ff468ca87aba400a73426e578b4844a53a917728f1ee65f2001,2026-08-28,reference/configuration JSON object,,,False,False,
outgrow_env_allergies.json,external/synthea/src/main/resources/modules/allergies/outgrow_env_allergies.json,json,external_reference_or_fixture,1,4,name; remarks; states; gmf_version,7712,893ae68854f90ad0dc904329a7fc22b6030b93726798ecc19bebbdebb7f73bc9,2026-08-28,reference/configuration JSON object,,,False,False,
outgrow_food_allergies.json,external/synthea/src/main/resources/modules/allergies/outgrow_food_allergies.json,json,external_reference_or_fixture,1,4,name; remarks; states; gmf_version,9773,29ece2a5ea8974cb0cc04cbde1a66bb4745f812a835f1a0e757867f2d18af634,2026-08-28,reference/configuration JSON object,,,False,False,
severe_allergic_reaction.json,external/synthea/src/main/resources/modules/allergies/severe_allergic_reaction.json,json,external_reference_or_fixture,1,4,name; remarks; states; gmf_version,2803,6e039e3d5e14656b1110be8b98350776fd8bc717d3980cdc24260af46ff3fd03,2026-08-28,reference/configuration JSON object,,,False,False,
anemia_sub.json,external/synthea/src/main/resources/modules/anemia/anemia_sub.json,json,external_reference_or_fixture,1,4,name; remarks; states; gmf_version,29674,ea03f31a416215aa34d579a24ab1778fddccbab4e6e6de553b6cfd999ebf03c1,2026-08-28,reference/configuration JSON object,,,False,False,
anemia___unknown_etiology.json,external/synthea/src/main/resources/modules/anemia___unknown_etiology.json,json,external_reference_or_fixture,1,4,name; remarks; states; gmf_version,9151,b44907bc94542d327abdf974817c135d5eeebcfed4ecaab0a31fc1554a86d707,2026-08-28,reference/configuration JSON object,,,False,False,
appendicitis.json,external/synthea/src/main/resources/modules/appendicitis.json,json,external_reference_or_fixture,1,3,name; states; gmf_version,10783,b32e60d670d9b620a99ea9d9fc832b42c0f53d1e9e767aad00fa4dee0c14e979,2026-08-28,reference/configuration JSON object,,,False,False,
asthma.json,external/synthea/src/main/resources/modules/asthma.json,json,external_reference_or_fixture,1,4,name; remarks; states; gmf_version,17592,7fe4528b286e02f2d06ee1c570190143c3b4991185188ddea02a761e45145bbb,2026-08-28,reference/configuration JSON object,,,False,False,
atopy.json,external/synthea/src/main/resources/modules/atopy.json,json,external_reference_or_fixture,1,4,name; remarks; states; gmf_version,5916,6e77c30218e2814346cfadd2796b98dbd5f74ecc3562b78d0601df33e076c699,2026-08-28,reference/configuration JSON object,,,False,False,
atrial_fibrillation.json,external/synthea/src/main/resources/modules/atrial_fibrillation.json,json,external_reference_or_fixture,1,5,name; specialty; remarks; states; gmf_version,4755,2a7a2f7263b629d75d4c12e008892605abaf37188a4fcbdee745ecf6f5bfe992,2026-08-28,reference/configuration JSON object,,,False,False,
attention_deficit_disorder.json,external/synthea/src/main/resources/modules/attention_deficit_disorder.json,json,external_reference_or_fixture,1,4,name; remarks; states; gmf_version,12929,6503de17be72b7b762b6bd595ca70587737871db4a0beb606fc1b476373b79e1,2026-08-28,reference/configuration JSON object,,,False,False,
bone_marrow_transplant.json,external/synthea/src/main/resources/modules/bone_marrow_transplant.json,json,external_reference_or_fixture,1,4,name; remarks; states; gmf_version,22322,9a51600ba428eba1a24521ee26016eb6a48b4d33e5e6f88028fbd5d9c1aaefb7,2026-08-28,reference/configuration JSON object,,,False,False,
breast_cancer.json,external/synthea/src/main/resources/modules/breast_cancer.json,json,external_reference_or_fixture,1,4,name; remarks; states; gmf_version,70259,585be59a0f9f47b72358c4f6c3c126a2d562cde77fabcdc896b8c9e66823432a,2026-08-28,reference/configuration JSON object,,,False,False,
chemotherapy_breast.json,external/synthea/src/main/resources/modules/breast_cancer/chemotherapy_breast.json,json,external_reference_or_fixture,1,4,name; remarks; states; gmf_version,9756,a7d4377ebe95d06829016cff70a7b53abbdd4cd9aafe5f77888064c1622aef35,2026-08-28,reference/configuration JSON object,,,False,False,
hormone_diagnosis.json,external/synthea/src/main/resources/modules/breast_cancer/hormone_diagnosis.json,json,external_reference_or_fixture,1,4,name; remarks; states; gmf_version,14200,43ba978a2c5023dc0405912d30f35e613dc31b3912d642523ab3fe088fad08ae,2026-08-28,reference/configuration JSON object,,,False,False,
hormonetherapy_breast.json,external/synthea/src/main/resources/modules/breast_cancer/hormonetherapy_breast.json,json,external_reference_or_fixture,1,4,name; remarks; states; gmf_version,27320,87c81b5075e5db61b627e373ac836079d3f8ea19395f67b8659cd6245552a16e,2026-08-28,reference/configuration JSON object,,,False,False,
surgery_therapy_breast.json,external/synthea/src/main/resources/modules/breast_cancer/surgery_therapy_breast.json,json,external_reference_or_fixture,1,4,name; remarks; states; gmf_version,53627,dc2e9896997d8fcef3f83d3e61aeca38fbf1b17b3c1ab134c39105c331d1e1ea,2026-08-28,reference/configuration JSON object,,,False,False,
tnm_diagnosis.json,external/synthea/src/main/resources/modules/breast_cancer/tnm_diagnosis.json,json,external_reference_or_fixture,1,4,name; remarks; states; gmf_version,18915,55a69c30919397bc313b208fbbd8e903bf7311cc4a89fbc4cdc85ab13f5f3dac,2026-08-28,reference/configuration JSON object,,,False,False,
bronchitis.json,external/synthea/src/main/resources/modules/bronchitis.json,json,external_reference_or_fixture,1,4,name; remarks; states; gmf_version,14925,794e832cefa96415a46d2bfac082d120214ce5793844c08c58c05aa8c2506586,2026-08-28,reference/configuration JSON object,,,False,False,
cerebral_palsy.json,external/synthea/src/main/resources/modules/cerebral_palsy.json,json,external_reference_or_fixture,1,4,name; states; remarks; gmf_version,49227,8ca4d8c6216d73fefe76c652ec822ea73615cf085ca6a537f14d3113d0bcc759,2026-08-28,reference/configuration JSON object,,,False,False,
chronic_kidney_disease.json,external/synthea/src/main/resources/modules/chronic_kidney_disease.json,json,external_reference_or_fixture,1,4,name; remarks; states; gmf_version,12174,89f5c2d5a3246e58c9400f41ba715d33ccdc8cc0e560121a37a6c20431b010b5,2026-08-28,reference/configuration JSON object,,,False,False,
colorectal_cancer.json,external/synthea/src/main/resources/modules/colorectal_cancer.json,json,external_reference_or_fixture,1,4,name; remarks; states; gmf_version,66055,180584bd297a28aa74910ed7ec862c3e7a1063070d8ba920757e1324fabeeb8b,2026-08-28,reference/configuration JSON object,,,False,False,
congestive_heart_failure.json,external/synthea/src/main/resources/modules/congestive_heart_failure.json,json,external_reference_or_fixture,1,5,name; specialty; states; remarks; gmf_version,55725,4ec92868aa7d6114b8bab8a5b658ad5766f02f474838d4a07041dc1517254932,2026-08-28,reference/configuration JSON object,,,False,False,
contraceptive_maintenance.json,external/synthea/src/main/resources/modules/contraceptive_maintenance.json,json,external_reference_or_fixture,1,4,name; remarks; states; gmf_version,15390,ae94cc88887f3c23555ad2f220d3832a38410369b08d95ec51765c285f881d21,2026-08-28,reference/configuration JSON object,,,False,False,
contraceptives.json,external/synthea/src/main/resources/modules/contraceptives.json,json,external_reference_or_fixture,1,4,name; remarks; states; gmf_version,19639,e846dfb5d556f130e66ccb593507c8fdd4533be712004a1c1f3ed87325051f40,2026-08-28,reference/configuration JSON object,,,False,False,
clear_contraceptive.json,external/synthea/src/main/resources/modules/contraceptives/clear_contraceptive.json,json,external_reference_or_fixture,1,4,name; remarks; states; gmf_version,1507,1374e15ed436fa2c625a11db98f02148027cbe41d034c28f14fc9cd20f31c9e8,2026-08-28,reference/configuration JSON object,,,False,False,
female_sterilization.json,external/synthea/src/main/resources/modules/contraceptives/female_sterilization.json,json,external_reference_or_fixture,1,4,name; remarks; states; gmf_version,5299,cb9b6578c7bd47cf94f0c33cd4c06dd5b387feffe0356cce2233c06b468ab57f,2026-08-28,reference/configuration JSON object,,,False,False,
implant_contraceptive.json,external/synthea/src/main/resources/modules/contraceptives/implant_contraceptive.json,json,external_reference_or_fixture,1,4,name; remarks; states; gmf_version,6195,07ca8b36d4136ea19872db4123fb7dfead17908ec2e510ba5d91a93e6e4d472b,2026-08-28,reference/configuration JSON object,,,False,False,
injectable_contraceptive.json,external/synthea/src/main/resources/modules/contraceptives/injectable_contraceptive.json,json,external_reference_or_fixture,1,4,name; remarks; states; gmf_version,4943,78a4499ea1db33e4eaa27407a95c2fb1d67e12a512d6f44e40a08fee49fb8911,2026-08-28,reference/configuration JSON object,,,False,False,
intrauterine_device.json,external/synthea/src/main/resources/modules/contraceptives/intrauterine_device.json,json,external_reference_or_fixture,1,4,name; remarks; states; gmf_version,9961,23a73a76d0cdf969a9aa8e92bfb6768a893cb0d410d23b4a28068654ba138dbe,2026-08-28,reference/configuration JSON object,,,False,False,
male_sterilization.json,external/synthea/src/main/resources/modules/contraceptives/male_sterilization.json,json,external_reference_or_fixture,1,4,name; remarks; states; gmf_version,3820,eebc9ce990afda684a9bdf8b1bf5953c3b9da2fca922a338b598b223a7cc0249,2026-08-28,reference/configuration JSON object,,,False,False,
oral_contraceptive.json,external/synthea/src/main/resources/modules/contraceptives/oral_contraceptive.json,json,external_reference_or_fixture,1,4,name; remarks; states; gmf_version,17409,a69d9a6ed67848ca33b2f715799cc29fa911f9a709ccd40a0f83c3643491f70d,2026-08-28,reference/configuration JSON object,,,False,False,
patch_contraceptive.json,external/synthea/src/main/resources/modules/contraceptives/patch_contraceptive.json,json,external_reference_or_fixture,1,4,name; remarks; states; gmf_version,2532,d3fd05f2524eeab12ef01240eeb43d8eba9206a28cb2e0c273de1223874a396a,2026-08-28,reference/configuration JSON object,,,False,False,
ring_contraceptive.json,external/synthea/src/main/resources/modules/contraceptives/ring_contraceptive.json,json,external_reference_or_fixture,1,4,name; remarks; states; gmf_version,2465,098b9b53ecbaffd174bf846a679863bba6e64f98766ea9d7d6ef107b4bb91a05,2026-08-28,reference/configuration JSON object,,,False,False,
copd.json,external/synthea/src/main/resources/modules/copd.json,json,external_reference_or_fixture,1,4,name; remarks; states; gmf_version,36744,4bc8b6ab280b94b99dcb6be749fc510617063303a607c93385623b4d1a7ddcaa,2026-08-28,reference/configuration JSON object,,,False,False,
covid19.json,external/synthea/src/main/resources/modules/covid19.json,json,external_reference_or_fixture,1,4,name; remarks; states; gmf_version,2028,2e124283c4e023d0198bc31707dd5f8ec492136da569efbf852c38e992491ffb,2026-08-28,reference/configuration JSON object,,,False,False,
admission.json,external/synthea/src/main/resources/modules/covid19/admission.json,json,external_reference_or_fixture,1,4,name; remarks; states; gmf_version,32133,daba02fd78e2e31b22c788c10e7beb9c00ec9aabdecb41ea008a384d4bdfe98d,2026-08-28,reference/configuration JSON object,,,False,False,
determine_risk.json,external/synthea/src/main/resources/modules/covid19/determine_risk.json,json,external_reference_or_fixture,1,4,name; states; remarks; gmf_version,11838,43c5fbf7c1a6fe314a6b5828674b57f2f966b5a78b3448779fbf71e7be0bc123,2026-08-28,reference/configuration JSON object,,,False,False,
diagnose_bacterial_infection.json,external/synthea/src/main/resources/modules/covid19/diagnose_bacterial_infection.json,json,external_reference_or_fixture,1,4,name; remarks; states; gmf_version,1875,b6fa3279aa46ea8c91ecef9c1029c2b854464258fa048fabc349be9ba929c676,2026-08-28,reference/configuration JSON object,,,False,False,
diagnose_blood_clot.json,external/synthea/src/main/resources/modules/covid19/diagnose_blood_clot.json,json,external_reference_or_fixture,1,4,name; remarks; states; gmf_version,3270,829446ff0fae227de9211e6795690fff2220be694d51de68a5adcfa1f0b10eb7,2026-08-28,reference/configuration JSON object,,,False,False,
end_outcomes.json,external/synthea/src/main/resources/modules/covid19/end_outcomes.json,json,external_reference_or_fixture,1,4,name; remarks; states; gmf_version,4390,ac91b4ae7b2b6f8dc34800348905d21c9de8e5785f17ca6cae5ba22d5ef726c1,2026-08-28,reference/configuration JSON object,,,False,False,
end_symptoms.json,external/synthea/src/main/resources/modules/covid19/end_symptoms.json,json,external_reference_or_fixture,1,4,name; remarks; states; gmf_version,5379,44c64141f2250f2b5cfccaa1344c47129de789236d15f013ac9395b2abeed3e8,2026-08-28,reference/configuration JSON object,,,False,False,
infection.json,external/synthea/src/main/resources/modules/covid19/infection.json,json,external_reference_or_fixture,1,3,name; states; gmf_version,37312,d628cce6444abac559060ce4ab50195735a691cb57acb62d29dcd3eb71f3b8fb,2026-08-28,reference/configuration JSON object,,,False,False,
measurements_daily.json,external/synthea/src/main/resources/modules/covid19/measurements_daily.json,json,external_reference_or_fixture,1,4,name; remarks; states; gmf_version,24843,6507c347e8498ed4cad6b9fb1719a7b014ba20b083899a5dba58216982e592a9,2026-08-28,reference/configuration JSON object,,,False,False,
measurements_frequent.json,external/synthea/src/main/resources/modules/covid19/measurements_frequent.json,json,external_reference_or_fixture,1,4,name; remarks; states; gmf_version,6303,a061fa1d26ced7fc6a171b31908c4499509f68ca7a72ddb6c0f8f4f273f06b4e,2026-08-28,reference/configuration JSON object,,,False,False,
measurements_vitals.json,external/synthea/src/main/resources/modules/covid19/measurements_vitals.json,json,external_reference_or_fixture,1,4,name; remarks; states; gmf_version,3438,1c901ea717f34c660d3832abf9ed56d26540a79a529942c5aa7441c12297487c,2026-08-28,reference/configuration JSON object,,,False,False,
medications.json,external/synthea/src/main/resources/modules/covid19/medications.json,json,external_reference_or_fixture,1,4,name; remarks; states; gmf_version,30469,d6a5e582414fd1b742362d8b2a57b645c47a9c1b847903571677f9e00bacc977,2026-08-28,reference/configuration JSON object,,,False,False,
nonsurvivor_lab_values.json,external/synthea/src/main/resources/modules/covid19/nonsurvivor_lab_values.json,json,external_reference_or_fixture,1,4,name; remarks; states; gmf_version,12853,c7d90d1cfb8f078ce6a3d4edfc97fb370d145be2e6b178d515bb0974987bc2e6,2026-08-28,reference/configuration JSON object,,,False,False,
outcomes.json,external/synthea/src/main/resources/modules/covid19/outcomes.json,json,external_reference_or_fixture,1,4,name; remarks; states; gmf_version,11182,2064bf244d2b2e83e9ccde08bca7931e262ba4cc1e6e83343fca253bb386e36a,2026-08-28,reference/configuration JSON object,,,False,False,
supplies_hospitalization.json,external/synthea/src/main/resources/modules/covid19/supplies_hospitalization.json,json,external_reference_or_fixture,1,4,name; remarks; states; gmf_version,4798,2e5492aebe5a53d8a55189bfb4655d89d1faff6756fdd8fc52ea253a3084a6c4,2026-08-28,reference/configuration JSON object,,,False,False,
supplies_icu.json,external/synthea/src/main/resources/modules/covid19/supplies_icu.json,json,external_reference_or_fixture,1,4,name; remarks; states; gmf_version,4392,3b647dbf98ba268225e39684dccece418505a2c6d3d090e777b6c7cfc70889d8,2026-08-28,reference/configuration JSON object,,,False,False,
supplies_intubation.json,external/synthea/src/main/resources/modules/covid19/supplies_intubation.json,json,external_reference_or_fixture,1,4,name; remarks; states; gmf_version,5860,4eeb17ccda4221ac718c351831bcf4869a0ea69d007ed5059b1db84e5d71ab4e,2026-08-28,reference/configuration JSON object,,,False,False,
survivor_lab_values.json,external/synthea/src/main/resources/modules/covid19/survivor_lab_values.json,json,external_reference_or_fixture,1,4,name; remarks; states; gmf_version,14024,43800533bb796afc4f3fde86900fbfc839f2352a5faaf2e51c40c4db2dea552d,2026-08-28,reference/configuration JSON object,,,False,False,
symptoms.json,external/synthea/src/main/resources/modules/covid19/symptoms.json,json,external_reference_or_fixture,1,4,name; remarks; states; gmf_version,28243,ab5251c8c3c1ed11600b65cca50caa08b5f81e723e17c00adf9a9ed7b4197136,2026-08-28,reference/configuration JSON object,,,False,False,
treat_blood_clot.json,external/synthea/src/main/resources/modules/covid19/treat_blood_clot.json,json,external_reference_or_fixture,1,4,name; remarks; states; gmf_version,6795,5387656d734d629c4cefd2ddb3ae74ebb000a0357a65e2e20bf40469891f6e8a,2026-08-28,reference/configuration JSON object,,,False,False,
cystic_fibrosis.json,external/synthea/src/main/resources/modules/cystic_fibrosis.json,json,external_reference_or_fixture,1,4,name; remarks; states; gmf_version,47983,f53f583d32269fa0d139e4f5d3adec65c9d248de1df52e4697e162180be48c3d,2026-08-28,reference/configuration JSON object,,,False,False,
dementia.json,external/synthea/src/main/resources/modules/dementia.json,json,external_reference_or_fixture,1,4,name; remarks; states; gmf_version,22560,eba9a4ca7ccd21495a0e1727bf33244d868eab4ebc7fa5aa11130f1a9113fe65,2026-08-28,reference/configuration JSON object,,,False,False,
dental_and_oral_examination.json,external/synthea/src/main/resources/modules/dental_and_oral_examination.json,json,external_reference_or_fixture,1,4,name; remarks; states; gmf_version,30844,6d03cc12ab4e81116b038c35e1d974be0f69332b5fcbe2d1ae2fac61d8209ad9,2026-08-28,reference/configuration JSON object,,,False,False,
dentures.json,external/synthea/src/main/resources/modules/dentures.json,json,external_reference_or_fixture,1,4,name; remarks; states; gmf_version,20367,2920813b08f72353a2b3501e3b6725b5e0b35fba62ac683bd8ceb7a6130ae596,2026-08-28,reference/configuration JSON object,,,False,False,
dermatitis.json,external/synthea/src/main/resources/modules/dermatitis.json,json,external_reference_or_fixture,1,4,name; remarks; states; gmf_version,20818,cacc4d979b476e0913420c05609b4799b2caed040264b3b700e983d6abad4081,2026-08-28,reference/configuration JSON object,,,False,False,
early_moderate_eczema_obs.json,external/synthea/src/main/resources/modules/dermatitis/early_moderate_eczema_obs.json,json,external_reference_or_fixture,1,4,name; remarks; states; gmf_version,2388,eb16505668062b40b0be871c6ae0181e805bae45ce648cb6c03a7d9296718409,2026-08-28,reference/configuration JSON object,,,False,False,
early_severe_eczema_obs.json,external/synthea/src/main/resources/modules/dermatitis/early_severe_eczema_obs.json,json,external_reference_or_fixture,1,4,name; remarks; states; gmf_version,2379,e02772dc1655b3aa9a452b5f63e117ec68ffc0b3c19a519cdb030bb4ac9d0836,2026-08-28,reference/configuration JSON object,,,False,False,
mid_moderate_eczema_obs.json,external/synthea/src/main/resources/modules/dermatitis/mid_moderate_eczema_obs.json,json,external_reference_or_fixture,1,4,name; remarks; states; gmf_version,2387,13f0bf5b4946c9ecf5dd7e0ba7a8e2211092fce9956afeafa643572a178fadb7,2026-08-28,reference/configuration JSON object,,,False,False,
mid_severe_eczema_obs.json,external/synthea/src/main/resources/modules/dermatitis/mid_severe_eczema_obs.json,json,external_reference_or_fixture,1,4,name; remarks; states; gmf_version,2378,d34a29ccbef27f27637009fc0c8a00e4ce6ce79f785bea62172aa5408930a8fa,2026-08-28,reference/configuration JSON object,,,False,False,
moderate_cd_obs.json,external/synthea/src/main/resources/modules/dermatitis/moderate_cd_obs.json,json,external_reference_or_fixture,1,4,name; remarks; states; gmf_version,2262,2b286f45e0f1f93aadc9448030bedeabb81daae8970ae20b6f843525d38bf34d,2026-08-28,reference/configuration JSON object,,,False,False,
severe_cd_obs.json,external/synthea/src/main/resources/modules/dermatitis/severe_cd_obs.json,json,external_reference_or_fixture,1,4,name; remarks; states; gmf_version,2258,aa7746ec69856ca1b87650a64fe36deba1f06e788dfd2341101bf412d8022f27,2026-08-28,reference/configuration JSON object,,,False,False,
diabetic_retinopathy_treatment.json,external/synthea/src/main/resources/modules/diabetic_retinopathy_treatment.json,json,external_reference_or_fixture,1,4,name; remarks; states; gmf_version,20486,bfcecdf942297477326c599cc652c380f2107bca64cdde3dbdc87cbd10dc14bd,2026-08-28,reference/configuration JSON object,,,False,False,
dialysis.json,external/synthea/src/main/resources/modules/dialysis.json,json,external_reference_or_fixture,1,4,name; remarks; states; gmf_version,20481,e0074194cc5d050627e46ffea62b2c751f0c45c261838ae0a09b8763c3c324c7,2026-08-28,reference/configuration JSON object,,,False,False,
wheelchair.json,external/synthea/src/main/resources/modules/dme/wheelchair.json,json,external_reference_or_fixture,1,4,name; remarks; states; gmf_version,1960,bdad6ec482ae4cf33766d6808b93ed42d29ec30db182fcdb379c139aadbc0542,2026-08-28,reference/configuration JSON object,,,False,False,
wheelchair_end.json,external/synthea/src/main/resources/modules/dme/wheelchair_end.json,json,external_reference_or_fixture,1,4,name; remarks; states; gmf_version,614,6f537876ebf2206221541f38cbeb41961f7d3fab86c67a7cbc6559307be4f463,2026-08-28,reference/configuration JSON object,,,False,False,
ear_infections.json,external/synthea/src/main/resources/modules/ear_infections.json,json,external_reference_or_fixture,1,3,name; states; gmf_version,8484,6ed6ad6a0b4fe9e21dafecaff99c6f05b61038629ef8e0e3b3fe0072bf346240,2026-08-28,reference/configuration JSON object,,,False,False,
anxiety_screening.json,external/synthea/src/main/resources/modules/encounter/anxiety_screening.json,json,external_reference_or_fixture,1,4,name; remarks; states; gmf_version,5368,4dc12ee289e18e3303be802cba9434d37f6bac688f488debbf0e903c89c0266e,2026-08-28,reference/configuration JSON object,,,False,False,
depression_screening.json,external/synthea/src/main/resources/modules/encounter/depression_screening.json,json,external_reference_or_fixture,1,4,name; remarks; states; gmf_version,8861,9141b54754600e6e473461d278dde8fbe6560e6638cdde2bce2591ea799c6982,2026-08-28,reference/configuration JSON object,,,False,False,
fall_risk_screening.json,external/synthea/src/main/resources/modules/encounter/fall_risk_screening.json,json,external_reference_or_fixture,1,4,name; remarks; states; gmf_version,7397,c38f92885c19ceae06ef846129bd78eea36cf44bf38401282c39d57c120512e0,2026-08-28,reference/configuration JSON object,,,False,False,
hark_screening.json,external/synthea/src/main/resources/modules/encounter/hark_screening.json,json,external_reference_or_fixture,1,4,name; remarks; states; gmf_version,4174,8916328d7b09b63339720dbd958d6e362a7e1ad17594e7fac4836197155785b0,2026-08-28,reference/configuration JSON object,,,False,False,
hospital_basic_labs.json,external/synthea/src/main/resources/modules/encounter/hospital_basic_labs.json,json,external_reference_or_fixture,1,4,name; remarks; states; gmf_version,29053,1ba655aaea7267f3a136c2a7a649a61069f7f50965dfd349112e71ba64df131f,2026-08-28,reference/configuration JSON object,,,False,False,
sdoh_hrsn.json,external/synthea/src/main/resources/modules/encounter/sdoh_hrsn.json,json,external_reference_or_fixture,1,4,name; remarks; states; gmf_version,69719,28be2fa2fe90c8ef94043cb9091f0b5b622a9069da33babecc91211e9cd46f27,2026-08-28,reference/configuration JSON object,,,False,False,
substance_use_screening.json,external/synthea/src/main/resources/modules/encounter/substance_use_screening.json,json,external_reference_or_fixture,1,4,name; remarks; states; gmf_version,20315,7e6fb95a9f3ae6fba14845dbd7eb44a648ab72566cfbcdab93abba009cbc03e6,2026-08-28,reference/configuration JSON object,,,False,False,
vitals.json,external/synthea/src/main/resources/modules/encounter/vitals.json,json,external_reference_or_fixture,1,3,name; remarks; states,2647,08c0af46991abb59bd6d058431d215b8303115138989304f96313171edc22c4f,2026-08-28,reference/configuration JSON object,,,False,False,
epilepsy.json,external/synthea/src/main/resources/modules/epilepsy.json,json,external_reference_or_fixture,1,4,name; remarks; states; gmf_version,11930,5d38ad337e4c7fd44f68ceb2793e690f790ad415f6cc4cf0930708158007ae4d,2026-08-28,reference/configuration JSON object,,,False,False,
intraocular_pressure.json,external/synthea/src/main/resources/modules/eye/intraocular_pressure.json,json,external_reference_or_fixture,1,4,name; remarks; states; gmf_version,3259,bc64f19d273528bb9c9482d59894905470330b867656eed04ed852fff045a340,2026-08-28,reference/configuration JSON object,,,False,False,
ophthalmic_progression.json,external/synthea/src/main/resources/modules/eye/ophthalmic_progression.json,json,external_reference_or_fixture,1,4,name; states; gmf_version; remarks,11327,4d0e72338293ca6de90bd3805850129069d3d7e5718f2d7dd043ab857c5d163f,2026-08-28,reference/configuration JSON object,,,False,False,
ophthalmic_tomography.json,external/synthea/src/main/resources/modules/eye/ophthalmic_tomography.json,json,external_reference_or_fixture,1,4,name; remarks; states; gmf_version,2984,22fa5c23166abe17ce851072bc9ea1aed7c3219a1ebf96a8bf3a97aa58fe2286,2026-08-28,reference/configuration JSON object,,,False,False,
visual_acuity.json,external/synthea/src/main/resources/modules/eye/visual_acuity.json,json,external_reference_or_fixture,1,4,name; remarks; states; gmf_version,2648,f2ca04d366df8a966c0d0cfc3bd13b9cc89a39c1b91a176167e1d1effb39e020,2026-08-28,reference/configuration JSON object,,,False,False,
female_reproduction.json,external/synthea/src/main/resources/modules/female_reproduction.json,json,external_reference_or_fixture,1,4,name; remarks; states; gmf_version,11717,2fa6ac687b29b552c6af5f8842968dd02efc31a7a1265748a955414c9001c5f4,2026-08-28,reference/configuration JSON object,,,False,False,
fibromyalgia.json,external/synthea/src/main/resources/modules/fibromyalgia.json,json,external_reference_or_fixture,1,4,name; remarks; states; gmf_version,11958,69b8c7f6434a8a4abe644d5630ca6232e1c93394dfec430f6fa8b1f35ee60390,2026-08-28,reference/configuration JSON object,,,False,False,
food_allergies.json,external/synthea/src/main/resources/modules/food_allergies.json,json,external_reference_or_fixture,1,4,name; remarks; states; gmf_version,8678,7fc54a49705e5ceef3278c1b3193c29040ae746bf7b353fb6cf24d0a2d12fffd,2026-08-28,reference/configuration JSON object,,,False,False,
gallstones.json,external/synthea/src/main/resources/modules/gallstones.json,json,external_reference_or_fixture,1,4,name; remarks; states; gmf_version,39569,acd1f364d1bd33e979e0c8bdf66e9567c85e6f5f0a1828ed9a118f4a1e987787,2026-08-28,reference/configuration JSON object,,,False,False,
gout.json,external/synthea/src/main/resources/modules/gout.json,json,external_reference_or_fixture,1,4,name; remarks; states; gmf_version,8592,0096db2387f20cd70be842728ae4cbd28ca652a3f0e55ee2301ad424d4aaf955,2026-08-28,reference/configuration JSON object,,,False,False,
acs_anticoagulant.json,external/synthea/src/main/resources/modules/heart/acs_anticoagulant.json,json,external_reference_or_fixture,1,5,name; specialty; remarks; states; gmf_version,5086,a7fc59bbc6ebaa89b5013e7749f62b55e63387d64b591bfed679c76c92cd1b7c,2026-08-28,reference/configuration JSON object,,,False,False,
acs_antiplatelet.json,external/synthea/src/main/resources/modules/heart/acs_antiplatelet.json,json,external_reference_or_fixture,1,5,name; specialty; remarks; states; gmf_version,5694,3265d2add28749f230bee35eaec92b6e6b5162c5aee4e64b342bf7e42d7b541e,2026-08-28,reference/configuration JSON object,,,False,False,
acs_arrival_medications.json,external/synthea/src/main/resources/modules/heart/acs_arrival_medications.json,json,external_reference_or_fixture,1,5,name; specialty; remarks; states; gmf_version,3461,f24349e2d653d43d699cd4512b689b75469cad564fc6250016bc54f3fc78e131,2026-08-28,reference/configuration JSON object,,,False,False,
acs_discharge_meds.json,external/synthea/src/main/resources/modules/heart/acs_discharge_meds.json,json,external_reference_or_fixture,1,5,name; specialty; remarks; states; gmf_version,8229,7f4a1385ea45655e0f0ab64751447a45b76c0b5c3d39e4aac57b5e75c55fb653,2026-08-28,reference/configuration JSON object,,,False,False,
antithrombotic.json,external/synthea/src/main/resources/modules/heart/avrr/antithrombotic.json,json,external_reference_or_fixture,1,5,name; specialty; remarks; states; gmf_version,4055,134ada689c214ec287e1f8d95c5bb8893aafdc13493b77a02cc0e9eb284222f8,2026-08-28,reference/configuration JSON object,,,False,False,
avrr_referral.json,external/synthea/src/main/resources/modules/heart/avrr/avrr_referral.json,json,external_reference_or_fixture,1,5,name; specialty; remarks; states; gmf_version,13636,fd1ffe1f29a9e7b0ccf99935488ad735dc191e04cdc95eb6667cfc70f41e10d2,2026-08-28,reference/configuration JSON object,,,False,False,
intraop_meds_blood.json,external/synthea/src/main/resources/modules/heart/avrr/intraop_meds_blood.json,json,external_reference_or_fixture,1,5,name; specialty; remarks; states; gmf_version,2615,4323140ff24dc4134c8e553c73155e7f229295e57beb266fb33da49b6c07f9c7,2026-08-28,reference/configuration JSON object,,,False,False,
outcomes.json,external/synthea/src/main/resources/modules/heart/avrr/outcomes.json,json,external_reference_or_fixture,1,5,name; specialty; remarks; states; gmf_version,28558,b3986346a4e3cc45d7f77ed26d1aa5d5cf5cde045e472f1214c0ef75975efb92,2026-08-28,reference/configuration JSON object,,,False,False,
preoperative.json,external/synthea/src/main/resources/modules/heart/avrr/preoperative.json,json,external_reference_or_fixture,1,4,name; specialty; states; gmf_version,16191,5f25d64c8e57e4d8b87164e4391840d90a7260096f97a15eb9e4d68242d8a70a,2026-08-28,reference/configuration JSON object,,,False,False,
savrr_operation.json,external/synthea/src/main/resources/modules/heart/avrr/savrr_operation.json,json,external_reference_or_fixture,1,5,name; specialty; remarks; states; gmf_version,9392,20218b6f6cc33cc801dc312b6eed82e79768975c3479ced1f3c549dba9e10734,2026-08-28,reference/configuration JSON object,,,False,False,
savrr_postop.json,external/synthea/src/main/resources/modules/heart/avrr/savrr_postop.json,json,external_reference_or_fixture,1,5,name; specialty; remarks; states; gmf_version,23752,5b94dd4d3b76d0e372960428f6d048a67f4c6d19c0f72f53bfea0db4ac248271,2026-08-28,reference/configuration JSON object,,,False,False,
sequence.json,external/synthea/src/main/resources/modules/heart/avrr/sequence.json,json,external_reference_or_fixture,1,5,name; specialty; remarks; states; gmf_version,12314,c97136b5ca69dfe4adbd5405f5b48fa18b483316686eb900437b66f2b57fb311,2026-08-28,reference/configuration JSON object,,,False,False,
cabg_referral.json,external/synthea/src/main/resources/modules/heart/cabg/cabg_referral.json,json,external_reference_or_fixture,1,5,name; specialty; remarks; states; gmf_version,14785,3aef3c7331e93fac359953c4941cbc2e5ca5c8f9e74c3ea36fffd6d24fb58d69,2026-08-28,reference/configuration JSON object,,,False,False,
details.json,external/synthea/src/main/resources/modules/heart/cabg/details.json,json,external_reference_or_fixture,1,5,name; specialty; remarks; states; gmf_version,11379,f276df2362a7a6a51c549db014085fe7af69ea617c8c297dd434c6bb7fdb7e11,2026-08-28,reference/configuration JSON object,,,False,False,
icu_meds_devices.json,external/synthea/src/main/resources/modules/heart/cabg/icu_meds_devices.json,json,external_reference_or_fixture,1,5,name; specialty; remarks; states; gmf_version,2187,55bf0eb67d71d61e52cda708e77dd482efc6f0739caed5536f6f7949f3d41f9d,2026-08-28,reference/configuration JSON object,,,False,False,
labs_common.json,external/synthea/src/main/resources/modules/heart/cabg/labs_common.json,json,external_reference_or_fixture,1,4,name; specialty; remarks; states,23605,4908e77db0e7c70a9c9fd1627036e20a093b4f3b76dbe5013f82a4427d1efb11,2026-08-28,reference/configuration JSON object,,,False,False,
operation.json,external/synthea/src/main/resources/modules/heart/cabg/operation.json,json,external_reference_or_fixture,1,5,name; specialty; remarks; states; gmf_version,10646,965fd21bab131f91a5de2c6cac0611dcbebb757a8f8c998cd1dc9b47c1905f4f,2026-08-28,reference/configuration JSON object,,,False,False,
or_intraop.json,external/synthea/src/main/resources/modules/heart/cabg/or_intraop.json,json,external_reference_or_fixture,1,5,name; specialty; states; gmf_version; remarks,5965,0b439e958358c5610aa0dfe90828f9c512677c696e63f8934a34698ac4ecf676,2026-08-28,reference/configuration JSON object,,,False,False,
or_labs_meds.json,external/synthea/src/main/resources/modules/heart/cabg/or_labs_meds.json,json,external_reference_or_fixture,1,5,name; specialty; remarks; states; gmf_version,9223,5d79a1fc1eb449d5bf591f4639f9ac100cd4d7bc8e3a1f90c44ee86877acf1a6,2026-08-28,reference/configuration JSON object,,,False,False,
outcomes.json,external/synthea/src/main/resources/modules/heart/cabg/outcomes.json,json,external_reference_or_fixture,1,5,name; specialty; remarks; states; gmf_version,26357,6ca898ff2dd114df50f4b5816bad2a4d44bd92e77097424c46a0f29ea1358d6b,2026-08-28,reference/configuration JSON object,,,False,False,
postop.json,external/synthea/src/main/resources/modules/heart/cabg/postop.json,json,external_reference_or_fixture,1,5,name; specialty; remarks; states; gmf_version,12233,645abbb707671dd3ab76d240b1bf9faf3d97cbfc3f044fcc729e1f175951630e,2026-08-28,reference/configuration JSON object,,,False,False,
postop_blood.json,external/synthea/src/main/resources/modules/heart/cabg/postop_blood.json,json,external_reference_or_fixture,1,5,name; specialty; states; gmf_version; remarks,8698,b0ca213d836166c46606a59e4508315d2c276dd51b3b6bcd76d9f372aa525402,2026-08-28,reference/configuration JSON object,,,False,False,
preoperative.json,external/synthea/src/main/resources/modules/heart/cabg/preoperative.json,json,external_reference_or_fixture,1,5,name; specialty; remarks; states; gmf_version,20041,4ee9cc20445023470bf77052721e4496e1c6fe103db0f9770018432af5d6bf09,2026-08-28,reference/configuration JSON object,,,False,False,
cabg_sequence.json,external/synthea/src/main/resources/modules/heart/cabg_sequence.json,json,external_reference_or_fixture,1,5,name; specialty; remarks; states; gmf_version,7834,7bdf8df271cc2245f434f20e7a582a70962cb8d2d05f4e68a4a60a5b17baec36,2026-08-28,reference/configuration JSON object,,,False,False,
cardiac_labs.json,external/synthea/src/main/resources/modules/heart/cardiac_labs.json,json,external_reference_or_fixture,1,5,name; specialty; remarks; states; gmf_version,21473,fcd40436f4438a9aa47e0df2b900adf59d253f627bdf7e92377efc418dc4d8da,2026-08-28,reference/configuration JSON object,,,False,False,
chf_lab_work.json,external/synthea/src/main/resources/modules/heart/chf_lab_work.json,json,external_reference_or_fixture,1,5,name; specialty; remarks; states; gmf_version,16518,00db558ea3d88c39c6df21a9c410218846c7461afe028464dff6b5a64d8ea956,2026-08-28,reference/configuration JSON object,,,False,False,
chf_lvad.json,external/synthea/src/main/resources/modules/heart/chf_lvad.json,json,external_reference_or_fixture,1,5,name; specialty; remarks; states; gmf_version,2251,c63f3c059bc41275d552e76058b8803c91c3b54f91e5426eb60e7d812d39ce01,2026-08-28,reference/configuration JSON object,,,False,False,
chf_meds.json,external/synthea/src/main/resources/modules/heart/chf_meds.json,json,external_reference_or_fixture,1,5,name; specialty; remarks; states; gmf_version,7224,6494bd03ec01e94af282243b4de29b3009e5908a62a84a9ac0ac58bf1230db3b,2026-08-28,reference/configuration JSON object,,,False,False,
chf_meds_hfmef.json,external/synthea/src/main/resources/modules/heart/chf_meds_hfmef.json,json,external_reference_or_fixture,1,5,name; specialty; remarks; states; gmf_version,7878,8bca633337faba7a1ef148abd41f85ecbc9d587938a0a8db800bf1072a68e68a,2026-08-28,reference/configuration JSON object,,,False,False,
chf_meds_hfref_nyha2.json,external/synthea/src/main/resources/modules/heart/chf_meds_hfref_nyha2.json,json,external_reference_or_fixture,1,5,name; specialty; remarks; states; gmf_version,10138,548fab147f1e054761b9be978f54496d7d33e9bd02e68e0626e62d8cfaf7f4f0,2026-08-28,reference/configuration JSON object,,,False,False,
chf_meds_hfref_nyha3.json,external/synthea/src/main/resources/modules/heart/chf_meds_hfref_nyha3.json,json,external_reference_or_fixture,1,5,name; specialty; remarks; states; gmf_version,11474,a60875b7ab98709bab1e136c6238271362afcfb674cefd0e8e384defd1c7a067,2026-08-28,reference/configuration JSON object,,,False,False,
chf_meds_hfref_nyha4.json,external/synthea/src/main/resources/modules/heart/chf_meds_hfref_nyha4.json,json,external_reference_or_fixture,1,5,name; specialty; remarks; states; gmf_version,8885,0d0624e58c0f2e249a5a3c0eef2cfc3e446ff52e92912faa48493b6f2adc56c2,2026-08-28,reference/configuration JSON object,,,False,False,
chf_nyha_panel.json,external/synthea/src/main/resources/modules/heart/chf_nyha_panel.json,json,external_reference_or_fixture,1,5,name; specialty; remarks; states; gmf_version,19360,5d7e0e8607415bf2d1fc25412cfa64d59570b2494777533dc3e21f1d28d4c349,2026-08-28,reference/configuration JSON object,,,False,False,
chf_transplant.json,external/synthea/src/main/resources/modules/heart/chf_transplant.json,json,external_reference_or_fixture,1,5,name; specialty; remarks; states; gmf_version,1963,1cbb44091ee8c345254fef48ebeb0a8bb83b1a100a0317035ef41449cd26e018,2026-08-28,reference/configuration JSON object,,,False,False,
nsteacs_pathway.json,external/synthea/src/main/resources/modules/heart/nsteacs_pathway.json,json,external_reference_or_fixture,1,5,name; specialty; remarks; states; gmf_version,9929,24530052b6552251b604cc0f55d0b11a4f72b6da2b2a34f3cf8db887f54e4d7a,2026-08-28,reference/configuration JSON object,,,False,False,
operative_status.json,external/synthea/src/main/resources/modules/heart/operative_status.json,json,external_reference_or_fixture,1,5,name; specialty; remarks; states; gmf_version,6105,13b8fdc88bdb4d75ca93361c9e17e62ff84e6d897ba2c66a7acb445738b3078a,2026-08-28,reference/configuration JSON object,,,False,False,
or_blood.json,external/synthea/src/main/resources/modules/heart/or_blood.json,json,external_reference_or_fixture,1,5,name; specialty; states; gmf_version; remarks,3598,b094b651953522a5f4380dbf29eaf056cba4395c95888e9bd876fe503c2e76be,2026-08-28,reference/configuration JSON object,,,False,False,
operative_status.json,external/synthea/src/main/resources/modules/heart/savrepair/operative_status.json,json,external_reference_or_fixture,1,5,name; specialty; remarks; states; gmf_version,4445,be5a613c83da4e24a8e543dde80cf74e22796b5bf610817eaf277aa159e55a20,2026-08-28,reference/configuration JSON object,,,False,False,
operative_status.json,external/synthea/src/main/resources/modules/heart/savreplace/operative_status.json,json,external_reference_or_fixture,1,5,name; specialty; remarks; states; gmf_version,5340,e01bc88a89e7581d0af1299051faca9f23bd882e9a1f446a59c53342c07c7c09,2026-08-28,reference/configuration JSON object,,,False,False,
stemi_fibrinolytic.json,external/synthea/src/main/resources/modules/heart/stemi_fibrinolytic.json,json,external_reference_or_fixture,1,5,name; specialty; remarks; states; gmf_version,1485,b19b9967e362d23ddbbcf588607359c2cba5b477723e849dbd7f2b99e44d09ad,2026-08-28,reference/configuration JSON object,,,False,False,
stemi_pathway.json,external/synthea/src/main/resources/modules/heart/stemi_pathway.json,json,external_reference_or_fixture,1,5,name; specialty; remarks; states; gmf_version,5944,99d358e062e9234cf2dfe99142a804851e5cf44cc7c5d559b6ef6b52a12b5c86,2026-08-28,reference/configuration JSON object,,,False,False,
alt_access.json,external/synthea/src/main/resources/modules/heart/tavr/alt_access.json,json,external_reference_or_fixture,1,5,name; specialty; remarks; states; gmf_version,3797,305c8ad8668b864d2df6c1486b4d5a632491eeb68c9e680b71cc8fa8862cb11a,2026-08-28,reference/configuration JSON object,,,False,False,
operation.json,external/synthea/src/main/resources/modules/heart/tavr/operation.json,json,external_reference_or_fixture,1,5,name; specialty; remarks; states; gmf_version,4584,a940078ec7cb01465f534358e4237303322e4f5dca2acf6b0143880c4e3b9d83,2026-08-28,reference/configuration JSON object,,,False,False,
operative_status.json,external/synthea/src/main/resources/modules/heart/tavr/operative_status.json,json,external_reference_or_fixture,1,5,name; specialty; remarks; states; gmf_version,4455,202009a29a37b5f1cbd0fb1c1b3631368f742377e11afb9b831403d89bad8c20,2026-08-28,reference/configuration JSON object,,,False,False,
outcomes.json,external/synthea/src/main/resources/modules/heart/tavr/outcomes.json,json,external_reference_or_fixture,1,5,name; specialty; remarks; states; gmf_version,25889,1a74fc8dfe4236dd976d2e320049e6b701a4d6706958ea5e9ff60faac24df162,2026-08-28,reference/configuration JSON object,,,False,False,
postop.json,external/synthea/src/main/resources/modules/heart/tavr/postop.json,json,external_reference_or_fixture,1,5,name; specialty; remarks; states; gmf_version,25417,4245ca533693647ca35803d0454b97f05af954df33929fd529d1b1de937a31c2,2026-08-28,reference/configuration JSON object,,,False,False,
vhd_risks.json,external/synthea/src/main/resources/modules/heart/vhd_risks.json,json,external_reference_or_fixture,1,5,name; specialty; remarks; states; gmf_version,2087,20e3357b9a64bab44c61c7caf4c9c1f994491efc907cfb5b8ef49980fbdaf4a0,2026-08-28,reference/configuration JSON object,,,False,False,
art_sequence.json,external/synthea/src/main/resources/modules/hiv/art_sequence.json,json,external_reference_or_fixture,1,3,name; states; gmf_version,7002,d7537a1a094e3223e26a5168af4e60b3e22d97e2e7e09dc0477e79a2d227278b,2026-08-28,reference/configuration JSON object,,,False,False,
art_sequence_1987_1994.json,external/synthea/src/main/resources/modules/hiv/art_sequence_1987_1994.json,json,external_reference_or_fixture,1,4,name; remarks; states; gmf_version,7599,e9f8904f609e50257cfcf7d0efea590c0a50219d20be1a36216d37690c313c05,2026-08-28,reference/configuration JSON object,,,False,False,
art_sequence_1995_1996.json,external/synthea/src/main/resources/modules/hiv/art_sequence_1995_1996.json,json,external_reference_or_fixture,1,4,name; remarks; states; gmf_version,4792,fd199517c72580da74bbdc65176870779c1a14e0abe32fb1323e6b4b09239c09,2026-08-28,reference/configuration JSON object,,,False,False,
art_sequence_1997_2002.json,external/synthea/src/main/resources/modules/hiv/art_sequence_1997_2002.json,json,external_reference_or_fixture,1,4,name; remarks; states; gmf_version,16267,fd21c51059a3030b62505985bf37873e324a4bb10b5a07a46a036502a9d3a966,2026-08-28,reference/configuration JSON object,,,False,False,
art_sequence_2003_2005.json,external/synthea/src/main/resources/modules/hiv/art_sequence_2003_2005.json,json,external_reference_or_fixture,1,4,name; remarks; states; gmf_version,8439,dd41319c6de4ccb8f7428d94cd46ac407543248cfb3cde781a2df60810e0a4ca,2026-08-28,reference/configuration JSON object,,,False,False,
art_sequence_2006_2014.json,external/synthea/src/main/resources/modules/hiv/art_sequence_2006_2014.json,json,external_reference_or_fixture,1,4,name; remarks; states; gmf_version,15076,6d2a008a5b311b75f7372958883673253a56c45508cb227671e31dc12f15f570,2026-08-28,reference/configuration JSON object,,,False,False,
art_sequence_2015.json,external/synthea/src/main/resources/modules/hiv/art_sequence_2015.json,json,external_reference_or_fixture,1,4,name; remarks; states; gmf_version,15403,0ca30f6d3b271b8598e8328d6843169f5c6e4fde8de9624066a072da1667a6dc,2026-08-28,reference/configuration JSON object,,,False,False,
hiv_baseline.json,external/synthea/src/main/resources/modules/hiv/hiv_baseline.json,json,external_reference_or_fixture,1,4,name; remarks; states; gmf_version,55606,735e0f9b25563f70eb61f8d9460e0a11b97ed910c65500792c2f7c1e856bc95f,2026-08-28,reference/configuration JSON object,,,False,False,
hiv_cd4.json,external/synthea/src/main/resources/modules/hiv/hiv_cd4.json,json,external_reference_or_fixture,1,4,name; remarks; states; gmf_version,44224,98989d607532cdd19f287c9666307726aedf36f186cc5509399043d66a5cd7c3,2026-08-28,reference/configuration JSON object,,,False,False,
hiv_oi_prophylaxis.json,external/synthea/src/main/resources/modules/hiv/hiv_oi_prophylaxis.json,json,external_reference_or_fixture,1,4,name; remarks; states; gmf_version,10482,9678e967e50fbe744857fa706da6500f1026d70a52ab358448a09a789e1d6a31,2026-08-28,reference/configuration JSON object,,,False,False,
hiv_screening.json,external/synthea/src/main/resources/modules/hiv/hiv_screening.json,json,external_reference_or_fixture,1,4,name; remarks; states; gmf_version,3564,c199444aa40f431698b633065429761806dacb626f9876c6c90da536a9a62429,2026-08-28,reference/configuration JSON object,,,False,False,
hiv_viral_load.json,external/synthea/src/main/resources/modules/hiv/hiv_viral_load.json,json,external_reference_or_fixture,1,4,name; remarks; states; gmf_version,11279,99d3b53a6caed70b0452b55319d631bad6bd38aed78a2468a5eebb929b7b1888,2026-08-28,reference/configuration JSON object,,,False,False,
stop_all_art_meds.json,external/synthea/src/main/resources/modules/hiv/stop_all_art_meds.json,json,external_reference_or_fixture,1,4,name; remarks; states; gmf_version,8235,fa704a0b9b72f44f14bff63539566bf960355908e288bed07e953074adff53c6,2026-08-28,reference/configuration JSON object,,,False,False,
hiv_care.json,external/synthea/src/main/resources/modules/hiv_care.json,json,external_reference_or_fixture,1,4,name; remarks; states; gmf_version,25884,51d67127d1ba7135e73d97e168c0d59320c6e368f0cd4fa8518bdea449ad157c,2026-08-28,reference/configuration JSON object,,,False,False,
hiv_diagnosis.json,external/synthea/src/main/resources/modules/hiv_diagnosis.json,json,external_reference_or_fixture,1,4,name; remarks; states; gmf_version,8126,1fefc75c1b6b7fc5729ca63b03f8d226c1ef13ba242c59ac36a00942f75ab222,2026-08-28,reference/configuration JSON object,,,False,False,
home_health_treatment.json,external/synthea/src/main/resources/modules/home_health_treatment.json,json,external_reference_or_fixture,1,4,name; remarks; states; gmf_version,9676,4a123141cad2092c8d458a52bd93670f42db34bfbe4b0be409dc0511164f6efe,2026-08-28,reference/configuration JSON object,,,False,False,
home_hospice_snf.json,external/synthea/src/main/resources/modules/home_hospice_snf.json,json,external_reference_or_fixture,1,4,name; remarks; states; gmf_version,23434,aa372e4b1dfd7bd003cdc8d2e24cd33b257eedc22605c3e5d8e9cbe26231fa56,2026-08-28,reference/configuration JSON object,,,False,False,
homelessness.json,external/synthea/src/main/resources/modules/homelessness.json,json,external_reference_or_fixture,1,4,name; remarks; states; gmf_version,16279,dd785a5db7103e36a497831ce917426194cbb91e053a1686429a488a23109625,2026-08-28,reference/configuration JSON object,,,False,False,
hospice_treatment.json,external/synthea/src/main/resources/modules/hospice_treatment.json,json,external_reference_or_fixture,1,4,name; remarks; states; gmf_version,8265,0109b57aa57acff469b88c9354861436c916911d1cfebab50f0d5045a677df62,2026-08-28,reference/configuration JSON object,,,False,False,
hypertension.json,external/synthea/src/main/resources/modules/hypertension.json,json,external_reference_or_fixture,1,4,name; remarks; states; gmf_version,31626,edb365dfae5aecb1d503228b182d5e891b51bc312770db6ce3bcb1bc762533a1,2026-08-28,reference/configuration JSON object,,,False,False,
hypothyroidism.json,external/synthea/src/main/resources/modules/hypothyroidism.json,json,external_reference_or_fixture,1,4,name; remarks; states; gmf_version,6173,1eccfbfe7e8d5b6c0988d83c58843653cd4af6c40cd6942dab956ffe456e889a,2026-08-28,reference/configuration JSON object,,,False,False,
injuries.json,external/synthea/src/main/resources/modules/injuries.json,json,external_reference_or_fixture,1,4,name; remarks; states; gmf_version,97375,d730a83cc2f428deeff020ecf63f7dc2e2c7830f1746a284d7864594fe856609,2026-08-28,reference/configuration JSON object,,,False,False,
broken_jaw.json,external/synthea/src/main/resources/modules/injuries/broken_jaw.json,json,external_reference_or_fixture,1,4,name; states; gmf_version; remarks,15864,f0e667bb029a76b645e18ae9505f81d40b1e383e9fd00401269bb20d1b98c795,2026-08-28,reference/configuration JSON object,,,False,False,
kidney_transplant.json,external/synthea/src/main/resources/modules/kidney_transplant.json,json,external_reference_or_fixture,1,4,name; remarks; states; gmf_version,58586,83ea3a8e8644031ad9cb5baa10145526b52a8055b488b563916c1b6767b46361,2026-08-28,reference/configuration JSON object,,,False,False,
AML.csv,external/synthea/src/main/resources/modules/lookup_tables/AML.csv,csv,external_reference_or_fixture,12,5,gender; race; ethnicity; Levofloxacin; No_Levofloxacin_Prophylaxis,586,3051c3b7e74dea2c1241c9047990bf7114bf0bc9f77c8e780cec63096a574463,2026-08-28,unknown/reference table; inspect before analytical use,,,False,False,
ace_arb_amlodipine_benazepril_product_distribution.csv,external/synthea/src/main/resources/modules/lookup_tables/ace_arb_amlodipine_benazepril_product_distribution.csv,csv,external_reference_or_fixture,243,9,age; gender; state; Prescribe_Amlodipine_10_Mg_Benazepril_Hydrochloride_20_Mg_Oral_Capsule; Prescribe_Amlodipine_10_Mg_Benazepril_Hydrochloride_40_Mg_Oral_Capsule; Prescribe_Amlodipine_2_5_Mg_Benazepril_Hydrochloride_10_Mg_Oral_Capsule; Prescribe_Amlodipine_5_Mg_Benazepril_Hydrochloride_10_Mg_Oral_Capsule; Prescribe_Amlodipine_5_Mg_Benazepril_Hydrochloride_20_Mg_Oral_Capsule; Prescribe_Amlodipine_5_Mg_Benazepril_Hydrochloride_40_Mg_Oral_Capsule,12024,c8709908696ba513d1ceea3d9dbc1f2d51f526f17bca52d8b16e347dc226fcc2,2026-08-28,unknown/reference table; inspect before analytical use,,,False,False,
ace_arb_benazepril_hydrochlorothiazide_product_distribution.csv,external/synthea/src/main/resources/modules/lookup_tables/ace_arb_benazepril_hydrochlorothiazide_product_distribution.csv,csv,external_reference_or_fixture,169,6,age; gender; state; Prescribe_Benazepril_Hydrochloride_10_Mg_Hydrochlorothiazide_12_5_Mg_Oral_Tablet; Prescribe_Benazepril_Hydrochloride_20_Mg_Hydrochlorothiazide_12_5_Mg_Oral_Tablet; Prescribe_Benazepril_Hydrochloride_20_Mg_Hydrochlorothiazide_25_Mg_Oral_Tablet,5768,fbf127665094deb16373099e60dfd5248569e998ea0bbd3584d7c9cc53518a23,2026-08-28,unknown/reference table; inspect before analytical use,,,False,False,
ace_arb_benazepril_product_distribution.csv,external/synthea/src/main/resources/modules/lookup_tables/ace_arb_benazepril_product_distribution.csv,csv,external_reference_or_fixture,284,7,age; gender; state; Prescribe_Benazepril_Hydrochloride_10_Mg_Oral_Tablet; Prescribe_Benazepril_Hydrochloride_20_Mg_Oral_Tablet; Prescribe_Benazepril_Hydrochloride_40_Mg_Oral_Tablet; Prescribe_Benazepril_Hydrochloride_5_Mg_Oral_Tablet,11354,957b84dcd4712f90d9031f4d0eb9a00088235439538afbd24b29a0a3a44e9061,2026-08-28,unknown/reference table; inspect before analytical use,,,False,False,
ace_arb_enalapril_product_distribution.csv,external/synthea/src/main/resources/modules/lookup_tables/ace_arb_enalapril_product_distribution.csv,csv,external_reference_or_fixture,276,8,age; gender; state; Prescribe_Enalapril_Maleate_10_Mg_Oral_Tablet; Prescribe_Enalapril_Maleate_1_Mg_Ml_Oral_Solution_Epaned; Prescribe_Enalapril_Maleate_20_Mg_Oral_Tablet; Prescribe_Enalapril_Maleate_2_5_Mg_Oral_Tablet; Prescribe_Enalapril_Maleate_5_Mg_Oral_Tablet,12264,023e1aa65c010cf66452ec04fe54c174d5dbf9c36cbd537e1135f339d6a7f441,2026-08-28,unknown/reference table; inspect before analytical use,,,False,False,
ace_arb_hydrochlorothiazide_lisinopril_product_distribution.csv,external/synthea/src/main/resources/modules/lookup_tables/ace_arb_hydrochlorothiazide_lisinopril_product_distribution.csv,csv,external_reference_or_fixture,351,6,age; gender; state; Prescribe_Hydrochlorothiazide_12_5_Mg_Lisinopril_10_Mg_Oral_Tablet; Prescribe_Hydrochlorothiazide_12_5_Mg_Lisinopril_20_Mg_Oral_Tablet; Prescribe_Hydrochlorothiazide_25_Mg_Lisinopril_20_Mg_Oral_Tablet,12656,dc374f8e51b0bd07b6015f75a6f600d608cf6b50430f30bce6cffefd2e16784b,2026-08-28,unknown/reference table; inspect before analytical use,,,False,False,
ace_arb_hydrochlorothiazide_losartan_product_distribution.csv,external/synthea/src/main/resources/modules/lookup_tables/ace_arb_hydrochlorothiazide_losartan_product_distribution.csv,csv,external_reference_or_fixture,351,9,age; gender; state; Prescribe_Hydrochlorothiazide_12_5_Mg_Losartan_Potassium_100_Mg_Oral_Tablet; Prescribe_Hydrochlorothiazide_12_5_Mg_Losartan_Potassium_100_Mg_Oral_Tablet_Hyzaar; Prescribe_Hydrochlorothiazide_12_5_Mg_Losartan_Potassium_50_Mg_Oral_Tablet; Prescribe_Hydrochlorothiazide_12_5_Mg_Losartan_Potassium_50_Mg_Oral_Tablet_Hyzaar; Prescribe_Hydrochlorothiazide_25_Mg_Losartan_Potassium_100_Mg_Oral_Tablet; Prescribe_Hydrochlorothiazide_25_Mg_Losartan_Potassium_100_Mg_Oral_Tablet_Hyzaar,16897,3a7534dd837666ecc791c8b59d535e0207f28cbe18f93b121d57471fc106938f,2026-08-28,unknown/reference table; inspect before analytical use,,,False,False,
ace_arb_hydrochlorothiazide_valsartan_product_distribution.csv,external/synthea/src/main/resources/modules/lookup_tables/ace_arb_hydrochlorothiazide_valsartan_product_distribution.csv,csv,external_reference_or_fixture,237,8,age; gender; state; Prescribe_Hydrochlorothiazide_12_5_Mg_Valsartan_160_Mg_Oral_Tablet; Prescribe_Hydrochlorothiazide_12_5_Mg_Valsartan_320_Mg_Oral_Tablet; Prescribe_Hydrochlorothiazide_12_5_Mg_Valsartan_80_Mg_Oral_Tablet; Prescribe_Hydrochlorothiazide_25_Mg_Valsartan_160_Mg_Oral_Tablet; Prescribe_Hydrochlorothiazide_25_Mg_Valsartan_320_Mg_Oral_Tablet,10739,7c89165283305d723a125d0ecfa35e58761ed148e7914f9bb880418ca7d767e9,2026-08-28,unknown/reference table; inspect before analytical use,,,False,False,
ace_arb_ingredient_distribution.csv,external/synthea/src/main/resources/modules/lookup_tables/ace_arb_ingredient_distribution.csv,csv,external_reference_or_fixture,611,18,age; gender; state; Prescribe_Amlodipine_Benazepril; Prescribe_Benazepril; Prescribe_Benazepril_Hydrochlorothiazide; Prescribe_Enalapril; Prescribe_Hydrochlorothiazide_Lisinopril; Prescribe_Hydrochlorothiazide_Losartan; Prescribe_Hydrochlorothiazide_Valsartan; Prescribe_Irbesartan; Prescribe_Lisinopril; Prescribe_Losartan; Prescribe_Quinapril; Prescribe_Ramipril; Prescribe_Sacubitril_Valsartan; Prescribe_Telmisartan; Prescribe_Valsartan,56024,328e78a984a255342a99e835fac4e936ac13eb1d95333f1fda4c9c5275e886e8,2026-08-28,unknown/reference table; inspect before analytical use,,,False,False,
ace_arb_irbesartan_product_distribution.csv,external/synthea/src/main/resources/modules/lookup_tables/ace_arb_irbesartan_product_distribution.csv,csv,external_reference_or_fixture,259,6,age; gender; state; Prescribe_Irbesartan_150_Mg_Oral_Tablet; Prescribe_Irbesartan_300_Mg_Oral_Tablet; Prescribe_Irbesartan_75_Mg_Oral_Tablet,8951,d61bc697e867ef0d4624177b64406f860a0159cc0718c41250179e5f0240e93d,2026-08-28,unknown/reference table; inspect before analytical use,,,False,False,
ace_arb_lisinopril_product_distribution.csv,external/synthea/src/main/resources/modules/lookup_tables/ace_arb_lisinopril_product_distribution.csv,csv,external_reference_or_fixture,573,10,age; gender; state; Prescribe_Lisinopril_10_Mg_Oral_Tablet; Prescribe_Lisinopril_1_Mg_Ml_Oral_Solution_Qbrelis; Prescribe_Lisinopril_20_Mg_Oral_Tablet; Prescribe_Lisinopril_2_5_Mg_Oral_Tablet; Prescribe_Lisinopril_30_Mg_Oral_Tablet; Prescribe_Lisinopril_40_Mg_Oral_Tablet; Prescribe_Lisinopril_5_Mg_Oral_Tablet,31215,f4fbf6838738852270f64fb8687c250d5bf39a149a2e1cb947171efc48661525,2026-08-28,unknown/reference table; inspect before analytical use,,,False,False,
ace_arb_losartan_product_distribution.csv,external/synthea/src/main/resources/modules/lookup_tables/ace_arb_losartan_product_distribution.csv,csv,external_reference_or_fixture,409,8,age; gender; state; Prescribe_Losartan_Potassium_100_Mg_Oral_Tablet; Prescribe_Losartan_Potassium_25_Mg_Oral_Tablet; Prescribe_Losartan_Potassium_25_Mg_Oral_Tablet_Cozaar; Prescribe_Losartan_Potassium_50_Mg_Oral_Tablet; Prescribe_Losartan_Potassium_50_Mg_Oral_Tablet_Cozaar,17975,bef7dc0ac6782ca9241a46295401aa9e5f86f0b3fcebea12fda1744ac9542785,2026-08-28,unknown/reference table; inspect before analytical use,,,False,False,
ace_arb_quinapril_product_distribution.csv,external/synthea/src/main/resources/modules/lookup_tables/ace_arb_quinapril_product_distribution.csv,csv,external_reference_or_fixture,137,7,age; gender; state; Prescribe_Quinapril_10_Mg_Oral_Tablet; Prescribe_Quinapril_20_Mg_Oral_Tablet; Prescribe_Quinapril_40_Mg_Oral_Tablet; Prescribe_Quinapril_5_Mg_Oral_Tablet,5371,d935f053430fab6f61f18336b87c773d069ce0da4ec873f90926e65db3d13697,2026-08-28,unknown/reference table; inspect before analytical use,,,False,False,
ace_arb_ramipril_product_distribution.csv,external/synthea/src/main/resources/modules/lookup_tables/ace_arb_ramipril_product_distribution.csv,csv,external_reference_or_fixture,222,7,age; gender; state; Prescribe_Ramipril_10_Mg_Oral_Capsule; Prescribe_Ramipril_1_25_Mg_Oral_Capsule; Prescribe_Ramipril_2_5_Mg_Oral_Capsule; Prescribe_Ramipril_5_Mg_Oral_Capsule,8791,5495e7b73b1099fa3292281e2664c759e1c8d6bf2c1c07c2228d905ce611fcd0,2026-08-28,unknown/reference table; inspect before analytical use,,,False,False,
ace_arb_sacubitril_valsartan_product_distribution.csv,external/synthea/src/main/resources/modules/lookup_tables/ace_arb_sacubitril_valsartan_product_distribution.csv,csv,external_reference_or_fixture,165,6,age; gender; state; Prescribe_Sacubitril_24_Mg_Valsartan_26_Mg_Oral_Tablet_Entresto; Prescribe_Sacubitril_49_Mg_Valsartan_51_Mg_Oral_Tablet_Entresto; Prescribe_Sacubitril_97_Mg_Valsartan_103_Mg_Oral_Tablet_Entresto,5574,091f263d9c9305468f3c72a478d734f76bebcc4b0eb61a1bcb4cb9319ea6fc32,2026-08-28,unknown/reference table; inspect before analytical use,,,False,False,
ace_arb_telmisartan_product_distribution.csv,external/synthea/src/main/resources/modules/lookup_tables/ace_arb_telmisartan_product_distribution.csv,csv,external_reference_or_fixture,194,8,age; gender; state; Prescribe_Telmisartan_20_Mg_Oral_Tablet; Prescribe_Telmisartan_20_Mg_Oral_Tablet_Micardis; Prescribe_Telmisartan_40_Mg_Oral_Tablet; Prescribe_Telmisartan_80_Mg_Oral_Tablet; Prescribe_Telmisartan_80_Mg_Oral_Tablet_Micardis,8274,939edcc0483e35b54a78d401e4cd25a1a8dd2d023eaa2f4b5fbcb67ecb98c6a4,2026-08-28,unknown/reference table; inspect before analytical use,,,False,False,
ace_arb_valsartan_product_distribution.csv,external/synthea/src/main/resources/modules/lookup_tables/ace_arb_valsartan_product_distribution.csv,csv,external_reference_or_fixture,319,8,age; gender; state; Prescribe_Valsartan_160_Mg_Oral_Tablet; Prescribe_Valsartan_320_Mg_Oral_Tablet; Prescribe_Valsartan_320_Mg_Oral_Tablet_Diovan; Prescribe_Valsartan_40_Mg_Oral_Tablet; Prescribe_Valsartan_80_Mg_Oral_Tablet,14226,e84d7a95d6c23d6ce3876a65767dc6f6c473a9e76be87ac70cb3d1a3b3dfb54f,2026-08-28,unknown/reference table; inspect before analytical use,,,False,False,
beta_blocker_atenolol_product_distribution.csv,external/synthea/src/main/resources/modules/lookup_tables/beta_blocker_atenolol_product_distribution.csv,csv,external_reference_or_fixture,396,6,age; gender; state; Prescribe_Atenolol_100_Mg_Oral_Tablet; Prescribe_Atenolol_25_Mg_Oral_Tablet; Prescribe_Atenolol_50_Mg_Oral_Tablet,13571,51d503f047577449a312d67757603a18aaf6224079d7b8a851f97c8cae772fa7,2026-08-28,unknown/reference table; inspect before analytical use,,,False,False,
beta_blocker_bisoprolol_hydrochlorothiazide_product_distribution.csv,external/synthea/src/main/resources/modules/lookup_tables/beta_blocker_bisoprolol_hydrochlorothiazide_product_distribution.csv,csv,external_reference_or_fixture,169,6,age; gender; state; Prescribe_Bisoprolol_Fumarate_10_Mg_Hydrochlorothiazide_6_25_Mg_Oral_Tablet; Prescribe_Bisoprolol_Fumarate_2_5_Mg_Hydrochlorothiazide_6_25_Mg_Oral_Tablet; Prescribe_Bisoprolol_Fumarate_5_Mg_Hydrochlorothiazide_6_25_Mg_Oral_Tablet,5978,2f4845695fc3bc9240bc0b2320aaf9401e33a12ae911507d443492f2a967134a,2026-08-28,unknown/reference table; inspect before analytical use,,,False,False,
beta_blocker_bisoprolol_product_distribution.csv,external/synthea/src/main/resources/modules/lookup_tables/beta_blocker_bisoprolol_product_distribution.csv,csv,external_reference_or_fixture,191,5,age; gender; state; Prescribe_Bisoprolol_Fumarate_10_Mg_Oral_Tablet; Prescribe_Bisoprolol_Fumarate_5_Mg_Oral_Tablet,5734,d7a63a20666c7338c4a9b19d8a27755d07e522516e815b1904128e328f983b43,2026-08-28,unknown/reference table; inspect before analytical use,,,False,False,
beta_blocker_carvedilol_product_distribution.csv,external/synthea/src/main/resources/modules/lookup_tables/beta_blocker_carvedilol_product_distribution.csv,csv,external_reference_or_fixture,374,13,age; gender; state; Prescribe_24_Hr_Carvedilol_Phosphate_10_Mg_Extended_Release_Oral_Capsule; Prescribe_24_Hr_Carvedilol_Phosphate_20_Mg_Extended_Release_Oral_Capsule; Prescribe_24_Hr_Carvedilol_Phosphate_20_Mg_Extended_Release_Oral_Capsule_Coreg; Prescribe_Carvedilol_12_5_Mg_Oral_Tablet; Prescribe_Carvedilol_12_5_Mg_Oral_Tablet_Coreg; Prescribe_Carvedilol_25_Mg_Oral_Tablet; Prescribe_Carvedilol_25_Mg_Oral_Tablet_Coreg; Prescribe_Carvedilol_3_125_Mg_Oral_Tablet; Prescribe_Carvedilol_6_25_Mg_Oral_Tablet; Prescribe_Carvedilol_6_25_Mg_Oral_Tablet_Coreg,24467,abb1833a6882d3b93bc29057d08e7d078081232bad140d412b904c306f2581ed,2026-08-28,unknown/reference table; inspect before analytical use,,,False,False,
beta_blocker_ingredient_distribution.csv,external/synthea/src/main/resources/modules/lookup_tables/beta_blocker_ingredient_distribution.csv,csv,external_reference_or_fixture,559,11,age; gender; state; Prescribe_Atenolol; Prescribe_Bisoprolol; Prescribe_Bisoprolol_Hydrochlorothiazide; Prescribe_Carvedilol; Prescribe_Labetalol; Prescribe_Metoprolol; Prescribe_Nebivolol; Prescribe_Propranolol,33155,4c6b96598c6b639ca6dcdfe3b1da297e2171cbfaffbd821f7312dada96dcedc2,2026-08-28,unknown/reference table; inspect before analytical use,,,False,False,
beta_blocker_labetalol_product_distribution.csv,external/synthea/src/main/resources/modules/lookup_tables/beta_blocker_labetalol_product_distribution.csv,csv,external_reference_or_fixture,327,6,age; gender; state; Prescribe_Labetalol_Hydrochloride_100_Mg_Oral_Tablet; Prescribe_Labetalol_Hydrochloride_200_Mg_Oral_Tablet; Prescribe_Labetalol_Hydrochloride_300_Mg_Oral_Tablet,11277,98deaf7ec9f471b4c086576a940941ffe231856beb516cbc0a2389a1ffb6ec0f,2026-08-28,unknown/reference table; inspect before analytical use,,,False,False,
beta_blocker_metoprolol_product_distribution.csv,external/synthea/src/main/resources/modules/lookup_tables/beta_blocker_metoprolol_product_distribution.csv,csv,external_reference_or_fixture,406,15,age; gender; state; Prescribe_24_Hr_Metoprolol_Succinate_100_Mg_Extended_Release_Oral_Tablet; Prescribe_24_Hr_Metoprolol_Succinate_200_Mg_Extended_Release_Oral_Tablet; Prescribe_24_Hr_Metoprolol_Succinate_25_Mg_Extended_Release_Oral_Tablet; Prescribe_24_Hr_Metoprolol_Succinate_25_Mg_Extended_Release_Oral_Tablet_Toprol; Prescribe_24_Hr_Metoprolol_Succinate_50_Mg_Extended_Release_Oral_Tablet; Prescribe_24_Hr_Metoprolol_Succinate_50_Mg_Extended_Release_Oral_Tablet_Toprol; Prescribe_5_Ml_Metoprolol_Tartrate_1_Mg_Ml_Cartridge; Prescribe_5_Ml_Metoprolol_Tartrate_1_Mg_Ml_Injection; Prescribe_Metoprolol_Tartrate_100_Mg_Oral_Tablet; Prescribe_Metoprolol_Tartrate_25_Mg_Oral_Tablet; Prescribe_Metoprolol_Tartrate_50_Mg_Oral_Tablet; Prescribe_Metoprolol_Tartrate_50_Mg_Oral_Tablet_Lopressor,32198,33450943427a2bf27515e57092bbb97a205b067712d945aa52baf9ad04c4b97c,2026-08-28,unknown/reference table; inspect before analytical use,,,False,False,
beta_blocker_nebivolol_product_distribution.csv,external/synthea/src/main/resources/modules/lookup_tables/beta_blocker_nebivolol_product_distribution.csv,csv,external_reference_or_fixture,226,7,age; gender; state; Prescribe_Nebivolol_10_Mg_Oral_Tablet_Bystolic; Prescribe_Nebivolol_20_Mg_Oral_Tablet_Bystolic; Prescribe_Nebivolol_2_5_Mg_Oral_Tablet_Bystolic; Prescribe_Nebivolol_5_Mg_Oral_Tablet_Bystolic,8910,a1371c4c1e97e0ad1a311ac22a98df2a776a3059f26bca5deb65379b087a27b4,2026-08-28,unknown/reference table; inspect before analytical use,,,False,False,
beta_blocker_propranolol_product_distribution.csv,external/synthea/src/main/resources/modules/lookup_tables/beta_blocker_propranolol_product_distribution.csv,csv,external_reference_or_fixture,478,12,age; gender; state; Prescribe_24_Hr_Propranolol_Hydrochloride_120_Mg_Extended_Release_Oral_Capsule; Prescribe_24_Hr_Propranolol_Hydrochloride_160_Mg_Extended_Release_Oral_Capsule; Prescribe_24_Hr_Propranolol_Hydrochloride_60_Mg_Extended_Release_Oral_Capsule; Prescribe_24_Hr_Propranolol_Hydrochloride_80_Mg_Extended_Release_Oral_Capsule; Prescribe_Propranolol_Hydrochloride_10_Mg_Oral_Tablet; Prescribe_Propranolol_Hydrochloride_20_Mg_Oral_Tablet; Prescribe_Propranolol_Hydrochloride_40_Mg_Oral_Tablet; Prescribe_Propranolol_Hydrochloride_60_Mg_Oral_Tablet; Prescribe_Propranolol_Hydrochloride_80_Mg_Oral_Tablet,29204,e20d4e63e9a3cd39a9ac1949518ba24c1cf76c4651fc6cc32957df875b71d22a,2026-08-28,unknown/reference table; inspect before analytical use,,,False,False,
cabg_details_num_art_cond.csv,external/synthea/src/main/resources/modules/lookup_tables/cabg_details_num_art_cond.csv,csv,external_reference_or_fixture,6,7,cabg_number_of_grafts; Art_Cond_1; Art_Cond_2; Art_Cond_3; Art_Cond_4; Art_Cond_5; Art_Cond_6,309,c57bfa3b69bf489c30770d5371c16939b2c70d8a54a62ff4726b98a68cf0ee17,2026-08-28,unknown/reference table; inspect before analytical use,,,False,False,
cabg_details_num_grafts.csv,external/synthea/src/main/resources/modules/lookup_tables/cabg_details_num_grafts.csv,csv,external_reference_or_fixture,4,7,operative_status; Graft_No_1; Graft_No_2; Graft_No_3; Graft_No_4; Graft_No_5; Graft_No_6,272,e3d0b5c666350aa3d0cfe8ff5ad6c0c8cee90cc19e95d0b6b25661dd03601b78,2026-08-28,unknown/reference table; inspect before analytical use,,,False,False,
cabg_details_operative_approach.csv,external/synthea/src/main/resources/modules/lookup_tables/cabg_details_operative_approach.csv,csv,external_reference_or_fixture,4,4,operative_status; Sternotomy; Thoracotomy; Anything Else,143,96edd0ddd8ebd13d67306c3a92710599b32a1a99cf64b9d22d8720f608b7d7b1,2026-08-28,unknown/reference table; inspect before analytical use,,,False,False,
covid-19-severity-outcomes.csv,external/synthea/src/main/resources/modules/lookup_tables/covid-19-severity-outcomes.csv,csv,external_reference_or_fixture,6,6,age; covid19_risk; Negative Severity; General Severity; Severe Severity; Critical Severity,254,5844d7d398e601f4455777f1a634afc162751a08e6f0758fa8e28e39b9c93ea1,2026-08-28,unknown/reference table; inspect before analytical use,,,False,False,
covid-19-survival-outcomes.csv,external/synthea/src/main/resources/modules/lookup_tables/covid-19-survival-outcomes.csv,csv,external_reference_or_fixture,44,5,age; gender; covid19_severity; Survival: Survivor; Survival: Non-Survivor,1247,29df6556bcc6ca35a74d108f46f0c8e6698a70669ce15495c1a54ae92487401f,2026-08-28,unknown/reference table; inspect before analytical use,,,False,False,
covid19_prob.csv,external/synthea/src/main/resources/modules/lookup_tables/covid19_prob.csv,csv,external_reference_or_fixture,602,4,time; Check Vaccine Status; Terminal; Wait Until Exposure,37020,e55ec3494b3d43203bb1a9170f57f557d64daf7060fbac2049616a999ec6f7fd,2026-08-28,unknown/reference table; inspect before analytical use,,,False,True,
covid_dose_rates.csv,external/synthea/src/main/resources/modules/lookup_tables/covid_dose_rates.csv,csv,external_reference_or_fixture,273,9,date; Ages_12-15_yrs; Ages_16-17_yrs; Ages_18-29_yrs; Ages_30-39_yrs; Ages_40-49_yrs; Ages_50-64_yrs; Ages_65-74_yrs; Ages_75+_yrs,16070,c806b8d85d6e55c6a2a25481ab31df5515a3d5f0c71f84e32a51b146e1f9923a,2026-08-28,unknown/reference table; inspect before analytical use,,,False,True,
diabetic_retinopathy_followup.csv,external/synthea/src/main/resources/modules/lookup_tables/diabetic_retinopathy_followup.csv,csv,external_reference_or_fixture,10,7,diabetic_retinopathy_stage; macular_edema; Followup_Yearly; Followup_6-12Months; Followup_3-6Months; Followup_2-4Months; Followup_Monthly,319,1f4ce826d444f7a1a199edfefbd7dcc0b933b3d3712e23141725f064f8a8106d,2026-08-28,unknown/reference table; inspect before analytical use,,,False,False,
emergency_inhaler_albuterol_product_distribution.csv,external/synthea/src/main/resources/modules/lookup_tables/emergency_inhaler_albuterol_product_distribution.csv,csv,external_reference_or_fixture,2,9,age; Prescribe_Albuterol_0_21_Mg_Ml_Inhalation_Solution; Prescribe_Albuterol_0_417_Mg_Ml_Inhalation_Solution; Prescribe_Albuterol_0_83_Mg_Ml_Inhalation_Solution; Prescribe_Albuterol_5_Mg_Ml_Inhalation_Solution; Prescribe_Nda020503_200_Actuat_Albuterol_0_09_Mg_Actuat_Metered_Dose_Inhaler_Proventil; Prescribe_Nda020983_200_Actuat_Albuterol_0_09_Mg_Actuat_Metered_Dose_Inhaler_Ventolin; Prescribe_Nda020983_60_Actuat_Albuterol_0_09_Mg_Actuat_Metered_Dose_Inhaler_Ventolin; Prescribe_Nda021457_200_Actuat_Albuterol_0_09_Mg_Actuat_Metered_Dose_Inhaler_Proair,651,c827b35f6dab1fc38e725b4e09196b7ca6bed17317af8b2dd58611a77dbac0f9,2026-08-28,unknown/reference table; inspect before analytical use,,,False,False,
emergency_inhaler_ingredient_distribution.csv,external/synthea/src/main/resources/modules/lookup_tables/emergency_inhaler_ingredient_distribution.csv,csv,external_reference_or_fixture,2,3,age; Prescribe_Albuterol; Prescribe_Levalbuterol,80,1abf3ef9994cdec55659c1037bc3b6d7d6868b241b431c3b62cde0446096ec90,2026-08-28,unknown/reference table; inspect before analytical use,,,False,False,
emergency_inhaler_levalbuterol_product_distribution.csv,external/synthea/src/main/resources/modules/lookup_tables/emergency_inhaler_levalbuterol_product_distribution.csv,csv,external_reference_or_fixture,1,4,age; Prescribe_200_Actuat_Levalbuterol_0_045_Mg_Actuat_Metered_Dose_Inhaler; Prescribe_200_Actuat_Levalbuterol_0_045_Mg_Actuat_Metered_Dose_Inhaler_Xopenex; Prescribe_Levalbuterol_0_417_Mg_Ml_Inhalation_Solution,233,d15e3defd649d253a99b8a46332759dcc777b7db6e7becf6546f147577bb8128,2026-08-28,unknown/reference table; inspect before analytical use,,,False,False,
hiv_care.csv,external/synthea/src/main/resources/modules/lookup_tables/hiv_care.csv,csv,external_reference_or_fixture,56,4,time; age; Continuous_ART; Non_Continuous_ART,2661,c84ac6daf1c0865dfbf93061179ecc9723c80649951c5ca93237092c34d2b10a,2026-08-28,unknown/reference table; inspect before analytical use,,,False,True,
hiv_diagnosis_early.csv,external/synthea/src/main/resources/modules/lookup_tables/hiv_diagnosis_early.csv,csv,external_reference_or_fixture,500,5,time; age; gender; Diagnosed_Early_Years; Wait_Until_Next_Diagnosis_Check,30015,413417f390c543846bc60a18fab74589f82dd1665d990ce33dfd3be86010a41c,2026-08-28,unknown/reference table; inspect before analytical use,,,False,True,
hiv_diagnosis_later.csv,external/synthea/src/main/resources/modules/lookup_tables/hiv_diagnosis_later.csv,csv,external_reference_or_fixture,324,5,time; age; gender; Diagnosed_Later_Years; Wait_Until_Next_Diagnosis_Check,18335,20636054c6c538c195ac47356c12b98f4fcb19236f1485fa56722dd7837d67ec,2026-08-28,unknown/reference table; inspect before analytical use,,,False,True,
hiv_mortality_early.csv,external/synthea/src/main/resources/modules/lookup_tables/hiv_mortality_early.csv,csv,external_reference_or_fixture,382,5,time; age; gender; Death; Living_with_Diagnosis_Early_Years,19217,ee8891f62b7049f21924b5961fdafbc9879dc130b1fe6bf7424086c0ec9296f7,2026-08-28,unknown/reference table; inspect before analytical use,,,False,True,
hiv_mortality_later.csv,external/synthea/src/main/resources/modules/lookup_tables/hiv_mortality_later.csv,csv,external_reference_or_fixture,376,5,time; age; gender; Death; Living_with_Diagnosis_Later_Years,18915,ef0022fd3c3f344070b28d71e0b837030856f5714d911c5a0db1c48c1cb5f587,2026-08-28,unknown/reference table; inspect before analytical use,,,False,True,
hiv_mortality_very_early.csv,external/synthea/src/main/resources/modules/lookup_tables/hiv_mortality_very_early.csv,csv,external_reference_or_fixture,13,3,time; Death_within_six_months; Living_with_Diagnosis_Six_Months,550,d58bc3683479cca5ffbc6025e4d241435d81dbe71af672dd802ff4faa07be5b0,2026-08-28,unknown/reference table; inspect before analytical use,,,False,True,
hiv_stage.csv,external/synthea/src/main/resources/modules/lookup_tables/hiv_stage.csv,csv,external_reference_or_fixture,60,5,time; age; stage_1; stage_2; stage_3,3039,6ddc14395ca565697f24b057f95d275c74154c1d0a6b03c09f2eac162d1ddc0d,2026-08-28,unknown/reference table; inspect before analytical use,,,False,True,
maintenance_inhaler_beclomethasone_product_distribution.csv,external/synthea/src/main/resources/modules/lookup_tables/maintenance_inhaler_beclomethasone_product_distribution.csv,csv,external_reference_or_fixture,2,3,age; Prescribe_Breath_Actuated_120_Actuat_Beclomethasone_Dipropionate_0_04_Mg_Actuat_Metered_Dose_Inhaler_Qvar; Prescribe_Breath_Actuated_120_Actuat_Beclomethasone_Dipropionate_0_08_Mg_Actuat_Metered_Dose_Inhaler_Qvar,249,52504fe67c4d9a5a304cb8405c140df5f9e46ebc2168c2614b4546e8a2953a78,2026-08-28,unknown/reference table; inspect before analytical use,,,False,False,
maintenance_inhaler_budesonide_product_distribution.csv,external/synthea/src/main/resources/modules/lookup_tables/maintenance_inhaler_budesonide_product_distribution.csv,csv,external_reference_or_fixture,2,7,age; Prescribe_120_Actuat_Budesonide_0_18_Mg_Actuat_Dry_Powder_Inhaler_Pulmicort; Prescribe_60_Actuat_Budesonide_0_09_Mg_Actuat_Dry_Powder_Inhaler_Pulmicort; Prescribe_Budesonide_0_125_Mg_Ml_Inhalation_Suspension; Prescribe_Budesonide_0_125_Mg_Ml_Inhalation_Suspension_Pulmicort; Prescribe_Budesonide_0_25_Mg_Ml_Inhalation_Suspension; Prescribe_Budesonide_0_5_Mg_Ml_Inhalation_Suspension,461,cc1cfe06e8274a58912b5ce3f8a150cb0693d74402aa7e2b58c9a33b7c820626,2026-08-28,unknown/reference table; inspect before analytical use,,,False,False,
maintenance_inhaler_fluticasone_product_distribution.csv,external/synthea/src/main/resources/modules/lookup_tables/maintenance_inhaler_fluticasone_product_distribution.csv,csv,external_reference_or_fixture,2,9,age; Prescribe_120_Actuat_Fluticasone_Propionate_0_044_Mg_Actuat_Metered_Dose_Inhaler_Flovent; Prescribe_120_Actuat_Fluticasone_Propionate_0_11_Mg_Actuat_Metered_Dose_Inhaler_Flovent; Prescribe_120_Actuat_Fluticasone_Propionate_0_22_Mg_Actuat_Metered_Dose_Inhaler_Flovent; Prescribe_30_Actuat_Fluticasone_Furoate_0_1_Mg_Actuat_Dry_Powder_Inhaler_Arnuity; Prescribe_30_Actuat_Fluticasone_Furoate_0_2_Mg_Actuat_Dry_Powder_Inhaler_Arnuity; Prescribe_60_Actuat_Fluticasone_Propionate_0_05_Mg_Actuat_Dry_Powder_Inhaler_Flovent; Prescribe_60_Actuat_Fluticasone_Propionate_0_1_Mg_Actuat_Dry_Powder_Inhaler_Flovent; Prescribe_60_Actuat_Fluticasone_Propionate_0_25_Mg_Actuat_Dry_Powder_Inhaler_Flovent,781,a28871ce36fe38afbd9c0c3f7c316f41187f4e038aff34bd5a65b4eb3c9c5a0a,2026-08-28,unknown/reference table; inspect before analytical use,,,False,False,
maintenance_inhaler_ingredient_distribution.csv,external/synthea/src/main/resources/modules/lookup_tables/maintenance_inhaler_ingredient_distribution.csv,csv,external_reference_or_fixture,2,5,age; Prescribe_Beclomethasone; Prescribe_Budesonide; Prescribe_Fluticasone; Prescribe_Mometasone,150,5d8a08b6530e5d20a064b3429e47b26f62f8c4fd32a3a3fb513b2be675854176,2026-08-28,unknown/reference table; inspect before analytical use,,,False,False,
maintenance_inhaler_mometasone_product_distribution.csv,external/synthea/src/main/resources/modules/lookup_tables/maintenance_inhaler_mometasone_product_distribution.csv,csv,external_reference_or_fixture,1,6,age; Prescribe_120_Actuat_Mometasone_Furoate_0_1_Mg_Actuat_Metered_Dose_Inhaler_Asmanex; Prescribe_120_Actuat_Mometasone_Furoate_0_22_Mg_Actuat_Dry_Powder_Inhaler_Asmanex; Prescribe_120_Actuat_Mometasone_Furoate_0_2_Mg_Actuat_Metered_Dose_Inhaler_Asmanex; Prescribe_14_Actuat_Mometasone_Furoate_0_22_Mg_Actuat_Dry_Powder_Inhaler_Asmanex; Prescribe_60_Actuat_Mometasone_Furoate_0_22_Mg_Actuat_Dry_Powder_Inhaler_Asmanex,452,e42702f5cf21e2033cb67c3b0be4c36c838dd7dc288e25fd81244b49890dc201,2026-08-28,unknown/reference table; inspect before analytical use,,,False,False,
or_blood_anemia_check.csv,external/synthea/src/main/resources/modules/lookup_tables/or_blood_anemia_check.csv,csv,external_reference_or_fixture,16,4,cardiac_surgery; operative_status; RBC; Platelet_Check,585,9f784b683dddbc1d2efce662637676b0046f8e117421ab29061e450be2d5ca78,2026-08-28,unknown/reference table; inspect before analytical use,,,False,False,
or_blood_plasma_check.csv,external/synthea/src/main/resources/modules/lookup_tables/or_blood_plasma_check.csv,csv,external_reference_or_fixture,16,4,cardiac_surgery; operative_status; Plasma_Transfusion; Terminal,600,248496c572d8861e7beb5cc50dc4b91068f4ee2949324c4b82becfe7fc75ed2d,2026-08-28,unknown/reference table; inspect before analytical use,,,False,False,
or_blood_platelet_check.csv,external/synthea/src/main/resources/modules/lookup_tables/or_blood_platelet_check.csv,csv,external_reference_or_fixture,16,4,cardiac_surgery; operative_status; Platelet_Transfusion; Plasma_Check,596,2e76db04c63e724978a101205a648817f92c7ca356b9204eff5d6bc83b7ee504,2026-08-28,unknown/reference table; inspect before analytical use,,,False,False,
statin_atorvastatin_product_distribution.csv,external/synthea/src/main/resources/modules/lookup_tables/statin_atorvastatin_product_distribution.csv,csv,external_reference_or_fixture,437,9,age; gender; state; Prescribe_Atorvastatin_10_Mg_Oral_Tablet; Prescribe_Atorvastatin_10_Mg_Oral_Tablet_Lipitor; Prescribe_Atorvastatin_20_Mg_Oral_Tablet; Prescribe_Atorvastatin_40_Mg_Oral_Tablet; Prescribe_Atorvastatin_40_Mg_Oral_Tablet_Lipitor; Prescribe_Atorvastatin_80_Mg_Oral_Tablet,22168,9994d165d0f39df06aa8628e1e700fe5e4151ea42c7de839d61c3c5cfb6b836b,2026-08-28,unknown/reference table; inspect before analytical use,,,False,False,
statin_ezetimibe_simvastatin_product_distribution.csv,external/synthea/src/main/resources/modules/lookup_tables/statin_ezetimibe_simvastatin_product_distribution.csv,csv,external_reference_or_fixture,138,7,age; gender; state; Prescribe_Ezetimibe_10_Mg_Simvastatin_20_Mg_Oral_Tablet; Prescribe_Ezetimibe_10_Mg_Simvastatin_40_Mg_Oral_Tablet; Prescribe_Ezetimibe_10_Mg_Simvastatin_40_Mg_Oral_Tablet_Vytorin; Prescribe_Ezetimibe_10_Mg_Simvastatin_80_Mg_Oral_Tablet,5411,f6dcd2e869e8f538ec42ec0988cd5ffdcf74d6aedf8ace9dc9e6c78134627c0a,2026-08-28,unknown/reference table; inspect before analytical use,,,False,False,
statin_ingredient_distribution.csv,external/synthea/src/main/resources/modules/lookup_tables/statin_ingredient_distribution.csv,csv,external_reference_or_fixture,437,10,age; gender; state; Prescribe_Atorvastatin; Prescribe_Ezetimibe_Simvastatin; Prescribe_Lovastatin; Prescribe_Pitavastatin; Prescribe_Pravastatin; Prescribe_Rosuvastatin; Prescribe_Simvastatin,24434,d70d4f4cc8544d6a2d5aa3fa3738f4445e561a5b90c191b7f726a1c62a122af2,2026-08-28,unknown/reference table; inspect before analytical use,,,False,False,
statin_lovastatin_product_distribution.csv,external/synthea/src/main/resources/modules/lookup_tables/statin_lovastatin_product_distribution.csv,csv,external_reference_or_fixture,267,6,age; gender; state; Prescribe_Lovastatin_10_Mg_Oral_Tablet; Prescribe_Lovastatin_20_Mg_Oral_Tablet; Prescribe_Lovastatin_40_Mg_Oral_Tablet,9646,bdbe28fc4199c6d553c9544bd7edc57187fe8649cfcea88623be1cc123ac7363,2026-08-28,unknown/reference table; inspect before analytical use,,,False,False,
statin_pitavastatin_product_distribution.csv,external/synthea/src/main/resources/modules/lookup_tables/statin_pitavastatin_product_distribution.csv,csv,external_reference_or_fixture,177,6,age; gender; state; Prescribe_Pitavastatin_Calcium_1_Mg_Oral_Tablet_Livalo; Prescribe_Pitavastatin_Calcium_2_Mg_Oral_Tablet_Livalo; Prescribe_Pitavastatin_Calcium_4_Mg_Oral_Tablet_Livalo,5904,ac6638335e41e0f5f6d4fab019471400652f48587b0adcd40180681888a45c09,2026-08-28,unknown/reference table; inspect before analytical use,,,False,False,
statin_pravastatin_product_distribution.csv,external/synthea/src/main/resources/modules/lookup_tables/statin_pravastatin_product_distribution.csv,csv,external_reference_or_fixture,327,8,age; gender; state; Prescribe_Pravastatin_Sodium_10_Mg_Oral_Tablet; Prescribe_Pravastatin_Sodium_20_Mg_Oral_Tablet; Prescribe_Pravastatin_Sodium_40_Mg_Oral_Tablet; Prescribe_Pravastatin_Sodium_40_Mg_Oral_Tablet_Pravachol; Prescribe_Pravastatin_Sodium_80_Mg_Oral_Tablet,14896,48128152203b4ddb620f6b45d635ef9f4b0edb754845beee1bb11fd7b23cf071,2026-08-28,unknown/reference table; inspect before analytical use,,,False,False,
statin_rosuvastatin_product_distribution.csv,external/synthea/src/main/resources/modules/lookup_tables/statin_rosuvastatin_product_distribution.csv,csv,external_reference_or_fixture,319,11,age; gender; state; Prescribe_Rosuvastatin_Calcium_10_Mg_Oral_Tablet; Prescribe_Rosuvastatin_Calcium_10_Mg_Oral_Tablet_Crestor; Prescribe_Rosuvastatin_Calcium_20_Mg_Oral_Tablet; Prescribe_Rosuvastatin_Calcium_20_Mg_Oral_Tablet_Crestor; Prescribe_Rosuvastatin_Calcium_40_Mg_Oral_Tablet; Prescribe_Rosuvastatin_Calcium_40_Mg_Oral_Tablet_Crestor; Prescribe_Rosuvastatin_Calcium_5_Mg_Oral_Tablet; Prescribe_Rosuvastatin_Calcium_5_Mg_Oral_Tablet_Crestor,19074,a1a2164360f960b019dc8ad91d8f1ef63feefcc5d4892d1afa1a686c9eb358b1,2026-08-28,unknown/reference table; inspect before analytical use,,,False,False,
statin_simvastatin_product_distribution.csv,external/synthea/src/main/resources/modules/lookup_tables/statin_simvastatin_product_distribution.csv,csv,external_reference_or_fixture,365,8,age; gender; state; Prescribe_Simvastatin_10_Mg_Oral_Tablet; Prescribe_Simvastatin_20_Mg_Oral_Tablet; Prescribe_Simvastatin_40_Mg_Oral_Tablet; Prescribe_Simvastatin_5_Mg_Oral_Tablet; Prescribe_Simvastatin_80_Mg_Oral_Tablet,16611,0ee1abface65118a2b8d6305296ffc23d0375465229d0db436a3b90832e65ef7,2026-08-28,unknown/reference table; inspect before analytical use,,,False,False,
uti.csv,external/synthea/src/main/resources/modules/lookup_tables/uti.csv,csv,external_reference_or_fixture,10,5,age; gender; Cystitis; Pyelonephritis; Wait_for_UTI,348,6665a967f539b2c79568fb43e38468254449ace3e53002022cf2cd23e752fd85,2026-08-28,unknown/reference table; inspect before analytical use,,,False,False,
uti_recurrence.csv,external/synthea/src/main/resources/modules/lookup_tables/uti_recurrence.csv,csv,external_reference_or_fixture,10,4,age; gender; Cystitis; Pyelonephritis,367,baf597d27a7c139f962b7a100ff02abfcdc616c540478c7867e888305965aeda,2026-08-28,unknown/reference table; inspect before analytical use,,,False,False,
vhd_ar.csv,external/synthea/src/main/resources/modules/lookup_tables/vhd_ar.csv,csv,external_reference_or_fixture,38,5,age; gender; vhd_ar_risk; Aortic Valve Regurgitation; Annual Check,1246,69f481211603d2f07c05c3f3bcf5da675e7e97be9975eaaee500ab15537ee1fb,2026-08-28,unknown/reference table; inspect before analytical use,,,False,False,
vhd_as.csv,external/synthea/src/main/resources/modules/lookup_tables/vhd_as.csv,csv,external_reference_or_fixture,38,5,age; gender; vhd_as_risk; Aortic Valve Stenosis; Check for AR Onset,1247,8bf435896cec3b993e2ccfc0c981e8a4d1a7a43ad6849397b58a0ee95659623b,2026-08-28,unknown/reference table; inspect before analytical use,,,False,False,
vhd_mr.csv,external/synthea/src/main/resources/modules/lookup_tables/vhd_mr.csv,csv,external_reference_or_fixture,38,5,age; gender; vhd_mr_risk; Mitral Valve Regurgitation; Annual Check,1246,78a970a1139ab9d64cdc9b04db8b1ec28cf72b70f5701c532e28d17cb895a647,2026-08-28,unknown/reference table; inspect before analytical use,,,False,False,
vhd_ms.csv,external/synthea/src/main/resources/modules/lookup_tables/vhd_ms.csv,csv,external_reference_or_fixture,38,5,age; gender; vhd_ms_risk; Mitral Valve Stenosis; Check for MR Onset,1245,335feee1da21506fa7441d65c0b8d7d1d05783a157417f2551d6a487281f4d4e,2026-08-28,unknown/reference table; inspect before analytical use,,,False,False,
vhd_pr.csv,external/synthea/src/main/resources/modules/lookup_tables/vhd_pr.csv,csv,external_reference_or_fixture,38,5,age; gender; vhd_pr_risk; Pulmonic Valve Regurgitation; Annual Check,1234,07b9b2c51ce07524999f79dc2a897f7e568a375efd53ecaefeb43359a5df51bb,2026-08-28,unknown/reference table; inspect before analytical use,,,False,False,
vhd_ps.csv,external/synthea/src/main/resources/modules/lookup_tables/vhd_ps.csv,csv,external_reference_or_fixture,38,5,age; gender; vhd_ps_risk; Pulmonic Valve Stenosis; Check for PR Onset,1241,ea61fcc810400d793df0c40ce0b59763015001c83196855ce3a59af223af9d6e,2026-08-28,unknown/reference table; inspect before analytical use,,,False,False,
vhd_tr.csv,external/synthea/src/main/resources/modules/lookup_tables/vhd_tr.csv,csv,external_reference_or_fixture,38,5,age; gender; vhd_tr_risk; Tricuspid Valve Regurgitation; Annual Check,1249,c05eac1fbb72bc409deda5046d3142296ca05539c1457bc6b942b4a3aa084575,2026-08-28,unknown/reference table; inspect before analytical use,,,False,False,
vhd_ts.csv,external/synthea/src/main/resources/modules/lookup_tables/vhd_ts.csv,csv,external_reference_or_fixture,38,5,age; gender; vhd_ts_risk; Tricuspid Valve Stenosis; Check for TR Onset,1252,f600e227053dc180091f57e21ba9068bf5de68d62c0ab301e6cd269b0b325d9b,2026-08-28,unknown/reference table; inspect before analytical use,,,False,False,
lung_cancer.json,external/synthea/src/main/resources/modules/lung_cancer.json,json,external_reference_or_fixture,1,4,name; remarks; states; gmf_version,77148,c5c9722c4d0146d9554438229e5e0339cbad5ae1fe333ff270d020c5b2d98a92,2026-08-28,reference/configuration JSON object,,,False,False,
lung_cancer_probabilities.json,external/synthea/src/main/resources/modules/lung_cancer/lung_cancer_probabilities.json,json,external_reference_or_fixture,1,4,name; remarks; states; gmf_version,4066,15e4e7d35a0cc94f216cb2409a4ec47a9c875712ce28b87f3cdfb5156a5af818,2026-08-28,reference/configuration JSON object,,,False,False,
lupus.json,external/synthea/src/main/resources/modules/lupus.json,json,external_reference_or_fixture,1,4,name; remarks; states; gmf_version,10216,ebad84328ed841bbeda3be5c3d1a75faca169dd4971713783507aec0bbba7323,2026-08-28,reference/configuration JSON object,,,False,False,
mTBI.json,external/synthea/src/main/resources/modules/mTBI.json,json,external_reference_or_fixture,1,4,name; remarks; states; gmf_version,1729,fccecb0bf9eb36dfc48e40894d7d0dca5b2f1b20e14bc4dd3a21d697471823cf,2026-08-28,reference/configuration JSON object,,,False,False,
med_rec.json,external/synthea/src/main/resources/modules/med_rec.json,json,external_reference_or_fixture,1,4,name; remarks; states; gmf_version,1927,0cfef4ca6a2c39e9dc12f492b34118e02fa1e8a405d7ba3361e84fcd30184e5b,2026-08-28,reference/configuration JSON object,,,False,False,
ace_arb.json,external/synthea/src/main/resources/modules/medications/ace_arb.json,json,external_reference_or_fixture,1,4,name; remarks; gmf_version; states,66903,6e3bafd56fe32cc47d6f1e3d6d9e80778463fe825d5e4a5021b2351a01bcaa7f,2026-08-28,reference/configuration JSON object,,,False,False,
beta_blocker.json,external/synthea/src/main/resources/modules/medications/beta_blocker.json,json,external_reference_or_fixture,1,4,name; remarks; gmf_version; states,45656,5c3d77fe2b22c458074e07e324bfa83231038313983342b8f73cff658a83c32b,2026-08-28,reference/configuration JSON object,,,False,False,
ear_infection_antibiotic.json,external/synthea/src/main/resources/modules/medications/ear_infection_antibiotic.json,json,external_reference_or_fixture,1,4,name; remarks; states; gmf_version,17593,47e7301673352fa39b39fdde1024774ae86f2f5170c34aa5c6f8fc4536aeb930,2026-08-28,reference/configuration JSON object,,,False,False,
emergency_inhaler.json,external/synthea/src/main/resources/modules/medications/emergency_inhaler.json,json,external_reference_or_fixture,1,4,name; remarks; gmf_version; states,14915,963b420a316271a3f3548191f1c5ca029147adc6074ec30d086d3afa978eafb3,2026-08-28,reference/configuration JSON object,,,False,False,
hypertension_medication.json,external/synthea/src/main/resources/modules/medications/hypertension_medication.json,json,external_reference_or_fixture,1,4,name; remarks; states; gmf_version,33908,c9b0dcc659adf3cd2693615e13cd15c9f4e06ae76a2eab9a099837a384604720,2026-08-28,reference/configuration JSON object,,,False,False,
maintenance_inhaler.json,external/synthea/src/main/resources/modules/medications/maintenance_inhaler.json,json,external_reference_or_fixture,1,4,name; remarks; gmf_version; states,26357,37c0e1c234bd83561caec9a25797e5b103224e3857f2bf0045a6b3313cf768aa,2026-08-28,reference/configuration JSON object,,,False,False,
moderate_opioid_pain_reliever.json,external/synthea/src/main/resources/modules/medications/moderate_opioid_pain_reliever.json,json,external_reference_or_fixture,1,4,name; remarks; states; gmf_version,5290,2e230bbdab2a5dbd6a35d1a0771bb5379b185e9b11276be9be771992a1e994fc,2026-08-28,reference/configuration JSON object,,,False,False,
otc_antihistamine.json,external/synthea/src/main/resources/modules/medications/otc_antihistamine.json,json,external_reference_or_fixture,1,4,name; remarks; states; gmf_version,13308,61e25a48618417b4798d2ade3b20694fa484880dbfddaeeb9a5d98a5bf69eb64,2026-08-28,reference/configuration JSON object,,,False,False,
otc_pain_reliever.json,external/synthea/src/main/resources/modules/medications/otc_pain_reliever.json,json,external_reference_or_fixture,1,4,name; remarks; states; gmf_version,9504,26d3310f78db9b2da4177bc0d5b5501481fbee1dcb0959e6c4145a9cb9086efd,2026-08-28,reference/configuration JSON object,,,False,False,
statin.json,external/synthea/src/main/resources/modules/medications/statin.json,json,external_reference_or_fixture,1,4,name; remarks; gmf_version; states,33809,a7a71102bf5c0e28c34d85a4224dd2796913abc0117119460d2fc8c6a904cf7d,2026-08-28,reference/configuration JSON object,,,False,False,
strong_opioid_pain_reliever.json,external/synthea/src/main/resources/modules/medications/strong_opioid_pain_reliever.json,json,external_reference_or_fixture,1,4,name; remarks; states; gmf_version,4331,a653e9d7aa61a102fd26d053c21258f7c20ef4d298e9a8e8a222171e6b850ab8,2026-08-28,reference/configuration JSON object,,,False,False,
mend_program.json,external/synthea/src/main/resources/modules/mend_program.json,json,external_reference_or_fixture,1,4,name; remarks; states; gmf_version,4852,e37130bb9729f1e0f62b462ed4dd2a81c6fa7442a6f9d89308f37bc7da056f25,2026-08-28,reference/configuration JSON object,,,False,False,
amputations.json,external/synthea/src/main/resources/modules/metabolic_syndrome/amputations.json,json,external_reference_or_fixture,1,4,name; remarks; states; gmf_version,11894,99f5fb95bbadbfa863fe7ad30b16240456240453b8b13ec92c573daf78da575a,2026-08-28,reference/configuration JSON object,,,False,False,
diabetic_retinopathy_diagnoses.json,external/synthea/src/main/resources/modules/metabolic_syndrome/diabetic_retinopathy_diagnoses.json,json,external_reference_or_fixture,1,4,name; remarks; states; gmf_version,7179,5393e3653985a7e8817788c4afd632b48a2bc9c73c04fde6da5780d88246c231,2026-08-28,reference/configuration JSON object,,,False,False,
diabetic_retinopathy_progression.json,external/synthea/src/main/resources/modules/metabolic_syndrome/diabetic_retinopathy_progression.json,json,external_reference_or_fixture,1,4,name; remarks; states; gmf_version,7078,223971bbf9e3c382ca74555bb031d487d0f6e04d46244651afdefaa289e8ce78,2026-08-28,reference/configuration JSON object,,,False,False,
dme_supplies.json,external/synthea/src/main/resources/modules/metabolic_syndrome/dme_supplies.json,json,external_reference_or_fixture,1,4,name; remarks; states; gmf_version,2732,0099309a1fb7b08bb4ca2790e9443a2d4556a46ab2f57946ec12c803ce8eb210,2026-08-28,reference/configuration JSON object,,,False,False,
kidney_conditions.json,external/synthea/src/main/resources/modules/metabolic_syndrome/kidney_conditions.json,json,external_reference_or_fixture,1,4,name; remarks; states; gmf_version,59054,1362eeccd6c65aed3366f42c177398c3884b8b38ae78ed15af7025d454498354,2026-08-28,reference/configuration JSON object,,,False,False,
medications.json,external/synthea/src/main/resources/modules/metabolic_syndrome/medications.json,json,external_reference_or_fixture,1,2,name; states,11243,a615a2e41a4cadcd50c1382fec938089705c8ab5acfa2042f5b8729d8550826e,2026-08-28,reference/configuration JSON object,,,False,False,
metabolic_syndrome_care.json,external/synthea/src/main/resources/modules/metabolic_syndrome_care.json,json,external_reference_or_fixture,1,4,name; remarks; states; gmf_version,21629,3f198b701e26fdbc23ac0c8d6dc1cd76f876e76a16a771d52fe3fb7c823569ce,2026-08-28,reference/configuration JSON object,,,False,False,
metabolic_syndrome_disease.json,external/synthea/src/main/resources/modules/metabolic_syndrome_disease.json,json,external_reference_or_fixture,1,4,name; remarks; states; gmf_version,16795,9035bb772322a909e8490145c42b069f33133f601d9f6cd17a3c15bd64416501,2026-08-28,reference/configuration JSON object,,,False,False,
myocardial_infarction.json,external/synthea/src/main/resources/modules/myocardial_infarction.json,json,external_reference_or_fixture,1,5,name; specialty; remarks; states; gmf_version,8404,d7d2048f10bad83d99b1b9a4fe7c066d77b2e9e4307a33036b737d0aa6cbe468,2026-08-28,reference/configuration JSON object,,,False,False,
opioid_addiction.json,external/synthea/src/main/resources/modules/opioid_addiction.json,json,external_reference_or_fixture,1,4,name; remarks; states; gmf_version,27255,1ff06017a27f1b775a30f0a4212bdc8d63147fb2e610470c2653bfe273f455da,2026-08-28,reference/configuration JSON object,,,False,False,
osteoarthritis.json,external/synthea/src/main/resources/modules/osteoarthritis.json,json,external_reference_or_fixture,1,4,name; remarks; states; gmf_version,13909,736c190f8de468be54a4048c49c0de0690f7a86f6d929eae93b518e71479bd17,2026-08-28,reference/configuration JSON object,,,False,False,
osteoporosis.json,external/synthea/src/main/resources/modules/osteoporosis.json,json,external_reference_or_fixture,1,4,name; remarks; states; gmf_version,7021,4316767bfe08402f3314c22c90de016ebb2ceb5ff81719471485ce26f54ff605,2026-08-28,reference/configuration JSON object,,,False,False,
pregnancy.json,external/synthea/src/main/resources/modules/pregnancy.json,json,external_reference_or_fixture,1,4,name; remarks; states; gmf_version,68916,1bb96c30b0d8430c8b10b36fa30e246bb505dfa52d02eb10d7d432855ff8a736,2026-08-28,reference/configuration JSON object,,,False,False,
prescribing_opioids_for_chronic_pain_and_treatment_of_oud.json,external/synthea/src/main/resources/modules/prescribing_opioids_for_chronic_pain_and_treatment_of_oud.json,json,external_reference_or_fixture,1,4,name; remarks; states; gmf_version,90467,61a87e5c593b65dd70225bfc30026dbbd17c841f5abdfb043f937ffc0da5016a,2026-08-28,reference/configuration JSON object,,,False,False,
rheumatoid_arthritis.json,external/synthea/src/main/resources/modules/rheumatoid_arthritis.json,json,external_reference_or_fixture,1,4,name; remarks; states; gmf_version,10841,1f336dce0c46b76a5c786e44f1ba26a6230f05645064ad93a1784aed14b335ad,2026-08-28,reference/configuration JSON object,,,False,False,
self_harm.json,external/synthea/src/main/resources/modules/self_harm.json,json,external_reference_or_fixture,1,4,name; remarks; states; gmf_version,20659,cc1db830a15fd5b1c39b2dbd9724e107f4bd7df0b2557aaca978e69a886679ce,2026-08-28,reference/configuration JSON object,,,False,False,
sepsis.json,external/synthea/src/main/resources/modules/sepsis.json,json,external_reference_or_fixture,1,4,name; remarks; states; gmf_version,18767,5d60cf152c28a47c6c530f30ae6afef598306e8c1f4989c9a3a3944d1e8e5aab,2026-08-28,reference/configuration JSON object,,,False,False,
sexual_activity.json,external/synthea/src/main/resources/modules/sexual_activity.json,json,external_reference_or_fixture,1,4,name; remarks; states; gmf_version,13531,4063d9044ca48a134d6b74332ac097dad835214fcdf940049d74abf3a5520e59,2026-08-28,reference/configuration JSON object,,,False,False,
sinusitis.json,external/synthea/src/main/resources/modules/sinusitis.json,json,external_reference_or_fixture,1,3,name; states; gmf_version,15052,3d5251031e938f7df2ec78fd5a49dc21b4e85e603ece3c829fdcc0dc881bbdcd,2026-08-28,reference/configuration JSON object,,,False,False,
sleep_apnea.json,external/synthea/src/main/resources/modules/sleep_apnea.json,json,external_reference_or_fixture,1,4,name; remarks; states; gmf_version,28063,b1df64d9b9b4308d5fac745a9d1275f5ab3952c277050e36bb3977c051a78fc2,2026-08-28,reference/configuration JSON object,,,False,False,
skilled_nursing_facility.json,external/synthea/src/main/resources/modules/snf/skilled_nursing_facility.json,json,external_reference_or_fixture,1,4,name; remarks; states; gmf_version,9392,76c6b71fee153a3afa342fe985f16a9d089bdef6e56e3163a6c6f8050b0320a5,2026-08-28,reference/configuration JSON object,,,False,False,
sore_throat.json,external/synthea/src/main/resources/modules/sore_throat.json,json,external_reference_or_fixture,1,4,name; remarks; states; gmf_version,19260,602483e7e575426b18d7d53488e2d80704f5930a17848ab99fc93cf968e49a58,2026-08-28,reference/configuration JSON object,,,False,False,
spina_bifida.json,external/synthea/src/main/resources/modules/spina_bifida.json,json,external_reference_or_fixture,1,3,name; remarks; states,26893,286ade31730535c9174f78f809c8facc29d26aad066ca7d324dc873db0e3463e,2026-08-28,reference/configuration JSON object,,,False,False,
stable_ischemic_heart_disease.json,external/synthea/src/main/resources/modules/stable_ischemic_heart_disease.json,json,external_reference_or_fixture,1,5,name; specialty; remarks; states; gmf_version,6244,caef12130527c24b9cfb6b9eb94314f793f299b96cd0894c479e76bc81d6651f,2026-08-28,reference/configuration JSON object,,,False,False,
stroke.json,external/synthea/src/main/resources/modules/stroke.json,json,external_reference_or_fixture,1,5,name; specialty; remarks; states; gmf_version,4234,6dbd5a635f621be56427effc88019253f199bd947fc47eac6e7915756265f48c,2026-08-28,reference/configuration JSON object,,,False,False,
general_anesthesia.json,external/synthea/src/main/resources/modules/surgery/general_anesthesia.json,json,external_reference_or_fixture,1,4,name; remarks; states; gmf_version,11692,571ac961ef076d0831f4b1d8a48c25b4dffb34402c8f00971eb92ebb964d1916,2026-08-28,reference/configuration JSON object,,,False,False,
total_joint_replacement.json,external/synthea/src/main/resources/modules/total_joint_replacement.json,json,external_reference_or_fixture,1,4,name; remarks; states; gmf_version,12194,b8b12c2b1400d496017ddda5a81fe48ab0d1d82fb85c80a01594aff585375763,2026-08-28,reference/configuration JSON object,,,False,False,
functional_status_assessments.json,external/synthea/src/main/resources/modules/total_joint_replacement/functional_status_assessments.json,json,external_reference_or_fixture,1,4,name; remarks; states; gmf_version,23236,abc7a81862d475bb544ae94c2888141cd63b8e037345a250a8499ea9c2e377a4,2026-08-28,reference/configuration JSON object,,,False,False,
trigger_bone_marrow_transplant.json,external/synthea/src/main/resources/modules/trigger_bone_marrow_transplant.json,json,external_reference_or_fixture,1,4,name; remarks; states; gmf_version,3316,5c8f23775893af1bae61b3cb88f2e3136c8ba3dfbcab56335f38a99b8afdb6a9,2026-08-28,reference/configuration JSON object,,,False,False,
urinary_tract_infections.json,external/synthea/src/main/resources/modules/urinary_tract_infections.json,json,external_reference_or_fixture,1,4,name; remarks; states; gmf_version,8003,5497ba1e4e61bd5d8333691b802a93a64999080bb499fe99f4ef89ef201d9111,2026-08-28,reference/configuration JSON object,,,False,False,
abx_tx.json,external/synthea/src/main/resources/modules/uti/abx_tx.json,json,external_reference_or_fixture,1,3,name; states; gmf_version,26814,596fb1cd5c65f90bf343bc61ecd64435b937efcb4372d30a6ba0f6ae6cac398c,2026-08-28,reference/configuration JSON object,,,False,False,
ambulatory_eval.json,external/synthea/src/main/resources/modules/uti/ambulatory_eval.json,json,external_reference_or_fixture,1,3,name; states; gmf_version,1875,d8e47427e3824dc64062dd352c063e8552102fb9710f548c9692378b1a888c6b,2026-08-28,reference/configuration JSON object,,,False,False,
ambulatory_path.json,external/synthea/src/main/resources/modules/uti/ambulatory_path.json,json,external_reference_or_fixture,1,3,name; states; gmf_version,5558,90de8e090ebb5063a14f1862302e3dd32fd3238e1a3c3639b869aaf0b943b6e0,2026-08-28,reference/configuration JSON object,,,False,False,
ed_bundle.json,external/synthea/src/main/resources/modules/uti/ed_bundle.json,json,external_reference_or_fixture,1,3,name; states; gmf_version,58066,9958a73015acc1259f7bf051925530218cb89f860eb4ecfee74acc0194ed77d4,2026-08-28,reference/configuration JSON object,,,False,False,
ed_eval.json,external/synthea/src/main/resources/modules/uti/ed_eval.json,json,external_reference_or_fixture,1,3,name; states; gmf_version,3175,50e9669b7f8798f67585431b220bb81a168e9cd5107d1f97709f759cbd7d35d0,2026-08-28,reference/configuration JSON object,,,False,False,
ed_path.json,external/synthea/src/main/resources/modules/uti/ed_path.json,json,external_reference_or_fixture,1,3,name; states; gmf_version,1130,1df35bf092a9b804d0909bf88b432602057eda045ac27bda2491c37155a57373,2026-08-28,reference/configuration JSON object,,,False,False,
gu_pregnancy_check.json,external/synthea/src/main/resources/modules/uti/gu_pregnancy_check.json,json,external_reference_or_fixture,1,3,name; states; gmf_version,3527,3817bab1bb678ccb2558f93077b30e465dfeb2556639a1c52207d506c5e7919f,2026-08-28,reference/configuration JSON object,,,False,False,
hpi.json,external/synthea/src/main/resources/modules/uti/hpi.json,json,external_reference_or_fixture,1,4,name; remarks; states; gmf_version,4191,a5ef9d1b927aba4dede5837b631efcd6ff2f81272183a621a86245af9b37c95f,2026-08-28,reference/configuration JSON object,,,False,False,
lab_follow_up.json,external/synthea/src/main/resources/modules/uti/lab_follow_up.json,json,external_reference_or_fixture,1,3,name; states; gmf_version,3620,a945a4f2bfc1504eba657dbc4fca8ecfaedb516cd743defbd6ab05c93d37651c,2026-08-28,reference/configuration JSON object,,,False,False,
labs.json,external/synthea/src/main/resources/modules/uti/labs.json,json,external_reference_or_fixture,1,3,name; states; gmf_version,18089,d9088ab7390d981e6d1647c12d7950e0c9c740d4f01837e056bf11938c74d80f,2026-08-28,reference/configuration JSON object,,,False,False,
telemed_path.json,external/synthea/src/main/resources/modules/uti/telemed_path.json,json,external_reference_or_fixture,1,3,name; states; gmf_version,12495,c67a581a6571dfdf4a092fd1ef89fda2a653c2cbc67433077e369061f84ee7dc,2026-08-28,reference/configuration JSON object,,,False,False,
veteran.json,external/synthea/src/main/resources/modules/veteran.json,json,external_reference_or_fixture,1,4,name; remarks; states; gmf_version,19057,a530e6dd439cce42f8af7248de9094eeeee49de56cc2d80d951bc79ac438da3c,2026-08-28,reference/configuration JSON object,,,False,False,
veteran_hyperlipidemia.json,external/synthea/src/main/resources/modules/veteran_hyperlipidemia.json,json,external_reference_or_fixture,1,4,name; remarks; states; gmf_version,21959,9912a6ed5d90de2e2a258b123f14eb43e11bcc9da6168d70f032cde7a3742e58,2026-08-28,reference/configuration JSON object,,,False,False,
veteran_lung_cancer.json,external/synthea/src/main/resources/modules/veteran_lung_cancer.json,json,external_reference_or_fixture,1,4,name; remarks; states; gmf_version,34095,15ff1d3ab1f135b7ea974642d0cb0f4fd4fe103544e8448786ff6258d5c36855,2026-08-28,reference/configuration JSON object,,,False,False,
veteran_mdd.json,external/synthea/src/main/resources/modules/veteran_mdd.json,json,external_reference_or_fixture,1,4,name; remarks; states; gmf_version,20411,f8f1914d6d0d56ecd1768479b5b28653b035150bd4ef3cb30e4aec179d780bd5,2026-08-28,reference/configuration JSON object,,,False,False,
veteran_prostate_cancer.json,external/synthea/src/main/resources/modules/veteran_prostate_cancer.json,json,external_reference_or_fixture,1,4,name; remarks; states; gmf_version,34426,019a5a6218564abeffe42f557959feb437d686d6914c0cb9ce35be520a15f00c,2026-08-28,reference/configuration JSON object,,,False,False,
veteran_ptsd.json,external/synthea/src/main/resources/modules/veteran_ptsd.json,json,external_reference_or_fixture,1,4,name; remarks; states; gmf_version,33703,1fbe935248309e3e88ba19ee84265dcebe30091e32c2f0d677d57d262792495c,2026-08-28,reference/configuration JSON object,,,False,False,
veteran_self_harm.json,external/synthea/src/main/resources/modules/veteran_self_harm.json,json,external_reference_or_fixture,1,4,name; remarks; states; gmf_version,17020,e5ce53cb484c713a36cce81e641d495fd3f720bb39a4b544a2a3490f29661287,2026-08-28,reference/configuration JSON object,,,False,False,
veteran_substance_abuse_conditions.json,external/synthea/src/main/resources/modules/veteran_substance_abuse_conditions.json,json,external_reference_or_fixture,1,4,name; remarks; states; gmf_version,3749,0a25f0f0e0ffe0ed4a82ef208fce28770f8e9131fc9a3f78c24a26811e307957,2026-08-28,reference/configuration JSON object,,,False,False,
veteran_substance_abuse_treatment.json,external/synthea/src/main/resources/modules/veteran_substance_abuse_treatment.json,json,external_reference_or_fixture,1,4,name; remarks; states; gmf_version,6576,084c9a67b4d77f1861308be858ef6300fc82c901033da5eff4489cc910e7ed7b,2026-08-28,reference/configuration JSON object,,,False,False,
veteran_suicide_probabilities.json,external/synthea/src/main/resources/modules/veterans/veteran_suicide_probabilities.json,json,external_reference_or_fixture,1,4,name; remarks; states; gmf_version,2687,6891504319754de6f2d4ae13a13ef02ee0d7cfa59972abbde413066260e8919a,2026-08-28,reference/configuration JSON object,,,False,False,
vhd_aortic.json,external/synthea/src/main/resources/modules/vhd_aortic.json,json,external_reference_or_fixture,1,5,name; specialty; remarks; states; gmf_version,18869,4eb9406fff0ccc6588775c3a6a80afd169e1bea15bc953e78091dcc5211f20a2,2026-08-28,reference/configuration JSON object,,,False,False,
vhd_mitral.json,external/synthea/src/main/resources/modules/vhd_mitral.json,json,external_reference_or_fixture,1,5,name; specialty; remarks; states; gmf_version,4927,200fe23944fe7897a3e18439267c2d75bf928093c2f007494058379d23ab7a34,2026-08-28,reference/configuration JSON object,,,False,False,
vhd_pulmonic.json,external/synthea/src/main/resources/modules/vhd_pulmonic.json,json,external_reference_or_fixture,1,5,name; specialty; remarks; states; gmf_version,4903,13e59a8d46df4278a8ef827b74243c74f3a9c50c2a7848178556ce8ff0e4af2f,2026-08-28,reference/configuration JSON object,,,False,False,
vhd_tricuspid.json,external/synthea/src/main/resources/modules/vhd_tricuspid.json,json,external_reference_or_fixture,1,5,name; specialty; remarks; states; gmf_version,4914,f42ddc858a746959511b49a48b361398c25f7f5c589aeff8db14cee8e09094a9,2026-08-28,reference/configuration JSON object,,,False,False,
mend_week.json,external/synthea/src/main/resources/modules/weight_loss/mend_week.json,json,external_reference_or_fixture,1,3,name; remarks; states,4024,17d445996b901841f88c331c8337870fdcbb5ba5b7597deacb9665901b01dd04,2026-08-28,reference/configuration JSON object,,,False,False,
wellness_encounters.json,external/synthea/src/main/resources/modules/wellness_encounters.json,json,external_reference_or_fixture,1,4,name; remarks; states; gmf_version,30889,8102eb2671a780fee5b605c30447321a974e20a82d1734dccb0d6eb0d04f5fed,2026-08-28,reference/configuration JSON object,,,False,False,
nhanes_two_year_olds_bmi.csv,external/synthea/src/main/resources/nhanes_two_year_olds_bmi.csv,csv,external_reference_or_fixture,2239,9,id; sex; agem; wt; ht; swt; racec; bmi; prob,179336,146d3f90c56cc47101ba9526975b5d0247f4df6c555c3cb82d2fa0dd06c9d184,2026-08-28,unknown/reference table; inspect before analytical use,,,True,False,
carriers.csv,external/synthea/src/main/resources/payers/carriers.csv,csv,external_reference_or_fixture,91,5,CARR_NUM; CARR_LINE_PRCNG_LCLTY_CD; STATE; STATE_CODE; DETAIL,4497,caeebbcd40dd302afb6034ac8a48f365cafcee44bbe216febccbc1c0e99c43c4,2026-08-28,unknown/reference table; inspect before analytical use,,,False,False,
medicaid_income_eligibilities.csv,external/synthea/src/main/resources/payers/eligibility_input_files/medicaid_income_eligibilities.csv,csv,external_reference_or_fixture,51,7,state; 0-1; 2-5; 6-18; pregnant; parent; adult,2021,3e4ea9135301239988092fdaee810dcfa7b93af01e31d761e1b0ca0f12d9baa8,2026-08-28,unknown/reference table; inspect before analytical use,,,False,False,
medicaid_mnil_eligibilities.csv,external/synthea/src/main/resources/payers/eligibility_input_files/medicaid_mnil_eligibilities.csv,csv,external_reference_or_fixture,51,4,state; spenddown-available; age-blind-disabled-limit; monthly-spenddown-req,1325,45d61dc4d47e0529aae3a22cb66341f498e77d0119f3e0e84710501c7c5d3374,2026-08-28,unknown/reference table; inspect before analytical use,,,False,False,
ssd_eligibility.csv,external/synthea/src/main/resources/payers/eligibility_input_files/ssd_eligibility.csv,csv,external_reference_or_fixture,25,3,condition_name; attribute; codes,1423,2715afcc6c3dfc00b7f0f9eabcc3c98dca4a3c62fa82c8db6d24c56bddb7e4fb,2026-08-28,unknown/reference table; inspect before analytical use,,,False,False,
insurance_companies.csv,external/synthea/src/main/resources/payers/insurance_companies.csv,csv,external_reference_or_fixture,9,9,Id; Name; Address; City; State Headquarterd; Zip; Phone; States Covered; Ownership,824,ea9904cacd49b705ed4fb424eb01e52aa538d4ecf60d8ac3b63db83337f145d7,2026-08-28,unknown/reference table; inspect before analytical use,,,True,False,
insurance_eligibilities.csv,external/synthea/src/main/resources/payers/insurance_eligibilities.csv,csv,external_reference_or_fixture,8,12,Name; Poverty Multiplier; Income Threshold; Age Threshold; Qualifying Codes; Qualifying Attributes; Poverty Multiplier File; Spenddown File; Acceptance Likelihood; Sub-Eligibilities; Logical Operator; Notes,1085,53658e768e390968cecffddafd067775954b87338710aaa1d78cfce2863b9050,2026-08-28,unknown/reference table; inspect before analytical use,,,False,False,
insurance_plans.csv,external/synthea/src/main/resources/payers/insurance_plans.csv,csv,external_reference_or_fixture,19,17,Payer Id; Plan Id; Name; Services Covered; Deductible; Default Coinsurance; Default Copay; Monthly Premium; Max Out of Pocket; Medicare Supplement; Is ACA Plan; Income Based Premium; Eligibility Policy; Start Year; End Year; Priority Level; Notes,3204,8f51fcf45521b6a533e89605d9aba9ba2f3b81501db68397df28cac742ca8608,2026-08-28,unknown/reference table; inspect before analytical use,,,False,True,
ambulatory_surgical_center.csv,external/synthea/src/main/resources/providers/ambulatory_surgical_center.csv,csv,external_reference_or_fixture,5852,19,provider_num; npi; name; address; city; state; zip; fips_county; lat; lon; phone; provider_type_code; category; emergency; upin; pin; region_code; bed_count; clia_lab_number,949896,2d57c0d6fc4ccd28dc86e0a492cbbca5fcf6310949185d0190c79947a391a163,2026-08-28,unknown/reference table; inspect before analytical use,,,False,False,
dialysis.csv,external/synthea/src/main/resources/providers/dialysis.csv,csv,external_reference_or_fixture,8091,19,provider_num; npi; name; address; city; state; zip; fips_county; lat; lon; phone; provider_type_code; category; emergency; upin; pin; region_code; bed_count; clia_lab_number,1414519,af8b2ea4a1ff9dd46c5d8eb66823d664a24eba74e53cd52f685e604afb773a74,2026-08-28,unknown/reference table; inspect before analytical use,,,False,False,
home_health_agencies.csv,external/synthea/src/main/resources/providers/home_health_agencies.csv,csv,external_reference_or_fixture,11755,19,provider_num; npi; name; address; city; state; zip; fips_county; lat; lon; phone; provider_type_code; category; emergency; upin; pin; region_code; bed_count; clia_lab_number,2000478,437bdee4747a399e9bfef17d51e4a8b19677ace29d68f05e05ecd706168e2b2e,2026-08-28,unknown/reference table; inspect before analytical use,,,False,False,
hospice.csv,external/synthea/src/main/resources/providers/hospice.csv,csv,external_reference_or_fixture,5948,19,provider_num; npi; name; address; city; state; zip; fips_county; lat; lon; phone; provider_type_code; category; emergency; upin; pin; region_code; bed_count; clia_lab_number,1005178,3051a6f0192c726026a0cfe774644aaa1be42410bf49ed116be20af22b59357d,2026-08-28,unknown/reference table; inspect before analytical use,,,False,False,
hospitals.csv,external/synthea/src/main/resources/providers/hospitals.csv,csv,external_reference_or_fixture,10678,19,provider_num; npi; name; address; city; state; zip; fips_county; lat; lon; phone; provider_type_code; category; emergency; upin; pin; region_code; bed_count; clia_lab_number,1822542,67c25e4093be195b0f0cb13567798c916af348baa0be1616d2aaa45555e681fa,2026-08-28,unknown/reference table; inspect before analytical use,,,False,False,
ihs_centers.csv,external/synthea/src/main/resources/providers/ihs_centers.csv,csv,external_reference_or_fixture,438,15,; id; name; address; city; state; zip; county; phone; type; ownership; emergency; quality; LAT; LON,60076,1882f86cb3e405fd860b687ffb611bad56d9cce11ecdee16f5fe68901e6a086e,2026-08-28,unknown/reference table; inspect before analytical use,,,True,False,
ihs_facilities.csv,external/synthea/src/main/resources/providers/ihs_facilities.csv,csv,external_reference_or_fixture,44,15,; id; name; address; city; state; zip; county; phone; type; ownership; emergency; quality; LAT; LON,7661,e7181704dad870ce047814bd01e4422930d99d2f5aac385da6cc1ec64782ebe0,2026-08-28,unknown/reference table; inspect before analytical use,,,True,False,
longterm.csv,external/synthea/src/main/resources/providers/longterm.csv,csv,external_reference_or_fixture,387,19,provider_num; npi; name; address; city; state; zip; fips_county; lat; lon; phone; provider_type_code; category; emergency; upin; pin; region_code; bed_count; clia_lab_number,75739,46047f9171ba0180081f9c91b1eed624cafcf4511e565acafaf129accf0d667a,2026-08-28,unknown/reference table; inspect before analytical use,,,False,False,
nursing.csv,external/synthea/src/main/resources/providers/nursing.csv,csv,external_reference_or_fixture,15204,19,provider_num; npi; name; address; city; state; zip; fips_county; lat; lon; phone; provider_type_code; category; emergency; upin; pin; region_code; bed_count; clia_lab_number,2591939,14161639b7243450369cb01185bbd1c4e44919bc50fe366a87dcc4b907985604,2026-08-28,unknown/reference table; inspect before analytical use,,,False,False,
primary_care_facilities.csv,external/synthea/src/main/resources/providers/primary_care_facilities.csv,csv,external_reference_or_fixture,39143,19,provider_num; npi; name; address; city; state; zip; fips_county; lat; lon; phone; provider_type_code; category; emergency; upin; pin; region_code; bed_count; clia_lab_number,6344264,084ced1eaec11f50f1d3e1f39bae827882fd9ad063b8cd614f54ca0b2114e872,2026-08-28,unknown/reference table; inspect before analytical use,,,False,False,
primary_care_facilities_children.csv,external/synthea/src/main/resources/providers/primary_care_facilities_children.csv,csv,external_reference_or_fixture,740,19,provider_num; npi; name; address; city; state; zip; fips_county; lat; lon; phone; provider_type_code; category; emergency; upin; pin; region_code; bed_count; clia_lab_number,118171,e8a813d9f2c06f96547f871d3c69bcf5934ac2a1b816810d366d93544834ea01,2026-08-28,unknown/reference table; inspect before analytical use,,,False,False,
primary_care_facilities_women.csv,external/synthea/src/main/resources/providers/primary_care_facilities_women.csv,csv,external_reference_or_fixture,3198,19,provider_num; npi; name; address; city; state; zip; fips_county; lat; lon; phone; provider_type_code; category; emergency; upin; pin; region_code; bed_count; clia_lab_number,510372,800ba9b0a117276212f90bd8fddb14becfcb3cbcc6ac1a1052ad4b85977b5726,2026-08-28,unknown/reference table; inspect before analytical use,,,False,False,
rehab.csv,external/synthea/src/main/resources/providers/rehab.csv,csv,external_reference_or_fixture,12698,19,provider_num; npi; name; address; city; state; zip; fips_county; lat; lon; phone; provider_type_code; category; emergency; upin; pin; region_code; bed_count; clia_lab_number,2011605,306ed1f2682b961277edc9c2fbc28f439605e5b300b8a51f017e50baced51496,2026-08-28,unknown/reference table; inspect before analytical use,,,False,False,
urgent_care_facilities.csv,external/synthea/src/main/resources/providers/urgent_care_facilities.csv,csv,external_reference_or_fixture,1943,19,provider_num; npi; name; address; city; state; zip; fips_county; lat; lon; phone; provider_type_code; category; emergency; upin; pin; region_code; bed_count; clia_lab_number,303122,920db864b952e904651b54afceeec49deb37a8cec5b6cbef5a46cfaf71fd297b,2026-08-28,unknown/reference table; inspect before analytical use,,,False,False,
va_facilities.csv,external/synthea/src/main/resources/providers/va_facilities.csv,csv,external_reference_or_fixture,1481,22,id; name; address; city; state; zip; phone; type; ownership; emergency; quality; LAT; LON; EBTPU; PCT; PRRP; SIPU; PTSD_DOM; DH; WSDTT; SUPT; WTRP,257827,5545cc54a4ff751b45e4b75361818d7857be783504acb71c29b44c80e2e79067,2026-08-28,unknown/reference table; inspect before analytical use,,,True,False,
race_ethnicity_codes.json,external/synthea/src/main/resources/race_ethnicity_codes.json,json,external_reference_or_fixture,1,8,white; hispanic; black; asian; native; hawaiian; other; nonhispanic,194,900c55217a1d8253e5fdc282768d749f7703b85fda7988b8cd2b9117bc5c4269,2026-08-28,reference/configuration JSON object,,,False,False,
telemedicine_config.json,external/synthea/src/main/resources/telemedicine_config.json,json,external_reference_or_fixture,1,4,start_year; high_emergency_use_insurance_names; pre_telemedicine; during_telemedicine,632,e9e8b208d304ff3af4d1f5dbc4dd0327d272f5bacd484956b8d3ae47996000bb,2026-08-28,reference/configuration JSON object,,,False,True,
incidence_1.json,external/synthea/src/main/resources/templates/modules/incidence_1.json,json,external_reference_or_fixture,1,4,name; remarks; states; gmf_version,3856,cc4c32a20fa3a7bbecec271a4430c3c9ac576acbc5b64a1d6e5f8f1185693eda,2026-08-28,reference/configuration JSON object,,,False,False,
incidence_2.json,external/synthea/src/main/resources/templates/modules/incidence_2.json,json,external_reference_or_fixture,1,4,name; remarks; states; gmf_version,5299,0f09e861b30e6e4dfe7a81e121b3e35818d4eedc679c09343da012c206867087,2026-08-28,reference/configuration JSON object,,,False,False,
keep.json,external/synthea/src/main/resources/templates/modules/keep.json,json,external_reference_or_fixture,1,3,name; states; gmf_version,960,4944526896aa7f567afba3d82e0992e1ad354ff0342578374bf3414ad7537ce5,2026-08-28,reference/configuration JSON object,,,False,False,
onset_distribution.json,external/synthea/src/main/resources/templates/modules/onset_distribution.json,json,external_reference_or_fixture,1,4,name; remarks; states; gmf_version,4285,b0c0c47c2da005ff85b65598bb2a5194db6ede3c65694a15690ab19e4d556437,2026-08-28,reference/configuration JSON object,,,False,False,
prevalence.json,external/synthea/src/main/resources/templates/modules/prevalence.json,json,external_reference_or_fixture,1,4,name; remarks; states; gmf_version,10492,9b0d2ddae16ebdbe40511df0060ff5003be48a5f761f47a23d783995796adb5c,2026-08-28,reference/configuration JSON object,,,False,False,
us_core_mapping.csv,external/synthea/src/main/resources/us_core_mapping.csv,csv,external_reference_or_fixture,123,4,SYSTEM; CODE; URL; VERSION,14054,c99f1a202c5daf43f82d35c19681a6b7ebca6899cc80a29dacb9ab27da9ce20f,2026-08-28,unknown/reference table; inspect before analytical use,,,False,False,
module_with_bad_distribution.json,external/synthea/src/test/resources/busted_distribution/module_with_bad_distribution.json,json,external_reference_or_fixture,1,3,name; gmf_version; states,466,8e9c2084bda1f994ba983cabe9e55989c735c1cc45fc70a8630602c42dfb6a63,2026-08-28,reference/configuration JSON object,,,False,False,
cabg_test_cases.csv,external/synthea/src/test/resources/cabg_test_cases.csv,csv,external_reference_or_fixture,20,10,redo; calculatedBMI; sternotomy; hasDialysis; totalNoDistAnastArtCond; onPump; meanSurgeonTime; unstableAngina; numberGrafts; expected,1396,2fadd7cb5608dbaea106794e5eef13bc121b63087f02942b7292dbe547d9a164,2026-08-28,unknown/reference table; inspect before analytical use,,,False,True,
export_summary.csv,external/synthea/src/test/resources/export/rif/export_summary.csv,csv,external_reference_or_fixture,5,9,BENE_ID; CARRIER_CLAIMS; DME_CLAIMS; HHA_CLAIMS; HOSPICE_CLAIMS; INPATIENT_CLAIMS; OUTPATIENT_CLAIMS; PDE_CLAIMS; SNF_CLAIMS,247,fcde662451653a5427f7ca3e1cbf311274c4b4ad6814ef0df2006a93df5bcdff,2026-08-28,aggregated report rows,,,True,False,
unweighted_code_map.json,external/synthea/src/test/resources/export/unweighted_code_map.json,json,external_reference_or_fixture,1,1,10509002,113,d4dac61f12fcb8d1d95514421187962724634be9ed28b628798ca71cbf93aa3f,2026-08-28,reference/configuration JSON object,,,False,False,
weighted_code_map.json,external/synthea/src/test/resources/export/weighted_code_map.json,json,external_reference_or_fixture,1,1,10509002,244,9ec3db753a716711ef60f7ce7fe22efa104f3ad80095c6797bd6d1ef907ae46c,2026-08-28,reference/configuration JSON object,,,False,False,
sample_complete_patient.json,external/synthea/src/test/resources/flexporter/sample_complete_patient.json,json,external_reference_or_fixture,1,3,resourceType; type; entry,848530,36ddee1fe84282ed9af6d69bd09ed298e01101542f60d39fe322f86daf063a18,2026-08-28,reference/configuration JSON object,,,False,False,
module_from_the_future.json,external/synthea/src/test/resources/future_module/module_from_the_future.json,json,external_reference_or_fixture,1,3,name; gmf_version; states,967,9477f8252a7dc1dafc596efb76d49c5ea800407a16c421ecf9ec0862525d0424,2026-08-28,reference/configuration JSON object,,,False,False,
allergies.json,external/synthea/src/test/resources/generic/allergies.json,json,external_reference_or_fixture,1,2,name; states,1919,1d33a934b1d07689892383346796417197e47e0862f87cdef705e779d8734a7c,2026-08-28,reference/configuration JSON object,,,False,False,
artificial_heart_device.json,external/synthea/src/test/resources/generic/artificial_heart_device.json,json,external_reference_or_fixture,1,3,name; remarks; states,3279,5988d9e9ced49ebf090aba7dbdaf6b0243b2381ef81e1dcf2c6b803370cba04b,2026-08-28,reference/configuration JSON object,,,False,False,
calls_submodule.json,external/synthea/src/test/resources/generic/calls_submodule.json,json,external_reference_or_fixture,1,3,name; remarks; states,1263,a1feccafc92a0c2af7cb5aa734e604c4f655bc11b900ef5594370da4444924d2,2026-08-28,reference/configuration JSON object,,,False,False,
careplan_end.json,external/synthea/src/test/resources/generic/careplan_end.json,json,external_reference_or_fixture,1,2,name; states,3558,5a4a0e7a09dc8a139dab506005851c7c3e4f8ca4397641bf0000df78aed4e23d,2026-08-28,reference/configuration JSON object,,,False,False,
careplan_start.json,external/synthea/src/test/resources/generic/careplan_start.json,json,external_reference_or_fixture,1,2,name; states,1457,f22aa0bfd62249ca54da579229c4ee0ffaf0cab13ca6554101e669f8eb950fd3,2026-08-28,reference/configuration JSON object,,,False,False,
complex_transition.json,external/synthea/src/test/resources/generic/complex_transition.json,json,external_reference_or_fixture,1,2,name; states,1606,b92a0767a29bf2900227457dedc4528a057cb8f2029aec6b3a00e3eb9f03a552,2026-08-28,reference/configuration JSON object,,,False,False,
condition_end.json,external/synthea/src/test/resources/generic/condition_end.json,json,external_reference_or_fixture,1,2,name; states,1901,b34abade4ba8df889f971f572bf5f0bb54355339975ddc5839f6aec160231e0a,2026-08-28,reference/configuration JSON object,,,False,False,
condition_onset.json,external/synthea/src/test/resources/generic/condition_onset.json,json,external_reference_or_fixture,1,2,name; states,1583,7d3c834257ad43809031b9485f7e7f2782c644bec5d6d0e2fc4ffd68c6c744b2,2026-08-28,reference/configuration JSON object,,,False,False,
conditional_transition.json,external/synthea/src/test/resources/generic/conditional_transition.json,json,external_reference_or_fixture,1,2,name; states,946,f025ec7e29e0c5f760f6be923df9c098fb3a46280cf7abbc50d67d79d40dae25,2026-08-28,reference/configuration JSON object,,,False,False,
counter.json,external/synthea/src/test/resources/generic/counter.json,json,external_reference_or_fixture,1,2,name; states,965,d90fc935365ced2d5d5ba17ed9243a860a5a85f69fa9abe7590b7394fcbd2623,2026-08-28,reference/configuration JSON object,,,False,False,
death.json,external/synthea/src/test/resources/generic/death.json,json,external_reference_or_fixture,1,2,name; states,333,c5865abfe20b6b6d11fcf96984edd156d18ca2b046eaca3db1b84e399be8fd7f,2026-08-28,reference/configuration JSON object,,,False,False,
death_during_delay.json,external/synthea/src/test/resources/generic/death_during_delay.json,json,external_reference_or_fixture,1,3,name; remarks; states,1228,59bb1622494e067f74cd0a406443727240828b67679251d9c49e60f0b421f578,2026-08-28,reference/configuration JSON object,,,False,False,
death_life_expectancy.json,external/synthea/src/test/resources/generic/death_life_expectancy.json,json,external_reference_or_fixture,1,2,name; states,1203,f25c0999281ee3f6e8dda1afa0d0a26e6cc3a9ed3272830b7df22903b364dde8,2026-08-28,reference/configuration JSON object,,,False,False,
death_reason.json,external/synthea/src/test/resources/generic/death_reason.json,json,external_reference_or_fixture,1,2,name; states,1690,d9dfeede4ceda26697c4d1622575c0361e5781ece2a7ba06f2c0707e07583026,2026-08-28,reference/configuration JSON object,,,False,False,
delay.json,external/synthea/src/test/resources/generic/delay.json,json,external_reference_or_fixture,1,2,name; states,3627,0fca0ac75acf0e01c4bab133897bd4a02d7301e9c6245ba8b384ab4a7eebfd97,2026-08-28,reference/configuration JSON object,,,False,False,
delay_time_travel.json,external/synthea/src/test/resources/generic/delay_time_travel.json,json,external_reference_or_fixture,1,2,name; states,1128,bd49252144c5c202568c3fe0080e35b810b517e87f168f08bf8d1c30132d8db1,2026-08-28,reference/configuration JSON object,,,False,False,
direct_transition.json,external/synthea/src/test/resources/generic/direct_transition.json,json,external_reference_or_fixture,1,2,name; states,230,52a469a62aa1a4d13ff42b39817c6a03b910dd5c9e64dde8c28137b314fbbd3e,2026-08-28,reference/configuration JSON object,,,False,False,
distributed_transition.json,external/synthea/src/test/resources/generic/distributed_transition.json,json,external_reference_or_fixture,1,2,name; states,769,1d42b5a6900c0d3cceb336edcdfd3711df9332a75ba4556739a0fcdf0e040261,2026-08-28,reference/configuration JSON object,,,False,False,
distributed_transition_with_attrs.json,external/synthea/src/test/resources/generic/distributed_transition_with_attrs.json,json,external_reference_or_fixture,1,2,name; states,923,659ef981f18e19b984e63997ef7faa3f94adff27dcdd49758d4358432ca2e583,2026-08-28,reference/configuration JSON object,,,False,False,
encounter.json,external/synthea/src/test/resources/generic/encounter.json,json,external_reference_or_fixture,1,2,name; states,2217,46819af7fbad90e15e3e34967fa9c3b07dff2d41d81ce629376c3e99fa5b456a,2026-08-28,reference/configuration JSON object,,,False,False,
encounter_with_submodule.json,external/synthea/src/test/resources/generic/encounter_with_submodule.json,json,external_reference_or_fixture,1,3,name; remarks; states,892,8c84cc7cd9d8a92dc0ae2b4b60bac956087f3fd2a8a06a458b2ec0a7dec3351a,2026-08-28,reference/configuration JSON object,,,False,False,
example_module.json,external/synthea/src/test/resources/generic/example_module.json,json,external_reference_or_fixture,1,4,name; remarks; states; gmf_version,3821,a485a5f0e0e0bb55450df5cdc70330a1f083397a53f7b71a7ceccffbb208cda4,2026-08-28,reference/configuration JSON object,,,False,False,
expression_use.json,external/synthea/src/test/resources/generic/expression_use.json,json,external_reference_or_fixture,1,3,name; remarks; states,1082,88da5fef3b4999809c0a209db5678ad20a39f9a818eb42c5842d7118b4fb00a8,2026-08-28,reference/configuration JSON object,,,False,False,
gaussian_distro_delay.json,external/synthea/src/test/resources/generic/gaussian_distro_delay.json,json,external_reference_or_fixture,1,2,name; states,760,c2ae16839b248115f51025671db73af453eb902d01863daa7579d784564fe801,2026-08-28,reference/configuration JSON object,,,False,False,
gmf_two_point_oh.json,external/synthea/src/test/resources/generic/gmf_two_point_oh.json,json,external_reference_or_fixture,1,3,name; gmf_version; states,2322,6c28d366841d491d6a0c2b2483c229c6b107c8a933b65c08303fdbe5a6a4cb7b,2026-08-28,reference/configuration JSON object,,,False,False,
guard.json,external/synthea/src/test/resources/generic/guard.json,json,external_reference_or_fixture,1,2,name; states,464,612dfd131d37a3c103f40f7fd639444107a9bff936a64a3680c0105ed85b7378,2026-08-28,reference/configuration JSON object,,,False,False,
history.json,external/synthea/src/test/resources/generic/history.json,json,external_reference_or_fixture,1,2,name; states,1389,31d9509e2fe9dee4737dacfa51ae0709bbd69bcae90197cbf43976ad74e93a83,2026-08-28,reference/configuration JSON object,,,False,False,
imaging_study.json,external/synthea/src/test/resources/generic/imaging_study.json,json,external_reference_or_fixture,1,2,name; states,1834,d36000a5064eda6978963c82f4b2da75a2e32c20773c39849ee0c3b3cfe1f642,2026-08-28,reference/configuration JSON object,,,False,False,
imaging_study_with_valueset.json,external/synthea/src/test/resources/generic/imaging_study_with_valueset.json,json,external_reference_or_fixture,1,2,name; states,2050,5dd6f68a576569b42f21b585b8f2ea5d2886b9c5aff8e6c533c41a854e956fab,2026-08-28,reference/configuration JSON object,,,False,False,
incomplete_conditional_transition.json,external/synthea/src/test/resources/generic/incomplete_conditional_transition.json,json,external_reference_or_fixture,1,2,name; states,495,18bd0373791275735cfb6d88defec5d1eb7f2e062d54b86138091bce94cba75e,2026-08-28,reference/configuration JSON object,,,False,False,
initial_to_terminal.json,external/synthea/src/test/resources/generic/initial_to_terminal.json,json,external_reference_or_fixture,1,2,name; states,231,321d8b40d390b0cf2aa95ff9199f39233d0f391118c5a221e8acd2d91f7a0c87,2026-08-28,reference/configuration JSON object,,,False,False,
logic.json,external/synthea/src/test/resources/generic/logic.json,json,external_reference_or_fixture,1,58,trueTest; falseTest; genderIsMaleTest; ageLt40Test; ageLte40Test; ageEq40Test; ageGte40Test; ageGt40Test; ageNe40Test; sesHighTest; sesMiddleTest; sesLowTest; raceExistsTest; raceDoesNotExistTest; before2016Test; after2000Test; beforeSeptemberTest; afterAprilTest; inJulyTest; isHalloween2007Test; beforeChristmas2016Test; afterIndependenceDay2000Test; attributeEqualTo_TestValue_Test; attributeLt_String_Test; attributeGt100Test,9792,0346ed7e81b2a559bf946ff51b626895d51a3fa9801e9ac5122eb7441c140c0d,2026-08-28,reference/configuration JSON object,,,False,False,
lookuptable_agerangetest.csv,external/synthea/src/test/resources/generic/lookup_tables/lookuptable_agerangetest.csv,csv,external_reference_or_fixture,24,7,age; gender; state; ethnicity; Moderate_Lookuptablitis; Mild_Lookuptablitis; Extreme_Lookuptablitis,895,b8fbc6784df20de78064a616208f039a6e65c35dc6c69d96bd6b570541aafd39,2026-08-28,unknown/reference table; inspect before analytical use,,,False,False,
lookuptable_timerangetest.csv,external/synthea/src/test/resources/generic/lookup_tables/lookuptable_timerangetest.csv,csv,external_reference_or_fixture,4,6,time; gender; state; Mild_Lookuptablitis; Moderate_Lookuptablitis; Extreme_Lookuptablitis,210,fb6a1eca4518b26619362f48f422d47baf7e9627ca9914de4361494118db50b9,2026-08-28,unknown/reference table; inspect before analytical use,,,False,True,
lookuptablitis_test.csv,external/synthea/src/test/resources/generic/lookup_tables/lookuptablitis_test.csv,csv,external_reference_or_fixture,24,7,age; gender; state; ethnicity; Moderate_Lookuptablitis; Mild_Lookuptablitis; Extreme_Lookuptablitis,896,2b0ad91d93983b728325f91c77892658deba9248303b1df552f241aa2a6ca40f,2026-08-28,unknown/reference table; inspect before analytical use,,,False,False,
lookuptable_agerangetest.json,external/synthea/src/test/resources/generic/lookuptable_agerangetest.json,json,external_reference_or_fixture,1,3,name; remarks; states,1967,5f216658ad234a266057a3fab65b9541cf9d1ed9380d09dcba804c01c3436f20,2026-08-28,reference/configuration JSON object,,,False,False,
lookuptable_nomatchcolumn.json,external/synthea/src/test/resources/generic/lookuptable_nomatchcolumn.json,json,external_reference_or_fixture,1,3,name; remarks; states,1949,935d8e235f765da7e473b79baa642a9330d314f3cb2f095e454880c55e12ca4f,2026-08-28,reference/configuration JSON object,,,False,False,
lookuptable_test.json,external/synthea/src/test/resources/generic/lookuptable_test.json,json,external_reference_or_fixture,1,3,name; remarks; states,2160,67af81413783bc57fff2fefb4e95919287a36a961f879ca820c6fde3456afa8b,2026-08-28,reference/configuration JSON object,,,False,False,
lookuptable_timerangetest.json,external/synthea/src/test/resources/generic/lookuptable_timerangetest.json,json,external_reference_or_fixture,1,3,name; remarks; states,1970,957afdf75ed0ff0eefde6cfa0332cb5632e392c4d05df46b1238933f11a9d901,2026-08-28,reference/configuration JSON object,,,False,False,
medication_end.json,external/synthea/src/test/resources/generic/medication_end.json,json,external_reference_or_fixture,1,2,name; states,2768,90cc92cf9156661d7a89f8c018f67192c3bb0a15e24d6861a80eab1c1a3c1ebb,2026-08-28,reference/configuration JSON object,,,False,False,
medication_order.json,external/synthea/src/test/resources/generic/medication_order.json,json,external_reference_or_fixture,1,2,name; states,3337,1648977b9b901476af60798605b543682e1d75a6302cc4b6cdad0c314ff353be,2026-08-28,reference/configuration JSON object,,,False,False,
observation.json,external/synthea/src/test/resources/generic/observation.json,json,external_reference_or_fixture,1,2,name; states,5328,245e2a2e80409aeaf183809ed515efaee17195b0cb6987c632a74cc480bb817c,2026-08-28,reference/configuration JSON object,,,False,False,
observation_groups.json,external/synthea/src/test/resources/generic/observation_groups.json,json,external_reference_or_fixture,1,3,name; remarks; states,12352,0c3e78b21e466f54cf643c7dee871aa1dc98f3040036aef9242e9fb4efdbbc9c,2026-08-28,reference/configuration JSON object,,,False,False,
bad_test_payers.csv,external/synthea/src/test/resources/generic/payers/bad_test_payers.csv,csv,external_reference_or_fixture,1,10,Id; Name; Address; City; State Headquarterd; Zip; Phone; States Covered; Ownership; Priority Level,157,4c4f3b45558de28d8add2ae46bea3395388af2642551b96f57481cc42d4a3fc1,2026-08-28,unknown/reference table; inspect before analytical use,,,True,False,
test_attributes_eligibility.csv,external/synthea/src/test/resources/generic/payers/test_attributes_eligibility.csv,csv,external_reference_or_fixture,7,1,attributes,149,a6ad623902e20d75b87627dd137b4687eb9dca1f394cd3e7271725da4bab45bb,2026-08-28,unknown/reference table; inspect before analytical use,,,False,False,
test_insurance_eligibilities.csv,external/synthea/src/test/resources/generic/payers/test_insurance_eligibilities.csv,csv,external_reference_or_fixture,6,12,Name; Poverty Multiplier; Income Threshold; Age Threshold; Qualifying Codes; Qualifying Attributes; Poverty Multiplier File; Spenddown File; Acceptance Likelihood; Sub-Eligibilities; Logical Operator; Notes,727,3a5e7e04778acca6b77e302657ceaad245c3fea773f2a4420f8631cef3c1681a,2026-08-28,unknown/reference table; inspect before analytical use,,,False,False,
test_payers.csv,external/synthea/src/test/resources/generic/payers/test_payers.csv,csv,external_reference_or_fixture,6,9,Id; Name; Address; City; State Headquarterd; Zip; Phone; States Covered; Ownership,588,1b6c6ab47af93fce7a0c02971a07dad0258c54efbc5eaa5a09ad669e7a8ccea8,2026-08-28,unknown/reference table; inspect before analytical use,,,True,False,
test_plans.csv,external/synthea/src/test/resources/generic/payers/test_plans.csv,csv,external_reference_or_fixture,8,17,Payer Id; Plan Id; Name; Services Covered; Deductible; Default Coinsurance; Default Copay; Monthly Premium; Max Out of Pocket; Medicare Supplement; Is ACA Plan; Income Based Premium; Eligibility Policy; Start Year; End Year; Priority Level; Notes,983,e4823ad697e9b6ab54df5d9f082659e2ace92b7057de0572bc8f34d134d12a86,2026-08-28,unknown/reference table; inspect before analytical use,,,False,True,
procedure.json,external/synthea/src/test/resources/generic/procedure.json,json,external_reference_or_fixture,1,2,name; states,1067,6ccd77300d86d25437a1103b007741caeabd5e87b72294447cbf5137af246ac3,2026-08-28,reference/configuration JSON object,,,False,False,
procedure_duration_and_death.json,external/synthea/src/test/resources/generic/procedure_duration_and_death.json,json,external_reference_or_fixture,1,3,name; remarks; states,1417,c195fcbdbc3efddb2f70122b5eeeac6b8f67ccd8006ff382c21b26aa91b0f9dc,2026-08-28,reference/configuration JSON object,,,False,False,
recursively_calls_submodules.json,external/synthea/src/test/resources/generic/recursively_calls_submodules.json,json,external_reference_or_fixture,1,3,name; remarks; states,1053,6faac89ac885f8f677086082eaec7c842d10ecc6bdf49c6f344d798aa5a52103,2026-08-28,reference/configuration JSON object,,,False,False,
series_data.json,external/synthea/src/test/resources/generic/series_data.json,json,external_reference_or_fixture,1,3,name; remarks; states,1358,3eee73111beadb38e5d52bf0139b284862161770de9cf1c1bf1d3f52b7851eb5,2026-08-28,reference/configuration JSON object,,,False,False,
set_attribute.json,external/synthea/src/test/resources/generic/set_attribute.json,json,external_reference_or_fixture,1,2,name; states,1391,47cc07ede78090086216cda9689dcf32c5ef1548a995d994db4b29eddaa5f3f9,2026-08-28,reference/configuration JSON object,,,False,False,
smith_physiology.json,external/synthea/src/test/resources/generic/smith_physiology.json,json,external_reference_or_fixture,1,3,name; remarks; states,3059,f0a8d67342ad21d4b9385cb34ca590dc5e21a311bebea4c002b8f8bf1c39aade,2026-08-28,reference/configuration JSON object,,,False,False,
state_without_transition.json,external/synthea/src/test/resources/generic/state_without_transition.json,json,external_reference_or_fixture,1,2,name; states,225,2adeaba379e923449ea196805cf26ff046a8be6d8f791992d36b6e3965e883ad,2026-08-28,reference/configuration JSON object,,,False,False,
admission.json,external/synthea/src/test/resources/generic/submodules/admission.json,json,external_reference_or_fixture,1,3,name; remarks; states,1278,74dc65a5eb31af96558e8db93bb22b7834cb7acf5f1f2cbe1cbbe26197f521ca,2026-08-28,reference/configuration JSON object,,,False,False,
basic_submodule.json,external/synthea/src/test/resources/generic/submodules/basic_submodule.json,json,external_reference_or_fixture,1,3,name; remarks; states,851,9e7e9ea766e85fc39c1cc6825ffaaa15ac53c3383189cb9dfe67718d2be14745,2026-08-28,reference/configuration JSON object,,,False,False,
encounter_submodule.json,external/synthea/src/test/resources/generic/submodules/encounter_submodule.json,json,external_reference_or_fixture,1,3,name; remarks; states,1222,aafe6dcf90b66d59b3b5e5bbfb1115ce77373985963221dfdd67cc9778f75a9a,2026-08-28,reference/configuration JSON object,,,False,False,
medication_submodule.json,external/synthea/src/test/resources/generic/submodules/medication_submodule.json,json,external_reference_or_fixture,1,3,name; remarks; states,944,7190ef1e48766364070f6d0e26975ebb1684b5a127570dcbf9a584b5374ca3e8,2026-08-28,reference/configuration JSON object,,,False,False,
switching_provider.json,external/synthea/src/test/resources/generic/switching_provider.json,json,external_reference_or_fixture,1,3,name; remarks; states,6313,f7dc18663f7d5c0810afe22264a0e6fb5f4f782a4b47e1fb815a3741ac1b8b2f,2026-08-28,reference/configuration JSON object,,,False,False,
symptom.json,external/synthea/src/test/resources/generic/symptom.json,json,external_reference_or_fixture,1,2,name; states,626,2d414e8f73c72c8323f65963f68efcb432f82b93c8f9cf101b32f6636f05fe16,2026-08-28,reference/configuration JSON object,,,False,False,
symptom50.json,external/synthea/src/test/resources/generic/symptom50.json,json,external_reference_or_fixture,1,3,name; remarks; states,503,8655fac7dc02070cad7ba591afd029bdd12f17cceeacdba7f83b228628588f55,2026-08-28,reference/configuration JSON object,,,False,False,
vaccine.json,external/synthea/src/test/resources/generic/vaccine.json,json,external_reference_or_fixture,1,4,name; remarks; states; gmf_version,927,d6b8a1b39ce730d879c11b172266c0ec967f94288aaed2f00d1e724908eb3d4d,2026-08-28,reference/configuration JSON object,,,False,False,
field_errors.json,external/synthea/src/test/resources/generic/validation/field_errors.json,json,external_reference_or_fixture,1,2,name; states,2320,5c1483036e70b5aeb2eac314d9b900d9d7cb87a76fb3b0051d5ac343ac4ead0d,2026-08-28,reference/configuration JSON object,,,False,False,
reference_errors.json,external/synthea/src/test/resources/generic/validation/reference_errors.json,json,external_reference_or_fixture,1,2,name; states,990,7b307bc756742dae059de1e0ff8f3049a4732f18f01b88616be0c9a303209e66,2026-08-28,reference/configuration JSON object,,,False,False,
virtual_medicine_transition.json,external/synthea/src/test/resources/generic/virtual_medicine_transition.json,json,external_reference_or_fixture,1,2,name; states,419,964c5bb6c5d476e40468be2d8ba819979567ac106ba198d9678809131b3c1ea2,2026-08-28,reference/configuration JSON object,,,False,False,
foreign_birthplace.json,external/synthea/src/test/resources/geography/foreign_birthplace.json,json,external_reference_or_fixture,1,5,empty_ethnicity; german; west_indian; too_many_elements; not_enough_elements,270,8c727bafd24cf7d835d16dd41b5e43b57a42dd6a01569feca10ffd4e9cb583c2,2026-08-28,reference/configuration JSON object,,,False,False,
foreign_birthplace_simple.json,external/synthea/src/test/resources/geography/foreign_birthplace_simple.json,json,external_reference_or_fixture,1,2,german; west_indian,119,3c69c5949e0b73ea1c43336007fe5ac1a53e6855376fe971a546c0af649e22e0,2026-08-28,reference/configuration JSON object,,,False,False,
test_demographics.csv,external/synthea/src/test/resources/geography/test_demographics.csv,csv,external_reference_or_fixture,1,47,ID; COUNTY; NAME; STNAME; POPESTIMATE2015; CTYNAME; TOT_POP; TOT_MALE; TOT_FEMALE; WHITE; HISPANIC; BLACK; ASIAN; NATIVE; OTHER; 1; 2; 3; 4; 5; 6; 7; 8; 9; 10,935,1a48990490ceb830eea0ae0c45040352d32f12cb779bf2579880875f032b1cc2,2026-08-28,unknown/reference table; inspect before analytical use,,,True,False,
test_records.json,external/synthea/src/test/resources/identity/test_records.json,json,external_reference_or_fixture,1,1,records,3314,e75ad25293043f8723d3eb23728e37a74fa9bb998349fad9ba022efdabfb6632,2026-08-28,reference/configuration JSON object,,,False,False,
keep.json,external/synthea/src/test/resources/keep_patients_module/keep.json,json,external_reference_or_fixture,1,4,name; remarks; states; gmf_version,598,0d8381a91eb9fa3244f533b3a44834847bbe538ea974f35efd28bccd5648dbae,2026-08-28,reference/configuration JSON object,,,False,False,
copd_test.json,external/synthea/src/test/resources/module/copd_test.json,json,external_reference_or_fixture,1,3,name; remarks; states,266,968be4f3a1c44c9a92ad6c25f4f96d31843ea207767295b009aca6e45238a7a3,2026-08-28,reference/configuration JSON object,,,False,False,
hearing.json,external/synthea/src/test/resources/module/hearing.json,json,external_reference_or_fixture,1,4,name; remarks; states; gmf_version,2397,1e3c5cc9b2bf9e5916f00df3e54c40803dcece8978bdf429df3a6de0b7dacf96,2026-08-28,reference/configuration JSON object,,,False,False,
test_hha.json,external/synthea/src/test/resources/module/test_hha.json,json,external_reference_or_fixture,1,4,name; remarks; states; gmf_version,1504,41510f88421cea20b51e4778f59225f50e9adea06e3e28289f8eca3aaa8114b3,2026-08-28,reference/configuration JSON object,,,False,False,
2.16.840.1.113762.1.4.1.json,external/synthea/src/test/resources/structureDefinitions/r4/2.16.840.1.113762.1.4.1.json,json,external_reference_or_fixture,1,16,resourceType; id; meta; extension; url; version; name; title; status; experimental; date; publisher; description; jurisdiction; purpose; compose,2356,45d35067c66a3724725bfc2a78c499a71dccd9d59b503d5e1e1c55bdd3eb496c,2026-08-28,reference/configuration JSON object,,,True,True,
2.16.840.1.113762.1.4.1021.102.json,external/synthea/src/test/resources/structureDefinitions/r4/2.16.840.1.113762.1.4.1021.102.json,json,external_reference_or_fixture,1,14,resourceType; id; meta; extension; url; version; name; status; experimental; date; publisher; jurisdiction; purpose; compose,1633,01a6f55bd9c22c577c3699376b659e48891ed0b6c3eedb426ee5376e4227dcd8,2026-08-28,reference/configuration JSON object,,,True,True,
2.16.840.1.113762.1.4.1021.103.json,external/synthea/src/test/resources/structureDefinitions/r4/2.16.840.1.113762.1.4.1021.103.json,json,external_reference_or_fixture,1,14,resourceType; id; meta; extension; url; version; name; status; experimental; date; publisher; jurisdiction; purpose; compose,1809,5e5f1c1e1f98135abe1fab2a8fba5ad3904e3353bc57a4fc3b6d42e2da56e397,2026-08-28,reference/configuration JSON object,,,True,True,
2.16.840.1.114222.4.11.836.json,external/synthea/src/test/resources/structureDefinitions/r4/2.16.840.1.114222.4.11.836.json,json,external_reference_or_fixture,1,14,resourceType; id; meta; extension; url; version; name; status; experimental; date; publisher; jurisdiction; purpose; compose,1740,4b3f5f5ec7e5c72b74391ddf91c284adf21372b5f48cec276f15d907abdfffe5,2026-08-28,reference/configuration JSON object,,,True,True,
2.16.840.1.114222.4.11.837.json,external/synthea/src/test/resources/structureDefinitions/r4/2.16.840.1.114222.4.11.837.json,json,external_reference_or_fixture,1,14,resourceType; id; meta; extension; url; version; name; status; experimental; date; publisher; jurisdiction; purpose; compose,1544,779c24e36132883f1602bbecd9ad3fa49ad11cb0bc329d79c57edba5d932199b,2026-08-28,reference/configuration JSON object,,,True,True,
CapabilityStatement-us-core-client.json,external/synthea/src/test/resources/structureDefinitions/r4/uscore3/CapabilityStatement-us-core-client.json,json,external_reference_or_fixture,1,20,resourceType; id; text; url; version; name; title; status; experimental; date; publisher; contact; description; jurisdiction; kind; fhirVersion; format; patchFormat; implementationGuide; rest,156254,b323fd348778f23143d88f483336066d766498e8ab5ecba8dddb6ec455e7eb3d,2026-08-28,reference/configuration JSON object,,,True,True,
CapabilityStatement-us-core-server.json,external/synthea/src/test/resources/structureDefinitions/r4/uscore3/CapabilityStatement-us-core-server.json,json,external_reference_or_fixture,1,20,resourceType; id; text; url; version; name; title; status; experimental; date; publisher; contact; description; jurisdiction; kind; fhirVersion; format; patchFormat; implementationGuide; rest,160824,c4b3662c5d91a4bacf2831bf9110f02a92efc761bdcf45890c3e04ce5d6522de,2026-08-28,reference/configuration JSON object,,,True,True,
CodeSystem-careplan-category.json,external/synthea/src/test/resources/structureDefinitions/r4/uscore3/CodeSystem-careplan-category.json,json,external_reference_or_fixture,1,15,resourceType; id; text; url; version; name; title; status; date; publisher; description; jurisdiction; caseSensitive; content; concept,1496,1891ce341949d69fb33eb86ab9ea8412f139a8b321683924f5bb409f18f140eb,2026-08-28,reference/configuration JSON object,,,True,True,
CodeSystem-cdcrec.json,external/synthea/src/test/resources/structureDefinitions/r4/uscore3/CodeSystem-cdcrec.json,json,external_reference_or_fixture,1,21,resourceType; id; text; url; identifier; version; name; title; status; experimental; date; publisher; contact; description; jurisdiction; caseSensitive; hierarchyMeaning; content; count; property; concept,205683,36018eebcbd72320f704b5b8ecc83445420c79d55ea3bd55e27cf71b46eb769f,2026-08-28,reference/configuration JSON object,,,True,True,
CodeSystem-condition-category.json,external/synthea/src/test/resources/structureDefinitions/r4/uscore3/CodeSystem-condition-category.json,json,external_reference_or_fixture,1,16,resourceType; id; text; url; version; name; title; status; date; publisher; description; jurisdiction; caseSensitive; content; property; concept,2691,d93437c7d10e8746355ec68cdd5037fd26736800e37ef3d8f129784bebb7fb76,2026-08-28,reference/configuration JSON object,,,True,True,
CodeSystem-us-core-documentreference-category.json,external/synthea/src/test/resources/structureDefinitions/r4/uscore3/CodeSystem-us-core-documentreference-category.json,json,external_reference_or_fixture,1,16,resourceType; id; text; url; version; name; title; status; date; description; jurisdiction; caseSensitive; valueSet; content; count; concept,1826,2d3c4708d1b21ad3212ba882d310e47fe1210b504a79e28b0174f4ceb3fd6b8d,2026-08-28,reference/configuration JSON object,,,True,True,
CodeSystem-us-core-provenance-participant-type.json,external/synthea/src/test/resources/structureDefinitions/r4/uscore3/CodeSystem-us-core-provenance-participant-type.json,json,external_reference_or_fixture,1,15,resourceType; id; text; url; version; name; title; status; date; publisher; description; jurisdiction; caseSensitive; content; concept,1384,63f53ddbe33417c20a26592373c16564ba30bea319e50c8461e076a750634527,2026-08-28,reference/configuration JSON object,,,True,True,
ConceptMap-ndc-cvx.json,external/synthea/src/test/resources/structureDefinitions/r4/uscore3/ConceptMap-ndc-cvx.json,json,external_reference_or_fixture,1,16,resourceType; id; text; url; version; name; title; status; date; publisher; description; jurisdiction; purpose; sourceCanonical; targetCanonical; group,76794,f8eb92e0e396f261a33c5a27cdc57b56ed90d10516739a1e3d21bcaa52c81ddb,2026-08-28,reference/configuration JSON object,,,True,True,
ImplementationGuide-hl7.fhir.us.core.json,external/synthea/src/test/resources/structureDefinitions/r4/uscore3/ImplementationGuide-hl7.fhir.us.core.json,json,external_reference_or_fixture,1,17,resourceType; id; text; url; version; name; title; status; date; publisher; contact; jurisdiction; copyright; packageId; license; fhirVersion; definition,99250,3d761b94596f29f02e2479d8c19907a9ad1101ba1b6d3df873587bab9b1807d4,2026-08-28,reference/configuration JSON object,,,True,True,
OperationDefinition-docref.json,external/synthea/src/test/resources/structureDefinitions/r4/uscore3/OperationDefinition-docref.json,json,external_reference_or_fixture,1,19,resourceType; id; text; url; version; name; title; status; kind; date; publisher; description; jurisdiction; code; comment; system; type; instance; parameter,11439,7b5bf518f8a60488fdb6a97fe9bdc57fecb3daac674a396eaaacec30a278baa1,2026-08-28,reference/configuration JSON object,,,True,True,
StructureDefinition-head-occipital-frontal-circumference-percentile.json,external/synthea/src/test/resources/structureDefinitions/r4/uscore3/StructureDefinition-head-occipital-frontal-circumference-percentile.json,json,external_reference_or_fixture,1,23,resourceType; id; text; url; version; name; title; status; experimental; date; publisher; contact; description; jurisdiction; fhirVersion; mapping; kind; abstract; type; baseDefinition; derivation; snapshot; differential,128351,e3698127b40c54286c6135571879fef15a083675d53efd2719f0e505aed3b673,2026-08-28,reference/configuration JSON object,,,True,True,
StructureDefinition-pediatric-bmi-for-age.json,external/synthea/src/test/resources/structureDefinitions/r4/uscore3/StructureDefinition-pediatric-bmi-for-age.json,json,external_reference_or_fixture,1,23,resourceType; id; text; url; version; name; title; status; experimental; date; publisher; contact; description; jurisdiction; fhirVersion; mapping; kind; abstract; type; baseDefinition; derivation; snapshot; differential,128975,8adf7475f425089d06dc23804240f6f94701eb478853475aa6f09d5901d4b1a4,2026-08-28,reference/configuration JSON object,,,True,True,
StructureDefinition-pediatric-weight-for-height.json,external/synthea/src/test/resources/structureDefinitions/r4/uscore3/StructureDefinition-pediatric-weight-for-height.json,json,external_reference_or_fixture,1,23,resourceType; id; text; url; version; name; title; status; experimental; date; publisher; contact; description; jurisdiction; fhirVersion; mapping; kind; abstract; type; baseDefinition; derivation; snapshot; differential,128846,d745c5eaf5aa12418de32adef57a018585e426c4f96ba3a8e776f9d14d9717d7,2026-08-28,reference/configuration JSON object,,,True,True,
StructureDefinition-us-core-allergyintolerance.json,external/synthea/src/test/resources/structureDefinitions/r4/uscore3/StructureDefinition-us-core-allergyintolerance.json,json,external_reference_or_fixture,1,23,resourceType; id; text; url; version; name; title; status; experimental; date; publisher; contact; description; jurisdiction; fhirVersion; mapping; kind; abstract; type; baseDefinition; derivation; snapshot; differential,74312,5742485ae01963d73d04adb47549ca519b85ee269511d1f76626da71c59f45c2,2026-08-28,reference/configuration JSON object,,,True,True,
StructureDefinition-us-core-birthsex.json,external/synthea/src/test/resources/structureDefinitions/r4/uscore3/StructureDefinition-us-core-birthsex.json,json,external_reference_or_fixture,1,23,resourceType; id; text; url; version; name; title; status; date; publisher; contact; description; jurisdiction; fhirVersion; mapping; kind; abstract; context; type; baseDefinition; derivation; snapshot; differential,15468,acd17c769f3d84a949fc7e01a918df28b72ea6be9874a80437df61de25157a1e,2026-08-28,reference/configuration JSON object,,,True,True,
StructureDefinition-us-core-careplan.json,external/synthea/src/test/resources/structureDefinitions/r4/uscore3/StructureDefinition-us-core-careplan.json,json,external_reference_or_fixture,1,23,resourceType; id; text; url; version; name; title; status; experimental; date; publisher; contact; description; jurisdiction; fhirVersion; mapping; kind; abstract; type; baseDefinition; derivation; snapshot; differential,112876,f2d460198461e92dc367fdb2ca684d45c8fbdca5bee67a39a2d20db8b0b5f0d3,2026-08-28,reference/configuration JSON object,,,True,True,
StructureDefinition-us-core-careteam.json,external/synthea/src/test/resources/structureDefinitions/r4/uscore3/StructureDefinition-us-core-careteam.json,json,external_reference_or_fixture,1,23,resourceType; id; text; url; version; name; title; status; experimental; date; publisher; contact; description; jurisdiction; fhirVersion; mapping; kind; abstract; type; baseDefinition; derivation; snapshot; differential,53376,6282b2a213a38ef356895434b856ffcac85bafe11966fc7944f6c7c98f719167,2026-08-28,reference/configuration JSON object,,,True,True,
StructureDefinition-us-core-condition.json,external/synthea/src/test/resources/structureDefinitions/r4/uscore3/StructureDefinition-us-core-condition.json,json,external_reference_or_fixture,1,23,resourceType; id; text; url; version; name; title; status; experimental; date; publisher; contact; description; jurisdiction; fhirVersion; mapping; kind; abstract; type; baseDefinition; derivation; snapshot; differential,72776,6af2304c3b19d24a53818cdcca26c411254b0a4f91a912c858a184e9d11576c7,2026-08-28,reference/configuration JSON object,,,True,True,
StructureDefinition-us-core-diagnosticreport-lab.json,external/synthea/src/test/resources/structureDefinitions/r4/uscore3/StructureDefinition-us-core-diagnosticreport-lab.json,json,external_reference_or_fixture,1,23,resourceType; id; text; url; version; name; title; status; experimental; date; publisher; contact; description; jurisdiction; fhirVersion; mapping; kind; abstract; type; baseDefinition; derivation; snapshot; differential,81837,8018db65eebe13b4143300278107f5181d1e39ecbbd5a12426fe778ca5337615,2026-08-28,reference/configuration JSON object,,,True,True,
StructureDefinition-us-core-diagnosticreport-note.json,external/synthea/src/test/resources/structureDefinitions/r4/uscore3/StructureDefinition-us-core-diagnosticreport-note.json,json,external_reference_or_fixture,1,22,resourceType; id; text; url; version; name; title; status; date; publisher; contact; description; jurisdiction; fhirVersion; mapping; kind; abstract; type; baseDefinition; derivation; snapshot; differential,74347,46d5bf58fdd16992eed36c864d1ecfe6a6178b4ed1d25fc015d14a0577ed052a,2026-08-28,reference/configuration JSON object,,,True,True,
StructureDefinition-us-core-direct.json,external/synthea/src/test/resources/structureDefinitions/r4/uscore3/StructureDefinition-us-core-direct.json,json,external_reference_or_fixture,1,23,resourceType; id; text; url; version; name; title; status; date; publisher; contact; description; jurisdiction; fhirVersion; mapping; kind; abstract; context; type; baseDefinition; derivation; snapshot; differential,14679,903b4bb9db027595d745642cae2e36ca096a2f76605ea7e7398b54f955a8cdb2,2026-08-28,reference/configuration JSON object,,,True,True,
StructureDefinition-us-core-documentreference.json,external/synthea/src/test/resources/structureDefinitions/r4/uscore3/StructureDefinition-us-core-documentreference.json,json,external_reference_or_fixture,1,23,resourceType; id; text; url; version; name; title; status; experimental; date; publisher; contact; description; jurisdiction; fhirVersion; mapping; kind; abstract; type; baseDefinition; derivation; snapshot; differential,120684,f489e24582532fc227093a6218c4f26d30791fd84b2b551b2e6863d2108f0127,2026-08-28,reference/configuration JSON object,,,True,True,
StructureDefinition-us-core-encounter.json,external/synthea/src/test/resources/structureDefinitions/r4/uscore3/StructureDefinition-us-core-encounter.json,json,external_reference_or_fixture,1,23,resourceType; id; text; url; version; name; title; status; experimental; date; publisher; contact; description; jurisdiction; fhirVersion; mapping; kind; abstract; type; baseDefinition; derivation; snapshot; differential,140372,4ccb9e9824367ba52ddfc74ec5bc69ceff2d6a6d8f9112b0f039d2cb1260b5c4,2026-08-28,reference/configuration JSON object,,,True,True,
StructureDefinition-us-core-ethnicity.json,external/synthea/src/test/resources/structureDefinitions/r4/uscore3/StructureDefinition-us-core-ethnicity.json,json,external_reference_or_fixture,1,24,resourceType; id; text; url; version; name; title; status; date; publisher; contact; description; jurisdiction; purpose; fhirVersion; mapping; kind; abstract; context; type; baseDefinition; derivation; snapshot; differential,64817,f663cbf8bb535e8e46ad6b91cec67a2571604d74ba32c3b3f9785243e54bcc9b,2026-08-28,reference/configuration JSON object,,,True,True,
StructureDefinition-us-core-goal.json,external/synthea/src/test/resources/structureDefinitions/r4/uscore3/StructureDefinition-us-core-goal.json,json,external_reference_or_fixture,1,23,resourceType; id; text; url; version; name; title; status; experimental; date; publisher; contact; description; jurisdiction; fhirVersion; mapping; kind; abstract; type; baseDefinition; derivation; snapshot; differential,56845,548959b1d64b09856bd24df724a6862a545c9ee94fc2e71df185b9658c6f6d50,2026-08-28,reference/configuration JSON object,,,True,True,
StructureDefinition-us-core-immunization.json,external/synthea/src/test/resources/structureDefinitions/r4/uscore3/StructureDefinition-us-core-immunization.json,json,external_reference_or_fixture,1,23,resourceType; id; text; url; version; name; title; status; experimental; date; publisher; contact; description; jurisdiction; fhirVersion; mapping; kind; abstract; type; baseDefinition; derivation; snapshot; differential,98416,35d162162abddfd8024cf1a8890a8831a3757894ec55e52613dffc6f2403d21a,2026-08-28,reference/configuration JSON object,,,True,True,
StructureDefinition-us-core-implantable-device.json,external/synthea/src/test/resources/structureDefinitions/r4/uscore3/StructureDefinition-us-core-implantable-device.json,json,external_reference_or_fixture,1,23,resourceType; id; text; url; version; name; title; status; experimental; date; publisher; contact; description; jurisdiction; fhirVersion; mapping; kind; abstract; type; baseDefinition; derivation; snapshot; differential,106042,35236a9e5ab91169fdad275f5e5532d6e9a8a56a34bfc753bc098d5c0b12e71b,2026-08-28,reference/configuration JSON object,,,True,True,
StructureDefinition-us-core-location.json,external/synthea/src/test/resources/structureDefinitions/r4/uscore3/StructureDefinition-us-core-location.json,json,external_reference_or_fixture,1,23,resourceType; id; text; url; version; name; title; status; experimental; date; publisher; contact; description; jurisdiction; fhirVersion; mapping; kind; abstract; type; baseDefinition; derivation; snapshot; differential,82059,f051de0f6dbd3aeb67f58ca15eb40a0bd1c8d0a3a2d0b37273be147997b82f18,2026-08-28,reference/configuration JSON object,,,True,True,
StructureDefinition-us-core-medication.json,external/synthea/src/test/resources/structureDefinitions/r4/uscore3/StructureDefinition-us-core-medication.json,json,external_reference_or_fixture,1,23,resourceType; id; text; url; version; name; title; status; experimental; date; publisher; contact; description; jurisdiction; fhirVersion; mapping; kind; abstract; type; baseDefinition; derivation; snapshot; differential,47528,5c46c7de4947680d3c7d81700a29c7a1a9c06a5a93fb1f3a1de9498f4cabab01,2026-08-28,reference/configuration JSON object,,,True,True,
StructureDefinition-us-core-medicationrequest.json,external/synthea/src/test/resources/structureDefinitions/r4/uscore3/StructureDefinition-us-core-medicationrequest.json,json,external_reference_or_fixture,1,23,resourceType; id; text; url; version; name; title; status; experimental; date; publisher; contact; description; jurisdiction; fhirVersion; mapping; kind; abstract; type; baseDefinition; derivation; snapshot; differential,144616,836193b4ccd3584e0b7ace9dfeaa598c6f94aaeda48bfc57deb1441ed5a35c9f,2026-08-28,reference/configuration JSON object,,,True,True,
StructureDefinition-us-core-observation-lab.json,external/synthea/src/test/resources/structureDefinitions/r4/uscore3/StructureDefinition-us-core-observation-lab.json,json,external_reference_or_fixture,1,23,resourceType; id; text; url; version; name; title; status; experimental; date; publisher; contact; description; jurisdiction; fhirVersion; mapping; kind; abstract; type; baseDefinition; derivation; snapshot; differential,119826,08d845bcbb66621c736b1beb888417f0453d66ae7f6062412f5c36e3aa020b5f,2026-08-28,reference/configuration JSON object,,,True,True,
StructureDefinition-us-core-organization.json,external/synthea/src/test/resources/structureDefinitions/r4/uscore3/StructureDefinition-us-core-organization.json,json,external_reference_or_fixture,1,23,resourceType; id; text; url; version; name; title; status; experimental; date; publisher; contact; description; jurisdiction; fhirVersion; mapping; kind; abstract; type; baseDefinition; derivation; snapshot; differential,100757,926a4eac8dc6f2ae3e9239c6e8722e2f00c6b29e3a98e3d088d6cdeb342ea0a8,2026-08-28,reference/configuration JSON object,,,True,True,
StructureDefinition-us-core-patient.json,external/synthea/src/test/resources/structureDefinitions/r4/uscore3/StructureDefinition-us-core-patient.json,json,external_reference_or_fixture,1,23,resourceType; id; text; url; version; name; title; status; experimental; date; publisher; contact; description; jurisdiction; fhirVersion; mapping; kind; abstract; type; baseDefinition; derivation; snapshot; differential,162645,6c092a64313c754975ec64020f509b618ef72f64f199178d227a4f74be5061b2,2026-08-28,reference/configuration JSON object,,,True,True,
StructureDefinition-us-core-practitioner.json,external/synthea/src/test/resources/structureDefinitions/r4/uscore3/StructureDefinition-us-core-practitioner.json,json,external_reference_or_fixture,1,23,resourceType; id; text; url; version; name; title; status; experimental; date; publisher; contact; description; jurisdiction; fhirVersion; mapping; kind; abstract; type; baseDefinition; derivation; snapshot; differential,76258,0f38e44ad8c076784a1ac3325a3e9112a3e99f213950ca0b3cf0c33cb45b516a,2026-08-28,reference/configuration JSON object,,,True,True,
StructureDefinition-us-core-practitionerrole.json,external/synthea/src/test/resources/structureDefinitions/r4/uscore3/StructureDefinition-us-core-practitionerrole.json,json,external_reference_or_fixture,1,23,resourceType; id; text; url; version; name; title; status; experimental; date; publisher; contact; description; jurisdiction; fhirVersion; mapping; kind; abstract; type; baseDefinition; derivation; snapshot; differential,76008,390fa8f3213afcb52d8853a216c69fcc5e2dc43ca9100bb23f0cdd59c883e73a,2026-08-28,reference/configuration JSON object,,,True,True,
StructureDefinition-us-core-procedure.json,external/synthea/src/test/resources/structureDefinitions/r4/uscore3/StructureDefinition-us-core-procedure.json,json,external_reference_or_fixture,1,23,resourceType; id; text; url; version; name; title; status; experimental; date; publisher; contact; description; jurisdiction; fhirVersion; mapping; kind; abstract; type; baseDefinition; derivation; snapshot; differential,80216,bf1b9cdabc5901a3ab95e1bff91546a5df1397774cab46405a2a4b6f59ac4e7f,2026-08-28,reference/configuration JSON object,,,True,True,
StructureDefinition-us-core-provenance.json,external/synthea/src/test/resources/structureDefinitions/r4/uscore3/StructureDefinition-us-core-provenance.json,json,external_reference_or_fixture,1,22,resourceType; id; text; url; version; name; title; status; date; publisher; contact; description; jurisdiction; fhirVersion; mapping; kind; abstract; type; baseDefinition; derivation; snapshot; differential,107666,0a4c5b298ed0570a5106e92cde4b2340da91c50c222dcadbbaa5a416e3fca392,2026-08-28,reference/configuration JSON object,,,True,True,
StructureDefinition-us-core-pulse-oximetry.json,external/synthea/src/test/resources/structureDefinitions/r4/uscore3/StructureDefinition-us-core-pulse-oximetry.json,json,external_reference_or_fixture,1,23,resourceType; id; text; url; version; name; title; status; experimental; date; publisher; contact; description; jurisdiction; fhirVersion; mapping; kind; abstract; type; baseDefinition; derivation; snapshot; differential,237972,41997bcfda7c70dc64ddbece8ef21f63670815036d4c17a32893b69d951b95d8,2026-08-28,reference/configuration JSON object,,,True,True,
StructureDefinition-us-core-race.json,external/synthea/src/test/resources/structureDefinitions/r4/uscore3/StructureDefinition-us-core-race.json,json,external_reference_or_fixture,1,24,resourceType; id; text; url; version; name; title; status; date; publisher; contact; description; jurisdiction; purpose; fhirVersion; mapping; kind; abstract; context; type; baseDefinition; derivation; snapshot; differential,67613,5cb04b499a403d06470428d1e4469fd415c9198882e912d0c90ccddc82e9ab64,2026-08-28,reference/configuration JSON object,,,True,True,
StructureDefinition-us-core-smokingstatus.json,external/synthea/src/test/resources/structureDefinitions/r4/uscore3/StructureDefinition-us-core-smokingstatus.json,json,external_reference_or_fixture,1,23,resourceType; id; text; url; version; name; title; status; experimental; date; publisher; contact; description; jurisdiction; fhirVersion; mapping; kind; abstract; type; baseDefinition; derivation; snapshot; differential,97267,42d08a8d7e185677697ea9bc12415a0d0c95529269d227856d59e9ec017cc2c9,2026-08-28,reference/configuration JSON object,,,True,True,
ValueSet-birthsex.json,external/synthea/src/test/resources/structureDefinitions/r4/uscore3/ValueSet-birthsex.json,json,external_reference_or_fixture,1,15,resourceType; id; text; url; identifier; version; name; title; status; date; publisher; contact; description; jurisdiction; compose,2983,f3f82ed76cdf6924ac9b64aca7b4018b06fea1c1da2a83036458cc37c2d7b232,2026-08-28,reference/configuration JSON object,,,True,True,
ValueSet-detailed-ethnicity.json,external/synthea/src/test/resources/structureDefinitions/r4/uscore3/ValueSet-detailed-ethnicity.json,json,external_reference_or_fixture,1,13,resourceType; id; text; url; version; name; title; status; date; publisher; description; jurisdiction; compose,1857,5f738ec427f63df932c137a5b72d87aaf15c79ee27d21635dd474a0306787d8c,2026-08-28,reference/configuration JSON object,,,True,True,
ValueSet-detailed-race.json,external/synthea/src/test/resources/structureDefinitions/r4/uscore3/ValueSet-detailed-race.json,json,external_reference_or_fixture,1,13,resourceType; id; text; url; version; name; title; status; date; publisher; description; jurisdiction; compose,2178,07a16dae8ecabf8631b09a3bf3845cc1c3169fedc478c8e1ccd9af81d7d8c5ef,2026-08-28,reference/configuration JSON object,,,True,True,
ValueSet-omb-ethnicity-category.json,external/synthea/src/test/resources/structureDefinitions/r4/uscore3/ValueSet-omb-ethnicity-category.json,json,external_reference_or_fixture,1,13,resourceType; id; text; url; version; name; title; status; date; publisher; description; jurisdiction; compose,1679,1a33654083cf9cc1aa19f83df308a53f471eb7f8e9c50b1dd82a3407881e1ba1,2026-08-28,reference/configuration JSON object,,,True,True,
ValueSet-omb-race-category.json,external/synthea/src/test/resources/structureDefinitions/r4/uscore3/ValueSet-omb-race-category.json,json,external_reference_or_fixture,1,15,resourceType; id; text; url; identifier; version; name; title; status; date; publisher; contact; description; jurisdiction; compose,4202,f96e0726cc23048af69926de24a1f5fbc98f7a262ee3c5801cd7741a843e6e19,2026-08-28,reference/configuration JSON object,,,True,True,
ValueSet-simple-language.json,external/synthea/src/test/resources/structureDefinitions/r4/uscore3/ValueSet-simple-language.json,json,external_reference_or_fixture,1,14,resourceType; id; text; url; version; name; title; status; date; publisher; contact; description; jurisdiction; compose,1687,a904b08a1e6f992be1edcc5583c874ffbdd46937e3b388561a9b3654bf6f5f54,2026-08-28,reference/configuration JSON object,,,True,True,
ValueSet-us-core-allergy-substance.json,external/synthea/src/test/resources/structureDefinitions/r4/uscore3/ValueSet-us-core-allergy-substance.json,json,external_reference_or_fixture,1,16,resourceType; id; text; url; identifier; version; name; title; status; date; publisher; contact; description; jurisdiction; copyright; compose,101518,e418bcb1cbdaf9ccedc96a01aae5703d5d86b18cef1dcd9021c6349e54c004c4,2026-08-28,reference/configuration JSON object,,,True,True,
ValueSet-us-core-careteam-provider-roles.json,external/synthea/src/test/resources/structureDefinitions/r4/uscore3/ValueSet-us-core-careteam-provider-roles.json,json,external_reference_or_fixture,1,16,resourceType; id; text; url; version; name; title; status; date; publisher; contact; description; jurisdiction; purpose; copyright; compose,2250,9d92df957fbe6f8de25e23d5c8039eab20830a3523cf2e35bb085179198a58ed,2026-08-28,reference/configuration JSON object,,,True,True,
ValueSet-us-core-clinical-note-type.json,external/synthea/src/test/resources/structureDefinitions/r4/uscore3/ValueSet-us-core-clinical-note-type.json,json,external_reference_or_fixture,1,15,resourceType; id; text; url; version; name; title; status; date; publisher; contact; description; jurisdiction; copyright; compose,2044,8029dd2e873146c8cc9ce8fa0ae80c226130b0ae1e5fda7ff4a01f7db9f9f425,2026-08-28,reference/configuration JSON object,,,True,True,
ValueSet-us-core-condition-category.json,external/synthea/src/test/resources/structureDefinitions/r4/uscore3/ValueSet-us-core-condition-category.json,json,external_reference_or_fixture,1,14,resourceType; id; text; url; version; name; title; status; date; publisher; description; jurisdiction; purpose; compose,1885,aed38ef22942e484e62c8ef429426b2e29e0a6301d5c0f6e33f5e3e15912f172,2026-08-28,reference/configuration JSON object,,,True,True,
ValueSet-us-core-condition-code.json,external/synthea/src/test/resources/structureDefinitions/r4/uscore3/ValueSet-us-core-condition-code.json,json,external_reference_or_fixture,1,15,resourceType; id; text; url; version; name; title; status; date; publisher; contact; description; jurisdiction; copyright; compose,3020,bd58a401a18ccf4920886536c4e5c89870870aecc0604f696b7153b591102141,2026-08-28,reference/configuration JSON object,,,True,True,
ValueSet-us-core-diagnosticreport-category.json,external/synthea/src/test/resources/structureDefinitions/r4/uscore3/ValueSet-us-core-diagnosticreport-category.json,json,external_reference_or_fixture,1,13,resourceType; id; text; url; version; name; title; status; date; description; jurisdiction; copyright; compose,1764,9907718cded3c9a1749bbf164bf4a23b7e3d4c27a6d880545ba60f82152ed02a,2026-08-28,reference/configuration JSON object,,,True,True,
ValueSet-us-core-diagnosticreport-lab-codes.json,external/synthea/src/test/resources/structureDefinitions/r4/uscore3/ValueSet-us-core-diagnosticreport-lab-codes.json,json,external_reference_or_fixture,1,15,resourceType; id; text; url; version; name; title; status; date; publisher; contact; description; jurisdiction; copyright; compose,1341,e97e0e9acccd4bd29f275a9175166b1aaf8fd6de695123db75f682828cd451dc,2026-08-28,reference/configuration JSON object,,,True,True,
ValueSet-us-core-diagnosticreport-report-and-note-codes.json,external/synthea/src/test/resources/structureDefinitions/r4/uscore3/ValueSet-us-core-diagnosticreport-report-and-note-codes.json,json,external_reference_or_fixture,1,16,resourceType; id; text; url; version; name; title; status; experimental; date; publisher; contact; description; jurisdiction; copyright; compose,1367,fa796e9ba87ba81f5b52352175c79d9184d92d3fa62200165fc0363ace40267d,2026-08-28,reference/configuration JSON object,,,True,True,
ValueSet-us-core-documentreference-category.json,external/synthea/src/test/resources/structureDefinitions/r4/uscore3/ValueSet-us-core-documentreference-category.json,json,external_reference_or_fixture,1,14,resourceType; id; text; url; version; name; title; status; date; publisher; contact; description; jurisdiction; compose,1075,9e9a464386ee1d6db74f962215cbf6f15085c02a4f417b5ae24113b83c40216c,2026-08-28,reference/configuration JSON object,,,True,True,
ValueSet-us-core-documentreference-type.json,external/synthea/src/test/resources/structureDefinitions/r4/uscore3/ValueSet-us-core-documentreference-type.json,json,external_reference_or_fixture,1,15,resourceType; id; text; url; version; name; title; status; date; publisher; contact; description; jurisdiction; copyright; expansion,4046,b58efdeb712dfbc25c80a28a2bc7647fc4677f5633ef3c5a0505116ffcfc6e81,2026-08-28,reference/configuration JSON object,,,True,True,
ValueSet-us-core-encounter-type.json,external/synthea/src/test/resources/structureDefinitions/r4/uscore3/ValueSet-us-core-encounter-type.json,json,external_reference_or_fixture,1,16,resourceType; id; text; url; identifier; version; name; title; status; date; publisher; contact; description; jurisdiction; copyright; compose,1951,b1e854bf0a4c45aa37a19bb5bdc7bbb5cfb3aadbd2e867ff7aac27c011282c4d,2026-08-28,reference/configuration JSON object,,,True,True,
ValueSet-us-core-medication-codes.json,external/synthea/src/test/resources/structureDefinitions/r4/uscore3/ValueSet-us-core-medication-codes.json,json,external_reference_or_fixture,1,16,resourceType; id; text; url; identifier; version; name; title; status; date; publisher; contact; description; jurisdiction; copyright; compose,2533,aa55f583a43f835b407c60d1ccfea72306140163986e169e40d3150c68e7b497,2026-08-28,reference/configuration JSON object,,,True,True,
ValueSet-us-core-narrative-status.json,external/synthea/src/test/resources/structureDefinitions/r4/uscore3/ValueSet-us-core-narrative-status.json,json,external_reference_or_fixture,1,15,resourceType; id; text; url; version; name; title; status; date; publisher; contact; description; jurisdiction; copyright; compose,1776,054305314314e1c90b200506c57e755296e9f3117da4b03958fc897b8bcb6684,2026-08-28,reference/configuration JSON object,,,True,True,
ValueSet-us-core-ndc-vaccine-codes.json,external/synthea/src/test/resources/structureDefinitions/r4/uscore3/ValueSet-us-core-ndc-vaccine-codes.json,json,external_reference_or_fixture,1,14,resourceType; id; text; url; version; name; title; status; date; publisher; description; jurisdiction; purpose; compose,35695,1acd1c2878784e414f04e40fc1646813fe3dc73ab5299d9ccc732df37e6bc520,2026-08-28,reference/configuration JSON object,,,True,True,
ValueSet-us-core-observation-smoking-status-status.json,external/synthea/src/test/resources/structureDefinitions/r4/uscore3/ValueSet-us-core-observation-smoking-status-status.json,json,external_reference_or_fixture,1,14,resourceType; id; text; url; version; name; title; status; date; publisher; contact; description; jurisdiction; compose,2267,68f96bbad0c0cb1606e335b71d0160589fd5832a64c8398c49b3893af965526f,2026-08-28,reference/configuration JSON object,,,True,True,
ValueSet-us-core-observation-smokingstatus-max.json,external/synthea/src/test/resources/structureDefinitions/r4/uscore3/ValueSet-us-core-observation-smokingstatus-max.json,json,external_reference_or_fixture,1,15,resourceType; id; text; url; version; name; title; status; date; publisher; contact; description; jurisdiction; copyright; compose,1174,8305babbe50b66be93edce3f3351ab273d4c80ffa7cc2742ecf2d7784a02e542,2026-08-28,reference/configuration JSON object,,,True,True,
ValueSet-us-core-observation-smokingstatus.json,external/synthea/src/test/resources/structureDefinitions/r4/uscore3/ValueSet-us-core-observation-smokingstatus.json,json,external_reference_or_fixture,1,16,resourceType; id; text; url; identifier; version; name; title; status; date; publisher; contact; description; jurisdiction; copyright; compose,3158,9535b4ad9677f06fe6e4eb4e8cd26bed33f926da5b41bad83f5b6d52f0671dc4,2026-08-28,reference/configuration JSON object,,,True,True,
ValueSet-us-core-observation-value-codes.json,external/synthea/src/test/resources/structureDefinitions/r4/uscore3/ValueSet-us-core-observation-value-codes.json,json,external_reference_or_fixture,1,15,resourceType; id; text; url; version; name; title; status; date; publisher; contact; description; jurisdiction; copyright; compose,1209,8cf1a40c6c7ffa6ae2590099aa8ce364a139c0bd04ee8d5aec46e3572d0337b9,2026-08-28,reference/configuration JSON object,,,True,True,
ValueSet-us-core-procedure-code.json,external/synthea/src/test/resources/structureDefinitions/r4/uscore3/ValueSet-us-core-procedure-code.json,json,external_reference_or_fixture,1,15,resourceType; id; text; url; version; name; title; status; date; publisher; contact; description; jurisdiction; copyright; compose,3184,358131b2094ceb7aab58a19662b55951808a8211cb598197f78c06d4fa70d1e1,2026-08-28,reference/configuration JSON object,,,True,True,
ValueSet-us-core-procedure-icd10pcs.json,external/synthea/src/test/resources/structureDefinitions/r4/uscore3/ValueSet-us-core-procedure-icd10pcs.json,json,external_reference_or_fixture,1,15,resourceType; id; text; url; version; name; title; status; date; publisher; contact; description; jurisdiction; copyright; compose,1219,8ee9ab71bb8070a48228e13d00d1f7972dc50691730bc0b55f199d446073fc1c,2026-08-28,reference/configuration JSON object,,,True,True,
ValueSet-us-core-provenance-participant-type.json,external/synthea/src/test/resources/structureDefinitions/r4/uscore3/ValueSet-us-core-provenance-participant-type.json,json,external_reference_or_fixture,1,14,resourceType; id; text; url; version; name; title; status; date; publisher; description; jurisdiction; purpose; compose,1385,0d6995f8cb848a1a7ae996dafc8ab0da92fe8d85189f1b39a2348ab708e1796a,2026-08-28,reference/configuration JSON object,,,True,True,
ValueSet-us-core-provider-role.json,external/synthea/src/test/resources/structureDefinitions/r4/uscore3/ValueSet-us-core-provider-role.json,json,external_reference_or_fixture,1,15,resourceType; id; text; url; version; name; title; status; date; publisher; contact; description; jurisdiction; copyright; compose,30692,fd5d9a45b86a81c21049e0c9e5a5feaf1fa4eab07633c4495dc483b22eb0ac05,2026-08-28,reference/configuration JSON object,,,True,True,
ValueSet-us-core-provider-specialty.json,external/synthea/src/test/resources/structureDefinitions/r4/uscore3/ValueSet-us-core-provider-specialty.json,json,external_reference_or_fixture,1,15,resourceType; id; text; url; version; name; title; status; date; publisher; contact; description; jurisdiction; copyright; compose,1212,faacce590954a75b27390af63476092bac49301ec4a5f7e37969026adc5ec6e1,2026-08-28,reference/configuration JSON object,,,True,True,
ValueSet-us-core-smoking-status-observation-codes.json,external/synthea/src/test/resources/structureDefinitions/r4/uscore3/ValueSet-us-core-smoking-status-observation-codes.json,json,external_reference_or_fixture,1,15,resourceType; id; text; url; version; name; title; status; date; publisher; contact; description; jurisdiction; copyright; compose,1606,d357b571bfa3ad5611354187514708ae5b617c3743079e8fff471d77f0b0c346,2026-08-28,reference/configuration JSON object,,,True,True,
ValueSet-us-core-usps-state.json,external/synthea/src/test/resources/structureDefinitions/r4/uscore3/ValueSet-us-core-usps-state.json,json,external_reference_or_fixture,1,16,resourceType; id; text; url; identifier; version; name; title; status; date; publisher; contact; description; jurisdiction; copyright; compose,6180,04078206c00bd5c03aaf1470e0e77517b5305d4e38f3495cddb107d10001814f,2026-08-28,reference/configuration JSON object,,,True,True,
ValueSet-us-core-vaccines-cvx.json,external/synthea/src/test/resources/structureDefinitions/r4/uscore3/ValueSet-us-core-vaccines-cvx.json,json,external_reference_or_fixture,1,15,resourceType; id; text; url; identifier; version; name; title; status; date; publisher; contact; description; jurisdiction; compose,30836,8a2df15dc0f4025937fe6695479c9d68bd2300025ccb59a65632cae6ea40ab78,2026-08-28,reference/configuration JSON object,,,True,True,
ig-r4.json,external/synthea/src/test/resources/structureDefinitions/r4/uscore3/ig-r4.json,json,external_reference_or_fixture,1,17,resourceType; id; text; url; version; name; title; status; date; publisher; contact; jurisdiction; copyright; packageId; license; fhirVersion; definition,99250,3d761b94596f29f02e2479d8c19907a9ad1101ba1b6d3df873587bab9b1807d4,2026-08-28,reference/configuration JSON object,,,True,True,
CapabilityStatement-us-core-client.json,external/synthea/src/test/resources/structureDefinitions/r4/uscore4/CapabilityStatement-us-core-client.json,json,external_reference_or_fixture,1,26,resourceType; id; text; url; version; name; title; status; experimental; date; publisher; contact; description; jurisdiction; copyright; kind; instantiates; _instantiates; fhirVersion; format; _format; patchFormat; _patchFormat; implementationGuide; _implementationGuide,258037,7af350f902fdf5f351a9675d831c705bf8835d160e07d8afbecdd9f45425e4fc,2026-08-28,reference/configuration JSON object,,,True,True,
CapabilityStatement-us-core-server.json,external/synthea/src/test/resources/structureDefinitions/r4/uscore4/CapabilityStatement-us-core-server.json,json,external_reference_or_fixture,1,26,resourceType; id; text; url; version; name; title; status; experimental; date; publisher; contact; description; jurisdiction; copyright; kind; instantiates; _instantiates; fhirVersion; format; _format; patchFormat; _patchFormat; implementationGuide; _implementationGuide,255898,e8d9d57f148345323b1a508aeaf26c8accbf0b99ba2277834f97f38b1f840d16,2026-08-28,reference/configuration JSON object,,,True,True,
CodeSystem-careplan-category.json,external/synthea/src/test/resources/structureDefinitions/r4/uscore4/CodeSystem-careplan-category.json,json,external_reference_or_fixture,1,17,resourceType; id; text; url; version; name; title; status; date; publisher; contact; description; jurisdiction; copyright; caseSensitive; content; concept,2048,f4b5a77402b51449cda4eb87d9bd0066700887403af76b2e48beebaa9b122b65,2026-08-28,reference/configuration JSON object,,,True,True,
CodeSystem-cdcrec.json,external/synthea/src/test/resources/structureDefinitions/r4/uscore4/CodeSystem-cdcrec.json,json,external_reference_or_fixture,1,22,resourceType; id; text; url; identifier; version; name; title; status; experimental; date; publisher; contact; description; jurisdiction; copyright; caseSensitive; hierarchyMeaning; content; count; property; concept,282612,bd27d45388a3148927f66031c825337cf27a907ab6717348c291ae229db8732a,2026-08-28,reference/configuration JSON object,,,True,True,
CodeSystem-condition-category.json,external/synthea/src/test/resources/structureDefinitions/r4/uscore4/CodeSystem-condition-category.json,json,external_reference_or_fixture,1,18,resourceType; id; text; url; version; name; title; status; date; publisher; contact; description; jurisdiction; copyright; caseSensitive; content; property; concept,3537,7b0aba7ccbb993b06707673e4f976758f8a5fa80a8cb7fb8a4294eca3a595c7b,2026-08-28,reference/configuration JSON object,,,True,True,
CodeSystem-us-core-documentreference-category.json,external/synthea/src/test/resources/structureDefinitions/r4/uscore4/CodeSystem-us-core-documentreference-category.json,json,external_reference_or_fixture,1,19,resourceType; id; text; url; version; name; title; status; date; publisher; contact; description; jurisdiction; copyright; caseSensitive; valueSet; content; count; concept,2442,4b93abf1e1ab07f52104ccd5c5d1f345135915efaa73fe4eebc068f008da2af0,2026-08-28,reference/configuration JSON object,,,True,True,
CodeSystem-us-core-provenance-participant-type.json,external/synthea/src/test/resources/structureDefinitions/r4/uscore4/CodeSystem-us-core-provenance-participant-type.json,json,external_reference_or_fixture,1,17,resourceType; id; text; url; version; name; title; status; date; publisher; contact; description; jurisdiction; copyright; caseSensitive; content; concept,1940,dfa2401cfa012da3ff78eccd68f43a012faf0b4fe2e01a5e7d72f65eb1321b2b,2026-08-28,reference/configuration JSON object,,,True,True,
ImplementationGuide-hl7.fhir.us.core.json,external/synthea/src/test/resources/structureDefinitions/r4/uscore4/ImplementationGuide-hl7.fhir.us.core.json,json,external_reference_or_fixture,1,19,resourceType; id; text; url; version; name; title; status; date; publisher; contact; description; jurisdiction; copyright; packageId; license; fhirVersion; dependsOn; definition,166270,4564f4b21a3af497ef350c7d710d6d5767dddd92375c17d8d03e9bf5047e2cc9,2026-08-28,reference/configuration JSON object,,,True,True,
StructureDefinition-head-occipital-frontal-circumference-percentile.json,external/synthea/src/test/resources/structureDefinitions/r4/uscore4/StructureDefinition-head-occipital-frontal-circumference-percentile.json,json,external_reference_or_fixture,1,24,resourceType; id; text; url; version; name; title; status; experimental; date; publisher; contact; description; jurisdiction; copyright; fhirVersion; mapping; kind; abstract; type; baseDefinition; derivation; snapshot; differential,174541,4835c0e696b345d6d31127f041db554e71e546479b4927cabd988783849ecbe2,2026-08-28,reference/configuration JSON object,,,True,True,
StructureDefinition-pediatric-bmi-for-age.json,external/synthea/src/test/resources/structureDefinitions/r4/uscore4/StructureDefinition-pediatric-bmi-for-age.json,json,external_reference_or_fixture,1,24,resourceType; id; text; url; version; name; title; status; experimental; date; publisher; contact; description; jurisdiction; copyright; fhirVersion; mapping; kind; abstract; type; baseDefinition; derivation; snapshot; differential,174053,313e8da7a294163e83b6223619f3fdd43b059468acc7af2f77ff49e441c564fa,2026-08-28,reference/configuration JSON object,,,True,True,
StructureDefinition-pediatric-weight-for-height.json,external/synthea/src/test/resources/structureDefinitions/r4/uscore4/StructureDefinition-pediatric-weight-for-height.json,json,external_reference_or_fixture,1,24,resourceType; id; text; url; version; name; title; status; experimental; date; publisher; contact; description; jurisdiction; copyright; fhirVersion; mapping; kind; abstract; type; baseDefinition; derivation; snapshot; differential,174042,45655b4868e434d65d783f9e09819722f8343969e2a21849af7b6980b608af44,2026-08-28,reference/configuration JSON object,,,True,True,
StructureDefinition-us-core-allergyintolerance.json,external/synthea/src/test/resources/structureDefinitions/r4/uscore4/StructureDefinition-us-core-allergyintolerance.json,json,external_reference_or_fixture,1,24,resourceType; id; text; url; version; name; title; status; experimental; date; publisher; contact; description; jurisdiction; copyright; fhirVersion; mapping; kind; abstract; type; baseDefinition; derivation; snapshot; differential,96712,c22d06f89f40848eb96cb2295a84be23470b4f6a40a31cf02c01c3a8b6f3f8a3,2026-08-28,reference/configuration JSON object,,,True,True,
StructureDefinition-us-core-birthsex.json,external/synthea/src/test/resources/structureDefinitions/r4/uscore4/StructureDefinition-us-core-birthsex.json,json,external_reference_or_fixture,1,24,resourceType; id; text; url; version; name; title; status; date; publisher; contact; description; jurisdiction; copyright; fhirVersion; mapping; kind; abstract; context; type; baseDefinition; derivation; snapshot; differential,19817,9d643b97261ce6a61ad5fec46e1a0ce4d85370d99b7be6a2fc18d6fe7515b92b,2026-08-28,reference/configuration JSON object,,,True,True,
StructureDefinition-us-core-blood-pressure.json,external/synthea/src/test/resources/structureDefinitions/r4/uscore4/StructureDefinition-us-core-blood-pressure.json,json,external_reference_or_fixture,1,24,resourceType; id; text; url; version; name; title; status; experimental; date; publisher; contact; description; jurisdiction; copyright; fhirVersion; mapping; kind; abstract; type; baseDefinition; derivation; snapshot; differential,262784,522ee44fcdd7c0fa53795b70bb408f4680de294ffbc03d7be071e5968b6dc71d,2026-08-28,reference/configuration JSON object,,,True,True,
StructureDefinition-us-core-bmi.json,external/synthea/src/test/resources/structureDefinitions/r4/uscore4/StructureDefinition-us-core-bmi.json,json,external_reference_or_fixture,1,24,resourceType; id; text; url; version; name; title; status; experimental; date; publisher; contact; description; jurisdiction; copyright; fhirVersion; mapping; kind; abstract; type; baseDefinition; derivation; snapshot; differential,173613,9b3aa06090e9e0130f603150c18c09554dbe833e4a7b50cf614d1ff40e0e7203,2026-08-28,reference/configuration JSON object,,,True,True,
StructureDefinition-us-core-body-height.json,external/synthea/src/test/resources/structureDefinitions/r4/uscore4/StructureDefinition-us-core-body-height.json,json,external_reference_or_fixture,1,24,resourceType; id; text; url; version; name; title; status; experimental; date; publisher; contact; description; jurisdiction; copyright; fhirVersion; mapping; kind; abstract; type; baseDefinition; derivation; snapshot; differential,173988,3bf261b454b836ebc097826f548ebfbb2f00eac1e76f1ce2bafa47ebc0f8d32d,2026-08-28,reference/configuration JSON object,,,True,True,
StructureDefinition-us-core-body-temperature.json,external/synthea/src/test/resources/structureDefinitions/r4/uscore4/StructureDefinition-us-core-body-temperature.json,json,external_reference_or_fixture,1,24,resourceType; id; text; url; version; name; title; status; experimental; date; publisher; contact; description; jurisdiction; copyright; fhirVersion; mapping; kind; abstract; type; baseDefinition; derivation; snapshot; differential,174092,d159546adbb773fbc3a504c438724d2c9879b23f7c3a3bcaaa86d3553fcdb861,2026-08-28,reference/configuration JSON object,,,True,True,
StructureDefinition-us-core-body-weight.json,external/synthea/src/test/resources/structureDefinitions/r4/uscore4/StructureDefinition-us-core-body-weight.json,json,external_reference_or_fixture,1,24,resourceType; id; text; url; version; name; title; status; experimental; date; publisher; contact; description; jurisdiction; copyright; fhirVersion; mapping; kind; abstract; type; baseDefinition; derivation; snapshot; differential,173991,61cfcebdd7358ce683b21921fda36e4aa001f50f5c75cebeb5ee60f2b3d78ca7,2026-08-28,reference/configuration JSON object,,,True,True,
StructureDefinition-us-core-careplan.json,external/synthea/src/test/resources/structureDefinitions/r4/uscore4/StructureDefinition-us-core-careplan.json,json,external_reference_or_fixture,1,24,resourceType; id; text; url; version; name; title; status; experimental; date; publisher; contact; description; jurisdiction; copyright; fhirVersion; mapping; kind; abstract; type; baseDefinition; derivation; snapshot; differential,156266,b19df9b4862e77612f1214e517ce097d20ce728a0fdb1a6a28699cc724d5aabb,2026-08-28,reference/configuration JSON object,,,True,True,
StructureDefinition-us-core-careteam.json,external/synthea/src/test/resources/structureDefinitions/r4/uscore4/StructureDefinition-us-core-careteam.json,json,external_reference_or_fixture,1,24,resourceType; id; text; url; version; name; title; status; experimental; date; publisher; contact; description; jurisdiction; copyright; fhirVersion; mapping; kind; abstract; type; baseDefinition; derivation; snapshot; differential,74991,16b913dd52818696ae4e21cd9fdc055c9049c616c39e3d4da2bfaddfb724fd95,2026-08-28,reference/configuration JSON object,,,True,True,
StructureDefinition-us-core-condition.json,external/synthea/src/test/resources/structureDefinitions/r4/uscore4/StructureDefinition-us-core-condition.json,json,external_reference_or_fixture,1,24,resourceType; id; text; url; version; name; title; status; experimental; date; publisher; contact; description; jurisdiction; copyright; fhirVersion; mapping; kind; abstract; type; baseDefinition; derivation; snapshot; differential,99169,ef81b7a949fa61d676f5c9354461ace8d3e458d84bc5a169acf35de0e7382ded,2026-08-28,reference/configuration JSON object,,,True,True,
StructureDefinition-us-core-diagnosticreport-lab.json,external/synthea/src/test/resources/structureDefinitions/r4/uscore4/StructureDefinition-us-core-diagnosticreport-lab.json,json,external_reference_or_fixture,1,24,resourceType; id; text; url; version; name; title; status; experimental; date; publisher; contact; description; jurisdiction; copyright; fhirVersion; mapping; kind; abstract; type; baseDefinition; derivation; snapshot; differential,108609,61510439c559fd13ab9eda6fe8cc404a3416183da7cb52a28c722af1e5731b1d,2026-08-28,reference/configuration JSON object,,,True,True,
StructureDefinition-us-core-diagnosticreport-note.json,external/synthea/src/test/resources/structureDefinitions/r4/uscore4/StructureDefinition-us-core-diagnosticreport-note.json,json,external_reference_or_fixture,1,23,resourceType; id; text; url; version; name; title; status; date; publisher; contact; description; jurisdiction; copyright; fhirVersion; mapping; kind; abstract; type; baseDefinition; derivation; snapshot; differential,100319,8c1b6567d85cff54f0152bd3c73b4ef54bea89f2fddf392d746460352efeae37,2026-08-28,reference/configuration JSON object,,,True,True,
StructureDefinition-us-core-direct.json,external/synthea/src/test/resources/structureDefinitions/r4/uscore4/StructureDefinition-us-core-direct.json,json,external_reference_or_fixture,1,24,resourceType; id; text; url; version; name; title; status; date; publisher; contact; description; jurisdiction; copyright; fhirVersion; mapping; kind; abstract; context; type; baseDefinition; derivation; snapshot; differential,18877,859e466ec090b65e6207d2c7cda2604b276084ee024dfffff2b875bdc25dd328,2026-08-28,reference/configuration JSON object,,,True,True,
StructureDefinition-us-core-documentreference.json,external/synthea/src/test/resources/structureDefinitions/r4/uscore4/StructureDefinition-us-core-documentreference.json,json,external_reference_or_fixture,1,24,resourceType; id; text; url; version; name; title; status; experimental; date; publisher; contact; description; jurisdiction; copyright; fhirVersion; mapping; kind; abstract; type; baseDefinition; derivation; snapshot; differential,160336,8e4352cb43c5746ce4162ca67b7ac2fdda634f1d3792404b5bbddb4adbc31d91,2026-08-28,reference/configuration JSON object,,,True,True,
StructureDefinition-us-core-encounter.json,external/synthea/src/test/resources/structureDefinitions/r4/uscore4/StructureDefinition-us-core-encounter.json,json,external_reference_or_fixture,1,24,resourceType; id; text; url; version; name; title; status; experimental; date; publisher; contact; description; jurisdiction; copyright; fhirVersion; mapping; kind; abstract; type; baseDefinition; derivation; snapshot; differential,200851,004abd08272eb55c3ccdb188f2d7e265e4b172e78b204d1e607fda4b9a6aea5e,2026-08-28,reference/configuration JSON object,,,True,True,
StructureDefinition-us-core-ethnicity.json,external/synthea/src/test/resources/structureDefinitions/r4/uscore4/StructureDefinition-us-core-ethnicity.json,json,external_reference_or_fixture,1,25,resourceType; id; text; url; version; name; title; status; date; publisher; contact; description; jurisdiction; purpose; copyright; fhirVersion; mapping; kind; abstract; context; type; baseDefinition; derivation; snapshot; differential,90258,61aa3bcbabfa39ee3323ed579434d7018532996766d914954526765c99c8fdc6,2026-08-28,reference/configuration JSON object,,,True,True,
StructureDefinition-us-core-goal.json,external/synthea/src/test/resources/structureDefinitions/r4/uscore4/StructureDefinition-us-core-goal.json,json,external_reference_or_fixture,1,24,resourceType; id; text; url; version; name; title; status; experimental; date; publisher; contact; description; jurisdiction; copyright; fhirVersion; mapping; kind; abstract; type; baseDefinition; derivation; snapshot; differential,79225,b2db4e16037fc42c15069bf2b170347556220a94200fb09423f88aa40e10a799,2026-08-28,reference/configuration JSON object,,,True,True,
StructureDefinition-us-core-head-circumference.json,external/synthea/src/test/resources/structureDefinitions/r4/uscore4/StructureDefinition-us-core-head-circumference.json,json,external_reference_or_fixture,1,24,resourceType; id; text; url; version; name; title; status; experimental; date; publisher; contact; description; jurisdiction; copyright; fhirVersion; mapping; kind; abstract; type; baseDefinition; derivation; snapshot; differential,174132,a59e81a27c44b269a8817f4640ebc231c04ad98e90ee2c74e58011c180d34a7f,2026-08-28,reference/configuration JSON object,,,True,True,
StructureDefinition-us-core-heart-rate.json,external/synthea/src/test/resources/structureDefinitions/r4/uscore4/StructureDefinition-us-core-heart-rate.json,json,external_reference_or_fixture,1,24,resourceType; id; text; url; version; name; title; status; experimental; date; publisher; contact; description; jurisdiction; copyright; fhirVersion; mapping; kind; abstract; type; baseDefinition; derivation; snapshot; differential,173528,921fd703978a2a9ebbfc1df7cb11f8e6f98bf7047c77e2db52991bdd0cd3b38c,2026-08-28,reference/configuration JSON object,,,True,True,
StructureDefinition-us-core-immunization.json,external/synthea/src/test/resources/structureDefinitions/r4/uscore4/StructureDefinition-us-core-immunization.json,json,external_reference_or_fixture,1,24,resourceType; id; text; url; version; name; title; status; experimental; date; publisher; contact; description; jurisdiction; copyright; fhirVersion; mapping; kind; abstract; type; baseDefinition; derivation; snapshot; differential,137630,a6a640d1693ee634f35e5731afedba33b3f36fe787dc9302a4bc60819440da5f,2026-08-28,reference/configuration JSON object,,,True,True,
StructureDefinition-us-core-implantable-device.json,external/synthea/src/test/resources/structureDefinitions/r4/uscore4/StructureDefinition-us-core-implantable-device.json,json,external_reference_or_fixture,1,24,resourceType; id; text; url; version; name; title; status; experimental; date; publisher; contact; description; jurisdiction; copyright; fhirVersion; mapping; kind; abstract; type; baseDefinition; derivation; snapshot; differential,136599,fb1a510b6df3bb405866c7771a3e74389550f24e32d77d32b5a6a732ae87e64f,2026-08-28,reference/configuration JSON object,,,True,True,
StructureDefinition-us-core-location.json,external/synthea/src/test/resources/structureDefinitions/r4/uscore4/StructureDefinition-us-core-location.json,json,external_reference_or_fixture,1,24,resourceType; id; text; url; version; name; title; status; experimental; date; publisher; contact; description; jurisdiction; copyright; fhirVersion; mapping; kind; abstract; type; baseDefinition; derivation; snapshot; differential,112915,12564c7dffe45f4e4b1d8f42e4d4a4e9e38690f57b107954542279329793d783,2026-08-28,reference/configuration JSON object,,,True,True,
StructureDefinition-us-core-medication.json,external/synthea/src/test/resources/structureDefinitions/r4/uscore4/StructureDefinition-us-core-medication.json,json,external_reference_or_fixture,1,24,resourceType; id; text; url; version; name; title; status; experimental; date; publisher; contact; description; jurisdiction; copyright; fhirVersion; mapping; kind; abstract; type; baseDefinition; derivation; snapshot; differential,63968,6d2eaf5f885dccb3dadca74ad8904ea03fbda9a18f4f93de79c4a30fa99c9e5a,2026-08-28,reference/configuration JSON object,,,True,True,
StructureDefinition-us-core-medicationrequest.json,external/synthea/src/test/resources/structureDefinitions/r4/uscore4/StructureDefinition-us-core-medicationrequest.json,json,external_reference_or_fixture,1,24,resourceType; id; text; url; version; name; title; status; experimental; date; publisher; contact; description; jurisdiction; copyright; fhirVersion; mapping; kind; abstract; type; baseDefinition; derivation; snapshot; differential,206763,bad27fa5ad51200a43f8f62103ef072d96f5a5fd135073d478dea8090710b896,2026-08-28,reference/configuration JSON object,,,True,True,
StructureDefinition-us-core-observation-lab.json,external/synthea/src/test/resources/structureDefinitions/r4/uscore4/StructureDefinition-us-core-observation-lab.json,json,external_reference_or_fixture,1,24,resourceType; id; text; url; version; name; title; status; experimental; date; publisher; contact; description; jurisdiction; copyright; fhirVersion; mapping; kind; abstract; type; baseDefinition; derivation; snapshot; differential,181295,b9cf6c2b8553913c2c68788a37df2437e94a2f5b5b2202e789e04118736316fc,2026-08-28,reference/configuration JSON object,,,True,True,
StructureDefinition-us-core-organization.json,external/synthea/src/test/resources/structureDefinitions/r4/uscore4/StructureDefinition-us-core-organization.json,json,external_reference_or_fixture,1,24,resourceType; id; text; url; version; name; title; status; experimental; date; publisher; contact; description; jurisdiction; copyright; fhirVersion; mapping; kind; abstract; type; baseDefinition; derivation; snapshot; differential,150218,4430cb1f558c104afc3b14f2dac5cfe3a4066e8cff4b5061e90272f24d9ced1b,2026-08-28,reference/configuration JSON object,,,True,True,
StructureDefinition-us-core-patient.json,external/synthea/src/test/resources/structureDefinitions/r4/uscore4/StructureDefinition-us-core-patient.json,json,external_reference_or_fixture,1,24,resourceType; id; text; url; version; name; title; status; experimental; date; publisher; contact; description; jurisdiction; copyright; fhirVersion; mapping; kind; abstract; type; baseDefinition; derivation; snapshot; differential,224026,451e9dcb99f98cf6051e3e2b747faa7c864fd12a92708b150363b9a158131e23,2026-08-28,reference/configuration JSON object,,,True,True,
StructureDefinition-us-core-practitioner.json,external/synthea/src/test/resources/structureDefinitions/r4/uscore4/StructureDefinition-us-core-practitioner.json,json,external_reference_or_fixture,1,24,resourceType; id; text; url; version; name; title; status; experimental; date; publisher; contact; description; jurisdiction; copyright; fhirVersion; mapping; kind; abstract; type; baseDefinition; derivation; snapshot; differential,103770,d6333e4139d7a4a19ee0c4bbea9bce5899b70380a18fd696ee4ddd0fc9419895,2026-08-28,reference/configuration JSON object,,,True,True,
StructureDefinition-us-core-practitionerrole.json,external/synthea/src/test/resources/structureDefinitions/r4/uscore4/StructureDefinition-us-core-practitionerrole.json,json,external_reference_or_fixture,1,24,resourceType; id; text; url; version; name; title; status; experimental; date; publisher; contact; description; jurisdiction; copyright; fhirVersion; mapping; kind; abstract; type; baseDefinition; derivation; snapshot; differential,105205,18f3b710f8b939168e1f23060b9b2412103877476fc327b9cd1c7f14b3eff717,2026-08-28,reference/configuration JSON object,,,True,True,
StructureDefinition-us-core-procedure.json,external/synthea/src/test/resources/structureDefinitions/r4/uscore4/StructureDefinition-us-core-procedure.json,json,external_reference_or_fixture,1,24,resourceType; id; text; url; version; name; title; status; experimental; date; publisher; contact; description; jurisdiction; copyright; fhirVersion; mapping; kind; abstract; type; baseDefinition; derivation; snapshot; differential,115739,d9b3e0b99eae04f720550c047c7c453d30da289352d5da6649737216661773ae,2026-08-28,reference/configuration JSON object,,,True,True,
StructureDefinition-us-core-provenance.json,external/synthea/src/test/resources/structureDefinitions/r4/uscore4/StructureDefinition-us-core-provenance.json,json,external_reference_or_fixture,1,23,resourceType; id; text; url; version; name; title; status; date; publisher; contact; description; jurisdiction; copyright; fhirVersion; mapping; kind; abstract; type; baseDefinition; derivation; snapshot; differential,158406,8f54ec36b85ef6a10bf8135e2cccb71bf101f930b79f499c77fdb32b5606abe8,2026-08-28,reference/configuration JSON object,,,True,True,
StructureDefinition-us-core-pulse-oximetry.json,external/synthea/src/test/resources/structureDefinitions/r4/uscore4/StructureDefinition-us-core-pulse-oximetry.json,json,external_reference_or_fixture,1,24,resourceType; id; text; url; version; name; title; status; experimental; date; publisher; contact; description; jurisdiction; copyright; fhirVersion; mapping; kind; abstract; type; baseDefinition; derivation; snapshot; differential,285090,eaaebffa0778302511383a547d2e94429a4ed968076352ef48c29216b6d29b5a,2026-08-28,reference/configuration JSON object,,,True,True,
StructureDefinition-us-core-race.json,external/synthea/src/test/resources/structureDefinitions/r4/uscore4/StructureDefinition-us-core-race.json,json,external_reference_or_fixture,1,25,resourceType; id; text; url; version; name; title; status; date; publisher; contact; description; jurisdiction; purpose; copyright; fhirVersion; mapping; kind; abstract; context; type; baseDefinition; derivation; snapshot; differential,95721,ef9f525287abc67fd04e8d7a472ad18e8fefb8c04004718a533dea5e298262a4,2026-08-28,reference/configuration JSON object,,,True,True,
StructureDefinition-us-core-respiratory-rate.json,external/synthea/src/test/resources/structureDefinitions/r4/uscore4/StructureDefinition-us-core-respiratory-rate.json,json,external_reference_or_fixture,1,24,resourceType; id; text; url; version; name; title; status; experimental; date; publisher; contact; description; jurisdiction; copyright; fhirVersion; mapping; kind; abstract; type; baseDefinition; derivation; snapshot; differential,173651,e39dc9f01d9eab6e3849919ea842771d4394912da755265cb9287030b5d32ef9,2026-08-28,reference/configuration JSON object,,,True,True,
StructureDefinition-us-core-smokingstatus.json,external/synthea/src/test/resources/structureDefinitions/r4/uscore4/StructureDefinition-us-core-smokingstatus.json,json,external_reference_or_fixture,1,24,resourceType; id; text; url; version; name; title; status; experimental; date; publisher; contact; description; jurisdiction; copyright; fhirVersion; mapping; kind; abstract; type; baseDefinition; derivation; snapshot; differential,148768,d383c0125982dde3cbd80fb8c312913e23f3d4ce392af3f200e1866dedc821f3,2026-08-28,reference/configuration JSON object,,,True,True,
StructureDefinition-us-core-vital-signs.json,external/synthea/src/test/resources/structureDefinitions/r4/uscore4/StructureDefinition-us-core-vital-signs.json,json,external_reference_or_fixture,1,24,resourceType; id; text; url; version; name; title; status; experimental; date; publisher; contact; description; jurisdiction; copyright; fhirVersion; mapping; kind; abstract; type; baseDefinition; derivation; snapshot; differential,220700,61ef4da9aac6e462dc27ebbcc9a39ad3935c43a614a7d982ce360ea9b48b5396,2026-08-28,reference/configuration JSON object,,,True,True,
ValueSet-birthsex.json,external/synthea/src/test/resources/structureDefinitions/r4/uscore4/ValueSet-birthsex.json,json,external_reference_or_fixture,1,16,resourceType; id; text; url; identifier; version; name; title; status; date; publisher; contact; description; jurisdiction; copyright; compose,3782,2071fb68fb1742c76687177eea9ca42340eec1f14bc7ddcda1459dcec038c091,2026-08-28,reference/configuration JSON object,,,True,True,
ValueSet-detailed-ethnicity.json,external/synthea/src/test/resources/structureDefinitions/r4/uscore4/ValueSet-detailed-ethnicity.json,json,external_reference_or_fixture,1,15,resourceType; id; text; url; version; name; title; status; date; publisher; contact; description; jurisdiction; copyright; compose,2664,44fcf019af2b58012978c73e3bb7f8fcbcf5dc25d88fd8d21325a15ebe191fdf,2026-08-28,reference/configuration JSON object,,,True,True,
ValueSet-detailed-race.json,external/synthea/src/test/resources/structureDefinitions/r4/uscore4/ValueSet-detailed-race.json,json,external_reference_or_fixture,1,15,resourceType; id; text; url; version; name; title; status; date; publisher; contact; description; jurisdiction; copyright; compose,3102,6265ecdf795ff495fd76c0cdac87a975b9ed43fcd95348cad0502c6cdcc9b508,2026-08-28,reference/configuration JSON object,,,True,True,
ValueSet-omb-ethnicity-category.json,external/synthea/src/test/resources/structureDefinitions/r4/uscore4/ValueSet-omb-ethnicity-category.json,json,external_reference_or_fixture,1,15,resourceType; id; text; url; version; name; title; status; date; publisher; contact; description; jurisdiction; copyright; compose,2386,8201edf85407af9f990093f8982f76f9e37a05a064a0ddaeb136656c93b4bb28,2026-08-28,reference/configuration JSON object,,,True,True,
ValueSet-omb-race-category.json,external/synthea/src/test/resources/structureDefinitions/r4/uscore4/ValueSet-omb-race-category.json,json,external_reference_or_fixture,1,16,resourceType; id; text; url; identifier; version; name; title; status; date; publisher; contact; description; jurisdiction; copyright; compose,5115,94c73c33da3cbac1d2088a224da5b628fb46b0f29be6f31dc46200b62bf22a76,2026-08-28,reference/configuration JSON object,,,True,True,
ValueSet-simple-language.json,external/synthea/src/test/resources/structureDefinitions/r4/uscore4/ValueSet-simple-language.json,json,external_reference_or_fixture,1,15,resourceType; id; text; url; version; name; title; status; date; publisher; contact; description; jurisdiction; copyright; compose,2619,6adaaa63f4f2b6c2553eec7c77ed0dc243f0a4697fe94774261e50342c1a1e21,2026-08-28,reference/configuration JSON object,,,True,True,
ValueSet-us-core-clinical-note-type.json,external/synthea/src/test/resources/structureDefinitions/r4/uscore4/ValueSet-us-core-clinical-note-type.json,json,external_reference_or_fixture,1,15,resourceType; id; text; url; version; name; title; status; date; publisher; contact; description; jurisdiction; copyright; compose,2610,af7dc998ffb197b0b57b0b67fef6e7f062f8f124e5194485d127e0f4f58afef6,2026-08-28,reference/configuration JSON object,,,True,True,
ValueSet-us-core-condition-category.json,external/synthea/src/test/resources/structureDefinitions/r4/uscore4/ValueSet-us-core-condition-category.json,json,external_reference_or_fixture,1,16,resourceType; id; text; url; version; name; title; status; date; publisher; contact; description; jurisdiction; purpose; copyright; compose,3807,046b988da1b32be7fe9d77fffab6de28c13e6012c4e290a7043620c8dcb7aebc,2026-08-28,reference/configuration JSON object,,,True,True,
ValueSet-us-core-condition-code.json,external/synthea/src/test/resources/structureDefinitions/r4/uscore4/ValueSet-us-core-condition-code.json,json,external_reference_or_fixture,1,15,resourceType; id; text; url; version; name; title; status; date; publisher; contact; description; jurisdiction; copyright; compose,4100,76b29e03adce5967a32d41ef6bb8c1cf4a711ef1436adfed26fa14605b292476,2026-08-28,reference/configuration JSON object,,,True,True,
ValueSet-us-core-diagnosticreport-category.json,external/synthea/src/test/resources/structureDefinitions/r4/uscore4/ValueSet-us-core-diagnosticreport-category.json,json,external_reference_or_fixture,1,15,resourceType; id; text; url; version; name; title; status; date; publisher; contact; description; jurisdiction; copyright; compose,2428,e6a691cc36139d5d8129eae87bbb3a0fd5200a959d1c10425b73b757775f34fe,2026-08-28,reference/configuration JSON object,,,True,True,
ValueSet-us-core-diagnosticreport-lab-codes.json,external/synthea/src/test/resources/structureDefinitions/r4/uscore4/ValueSet-us-core-diagnosticreport-lab-codes.json,json,external_reference_or_fixture,1,15,resourceType; id; text; url; version; name; title; status; date; publisher; contact; description; jurisdiction; copyright; compose,1806,369ccbe79617e5bed6eac5b446f9e5c751bff525933be1566e8841ca9c0202fb,2026-08-28,reference/configuration JSON object,,,True,True,
ValueSet-us-core-diagnosticreport-report-and-note-codes.json,external/synthea/src/test/resources/structureDefinitions/r4/uscore4/ValueSet-us-core-diagnosticreport-report-and-note-codes.json,json,external_reference_or_fixture,1,16,resourceType; id; text; url; version; name; title; status; experimental; date; publisher; contact; description; jurisdiction; copyright; compose,1747,a7acb170b38f796d12c07c350d3663d81d47a4017ca2f6895d9c9f8c54df7248,2026-08-28,reference/configuration JSON object,,,True,True,
ValueSet-us-core-documentreference-category.json,external/synthea/src/test/resources/structureDefinitions/r4/uscore4/ValueSet-us-core-documentreference-category.json,json,external_reference_or_fixture,1,15,resourceType; id; text; url; version; name; title; status; date; publisher; contact; description; jurisdiction; copyright; expansion,1752,3e9cae1ebf7a4673b977dcac5920bf72d5b960b5caa7c699e405429cf874acea,2026-08-28,reference/configuration JSON object,,,True,True,
ValueSet-us-core-documentreference-type.json,external/synthea/src/test/resources/structureDefinitions/r4/uscore4/ValueSet-us-core-documentreference-type.json,json,external_reference_or_fixture,1,15,resourceType; id; text; url; version; name; title; status; date; publisher; contact; description; jurisdiction; copyright; expansion,2659,8b4d47f5e885efdad3cf44163cb6556161adff0e161415f63bdbec3780f6efc7,2026-08-28,reference/configuration JSON object,,,True,True,
ValueSet-us-core-encounter-type.json,external/synthea/src/test/resources/structureDefinitions/r4/uscore4/ValueSet-us-core-encounter-type.json,json,external_reference_or_fixture,1,15,resourceType; id; text; url; version; name; title; status; date; publisher; contact; description; jurisdiction; copyright; compose,2604,b9f2932273cbd48ee7b84ef9cbde34fdbeb2c7532a75cc620ef7ec278dee7588,2026-08-28,reference/configuration JSON object,,,True,True,
ValueSet-us-core-narrative-status.json,external/synthea/src/test/resources/structureDefinitions/r4/uscore4/ValueSet-us-core-narrative-status.json,json,external_reference_or_fixture,1,15,resourceType; id; text; url; version; name; title; status; date; publisher; contact; description; jurisdiction; copyright; compose,2308,326617d23e3a98ef1830210da2362c45434b7ff3758edc8b7070409ae411a313,2026-08-28,reference/configuration JSON object,,,True,True,
ValueSet-us-core-observation-smoking-status-status.json,external/synthea/src/test/resources/structureDefinitions/r4/uscore4/ValueSet-us-core-observation-smoking-status-status.json,json,external_reference_or_fixture,1,15,resourceType; id; text; url; version; name; title; status; date; publisher; contact; description; jurisdiction; copyright; compose,2869,e2ae22dddc564acfaa7b2335aa72e1716e725f4628bd582b332ebf53ce473165,2026-08-28,reference/configuration JSON object,,,True,True,
ValueSet-us-core-observation-smokingstatus-max.json,external/synthea/src/test/resources/structureDefinitions/r4/uscore4/ValueSet-us-core-observation-smokingstatus-max.json,json,external_reference_or_fixture,1,15,resourceType; id; text; url; version; name; title; status; date; publisher; contact; description; jurisdiction; copyright; compose,1550,94948e7437392aa34896a2f6e79994a5ec75879ef6ac057c73a01ac0592e8de8,2026-08-28,reference/configuration JSON object,,,True,True,
ValueSet-us-core-observation-value-codes.json,external/synthea/src/test/resources/structureDefinitions/r4/uscore4/ValueSet-us-core-observation-value-codes.json,json,external_reference_or_fixture,1,15,resourceType; id; text; url; version; name; title; status; date; publisher; contact; description; jurisdiction; copyright; compose,1537,6f4ade0b948df7b300cbd23c71fb1e87fae663f312cdc1af5e0b46418980cf14,2026-08-28,reference/configuration JSON object,,,True,True,
ValueSet-us-core-procedure-code.json,external/synthea/src/test/resources/structureDefinitions/r4/uscore4/ValueSet-us-core-procedure-code.json,json,external_reference_or_fixture,1,15,resourceType; id; text; url; version; name; title; status; date; publisher; contact; description; jurisdiction; copyright; compose,4264,d0267e80db81852fe5a2bc2dacb6606e647743485b4eb8d0bde0ce7606da0b89,2026-08-28,reference/configuration JSON object,,,True,True,
ValueSet-us-core-provenance-participant-type.json,external/synthea/src/test/resources/structureDefinitions/r4/uscore4/ValueSet-us-core-provenance-participant-type.json,json,external_reference_or_fixture,1,16,resourceType; id; text; url; version; name; title; status; date; publisher; contact; description; jurisdiction; purpose; copyright; compose,1968,07cf4979724a676b87dc1f1ede98d8625d74c0de58b6a2b3f34a0dc4782cf409,2026-08-28,reference/configuration JSON object,,,True,True,
ValueSet-us-core-provider-role.json,external/synthea/src/test/resources/structureDefinitions/r4/uscore4/ValueSet-us-core-provider-role.json,json,external_reference_or_fixture,1,15,resourceType; id; text; url; version; name; title; status; date; publisher; contact; description; jurisdiction; copyright; compose,1574,d765577fb9fdff205773f3e7e534d4ab7c960b989df2554765b2afbd6f94cda9,2026-08-28,reference/configuration JSON object,,,True,True,
ValueSet-us-core-smoking-status-observation-codes.json,external/synthea/src/test/resources/structureDefinitions/r4/uscore4/ValueSet-us-core-smoking-status-observation-codes.json,json,external_reference_or_fixture,1,15,resourceType; id; text; url; version; name; title; status; date; publisher; contact; description; jurisdiction; copyright; compose,2051,bf8dfa718de0bedb2673b93dbba029225d947300e51f816008e76fef45bae511,2026-08-28,reference/configuration JSON object,,,True,True,
ValueSet-us-core-usps-state.json,external/synthea/src/test/resources/structureDefinitions/r4/uscore4/ValueSet-us-core-usps-state.json,json,external_reference_or_fixture,1,16,resourceType; id; text; url; identifier; version; name; title; status; date; publisher; contact; description; jurisdiction; copyright; compose,1724,3ebbd07ce208772a82fb0d863624fdac09a80a41a32d92ed156d9b3c11dbb756,2026-08-28,reference/configuration JSON object,,,True,True,
ValueSet-us-core-vital-signs.json,external/synthea/src/test/resources/structureDefinitions/r4/uscore4/ValueSet-us-core-vital-signs.json,json,external_reference_or_fixture,1,16,resourceType; id; text; url; version; name; title; status; experimental; date; publisher; contact; description; jurisdiction; copyright; compose,3238,044b6bf45f401e96426f2dd84356639b691d0f5b255cc9a51acb36a95b251a26,2026-08-28,reference/configuration JSON object,,,True,True,
expansions.json,external/synthea/src/test/resources/structureDefinitions/r4/uscore4/expansions.json,json,external_reference_or_fixture,1,5,resourceType; id; meta; type; entry,3534266,e734c7aa969a80e330c993a8de9efbb0b1bb3d44143cad51dcae36e7f60272ca,2026-08-28,reference/configuration JSON object,,,True,False,
CapabilityStatement-us-core-client.json,external/synthea/src/test/resources/structureDefinitions/r4/uscore5/CapabilityStatement-us-core-client.json,json,external_reference_or_fixture,1,26,resourceType; id; text; url; version; name; title; status; experimental; date; publisher; contact; description; jurisdiction; copyright; kind; instantiates; _instantiates; fhirVersion; format; _format; patchFormat; _patchFormat; implementationGuide; _implementationGuide,229738,509b9b28daa99b0c6db55884a257d41ab0fd121a58fa0c4c8c4a9526b122af7b,2026-08-28,reference/configuration JSON object,,,True,True,
CapabilityStatement-us-core-server.json,external/synthea/src/test/resources/structureDefinitions/r4/uscore5/CapabilityStatement-us-core-server.json,json,external_reference_or_fixture,1,26,resourceType; id; text; url; version; name; title; status; experimental; date; publisher; contact; description; jurisdiction; copyright; kind; instantiates; _instantiates; fhirVersion; format; _format; patchFormat; _patchFormat; implementationGuide; _implementationGuide,232279,094780b6ae64be568d220d42861b3239d6a8cccf2f01d7d9c8cccb6940151955,2026-08-28,reference/configuration JSON object,,,True,True,
CodeSystem-careplan-category.json,external/synthea/src/test/resources/structureDefinitions/r4/uscore5/CodeSystem-careplan-category.json,json,external_reference_or_fixture,1,17,resourceType; id; text; url; version; name; title; status; date; publisher; contact; description; jurisdiction; copyright; caseSensitive; content; concept,1752,3bb8002e96941fe801ed6697da3bad69c59d16cbdff6aeffa9b8146898570367,2026-08-28,reference/configuration JSON object,,,True,True,
CodeSystem-condition-category.json,external/synthea/src/test/resources/structureDefinitions/r4/uscore5/CodeSystem-condition-category.json,json,external_reference_or_fixture,1,18,resourceType; id; text; url; version; name; title; status; date; publisher; contact; description; jurisdiction; copyright; caseSensitive; content; property; concept,2962,378194a8ba8cdc6db411b7440fb33159b472fb5e09556e4de3c866a5329d6209,2026-08-28,reference/configuration JSON object,,,True,True,
CodeSystem-us-core-documentreference-category.json,external/synthea/src/test/resources/structureDefinitions/r4/uscore5/CodeSystem-us-core-documentreference-category.json,json,external_reference_or_fixture,1,19,resourceType; id; text; url; version; name; title; status; date; publisher; contact; description; jurisdiction; copyright; caseSensitive; valueSet; content; count; concept,2136,f573ef3a5545297774e3a78a694491b9ba451aaad015b789798912dc4e9abc63,2026-08-28,reference/configuration JSON object,,,True,True,
CodeSystem-us-core-observation-category.json,external/synthea/src/test/resources/structureDefinitions/r4/uscore5/CodeSystem-us-core-observation-category.json,json,external_reference_or_fixture,1,18,resourceType; id; text; url; version; name; title; status; date; publisher; contact; description; jurisdiction; copyright; caseSensitive; content; count; concept,2188,2c13e651f6e07f74b4aff424d8f420899344f64b2832b569350a434aeae6a910,2026-08-28,reference/configuration JSON object,,,True,True,
CodeSystem-us-core-provenance-participant-type.json,external/synthea/src/test/resources/structureDefinitions/r4/uscore5/CodeSystem-us-core-provenance-participant-type.json,json,external_reference_or_fixture,1,17,resourceType; id; text; url; version; name; title; status; date; publisher; contact; description; jurisdiction; copyright; caseSensitive; content; concept,1644,1720a73b040e96fe656580447ea3d1b767afa941fc6d59441fa125f5de5d4411,2026-08-28,reference/configuration JSON object,,,True,True,
CodeSystem-us-core-tags.json,external/synthea/src/test/resources/structureDefinitions/r4/uscore5/CodeSystem-us-core-tags.json,json,external_reference_or_fixture,1,17,resourceType; id; text; url; version; name; title; status; date; publisher; contact; description; jurisdiction; copyright; caseSensitive; content; concept,1426,b73c5d8c9c82bb79d15a7493e24a96f4df035162056f62d909a8f02637c2810a,2026-08-28,reference/configuration JSON object,,,True,True,
ImplementationGuide-hl7.fhir.us.core.json,external/synthea/src/test/resources/structureDefinitions/r4/uscore5/ImplementationGuide-hl7.fhir.us.core.json,json,external_reference_or_fixture,1,19,resourceType; id; text; url; version; name; title; status; date; publisher; contact; description; jurisdiction; copyright; packageId; license; fhirVersion; dependsOn; definition,206778,9a40c8556f6b0bd1e8fba2fc11931d98fd23069bbf5b4b1c54233362104bb328,2026-08-28,reference/configuration JSON object,,,True,True,
StructureDefinition-head-occipital-frontal-circumference-percentile.json,external/synthea/src/test/resources/structureDefinitions/r4/uscore5/StructureDefinition-head-occipital-frontal-circumference-percentile.json,json,external_reference_or_fixture,1,24,resourceType; id; text; url; version; name; title; status; experimental; date; publisher; contact; description; jurisdiction; copyright; fhirVersion; mapping; kind; abstract; type; baseDefinition; derivation; snapshot; differential,127229,970b92befd297f5b9280437f2b6834ddb6b23da22646957ff2011d5e1ebeff28,2026-08-28,reference/configuration JSON object,,,True,True,
StructureDefinition-pediatric-bmi-for-age.json,external/synthea/src/test/resources/structureDefinitions/r4/uscore5/StructureDefinition-pediatric-bmi-for-age.json,json,external_reference_or_fixture,1,24,resourceType; id; text; url; version; name; title; status; experimental; date; publisher; contact; description; jurisdiction; copyright; fhirVersion; mapping; kind; abstract; type; baseDefinition; derivation; snapshot; differential,126833,5df91a05cd9db207c53ae02d651554b9ec1606012a74b17b21abbb1cb962d97f,2026-08-28,reference/configuration JSON object,,,True,True,
StructureDefinition-pediatric-weight-for-height.json,external/synthea/src/test/resources/structureDefinitions/r4/uscore5/StructureDefinition-pediatric-weight-for-height.json,json,external_reference_or_fixture,1,24,resourceType; id; text; url; version; name; title; status; experimental; date; publisher; contact; description; jurisdiction; copyright; fhirVersion; mapping; kind; abstract; type; baseDefinition; derivation; snapshot; differential,126773,eb50fe5370f82408394cddd6405f1417313a424dbc65caf879f34ec746186e9c,2026-08-28,reference/configuration JSON object,,,True,True,
StructureDefinition-us-core-allergyintolerance.json,external/synthea/src/test/resources/structureDefinitions/r4/uscore5/StructureDefinition-us-core-allergyintolerance.json,json,external_reference_or_fixture,1,24,resourceType; id; text; url; version; name; title; status; experimental; date; publisher; contact; description; jurisdiction; copyright; fhirVersion; mapping; kind; abstract; type; baseDefinition; derivation; snapshot; differential,74502,1e3b935d0cfe9605be7b8ddf5c2d1b27c071c26d9bffcdd148dcaeff8dc6f643,2026-08-28,reference/configuration JSON object,,,True,True,
StructureDefinition-us-core-birthsex.json,external/synthea/src/test/resources/structureDefinitions/r4/uscore5/StructureDefinition-us-core-birthsex.json,json,external_reference_or_fixture,1,24,resourceType; id; text; url; version; name; title; status; date; publisher; contact; description; jurisdiction; copyright; fhirVersion; mapping; kind; abstract; context; type; baseDefinition; derivation; snapshot; differential,14879,afb0d000361ce6f771f20e8916d6b02c3a294cd037b779cb93315d4c5c8b83b7,2026-08-28,reference/configuration JSON object,,,True,True,
StructureDefinition-us-core-blood-pressure.json,external/synthea/src/test/resources/structureDefinitions/r4/uscore5/StructureDefinition-us-core-blood-pressure.json,json,external_reference_or_fixture,1,24,resourceType; id; text; url; version; name; title; status; experimental; date; publisher; contact; description; jurisdiction; copyright; fhirVersion; mapping; kind; abstract; type; baseDefinition; derivation; snapshot; differential,198890,d4ccd9055493e77dcb97ea5bde790715e7bbd5fef78dce8247e7a2f08a9e04c9,2026-08-28,reference/configuration JSON object,,,True,True,
StructureDefinition-us-core-bmi.json,external/synthea/src/test/resources/structureDefinitions/r4/uscore5/StructureDefinition-us-core-bmi.json,json,external_reference_or_fixture,1,24,resourceType; id; text; url; version; name; title; status; experimental; date; publisher; contact; description; jurisdiction; copyright; fhirVersion; mapping; kind; abstract; type; baseDefinition; derivation; snapshot; differential,126542,f2a3cebfae60d98cf555838f646615994046c213bc6c0228392556899fda1650,2026-08-28,reference/configuration JSON object,,,True,True,
StructureDefinition-us-core-body-height.json,external/synthea/src/test/resources/structureDefinitions/r4/uscore5/StructureDefinition-us-core-body-height.json,json,external_reference_or_fixture,1,24,resourceType; id; text; url; version; name; title; status; experimental; date; publisher; contact; description; jurisdiction; copyright; fhirVersion; mapping; kind; abstract; type; baseDefinition; derivation; snapshot; differential,126868,8c7a1b8d574033fb5a1742f4a2fc15564cd678f3654944d167fadb0aa808f10a,2026-08-28,reference/configuration JSON object,,,True,True,
StructureDefinition-us-core-body-temperature.json,external/synthea/src/test/resources/structureDefinitions/r4/uscore5/StructureDefinition-us-core-body-temperature.json,json,external_reference_or_fixture,1,24,resourceType; id; text; url; version; name; title; status; experimental; date; publisher; contact; description; jurisdiction; copyright; fhirVersion; mapping; kind; abstract; type; baseDefinition; derivation; snapshot; differential,126957,47082cfa407ebfc0365f47d8c995e96da2a5a676827388999f271df6c7bd730a,2026-08-28,reference/configuration JSON object,,,True,True,
StructureDefinition-us-core-body-weight.json,external/synthea/src/test/resources/structureDefinitions/r4/uscore5/StructureDefinition-us-core-body-weight.json,json,external_reference_or_fixture,1,24,resourceType; id; text; url; version; name; title; status; experimental; date; publisher; contact; description; jurisdiction; copyright; fhirVersion; mapping; kind; abstract; type; baseDefinition; derivation; snapshot; differential,126871,16b95f5d7fb52e182ede3eea793eb7728e420435d920a67bf1800a615d119dbc,2026-08-28,reference/configuration JSON object,,,True,True,
StructureDefinition-us-core-careplan.json,external/synthea/src/test/resources/structureDefinitions/r4/uscore5/StructureDefinition-us-core-careplan.json,json,external_reference_or_fixture,1,24,resourceType; id; text; url; version; name; title; status; experimental; date; publisher; contact; description; jurisdiction; copyright; fhirVersion; mapping; kind; abstract; type; baseDefinition; derivation; snapshot; differential,115485,1788b9d90cb390feb512ca55345f208d51d15cd2a8274191cc320253a48bd943,2026-08-28,reference/configuration JSON object,,,True,True,
StructureDefinition-us-core-careteam.json,external/synthea/src/test/resources/structureDefinitions/r4/uscore5/StructureDefinition-us-core-careteam.json,json,external_reference_or_fixture,1,24,resourceType; id; text; url; version; name; title; status; experimental; date; publisher; contact; description; jurisdiction; copyright; fhirVersion; mapping; kind; abstract; type; baseDefinition; derivation; snapshot; differential,56443,074419c963825d8d2529d57b3fe4e56a9c9ff0bf88af15553875dc8c89c399c4,2026-08-28,reference/configuration JSON object,,,True,True,
StructureDefinition-us-core-condition-encounter-diagnosis.json,external/synthea/src/test/resources/structureDefinitions/r4/uscore5/StructureDefinition-us-core-condition-encounter-diagnosis.json,json,external_reference_or_fixture,1,24,resourceType; id; text; url; version; name; title; status; experimental; date; publisher; contact; description; jurisdiction; copyright; fhirVersion; mapping; kind; abstract; type; baseDefinition; derivation; snapshot; differential,109476,ce84d75a489406035fbf4979d8311d091a0b36dbd1b95c07c382a8b09d1a8c8d,2026-08-28,reference/configuration JSON object,,,True,True,
StructureDefinition-us-core-condition-problems-health-concerns.json,external/synthea/src/test/resources/structureDefinitions/r4/uscore5/StructureDefinition-us-core-condition-problems-health-concerns.json,json,external_reference_or_fixture,1,24,resourceType; id; text; url; version; name; title; status; experimental; date; publisher; contact; description; jurisdiction; copyright; fhirVersion; mapping; kind; abstract; type; baseDefinition; derivation; snapshot; differential,111204,96877072fbf7ceb7e1add21c2471ada0cfb4bac600123c45e92354f9b684585e,2026-08-28,reference/configuration JSON object,,,True,True,
StructureDefinition-us-core-diagnosticreport-lab.json,external/synthea/src/test/resources/structureDefinitions/r4/uscore5/StructureDefinition-us-core-diagnosticreport-lab.json,json,external_reference_or_fixture,1,24,resourceType; id; text; url; version; name; title; status; experimental; date; publisher; contact; description; jurisdiction; copyright; fhirVersion; mapping; kind; abstract; type; baseDefinition; derivation; snapshot; differential,86556,d70ad583efe04837175de8f5e1def716b2aca9695d005eed4fb0d08e201bcf14,2026-08-28,reference/configuration JSON object,,,True,True,
StructureDefinition-us-core-diagnosticreport-note.json,external/synthea/src/test/resources/structureDefinitions/r4/uscore5/StructureDefinition-us-core-diagnosticreport-note.json,json,external_reference_or_fixture,1,23,resourceType; id; text; url; version; name; title; status; date; publisher; contact; description; jurisdiction; copyright; fhirVersion; mapping; kind; abstract; type; baseDefinition; derivation; snapshot; differential,89833,8eb796666423f837a14b6a2d273acfd8204da5143d04ea33abecbf3fb7846603,2026-08-28,reference/configuration JSON object,,,True,True,
StructureDefinition-us-core-direct.json,external/synthea/src/test/resources/structureDefinitions/r4/uscore5/StructureDefinition-us-core-direct.json,json,external_reference_or_fixture,1,24,resourceType; id; text; url; version; name; title; status; date; publisher; contact; description; jurisdiction; copyright; fhirVersion; mapping; kind; abstract; context; type; baseDefinition; derivation; snapshot; differential,14024,6e23aa97d623b434ed4af662a68a91870e4b1a7bd55863999fde738ded7c1160,2026-08-28,reference/configuration JSON object,,,True,True,
StructureDefinition-us-core-documentreference.json,external/synthea/src/test/resources/structureDefinitions/r4/uscore5/StructureDefinition-us-core-documentreference.json,json,external_reference_or_fixture,1,24,resourceType; id; text; url; version; name; title; status; experimental; date; publisher; contact; description; jurisdiction; copyright; fhirVersion; mapping; kind; abstract; type; baseDefinition; derivation; snapshot; differential,126736,32a5569db4b334820305bbc329811445871b3563de01e2042a1fa748a2fc0f5b,2026-08-28,reference/configuration JSON object,,,True,True,
StructureDefinition-us-core-encounter.json,external/synthea/src/test/resources/structureDefinitions/r4/uscore5/StructureDefinition-us-core-encounter.json,json,external_reference_or_fixture,1,24,resourceType; id; text; url; version; name; title; status; experimental; date; publisher; contact; description; jurisdiction; copyright; fhirVersion; mapping; kind; abstract; type; baseDefinition; derivation; snapshot; differential,150550,823f7801919f530b7ecd2b968cb091cf8c2c04a4e8d693672af630de6544b50d,2026-08-28,reference/configuration JSON object,,,True,True,
StructureDefinition-us-core-ethnicity.json,external/synthea/src/test/resources/structureDefinitions/r4/uscore5/StructureDefinition-us-core-ethnicity.json,json,external_reference_or_fixture,1,25,resourceType; id; text; url; version; name; title; status; date; publisher; contact; description; jurisdiction; purpose; copyright; fhirVersion; mapping; kind; abstract; context; type; baseDefinition; derivation; snapshot; differential,49302,3cf4d87c3a5d846826b23fddbbc26bc3ff1fa5285d8d6ebb23bda01ab6ec736b,2026-08-28,reference/configuration JSON object,,,True,True,
StructureDefinition-us-core-extension-questionnaire-uri.json,external/synthea/src/test/resources/structureDefinitions/r4/uscore5/StructureDefinition-us-core-extension-questionnaire-uri.json,json,external_reference_or_fixture,1,25,resourceType; id; text; url; version; name; title; status; experimental; date; publisher; contact; description; jurisdiction; copyright; fhirVersion; mapping; kind; abstract; context; type; baseDefinition; derivation; snapshot; differential,14307,30696d52ad65feafb7127569e40911fd1d285825c2adb06e93d985ac81614727,2026-08-28,reference/configuration JSON object,,,True,True,
StructureDefinition-us-core-genderIdentity.json,external/synthea/src/test/resources/structureDefinitions/r4/uscore5/StructureDefinition-us-core-genderIdentity.json,json,external_reference_or_fixture,1,25,resourceType; id; text; url; version; name; title; status; date; publisher; contact; description; jurisdiction; purpose; copyright; fhirVersion; mapping; kind; abstract; context; type; baseDefinition; derivation; snapshot; differential,13294,51d6aaf0fd09d3390c7e7873e12bc7babcc2b7cea8bc0dd17c7bca4ab9b970e7,2026-08-28,reference/configuration JSON object,,,True,True,
StructureDefinition-us-core-goal.json,external/synthea/src/test/resources/structureDefinitions/r4/uscore5/StructureDefinition-us-core-goal.json,json,external_reference_or_fixture,1,24,resourceType; id; text; url; version; name; title; status; experimental; date; publisher; contact; description; jurisdiction; copyright; fhirVersion; mapping; kind; abstract; type; baseDefinition; derivation; snapshot; differential,60541,ccf09a0c69b6cf5eb1ed917c7ecbd3b70dd8154883333131e8e48042b1c0f8cf,2026-08-28,reference/configuration JSON object,,,True,True,
StructureDefinition-us-core-head-circumference.json,external/synthea/src/test/resources/structureDefinitions/r4/uscore5/StructureDefinition-us-core-head-circumference.json,json,external_reference_or_fixture,1,24,resourceType; id; text; url; version; name; title; status; experimental; date; publisher; contact; description; jurisdiction; copyright; fhirVersion; mapping; kind; abstract; type; baseDefinition; derivation; snapshot; differential,126994,880f82cb16f038973a372089675e05cc7741c034b6bd688b409705e5eff72733,2026-08-28,reference/configuration JSON object,,,True,True,
StructureDefinition-us-core-heart-rate.json,external/synthea/src/test/resources/structureDefinitions/r4/uscore5/StructureDefinition-us-core-heart-rate.json,json,external_reference_or_fixture,1,24,resourceType; id; text; url; version; name; title; status; experimental; date; publisher; contact; description; jurisdiction; copyright; fhirVersion; mapping; kind; abstract; type; baseDefinition; derivation; snapshot; differential,126483,ec0061310bd64de27e31bafd96895fb0a0fd013af73cf30e641ec50d8c64c6e1,2026-08-28,reference/configuration JSON object,,,True,True,
StructureDefinition-us-core-immunization.json,external/synthea/src/test/resources/structureDefinitions/r4/uscore5/StructureDefinition-us-core-immunization.json,json,external_reference_or_fixture,1,24,resourceType; id; text; url; version; name; title; status; experimental; date; publisher; contact; description; jurisdiction; copyright; fhirVersion; mapping; kind; abstract; type; baseDefinition; derivation; snapshot; differential,98921,ec0d3e42a94e51b74628c5a749d53c14e97e8ce94294e9a3cc4bb1999e69efc6,2026-08-28,reference/configuration JSON object,,,True,True,
StructureDefinition-us-core-implantable-device.json,external/synthea/src/test/resources/structureDefinitions/r4/uscore5/StructureDefinition-us-core-implantable-device.json,json,external_reference_or_fixture,1,24,resourceType; id; text; url; version; name; title; status; experimental; date; publisher; contact; description; jurisdiction; copyright; fhirVersion; mapping; kind; abstract; type; baseDefinition; derivation; snapshot; differential,100841,622d31a9c566513a3213102a3f06b141cdd4c14c32b41f533cfc19193b3bed1d,2026-08-28,reference/configuration JSON object,,,True,True,
StructureDefinition-us-core-location.json,external/synthea/src/test/resources/structureDefinitions/r4/uscore5/StructureDefinition-us-core-location.json,json,external_reference_or_fixture,1,24,resourceType; id; text; url; version; name; title; status; experimental; date; publisher; contact; description; jurisdiction; copyright; fhirVersion; mapping; kind; abstract; type; baseDefinition; derivation; snapshot; differential,83093,025ba9b02862a40f2b9b1917a27b1ab9722156fdb2f941ae35aee5534155d85e,2026-08-28,reference/configuration JSON object,,,True,True,
StructureDefinition-us-core-medication.json,external/synthea/src/test/resources/structureDefinitions/r4/uscore5/StructureDefinition-us-core-medication.json,json,external_reference_or_fixture,1,24,resourceType; id; text; url; version; name; title; status; experimental; date; publisher; contact; description; jurisdiction; copyright; fhirVersion; mapping; kind; abstract; type; baseDefinition; derivation; snapshot; differential,47496,8600f5bd796d6ce92f1c191bdce98c9cc406db34dcb15a71c934dce6bae9aee5,2026-08-28,reference/configuration JSON object,,,True,True,
StructureDefinition-us-core-medicationrequest.json,external/synthea/src/test/resources/structureDefinitions/r4/uscore5/StructureDefinition-us-core-medicationrequest.json,json,external_reference_or_fixture,1,24,resourceType; id; text; url; version; name; title; status; experimental; date; publisher; contact; description; jurisdiction; copyright; fhirVersion; mapping; kind; abstract; type; baseDefinition; derivation; snapshot; differential,157032,25786af4af152292c20e4a16b04f29410d298562f7fa616fe1c93a1a8780cbdc,2026-08-28,reference/configuration JSON object,,,True,True,
StructureDefinition-us-core-observation-clinical-test.json,external/synthea/src/test/resources/structureDefinitions/r4/uscore5/StructureDefinition-us-core-observation-clinical-test.json,json,external_reference_or_fixture,1,23,resourceType; id; text; url; version; name; title; status; date; publisher; contact; description; jurisdiction; copyright; fhirVersion; mapping; kind; abstract; type; baseDefinition; derivation; snapshot; differential,138452,af002d62016a0adb41ebf7e3f73a0622d4a2cb381d7de2c49304f47b6a3b69d8,2026-08-28,reference/configuration JSON object,,,True,True,
StructureDefinition-us-core-observation-imaging.json,external/synthea/src/test/resources/structureDefinitions/r4/uscore5/StructureDefinition-us-core-observation-imaging.json,json,external_reference_or_fixture,1,23,resourceType; id; text; url; version; name; title; status; date; publisher; contact; description; jurisdiction; copyright; fhirVersion; mapping; kind; abstract; type; baseDefinition; derivation; snapshot; differential,137910,34622de1b3e95205da75ed462575ce5c7c9dd62013132b76644a8bf11de8e2e4,2026-08-28,reference/configuration JSON object,,,True,True,
StructureDefinition-us-core-observation-lab.json,external/synthea/src/test/resources/structureDefinitions/r4/uscore5/StructureDefinition-us-core-observation-lab.json,json,external_reference_or_fixture,1,24,resourceType; id; text; url; version; name; title; status; experimental; date; publisher; contact; description; jurisdiction; copyright; fhirVersion; mapping; kind; abstract; type; baseDefinition; derivation; snapshot; differential,142616,75886feffdeb3015888ae2a91a7079565441dbb8baa6d0658892bdd2c44d4c3b,2026-08-28,reference/configuration JSON object,,,True,True,
StructureDefinition-us-core-observation-sdoh-assessment.json,external/synthea/src/test/resources/structureDefinitions/r4/uscore5/StructureDefinition-us-core-observation-sdoh-assessment.json,json,external_reference_or_fixture,1,23,resourceType; id; text; url; version; name; title; status; date; publisher; contact; description; jurisdiction; copyright; fhirVersion; mapping; kind; abstract; type; baseDefinition; derivation; snapshot; differential,101936,01aba77fb8d266299d02239c3f97a583c0447fc6e509a5e8ec6bf3f87318d3d4,2026-08-28,reference/configuration JSON object,,,True,True,
StructureDefinition-us-core-observation-sexual-orientation.json,external/synthea/src/test/resources/structureDefinitions/r4/uscore5/StructureDefinition-us-core-observation-sexual-orientation.json,json,external_reference_or_fixture,1,24,resourceType; id; text; url; version; name; title; status; experimental; date; publisher; contact; description; jurisdiction; copyright; fhirVersion; mapping; kind; abstract; type; baseDefinition; derivation; snapshot; differential,111155,37688d0ddf515152bb9c29027809f6aedbc276d8b3eff742be271b27caf794a5,2026-08-28,reference/configuration JSON object,,,True,True,
StructureDefinition-us-core-observation-social-history.json,external/synthea/src/test/resources/structureDefinitions/r4/uscore5/StructureDefinition-us-core-observation-social-history.json,json,external_reference_or_fixture,1,23,resourceType; id; text; url; version; name; title; status; date; publisher; contact; description; jurisdiction; copyright; fhirVersion; mapping; kind; abstract; type; baseDefinition; derivation; snapshot; differential,147248,dc82c93ff733a112ef6f4b35e37067bd1543e4211934197987900b682710a1aa,2026-08-28,reference/configuration JSON object,,,True,True,
StructureDefinition-us-core-observation-survey.json,external/synthea/src/test/resources/structureDefinitions/r4/uscore5/StructureDefinition-us-core-observation-survey.json,json,external_reference_or_fixture,1,23,resourceType; id; text; url; version; name; title; status; date; publisher; contact; description; jurisdiction; copyright; fhirVersion; mapping; kind; abstract; type; baseDefinition; derivation; snapshot; differential,153265,1f94fb34dd19a02ac6f1fbe565607562f97e331ddad55098b288c4e1e994b2ee,2026-08-28,reference/configuration JSON object,,,True,True,
StructureDefinition-us-core-organization.json,external/synthea/src/test/resources/structureDefinitions/r4/uscore5/StructureDefinition-us-core-organization.json,json,external_reference_or_fixture,1,24,resourceType; id; text; url; version; name; title; status; experimental; date; publisher; contact; description; jurisdiction; copyright; fhirVersion; mapping; kind; abstract; type; baseDefinition; derivation; snapshot; differential,112540,b9c2021a9f93b910a20bb09ade9f3964db9b4d7893310b0260b62f4050e92fe4,2026-08-28,reference/configuration JSON object,,,True,True,
StructureDefinition-us-core-patient.json,external/synthea/src/test/resources/structureDefinitions/r4/uscore5/StructureDefinition-us-core-patient.json,json,external_reference_or_fixture,1,24,resourceType; id; text; url; version; name; title; status; experimental; date; publisher; contact; description; jurisdiction; copyright; fhirVersion; mapping; kind; abstract; type; baseDefinition; derivation; snapshot; differential,174957,af18a070879c2ba4e460079814f133c2d81cf04d6474fb6f3740995ad8f61f97,2026-08-28,reference/configuration JSON object,,,True,True,
StructureDefinition-us-core-practitioner.json,external/synthea/src/test/resources/structureDefinitions/r4/uscore5/StructureDefinition-us-core-practitioner.json,json,external_reference_or_fixture,1,24,resourceType; id; text; url; version; name; title; status; experimental; date; publisher; contact; description; jurisdiction; copyright; fhirVersion; mapping; kind; abstract; type; baseDefinition; derivation; snapshot; differential,116212,9c20f0d0480b77ebe5c5b726a9b28b92f4ee92c40ce7406f357e38b43d3b172d,2026-08-28,reference/configuration JSON object,,,True,True,
StructureDefinition-us-core-practitionerrole.json,external/synthea/src/test/resources/structureDefinitions/r4/uscore5/StructureDefinition-us-core-practitionerrole.json,json,external_reference_or_fixture,1,24,resourceType; id; text; url; version; name; title; status; experimental; date; publisher; contact; description; jurisdiction; copyright; fhirVersion; mapping; kind; abstract; type; baseDefinition; derivation; snapshot; differential,80713,4ee6401c4a96bac333fed590ea4c5f6b76b19c37ac7c755e2e6f97de269d1217,2026-08-28,reference/configuration JSON object,,,True,True,
StructureDefinition-us-core-procedure.json,external/synthea/src/test/resources/structureDefinitions/r4/uscore5/StructureDefinition-us-core-procedure.json,json,external_reference_or_fixture,1,24,resourceType; id; text; url; version; name; title; status; experimental; date; publisher; contact; description; jurisdiction; copyright; fhirVersion; mapping; kind; abstract; type; baseDefinition; derivation; snapshot; differential,86822,fbca69de932707416f4e20fc224d9dc3febd4b367cfca49f0b7c24586cf6bcb8,2026-08-28,reference/configuration JSON object,,,True,True,
StructureDefinition-us-core-provenance.json,external/synthea/src/test/resources/structureDefinitions/r4/uscore5/StructureDefinition-us-core-provenance.json,json,external_reference_or_fixture,1,23,resourceType; id; text; url; version; name; title; status; date; publisher; contact; description; jurisdiction; copyright; fhirVersion; mapping; kind; abstract; type; baseDefinition; derivation; snapshot; differential,122361,0e29dd87afa8bd88b938d6ec606a2870e1db8e490bde38674fab589d7befec62,2026-08-28,reference/configuration JSON object,,,True,True,
StructureDefinition-us-core-pulse-oximetry.json,external/synthea/src/test/resources/structureDefinitions/r4/uscore5/StructureDefinition-us-core-pulse-oximetry.json,json,external_reference_or_fixture,1,24,resourceType; id; text; url; version; name; title; status; experimental; date; publisher; contact; description; jurisdiction; copyright; fhirVersion; mapping; kind; abstract; type; baseDefinition; derivation; snapshot; differential,217114,49d2351ac573f2ec59ea4cb155b6ba3a8bdd32bf1ae402041928888b75b20b76,2026-08-28,reference/configuration JSON object,,,True,True,
StructureDefinition-us-core-questionnaireresponse.json,external/synthea/src/test/resources/structureDefinitions/r4/uscore5/StructureDefinition-us-core-questionnaireresponse.json,json,external_reference_or_fixture,1,23,resourceType; id; text; url; version; name; title; status; date; publisher; contact; description; jurisdiction; copyright; fhirVersion; mapping; kind; abstract; type; baseDefinition; derivation; snapshot; differential,143255,573af9b0bfc4b94f6a8772e9c4e18f59216df20465ce96d08d8c47eebb71e9e1,2026-08-28,reference/configuration JSON object,,,True,True,
StructureDefinition-us-core-race.json,external/synthea/src/test/resources/structureDefinitions/r4/uscore5/StructureDefinition-us-core-race.json,json,external_reference_or_fixture,1,25,resourceType; id; text; url; version; name; title; status; date; publisher; contact; description; jurisdiction; purpose; copyright; fhirVersion; mapping; kind; abstract; context; type; baseDefinition; derivation; snapshot; differential,50414,1ff4830c4fd8a665f191ea64dd83c2790e228164cbff05ea871e11b61c43c9c6,2026-08-28,reference/configuration JSON object,,,True,True,
StructureDefinition-us-core-relatedperson.json,external/synthea/src/test/resources/structureDefinitions/r4/uscore5/StructureDefinition-us-core-relatedperson.json,json,external_reference_or_fixture,1,23,resourceType; id; text; url; version; name; title; status; date; publisher; contact; description; jurisdiction; copyright; fhirVersion; mapping; kind; abstract; type; baseDefinition; derivation; snapshot; differential,52167,5147cc74cc15e87581a3e611b1667021f563c8d4792127f913eb47bc4bafc2d6,2026-08-28,reference/configuration JSON object,,,True,True,
StructureDefinition-us-core-respiratory-rate.json,external/synthea/src/test/resources/structureDefinitions/r4/uscore5/StructureDefinition-us-core-respiratory-rate.json,json,external_reference_or_fixture,1,24,resourceType; id; text; url; version; name; title; status; experimental; date; publisher; contact; description; jurisdiction; copyright; fhirVersion; mapping; kind; abstract; type; baseDefinition; derivation; snapshot; differential,126591,74e3a7de9e2a5b21f9718313b6eb3a1c00962e1ed20f61d829cb63a383815b7a,2026-08-28,reference/configuration JSON object,,,True,True,
StructureDefinition-us-core-servicerequest.json,external/synthea/src/test/resources/structureDefinitions/r4/uscore5/StructureDefinition-us-core-servicerequest.json,json,external_reference_or_fixture,1,23,resourceType; id; text; url; version; name; title; status; date; publisher; contact; description; jurisdiction; copyright; fhirVersion; mapping; kind; abstract; type; baseDefinition; derivation; snapshot; differential,91496,b73add70744750490371f1f92333b259a47dadc7b1114cb61293ed3d04ddb7d1,2026-08-28,reference/configuration JSON object,,,True,True,
StructureDefinition-us-core-smokingstatus.json,external/synthea/src/test/resources/structureDefinitions/r4/uscore5/StructureDefinition-us-core-smokingstatus.json,json,external_reference_or_fixture,1,24,resourceType; id; text; url; version; name; title; status; experimental; date; publisher; contact; description; jurisdiction; copyright; fhirVersion; mapping; kind; abstract; type; baseDefinition; derivation; snapshot; differential,111270,530f6e6c4500652db1858caaf1ab66479b1f815b4539cf1e55b4a02a757e1598,2026-08-28,reference/configuration JSON object,,,True,True,
StructureDefinition-us-core-vital-signs.json,external/synthea/src/test/resources/structureDefinitions/r4/uscore5/StructureDefinition-us-core-vital-signs.json,json,external_reference_or_fixture,1,24,resourceType; id; text; url; version; name; title; status; experimental; date; publisher; contact; description; jurisdiction; copyright; fhirVersion; mapping; kind; abstract; type; baseDefinition; derivation; snapshot; differential,175828,71b97d453619b839152a3db131acde9b2f8588fb6cc1b63ad9ba36acea6de5b2,2026-08-28,reference/configuration JSON object,,,True,True,
ValueSet-birthsex.json,external/synthea/src/test/resources/structureDefinitions/r4/uscore5/ValueSet-birthsex.json,json,external_reference_or_fixture,1,15,resourceType; id; text; url; version; name; title; status; date; publisher; contact; description; jurisdiction; copyright; compose,1542,462646144085b2835d7dd812555b2e814cc83685b72a8bc4df89631aaff87c6f,2026-08-28,reference/configuration JSON object,,,True,True,
ValueSet-detailed-ethnicity.json,external/synthea/src/test/resources/structureDefinitions/r4/uscore5/ValueSet-detailed-ethnicity.json,json,external_reference_or_fixture,1,15,resourceType; id; text; url; version; name; title; status; date; publisher; contact; description; jurisdiction; copyright; compose,1659,1cb3aa115cba795d3eb75da5294123d662a19bcfb8e0d7d157f96df1d1ba61a3,2026-08-28,reference/configuration JSON object,,,True,True,
ValueSet-detailed-race.json,external/synthea/src/test/resources/structureDefinitions/r4/uscore5/ValueSet-detailed-race.json,json,external_reference_or_fixture,1,15,resourceType; id; text; url; version; name; title; status; date; publisher; contact; description; jurisdiction; copyright; compose,2019,39eb818e6e706ca3e5cd9719c016898788b7620812df5d815c3f69c667f236e6,2026-08-28,reference/configuration JSON object,,,True,True,
ValueSet-omb-ethnicity-category.json,external/synthea/src/test/resources/structureDefinitions/r4/uscore5/ValueSet-omb-ethnicity-category.json,json,external_reference_or_fixture,1,15,resourceType; id; text; url; version; name; title; status; date; publisher; contact; description; jurisdiction; copyright; compose,1846,5870d12b78bf06f28b67f1fe94d0c370d57f68db166d0d817296387b60c2d7a6,2026-08-28,reference/configuration JSON object,,,True,True,
ValueSet-omb-race-category.json,external/synthea/src/test/resources/structureDefinitions/r4/uscore5/ValueSet-omb-race-category.json,json,external_reference_or_fixture,1,16,resourceType; id; text; url; identifier; version; name; title; status; date; publisher; contact; description; jurisdiction; copyright; compose,2106,f3c5a0e1f93d231700bf33ae9bbd28c199a87720baf9efaafe15c430058907d4,2026-08-28,reference/configuration JSON object,,,True,True,
ValueSet-simple-language.json,external/synthea/src/test/resources/structureDefinitions/r4/uscore5/ValueSet-simple-language.json,json,external_reference_or_fixture,1,15,resourceType; id; text; url; version; name; title; status; date; publisher; contact; description; jurisdiction; copyright; compose,1964,1cd2dc277b5819dea30e7b494afc720c0ab59fb72f78730468bbb887cc62da8a,2026-08-28,reference/configuration JSON object,,,True,True,
ValueSet-us-core-clinical-note-type.json,external/synthea/src/test/resources/structureDefinitions/r4/uscore5/ValueSet-us-core-clinical-note-type.json,json,external_reference_or_fixture,1,15,resourceType; id; text; url; version; name; title; status; date; publisher; contact; description; jurisdiction; copyright; compose,2107,0f0f88c5fd0d9aec561c290f2a2d35e2728e4348c7ad7f02062189ade5e75b82,2026-08-28,reference/configuration JSON object,,,True,True,
ValueSet-us-core-clinical-test-codes.json,external/synthea/src/test/resources/structureDefinitions/r4/uscore5/ValueSet-us-core-clinical-test-codes.json,json,external_reference_or_fixture,1,15,resourceType; id; text; url; version; name; title; status; date; publisher; contact; description; jurisdiction; copyright; compose,73652,03c554283f90e205adb11e4d64520a6ac168b648a46f00d808ee7153a833ccef,2026-08-28,reference/configuration JSON object,,,True,True,
ValueSet-us-core-common-sdoh-assessments.json,external/synthea/src/test/resources/structureDefinitions/r4/uscore5/ValueSet-us-core-common-sdoh-assessments.json,json,external_reference_or_fixture,1,16,resourceType; id; text; url; version; name; title; status; experimental; date; publisher; contact; description; jurisdiction; copyright; compose,10257,b5a644c22dae2fd1595b04d08e0ad249f22707f1947e58a520d5bda97b5657ee,2026-08-28,reference/configuration JSON object,,,True,True,
ValueSet-us-core-condition-code.json,external/synthea/src/test/resources/structureDefinitions/r4/uscore5/ValueSet-us-core-condition-code.json,json,external_reference_or_fixture,1,16,resourceType; id; meta; text; url; version; name; title; status; date; publisher; contact; description; jurisdiction; copyright; compose,3362,21f410c2abdd2337962f1793ad0405cf1111b055359ee5803f245037f1c4ba53,2026-08-28,reference/configuration JSON object,,,True,True,
ValueSet-us-core-diagnosticreport-category.json,external/synthea/src/test/resources/structureDefinitions/r4/uscore5/ValueSet-us-core-diagnosticreport-category.json,json,external_reference_or_fixture,1,15,resourceType; id; text; url; version; name; title; status; date; publisher; contact; description; jurisdiction; copyright; compose,1965,100789562b011094ea02ce8d587f4c235c6d37fec961939895ad6a7259cdba93,2026-08-28,reference/configuration JSON object,,,True,True,
ValueSet-us-core-diagnosticreport-lab-codes.json,external/synthea/src/test/resources/structureDefinitions/r4/uscore5/ValueSet-us-core-diagnosticreport-lab-codes.json,json,external_reference_or_fixture,1,15,resourceType; id; text; url; version; name; title; status; date; publisher; contact; description; jurisdiction; copyright; compose,1429,470c5c1711b65beca2b00a91923410abb1bbc925db568935c5cb3941c6a06173,2026-08-28,reference/configuration JSON object,,,True,True,
ValueSet-us-core-diagnosticreport-report-and-note-codes.json,external/synthea/src/test/resources/structureDefinitions/r4/uscore5/ValueSet-us-core-diagnosticreport-report-and-note-codes.json,json,external_reference_or_fixture,1,16,resourceType; id; text; url; version; name; title; status; experimental; date; publisher; contact; description; jurisdiction; copyright; compose,1623,9a1cffd8085352f0554906f2c981fb7224cb2170369ca2e43c2bbb4b8480a981,2026-08-28,reference/configuration JSON object,,,True,True,
ValueSet-us-core-discharge-disposition.json,external/synthea/src/test/resources/structureDefinitions/r4/uscore5/ValueSet-us-core-discharge-disposition.json,json,external_reference_or_fixture,1,15,resourceType; id; text; url; version; name; title; status; date; publisher; contact; description; jurisdiction; copyright; compose,1389,80d6e800a48c926e15877a72aaf3de0b9779e1d3860e3095dd9cb46dceb2f074,2026-08-28,reference/configuration JSON object,,,True,True,
ValueSet-us-core-documentreference-category.json,external/synthea/src/test/resources/structureDefinitions/r4/uscore5/ValueSet-us-core-documentreference-category.json,json,external_reference_or_fixture,1,15,resourceType; id; text; url; version; name; title; status; date; publisher; contact; description; jurisdiction; copyright; compose,1264,cabf0872d169afb2dfdd775e316e9f93aab406dca6b4071cb11f2e57ac672f63,2026-08-28,reference/configuration JSON object,,,True,True,
ValueSet-us-core-documentreference-type.json,external/synthea/src/test/resources/structureDefinitions/r4/uscore5/ValueSet-us-core-documentreference-type.json,json,external_reference_or_fixture,1,15,resourceType; id; text; url; version; name; title; status; date; publisher; contact; description; jurisdiction; copyright; expansion,4199,7861f603a67b4916b8fa370155a53920f689e736ec0a5e880378f24aef888a3d,2026-08-28,reference/configuration JSON object,,,True,True,
ValueSet-us-core-encounter-type.json,external/synthea/src/test/resources/structureDefinitions/r4/uscore5/ValueSet-us-core-encounter-type.json,json,external_reference_or_fixture,1,16,resourceType; id; meta; text; url; version; name; title; status; date; publisher; contact; description; jurisdiction; copyright; compose,2199,471111206e1d84efb6e913ec64a366ee928a33e41789a4d05bcbc53a4754e80e,2026-08-28,reference/configuration JSON object,,,True,True,
ValueSet-us-core-goal-description.json,external/synthea/src/test/resources/structureDefinitions/r4/uscore5/ValueSet-us-core-goal-description.json,json,external_reference_or_fixture,1,16,resourceType; id; meta; text; url; version; name; title; status; date; publisher; contact; description; jurisdiction; copyright; compose,1832,fa02bf02e4a36f03ffdc58ccdfbc4a3bdb949173ae2f8153d66fae3ba7da428e,2026-08-28,reference/configuration JSON object,,,True,True,
ValueSet-us-core-narrative-status.json,external/synthea/src/test/resources/structureDefinitions/r4/uscore5/ValueSet-us-core-narrative-status.json,json,external_reference_or_fixture,1,15,resourceType; id; text; url; version; name; title; status; date; publisher; contact; description; jurisdiction; copyright; compose,1892,1bc7b543ed2a79f899a54421d82f0fec71e42b776f5ff74c9234260672a6f3f6,2026-08-28,reference/configuration JSON object,,,True,True,
ValueSet-us-core-observation-category.json,external/synthea/src/test/resources/structureDefinitions/r4/uscore5/ValueSet-us-core-observation-category.json,json,external_reference_or_fixture,1,15,resourceType; id; text; url; version; name; title; status; date; publisher; contact; description; jurisdiction; copyright; compose,2275,dc7814c2517f38a7d300502d24b78c6e8e8aa5d2b0bf6d64abe0185aafc8b9b5,2026-08-28,reference/configuration JSON object,,,True,True,
ValueSet-us-core-observation-smoking-status-status.json,external/synthea/src/test/resources/structureDefinitions/r4/uscore5/ValueSet-us-core-observation-smoking-status-status.json,json,external_reference_or_fixture,1,15,resourceType; id; text; url; version; name; title; status; date; publisher; contact; description; jurisdiction; copyright; compose,2483,961e0a709d24e75022916540a8395e7f1241c7b3e42ce3578eb97ae5c2894cd0,2026-08-28,reference/configuration JSON object,,,True,True,
ValueSet-us-core-observation-smokingstatus-max.json,external/synthea/src/test/resources/structureDefinitions/r4/uscore5/ValueSet-us-core-observation-smokingstatus-max.json,json,external_reference_or_fixture,1,15,resourceType; id; text; url; version; name; title; status; date; publisher; contact; description; jurisdiction; copyright; compose,1263,5bc3d473e34bf1d4556642535baeb6c765afb316029587f92d55f3cb2a16e7c4,2026-08-28,reference/configuration JSON object,,,True,True,
ValueSet-us-core-observation-value-codes.json,external/synthea/src/test/resources/structureDefinitions/r4/uscore5/ValueSet-us-core-observation-value-codes.json,json,external_reference_or_fixture,1,15,resourceType; id; text; url; version; name; title; status; date; publisher; contact; description; jurisdiction; copyright; compose,1250,0ab67ec20af36fd8187a6b0aa5064f73bdb7a8fedc2f1d4522fba1108016d37a,2026-08-28,reference/configuration JSON object,,,True,True,
ValueSet-us-core-problem-or-health-concern.json,external/synthea/src/test/resources/structureDefinitions/r4/uscore5/ValueSet-us-core-problem-or-health-concern.json,json,external_reference_or_fixture,1,15,resourceType; id; text; url; version; name; title; status; date; publisher; contact; description; jurisdiction; copyright; compose,2505,41897257c580a14256c6bdab70c815bdf9e915942bf760825ad6edb5bfe8cc44,2026-08-28,reference/configuration JSON object,,,True,True,
ValueSet-us-core-procedure-code.json,external/synthea/src/test/resources/structureDefinitions/r4/uscore5/ValueSet-us-core-procedure-code.json,json,external_reference_or_fixture,1,16,resourceType; id; meta; text; url; version; name; title; status; date; publisher; contact; description; jurisdiction; copyright; compose,3959,fdad1e6abbc8cbe36852dede9ea69c6ba839948d2c8d76de9da824d135738f80,2026-08-28,reference/configuration JSON object,,,True,True,
ValueSet-us-core-provenance-participant-type.json,external/synthea/src/test/resources/structureDefinitions/r4/uscore5/ValueSet-us-core-provenance-participant-type.json,json,external_reference_or_fixture,1,16,resourceType; id; text; url; version; name; title; status; date; publisher; contact; description; jurisdiction; purpose; copyright; compose,1647,103bc02eb09fd3a6b09f4fc47bf1b97d45d368cdad87dc5972ca60d9d4189b93,2026-08-28,reference/configuration JSON object,,,True,True,
ValueSet-us-core-provider-role.json,external/synthea/src/test/resources/structureDefinitions/r4/uscore5/ValueSet-us-core-provider-role.json,json,external_reference_or_fixture,1,15,resourceType; id; text; url; version; name; title; status; date; publisher; contact; description; jurisdiction; copyright; compose,1287,cdb2283074aabf7bab94a3bd1b52fc1a717280acf7209dfedab0cd4287343c0e,2026-08-28,reference/configuration JSON object,,,True,True,
ValueSet-us-core-servicerequest-category.json,external/synthea/src/test/resources/structureDefinitions/r4/uscore5/ValueSet-us-core-servicerequest-category.json,json,external_reference_or_fixture,1,15,resourceType; id; text; url; version; name; title; status; date; publisher; contact; description; jurisdiction; copyright; compose,2974,e78be5df22c3887b520b0b3f15635259e099d6532a969de5fd003d27c2d718da,2026-08-28,reference/configuration JSON object,,,True,True,
ValueSet-us-core-sexual-orientation.json,external/synthea/src/test/resources/structureDefinitions/r4/uscore5/ValueSet-us-core-sexual-orientation.json,json,external_reference_or_fixture,1,15,resourceType; id; text; url; version; name; title; status; date; publisher; contact; description; jurisdiction; copyright; compose,4428,ace43c9371827192143ce9ece3ded9dd1ce6fe2764c5ee32759554ecb5f3557a,2026-08-28,reference/configuration JSON object,,,True,True,
ValueSet-us-core-smoking-status-observation-codes.json,external/synthea/src/test/resources/structureDefinitions/r4/uscore5/ValueSet-us-core-smoking-status-observation-codes.json,json,external_reference_or_fixture,1,15,resourceType; id; text; url; version; name; title; status; date; publisher; contact; description; jurisdiction; copyright; compose,1689,9fae23a5e2da724bdb61ee9a0c5533ccc4cf8e3f3c164cbd76d47c3f9d9f23d2,2026-08-28,reference/configuration JSON object,,,True,True,
ValueSet-us-core-survey-codes.json,external/synthea/src/test/resources/structureDefinitions/r4/uscore5/ValueSet-us-core-survey-codes.json,json,external_reference_or_fixture,1,15,resourceType; id; text; url; version; name; title; status; date; publisher; contact; description; jurisdiction; copyright; compose,1454,b5897ba4eadfcab09de2e43d1ba6220d266570ba2514f649b0599979457deab0,2026-08-28,reference/configuration JSON object,,,True,True,
ValueSet-us-core-tags.json,external/synthea/src/test/resources/structureDefinitions/r4/uscore5/ValueSet-us-core-tags.json,json,external_reference_or_fixture,1,15,resourceType; id; text; url; version; name; title; status; date; publisher; contact; description; jurisdiction; copyright; compose,1070,204379c36024337c123fc6c55fcf0aee123e1e73503b60d8f9636e7e79a7a015,2026-08-28,reference/configuration JSON object,,,True,True,
ValueSet-us-core-usps-state.json,external/synthea/src/test/resources/structureDefinitions/r4/uscore5/ValueSet-us-core-usps-state.json,json,external_reference_or_fixture,1,16,resourceType; id; text; url; identifier; version; name; title; status; date; publisher; contact; description; jurisdiction; copyright; compose,1398,f7565179cf8b603c2968f12cb42cefcb6d02333e4866449958820d67ae23965b,2026-08-28,reference/configuration JSON object,,,True,True,
ValueSet-us-core-vital-signs.json,external/synthea/src/test/resources/structureDefinitions/r4/uscore5/ValueSet-us-core-vital-signs.json,json,external_reference_or_fixture,1,16,resourceType; id; text; url; version; name; title; status; experimental; date; publisher; contact; description; jurisdiction; copyright; compose,2642,4a72b7aa6230e89f2790b2483389eef3b5a98338eaa1143a67036612dffc90e2,2026-08-28,reference/configuration JSON object,,,True,True,
ig-r4.json,external/synthea/src/test/resources/structureDefinitions/r4/uscore5/ig-r4.json,json,external_reference_or_fixture,1,19,resourceType; id; text; url; version; name; title; status; date; publisher; contact; description; jurisdiction; copyright; packageId; license; fhirVersion; dependsOn; definition,202639,59cfd451b90c07a379de17979336b81d5b36b78c242de396e9c4a28d9aa145ba,2026-08-28,reference/configuration JSON object,,,True,True,
CapabilityStatement-us-core-client.json,external/synthea/src/test/resources/structureDefinitions/r4/uscore6/CapabilityStatement-us-core-client.json,json,external_reference_or_fixture,1,26,resourceType; id; text; url; version; name; title; status; experimental; date; publisher; contact; description; jurisdiction; copyright; kind; instantiates; _instantiates; fhirVersion; format; _format; patchFormat; _patchFormat; implementationGuide; _implementationGuide,283152,0f2d136019bc2bed0e2aaa98cadc2aad5fade8c1ec4ebc80662012c26b8767f4,2026-08-28,reference/configuration JSON object,,,True,True,
CapabilityStatement-us-core-server.json,external/synthea/src/test/resources/structureDefinitions/r4/uscore6/CapabilityStatement-us-core-server.json,json,external_reference_or_fixture,1,26,resourceType; id; text; url; version; name; title; status; experimental; date; publisher; contact; description; jurisdiction; copyright; kind; instantiates; _instantiates; fhirVersion; format; _format; patchFormat; _patchFormat; implementationGuide; _implementationGuide,295105,647016b2ea7d18cb5b51009a12a88ab792254d77527f48a363f116bc1211e94f,2026-08-28,reference/configuration JSON object,,,True,True,
CodeSystem-careplan-category.json,external/synthea/src/test/resources/structureDefinitions/r4/uscore6/CodeSystem-careplan-category.json,json,external_reference_or_fixture,1,18,resourceType; id; text; url; version; name; title; status; experimental; date; publisher; contact; description; jurisdiction; copyright; caseSensitive; content; concept,1785,7a41ef7c22b3fd2e000c546873023f966096ebbde2d00a7059c9eb4bc91bc6e4,2026-08-28,reference/configuration JSON object,,,True,True,
CodeSystem-condition-category.json,external/synthea/src/test/resources/structureDefinitions/r4/uscore6/CodeSystem-condition-category.json,json,external_reference_or_fixture,1,19,resourceType; id; text; url; version; name; title; status; experimental; date; publisher; contact; description; jurisdiction; copyright; caseSensitive; content; property; concept,3113,4fefb39ddff204a80978b033c670277bd960c77a8b6e1fffffa138c3e6dd5a1a,2026-08-28,reference/configuration JSON object,,,True,True,
CodeSystem-us-core-category.json,external/synthea/src/test/resources/structureDefinitions/r4/uscore6/CodeSystem-us-core-category.json,json,external_reference_or_fixture,1,18,resourceType; id; text; url; version; name; title; status; experimental; date; publisher; contact; description; jurisdiction; copyright; caseSensitive; content; concept,2333,ab37513622a3b5d61e4bf8d6b662c9fcba8b4e272c7f2efb317e6f8a9d63ecee,2026-08-28,reference/configuration JSON object,,,True,True,
CodeSystem-us-core-documentreference-category.json,external/synthea/src/test/resources/structureDefinitions/r4/uscore6/CodeSystem-us-core-documentreference-category.json,json,external_reference_or_fixture,1,20,resourceType; id; text; url; version; name; title; status; experimental; date; publisher; contact; description; jurisdiction; copyright; caseSensitive; valueSet; content; count; concept,2169,1c1f2f533ab4d3692293ad301e101437eb098fec453205c8c04871ddf297bf92,2026-08-28,reference/configuration JSON object,,,True,True,
CodeSystem-us-core-provenance-participant-type.json,external/synthea/src/test/resources/structureDefinitions/r4/uscore6/CodeSystem-us-core-provenance-participant-type.json,json,external_reference_or_fixture,1,18,resourceType; id; text; url; version; name; title; status; experimental; date; publisher; contact; description; jurisdiction; copyright; caseSensitive; content; concept,1677,e528d083aa98283e594c5452bfdf8c1fbf446c03706f2c01fdaa47ab237e0c8f,2026-08-28,reference/configuration JSON object,,,True,True,
ImplementationGuide-hl7.fhir.us.core.json,external/synthea/src/test/resources/structureDefinitions/r4/uscore6/ImplementationGuide-hl7.fhir.us.core.json,json,external_reference_or_fixture,1,19,resourceType; id; text; url; version; name; title; status; date; publisher; contact; description; jurisdiction; copyright; packageId; license; fhirVersion; dependsOn; definition,257909,014060db17bea56d95907ab89990bb82c363911c36a2671a01ea1f884852f990,2026-08-28,reference/configuration JSON object,,,True,True,
StructureDefinition-head-occipital-frontal-circumference-percentile.json,external/synthea/src/test/resources/structureDefinitions/r4/uscore6/StructureDefinition-head-occipital-frontal-circumference-percentile.json,json,external_reference_or_fixture,1,24,resourceType; id; text; url; version; name; title; status; experimental; date; publisher; contact; description; jurisdiction; copyright; fhirVersion; mapping; kind; abstract; type; baseDefinition; derivation; snapshot; differential,132603,b0480c5849c66535724ee6c46bfff5177edb76a5d9bf9f0e33dbdc4d26dd7208,2026-08-28,reference/configuration JSON object,,,True,True,
StructureDefinition-pediatric-bmi-for-age.json,external/synthea/src/test/resources/structureDefinitions/r4/uscore6/StructureDefinition-pediatric-bmi-for-age.json,json,external_reference_or_fixture,1,24,resourceType; id; text; url; version; name; title; status; experimental; date; publisher; contact; description; jurisdiction; copyright; fhirVersion; mapping; kind; abstract; type; baseDefinition; derivation; snapshot; differential,132207,792bf29301db1169896e38192513613e15e21dc5017cb07284025c64eef37c9e,2026-08-28,reference/configuration JSON object,,,True,True,
StructureDefinition-pediatric-weight-for-height.json,external/synthea/src/test/resources/structureDefinitions/r4/uscore6/StructureDefinition-pediatric-weight-for-height.json,json,external_reference_or_fixture,1,24,resourceType; id; text; url; version; name; title; status; experimental; date; publisher; contact; description; jurisdiction; copyright; fhirVersion; mapping; kind; abstract; type; baseDefinition; derivation; snapshot; differential,132147,59b0922464a168e3e70446eea9d3aac910acd03f295897f28a861fc34868c41c,2026-08-28,reference/configuration JSON object,,,True,True,
StructureDefinition-us-core-allergyintolerance.json,external/synthea/src/test/resources/structureDefinitions/r4/uscore6/StructureDefinition-us-core-allergyintolerance.json,json,external_reference_or_fixture,1,24,resourceType; id; text; url; version; name; title; status; experimental; date; publisher; contact; description; jurisdiction; copyright; fhirVersion; mapping; kind; abstract; type; baseDefinition; derivation; snapshot; differential,78145,b97a15db67cfb88ea430ea2b342ee2945bcda217ea06394e2cd28310768e2e4e,2026-08-28,reference/configuration JSON object,,,True,True,
StructureDefinition-us-core-birthsex.json,external/synthea/src/test/resources/structureDefinitions/r4/uscore6/StructureDefinition-us-core-birthsex.json,json,external_reference_or_fixture,1,24,resourceType; id; text; url; version; name; title; status; date; publisher; contact; description; jurisdiction; copyright; fhirVersion; mapping; kind; abstract; context; type; baseDefinition; derivation; snapshot; differential,17032,fb9e41904a083b59a679f9927accbd537bfbfdc39c97d58d2337747a19947cac,2026-08-28,reference/configuration JSON object,,,True,True,
StructureDefinition-us-core-blood-pressure.json,external/synthea/src/test/resources/structureDefinitions/r4/uscore6/StructureDefinition-us-core-blood-pressure.json,json,external_reference_or_fixture,1,24,resourceType; id; text; url; version; name; title; status; experimental; date; publisher; contact; description; jurisdiction; copyright; fhirVersion; mapping; kind; abstract; type; baseDefinition; derivation; snapshot; differential,206357,a67895860f5e965fffb98530ae97aa1cf9117af533debcd1752bda9266fb6b13,2026-08-28,reference/configuration JSON object,,,True,True,
StructureDefinition-us-core-bmi.json,external/synthea/src/test/resources/structureDefinitions/r4/uscore6/StructureDefinition-us-core-bmi.json,json,external_reference_or_fixture,1,24,resourceType; id; text; url; version; name; title; status; experimental; date; publisher; contact; description; jurisdiction; copyright; fhirVersion; mapping; kind; abstract; type; baseDefinition; derivation; snapshot; differential,131936,80b2fcda4aaa6d06e37da537da132a0401e1ee8bd40bf328e5ef0ffc4c890584,2026-08-28,reference/configuration JSON object,,,True,True,
StructureDefinition-us-core-body-height.json,external/synthea/src/test/resources/structureDefinitions/r4/uscore6/StructureDefinition-us-core-body-height.json,json,external_reference_or_fixture,1,24,resourceType; id; text; url; version; name; title; status; experimental; date; publisher; contact; description; jurisdiction; copyright; fhirVersion; mapping; kind; abstract; type; baseDefinition; derivation; snapshot; differential,132246,391f78963b1d0bab5fbdd2ab059afa97cb11a6b00147805b4ac1e77987f588f8,2026-08-28,reference/configuration JSON object,,,True,True,
StructureDefinition-us-core-body-temperature.json,external/synthea/src/test/resources/structureDefinitions/r4/uscore6/StructureDefinition-us-core-body-temperature.json,json,external_reference_or_fixture,1,24,resourceType; id; text; url; version; name; title; status; experimental; date; publisher; contact; description; jurisdiction; copyright; fhirVersion; mapping; kind; abstract; type; baseDefinition; derivation; snapshot; differential,132331,7548f27508a29a9e7aef434a2b5685fdd9cdeb66b6411e683bd6d9181eca2a95,2026-08-28,reference/configuration JSON object,,,True,True,
StructureDefinition-us-core-body-weight.json,external/synthea/src/test/resources/structureDefinitions/r4/uscore6/StructureDefinition-us-core-body-weight.json,json,external_reference_or_fixture,1,24,resourceType; id; text; url; version; name; title; status; experimental; date; publisher; contact; description; jurisdiction; copyright; fhirVersion; mapping; kind; abstract; type; baseDefinition; derivation; snapshot; differential,132245,6438032e7efc57d523f59a1aeec3596f1adc79a933d01f9f1ffc0b21cd9e294f,2026-08-28,reference/configuration JSON object,,,True,True,
StructureDefinition-us-core-careplan.json,external/synthea/src/test/resources/structureDefinitions/r4/uscore6/StructureDefinition-us-core-careplan.json,json,external_reference_or_fixture,1,24,resourceType; id; text; url; version; name; title; status; experimental; date; publisher; contact; description; jurisdiction; copyright; fhirVersion; mapping; kind; abstract; type; baseDefinition; derivation; snapshot; differential,119666,222c4773ce8b5355ccc558e82740086b8cd6e31a81f5364b7b17ec75d5650cbf,2026-08-28,reference/configuration JSON object,,,True,True,
StructureDefinition-us-core-careteam.json,external/synthea/src/test/resources/structureDefinitions/r4/uscore6/StructureDefinition-us-core-careteam.json,json,external_reference_or_fixture,1,24,resourceType; id; text; url; version; name; title; status; experimental; date; publisher; contact; description; jurisdiction; copyright; fhirVersion; mapping; kind; abstract; type; baseDefinition; derivation; snapshot; differential,59657,efc2a0090ccd1e85e8ebac32dfd6dcac2be93d466888e9888d774041362352fc,2026-08-28,reference/configuration JSON object,,,True,True,
StructureDefinition-us-core-condition-encounter-diagnosis.json,external/synthea/src/test/resources/structureDefinitions/r4/uscore6/StructureDefinition-us-core-condition-encounter-diagnosis.json,json,external_reference_or_fixture,1,24,resourceType; id; text; url; version; name; title; status; experimental; date; publisher; contact; description; jurisdiction; copyright; fhirVersion; mapping; kind; abstract; type; baseDefinition; derivation; snapshot; differential,114359,861463e86b0eea373abcb031a225a284ab0df534a966422b53f9dae20d4173f5,2026-08-28,reference/configuration JSON object,,,True,True,
StructureDefinition-us-core-condition-problems-health-concerns.json,external/synthea/src/test/resources/structureDefinitions/r4/uscore6/StructureDefinition-us-core-condition-problems-health-concerns.json,json,external_reference_or_fixture,1,24,resourceType; id; text; url; version; name; title; status; experimental; date; publisher; contact; description; jurisdiction; copyright; fhirVersion; mapping; kind; abstract; type; baseDefinition; derivation; snapshot; differential,112538,ec9c6d283e474696489734f2478bf63ae2ba837e66bdc3620c5e6bff70443f33,2026-08-28,reference/configuration JSON object,,,True,True,
StructureDefinition-us-core-coverage.json,external/synthea/src/test/resources/structureDefinitions/r4/uscore6/StructureDefinition-us-core-coverage.json,json,external_reference_or_fixture,1,24,resourceType; id; text; url; version; name; title; status; experimental; date; publisher; contact; description; jurisdiction; copyright; fhirVersion; mapping; kind; abstract; type; baseDefinition; derivation; snapshot; differential,158455,f038c67330357af577359877f73f58703341d3abfdad5a3390baad655da09843,2026-08-28,reference/configuration JSON object,,,True,True,
StructureDefinition-us-core-diagnosticreport-lab.json,external/synthea/src/test/resources/structureDefinitions/r4/uscore6/StructureDefinition-us-core-diagnosticreport-lab.json,json,external_reference_or_fixture,1,24,resourceType; id; text; url; version; name; title; status; experimental; date; publisher; contact; description; jurisdiction; copyright; fhirVersion; mapping; kind; abstract; type; baseDefinition; derivation; snapshot; differential,91348,b4c4541f9bb5d31f5719888a2d4166763b5cb598482c6b43756ff263b06aae5a,2026-08-28,reference/configuration JSON object,,,True,True,
StructureDefinition-us-core-diagnosticreport-note.json,external/synthea/src/test/resources/structureDefinitions/r4/uscore6/StructureDefinition-us-core-diagnosticreport-note.json,json,external_reference_or_fixture,1,23,resourceType; id; text; url; version; name; title; status; date; publisher; contact; description; jurisdiction; copyright; fhirVersion; mapping; kind; abstract; type; baseDefinition; derivation; snapshot; differential,95932,c5937e0fe2915a05cb0a6161fea329ea903f5910c3b3df51b3b84f57741d34be,2026-08-28,reference/configuration JSON object,,,True,True,
StructureDefinition-us-core-direct.json,external/synthea/src/test/resources/structureDefinitions/r4/uscore6/StructureDefinition-us-core-direct.json,json,external_reference_or_fixture,1,24,resourceType; id; text; url; version; name; title; status; date; publisher; contact; description; jurisdiction; copyright; fhirVersion; mapping; kind; abstract; context; type; baseDefinition; derivation; snapshot; differential,15999,ecab6d08459380ebdb5e6616bbd1a3c6ae42ceec00209d862c9732f02dc149a6,2026-08-28,reference/configuration JSON object,,,True,True,
StructureDefinition-us-core-documentreference.json,external/synthea/src/test/resources/structureDefinitions/r4/uscore6/StructureDefinition-us-core-documentreference.json,json,external_reference_or_fixture,1,24,resourceType; id; text; url; version; name; title; status; experimental; date; publisher; contact; description; jurisdiction; copyright; fhirVersion; mapping; kind; abstract; type; baseDefinition; derivation; snapshot; differential,134444,b376b6602de85220c2ae322a5a9e1d460169f59049d422ec90dc164c98772dfb,2026-08-28,reference/configuration JSON object,,,True,True,
StructureDefinition-us-core-encounter.json,external/synthea/src/test/resources/structureDefinitions/r4/uscore6/StructureDefinition-us-core-encounter.json,json,external_reference_or_fixture,1,24,resourceType; id; text; url; version; name; title; status; experimental; date; publisher; contact; description; jurisdiction; copyright; fhirVersion; mapping; kind; abstract; type; baseDefinition; derivation; snapshot; differential,157682,b7d7d3b79a82e603917876e7fff197cb96e44cdaa50471ffe9498f6d0642ab02,2026-08-28,reference/configuration JSON object,,,True,True,
StructureDefinition-us-core-ethnicity.json,external/synthea/src/test/resources/structureDefinitions/r4/uscore6/StructureDefinition-us-core-ethnicity.json,json,external_reference_or_fixture,1,25,resourceType; id; text; url; version; name; title; status; date; publisher; contact; description; jurisdiction; purpose; copyright; fhirVersion; mapping; kind; abstract; context; type; baseDefinition; derivation; snapshot; differential,52917,4a222989bf67be2f68284fbd0deb440f79ca58d8e66d41bd4087467556cbadb6,2026-08-28,reference/configuration JSON object,,,True,True,
StructureDefinition-us-core-extension-questionnaire-uri.json,external/synthea/src/test/resources/structureDefinitions/r4/uscore6/StructureDefinition-us-core-extension-questionnaire-uri.json,json,external_reference_or_fixture,1,25,resourceType; id; text; url; version; name; title; status; experimental; date; publisher; contact; description; jurisdiction; copyright; fhirVersion; mapping; kind; abstract; context; type; baseDefinition; derivation; snapshot; differential,16392,e6ca771b1f132bdcfe13c0319b19bc88adeaf0d2f7cb47624540b77058271564,2026-08-28,reference/configuration JSON object,,,True,True,
StructureDefinition-us-core-genderIdentity.json,external/synthea/src/test/resources/structureDefinitions/r4/uscore6/StructureDefinition-us-core-genderIdentity.json,json,external_reference_or_fixture,1,24,resourceType; id; text; url; version; name; title; status; date; publisher; contact; description; jurisdiction; copyright; fhirVersion; mapping; kind; abstract; context; type; baseDefinition; derivation; snapshot; differential,17218,d61f9f529f9319b6f2ef2ea053fa5f5ef6414aa6b37e2d914b6c95c8f4a54039,2026-08-28,reference/configuration JSON object,,,True,True,
StructureDefinition-us-core-goal.json,external/synthea/src/test/resources/structureDefinitions/r4/uscore6/StructureDefinition-us-core-goal.json,json,external_reference_or_fixture,1,24,resourceType; id; text; url; version; name; title; status; experimental; date; publisher; contact; description; jurisdiction; copyright; fhirVersion; mapping; kind; abstract; type; baseDefinition; derivation; snapshot; differential,69789,16224ef476730fc87657bee9464a751b5f58b0a62bd1103edd88344a00c2860a,2026-08-28,reference/configuration JSON object,,,True,True,
StructureDefinition-us-core-head-circumference.json,external/synthea/src/test/resources/structureDefinitions/r4/uscore6/StructureDefinition-us-core-head-circumference.json,json,external_reference_or_fixture,1,24,resourceType; id; text; url; version; name; title; status; experimental; date; publisher; contact; description; jurisdiction; copyright; fhirVersion; mapping; kind; abstract; type; baseDefinition; derivation; snapshot; differential,132368,2724167a5ddf4775f35c7b11c989bf93312449735c0b96fa2775e34034babcb7,2026-08-28,reference/configuration JSON object,,,True,True,
StructureDefinition-us-core-heart-rate.json,external/synthea/src/test/resources/structureDefinitions/r4/uscore6/StructureDefinition-us-core-heart-rate.json,json,external_reference_or_fixture,1,24,resourceType; id; text; url; version; name; title; status; experimental; date; publisher; contact; description; jurisdiction; copyright; fhirVersion; mapping; kind; abstract; type; baseDefinition; derivation; snapshot; differential,131857,ba67bda4f247536ec7c7d903742346babd02207bdb603c63dad1f89a78797d1c,2026-08-28,reference/configuration JSON object,,,True,True,
StructureDefinition-us-core-immunization.json,external/synthea/src/test/resources/structureDefinitions/r4/uscore6/StructureDefinition-us-core-immunization.json,json,external_reference_or_fixture,1,24,resourceType; id; text; url; version; name; title; status; experimental; date; publisher; contact; description; jurisdiction; copyright; fhirVersion; mapping; kind; abstract; type; baseDefinition; derivation; snapshot; differential,103425,e3acf64c4d83c4c3ffe769d1056be224061985d992abf3c9d1cfb88e2f1e424c,2026-08-28,reference/configuration JSON object,,,True,True,
StructureDefinition-us-core-implantable-device.json,external/synthea/src/test/resources/structureDefinitions/r4/uscore6/StructureDefinition-us-core-implantable-device.json,json,external_reference_or_fixture,1,24,resourceType; id; text; url; version; name; title; status; experimental; date; publisher; contact; description; jurisdiction; copyright; fhirVersion; mapping; kind; abstract; type; baseDefinition; derivation; snapshot; differential,105502,37302a5f4e46a31ce5c10deeeaf8e757d7bb607ebd05e6951236157e05057793,2026-08-28,reference/configuration JSON object,,,True,True,
StructureDefinition-us-core-jurisdiction.json,external/synthea/src/test/resources/structureDefinitions/r4/uscore6/StructureDefinition-us-core-jurisdiction.json,json,external_reference_or_fixture,1,24,resourceType; id; text; url; version; name; title; status; date; publisher; contact; description; jurisdiction; copyright; fhirVersion; mapping; kind; abstract; context; type; baseDefinition; derivation; snapshot; differential,17190,8f1342b074ce326c7ef58f95dcd2fe0365a757827b7b42ca9a1630eb457b445b,2026-08-28,reference/configuration JSON object,,,True,True,
StructureDefinition-us-core-location.json,external/synthea/src/test/resources/structureDefinitions/r4/uscore6/StructureDefinition-us-core-location.json,json,external_reference_or_fixture,1,24,resourceType; id; text; url; version; name; title; status; experimental; date; publisher; contact; description; jurisdiction; copyright; fhirVersion; mapping; kind; abstract; type; baseDefinition; derivation; snapshot; differential,85202,f36956a9189157d04d6822432cf1ef78fa3dfd6a5d0d634947a7f6d74839de48,2026-08-28,reference/configuration JSON object,,,True,True,
StructureDefinition-us-core-medication.json,external/synthea/src/test/resources/structureDefinitions/r4/uscore6/StructureDefinition-us-core-medication.json,json,external_reference_or_fixture,1,24,resourceType; id; text; url; version; name; title; status; experimental; date; publisher; contact; description; jurisdiction; copyright; fhirVersion; mapping; kind; abstract; type; baseDefinition; derivation; snapshot; differential,49876,fe163d51943d27cf9ba4d2dbfbd9bc0d737619b796f8b16de22342f19a0d1509,2026-08-28,reference/configuration JSON object,,,True,True,
StructureDefinition-us-core-medicationdispense.json,external/synthea/src/test/resources/structureDefinitions/r4/uscore6/StructureDefinition-us-core-medicationdispense.json,json,external_reference_or_fixture,1,23,resourceType; id; text; url; version; name; title; status; date; publisher; contact; description; jurisdiction; copyright; fhirVersion; mapping; kind; abstract; type; baseDefinition; derivation; snapshot; differential,143038,f0db794158ccc34d42c40422fe1a1514d14f018aebc8d6e2ac67d79e5dacd068,2026-08-28,reference/configuration JSON object,,,True,True,
StructureDefinition-us-core-medicationrequest.json,external/synthea/src/test/resources/structureDefinitions/r4/uscore6/StructureDefinition-us-core-medicationrequest.json,json,external_reference_or_fixture,1,24,resourceType; id; text; url; version; name; title; status; experimental; date; publisher; contact; description; jurisdiction; copyright; fhirVersion; mapping; kind; abstract; type; baseDefinition; derivation; snapshot; differential,189112,2c09bfbc3d7781b3a335853e330b5a4b71661ec9492b1ec6052c711cb2e698bf,2026-08-28,reference/configuration JSON object,,,True,True,
StructureDefinition-us-core-observation-clinical-result.json,external/synthea/src/test/resources/structureDefinitions/r4/uscore6/StructureDefinition-us-core-observation-clinical-result.json,json,external_reference_or_fixture,1,23,resourceType; id; text; url; version; name; title; status; date; publisher; contact; description; jurisdiction; copyright; fhirVersion; mapping; kind; abstract; type; baseDefinition; derivation; snapshot; differential,138897,0ba98269218f0ce8411ca5a8dbd50b8f3a65887a511202f15909c6d0c36e4b00,2026-08-28,reference/configuration JSON object,,,True,True,
StructureDefinition-us-core-observation-lab.json,external/synthea/src/test/resources/structureDefinitions/r4/uscore6/StructureDefinition-us-core-observation-lab.json,json,external_reference_or_fixture,1,24,resourceType; id; text; url; version; name; title; status; experimental; date; publisher; contact; description; jurisdiction; copyright; fhirVersion; mapping; kind; abstract; type; baseDefinition; derivation; snapshot; differential,127003,ae1435362c4828261f6441549b1d5d10421de9d38a1614a3c1065a87ba074362,2026-08-28,reference/configuration JSON object,,,True,True,
StructureDefinition-us-core-observation-occupation.json,external/synthea/src/test/resources/structureDefinitions/r4/uscore6/StructureDefinition-us-core-observation-occupation.json,json,external_reference_or_fixture,1,24,resourceType; id; text; url; version; name; title; status; experimental; date; publisher; contact; description; jurisdiction; copyright; fhirVersion; mapping; kind; abstract; type; baseDefinition; derivation; snapshot; differential,150442,5712da2d6538a9e4676b6d829a87fbf31415a6440a51ab9bd8b39d3bd29aba32,2026-08-28,reference/configuration JSON object,,,True,True,
StructureDefinition-us-core-observation-pregnancyintent.json,external/synthea/src/test/resources/structureDefinitions/r4/uscore6/StructureDefinition-us-core-observation-pregnancyintent.json,json,external_reference_or_fixture,1,24,resourceType; id; text; url; version; name; title; status; experimental; date; publisher; contact; description; jurisdiction; copyright; fhirVersion; mapping; kind; abstract; type; baseDefinition; derivation; snapshot; differential,118414,cd9f171f8be0d5246dfef28a935d05ca8987186bb2c47dd59bd9d0166dd97c95,2026-08-28,reference/configuration JSON object,,,True,True,
StructureDefinition-us-core-observation-pregnancystatus.json,external/synthea/src/test/resources/structureDefinitions/r4/uscore6/StructureDefinition-us-core-observation-pregnancystatus.json,json,external_reference_or_fixture,1,24,resourceType; id; text; url; version; name; title; status; experimental; date; publisher; contact; description; jurisdiction; copyright; fhirVersion; mapping; kind; abstract; type; baseDefinition; derivation; snapshot; differential,118250,3e9b43f8a50bf6b9a37afde77ffa23ae8bb19bc404cb34cd0be1b869954c69ad,2026-08-28,reference/configuration JSON object,,,True,True,
StructureDefinition-us-core-observation-screening-assessment.json,external/synthea/src/test/resources/structureDefinitions/r4/uscore6/StructureDefinition-us-core-observation-screening-assessment.json,json,external_reference_or_fixture,1,23,resourceType; id; text; url; version; name; title; status; date; publisher; contact; description; jurisdiction; copyright; fhirVersion; mapping; kind; abstract; type; baseDefinition; derivation; snapshot; differential,164191,a5185cc4052b780d055ae8a72d203b18b43f53239fb539878f4c15bf1c1b2b89,2026-08-28,reference/configuration JSON object,,,True,True,
StructureDefinition-us-core-observation-sexual-orientation.json,external/synthea/src/test/resources/structureDefinitions/r4/uscore6/StructureDefinition-us-core-observation-sexual-orientation.json,json,external_reference_or_fixture,1,24,resourceType; id; text; url; version; name; title; status; experimental; date; publisher; contact; description; jurisdiction; copyright; fhirVersion; mapping; kind; abstract; type; baseDefinition; derivation; snapshot; differential,113948,bd1e4c1c80048493df245b90d692ecb87364e3905faf7d82b86c17cd0efde1e4,2026-08-28,reference/configuration JSON object,,,True,True,
StructureDefinition-us-core-organization.json,external/synthea/src/test/resources/structureDefinitions/r4/uscore6/StructureDefinition-us-core-organization.json,json,external_reference_or_fixture,1,24,resourceType; id; text; url; version; name; title; status; experimental; date; publisher; contact; description; jurisdiction; copyright; fhirVersion; mapping; kind; abstract; type; baseDefinition; derivation; snapshot; differential,124157,65e46f022df3346d89823557d73fba3362c11f51e542cee90a96b8d6f3ee2f2e,2026-08-28,reference/configuration JSON object,,,True,True,
StructureDefinition-us-core-patient.json,external/synthea/src/test/resources/structureDefinitions/r4/uscore6/StructureDefinition-us-core-patient.json,json,external_reference_or_fixture,1,24,resourceType; id; text; url; version; name; title; status; experimental; date; publisher; contact; description; jurisdiction; copyright; fhirVersion; mapping; kind; abstract; type; baseDefinition; derivation; snapshot; differential,193505,fbbe357a47e988dfa348e75fc70103a3bb8090ac58ae88122ae630b1d902d8e5,2026-08-28,reference/configuration JSON object,,,True,True,
StructureDefinition-us-core-practitioner.json,external/synthea/src/test/resources/structureDefinitions/r4/uscore6/StructureDefinition-us-core-practitioner.json,json,external_reference_or_fixture,1,24,resourceType; id; text; url; version; name; title; status; experimental; date; publisher; contact; description; jurisdiction; copyright; fhirVersion; mapping; kind; abstract; type; baseDefinition; derivation; snapshot; differential,120437,1b9481793f8e1e0de16ba7f95416a08308c6b24f73f39066f78e90100821e913,2026-08-28,reference/configuration JSON object,,,True,True,
StructureDefinition-us-core-practitionerrole.json,external/synthea/src/test/resources/structureDefinitions/r4/uscore6/StructureDefinition-us-core-practitionerrole.json,json,external_reference_or_fixture,1,24,resourceType; id; text; url; version; name; title; status; experimental; date; publisher; contact; description; jurisdiction; copyright; fhirVersion; mapping; kind; abstract; type; baseDefinition; derivation; snapshot; differential,83923,dae5e174c53d38b081f6fb6d88310c7a3ba6a8ca5274c5be6684c935b133362a,2026-08-28,reference/configuration JSON object,,,True,True,
StructureDefinition-us-core-procedure.json,external/synthea/src/test/resources/structureDefinitions/r4/uscore6/StructureDefinition-us-core-procedure.json,json,external_reference_or_fixture,1,24,resourceType; id; text; url; version; name; title; status; experimental; date; publisher; contact; description; jurisdiction; copyright; fhirVersion; mapping; kind; abstract; type; baseDefinition; derivation; snapshot; differential,92801,597fe725af80075601905f5ff8b488d447522e88407eccee8f8f0ee5ddbf7cbf,2026-08-28,reference/configuration JSON object,,,True,True,
StructureDefinition-us-core-provenance.json,external/synthea/src/test/resources/structureDefinitions/r4/uscore6/StructureDefinition-us-core-provenance.json,json,external_reference_or_fixture,1,23,resourceType; id; text; url; version; name; title; status; date; publisher; contact; description; jurisdiction; copyright; fhirVersion; mapping; kind; abstract; type; baseDefinition; derivation; snapshot; differential,127181,a9a70ddde845849aff97a98dae3d82aa96194f53196b27262c642627a73b1c28,2026-08-28,reference/configuration JSON object,,,True,True,
StructureDefinition-us-core-pulse-oximetry.json,external/synthea/src/test/resources/structureDefinitions/r4/uscore6/StructureDefinition-us-core-pulse-oximetry.json,json,external_reference_or_fixture,1,24,resourceType; id; text; url; version; name; title; status; experimental; date; publisher; contact; description; jurisdiction; copyright; fhirVersion; mapping; kind; abstract; type; baseDefinition; derivation; snapshot; differential,246807,9277769618ab724c272efd0e4b6fc47545c4795f18d7c1feefb267820f5bc29c,2026-08-28,reference/configuration JSON object,,,True,True,
StructureDefinition-us-core-questionnaireresponse.json,external/synthea/src/test/resources/structureDefinitions/r4/uscore6/StructureDefinition-us-core-questionnaireresponse.json,json,external_reference_or_fixture,1,23,resourceType; id; text; url; version; name; title; status; date; publisher; contact; description; jurisdiction; copyright; fhirVersion; mapping; kind; abstract; type; baseDefinition; derivation; snapshot; differential,113722,03a323fca5d2c44a0b9fdb8c7960d32b97cabe492ec91acebd5c6604906637bc,2026-08-28,reference/configuration JSON object,,,True,True,
StructureDefinition-us-core-race.json,external/synthea/src/test/resources/structureDefinitions/r4/uscore6/StructureDefinition-us-core-race.json,json,external_reference_or_fixture,1,25,resourceType; id; text; url; version; name; title; status; date; publisher; contact; description; jurisdiction; purpose; copyright; fhirVersion; mapping; kind; abstract; context; type; baseDefinition; derivation; snapshot; differential,54026,fc913645e1e1acd5d28eb97b66a205a3a9b0b6a8109050ae5dd5809260bf2ea1,2026-08-28,reference/configuration JSON object,,,True,True,
StructureDefinition-us-core-relatedperson.json,external/synthea/src/test/resources/structureDefinitions/r4/uscore6/StructureDefinition-us-core-relatedperson.json,json,external_reference_or_fixture,1,23,resourceType; id; text; url; version; name; title; status; date; publisher; contact; description; jurisdiction; copyright; fhirVersion; mapping; kind; abstract; type; baseDefinition; derivation; snapshot; differential,56213,0b98789afc5f7e910083921bf997de872d87bbf0d101927a5228e33e2420eef4,2026-08-28,reference/configuration JSON object,,,True,True,
StructureDefinition-us-core-respiratory-rate.json,external/synthea/src/test/resources/structureDefinitions/r4/uscore6/StructureDefinition-us-core-respiratory-rate.json,json,external_reference_or_fixture,1,24,resourceType; id; text; url; version; name; title; status; experimental; date; publisher; contact; description; jurisdiction; copyright; fhirVersion; mapping; kind; abstract; type; baseDefinition; derivation; snapshot; differential,131965,45e8c842c60dff85ca08a051c351b27c07316d8e6651c403828845813422b045,2026-08-28,reference/configuration JSON object,,,True,True,
StructureDefinition-us-core-servicerequest.json,external/synthea/src/test/resources/structureDefinitions/r4/uscore6/StructureDefinition-us-core-servicerequest.json,json,external_reference_or_fixture,1,23,resourceType; id; text; url; version; name; title; status; date; publisher; contact; description; jurisdiction; copyright; fhirVersion; mapping; kind; abstract; type; baseDefinition; derivation; snapshot; differential,101651,a5d7c5c2aa230b0e96fd7d86181bd3d09b9b925c98bc8909aa23a042ce0f62d2,2026-08-28,reference/configuration JSON object,,,True,True,
StructureDefinition-us-core-sex.json,external/synthea/src/test/resources/structureDefinitions/r4/uscore6/StructureDefinition-us-core-sex.json,json,external_reference_or_fixture,1,24,resourceType; id; text; url; version; name; title; status; date; publisher; contact; description; jurisdiction; copyright; fhirVersion; mapping; kind; abstract; context; type; baseDefinition; derivation; snapshot; differential,16944,78ecc7740affc8682c9c8c7f9cf64e4ba71cc5203586428e91b82152ecc571a7,2026-08-28,reference/configuration JSON object,,,True,True,
StructureDefinition-us-core-simple-observation.json,external/synthea/src/test/resources/structureDefinitions/r4/uscore6/StructureDefinition-us-core-simple-observation.json,json,external_reference_or_fixture,1,23,resourceType; id; text; url; version; name; title; status; date; publisher; contact; description; jurisdiction; copyright; fhirVersion; mapping; kind; abstract; type; baseDefinition; derivation; snapshot; differential,140546,5c051ac8ef18f9e9ee20f992308a5a75a5863f610c52639b97f734e680f6c608,2026-08-28,reference/configuration JSON object,,,True,True,
StructureDefinition-us-core-smokingstatus.json,external/synthea/src/test/resources/structureDefinitions/r4/uscore6/StructureDefinition-us-core-smokingstatus.json,json,external_reference_or_fixture,1,24,resourceType; id; text; url; version; name; title; status; experimental; date; publisher; contact; description; jurisdiction; copyright; fhirVersion; mapping; kind; abstract; type; baseDefinition; derivation; snapshot; differential,133676,3c3c9fad7741918f5b9b01df086fdc629aea059dc517d390bc155953ac1819c9,2026-08-28,reference/configuration JSON object,,,True,True,
StructureDefinition-us-core-specimen.json,external/synthea/src/test/resources/structureDefinitions/r4/uscore6/StructureDefinition-us-core-specimen.json,json,external_reference_or_fixture,1,24,resourceType; id; text; url; version; name; title; status; experimental; date; publisher; contact; description; jurisdiction; copyright; fhirVersion; mapping; kind; abstract; type; baseDefinition; derivation; snapshot; differential,68887,bf0898dc6732e2fcef996a9ed79ed15b1a27e17a475f3e70adde1ff27939642f,2026-08-28,reference/configuration JSON object,,,True,True,
StructureDefinition-us-core-tribal-affiliation.json,external/synthea/src/test/resources/structureDefinitions/r4/uscore6/StructureDefinition-us-core-tribal-affiliation.json,json,external_reference_or_fixture,1,24,resourceType; id; text; url; version; name; title; status; date; publisher; contact; description; jurisdiction; copyright; fhirVersion; mapping; kind; abstract; context; type; baseDefinition; derivation; snapshot; differential,39498,b2df60e328d3cede269838150c28c6bb6cab1512e9ac74ad6f26670abfe524e9,2026-08-28,reference/configuration JSON object,,,True,True,
StructureDefinition-us-core-vital-signs.json,external/synthea/src/test/resources/structureDefinitions/r4/uscore6/StructureDefinition-us-core-vital-signs.json,json,external_reference_or_fixture,1,24,resourceType; id; text; url; version; name; title; status; experimental; date; publisher; contact; description; jurisdiction; copyright; fhirVersion; mapping; kind; abstract; type; baseDefinition; derivation; snapshot; differential,181702,80f5d4a2be9cfdb5d3e08a9eb01fbbd666e508caa366e5e4768317f991276bab,2026-08-28,reference/configuration JSON object,,,True,True,
StructureDefinition-uscdi-requirement.json,external/synthea/src/test/resources/structureDefinitions/r4/uscore6/StructureDefinition-uscdi-requirement.json,json,external_reference_or_fixture,1,24,resourceType; id; text; url; version; name; title; status; date; publisher; contact; description; jurisdiction; copyright; fhirVersion; mapping; kind; abstract; context; type; baseDefinition; derivation; snapshot; differential,16036,74fdd671f742fd104fb29bf3bf2c5b53908a1a51ab29a1321cc387a533b37cce,2026-08-28,reference/configuration JSON object,,,True,True,
ValueSet-birthsex.json,external/synthea/src/test/resources/structureDefinitions/r4/uscore6/ValueSet-birthsex.json,json,external_reference_or_fixture,1,16,resourceType; id; text; url; version; name; title; status; experimental; date; publisher; contact; description; jurisdiction; copyright; compose,1495,b45865683291393eb662cbf304fb471b7067ddd3229167327fe472a516b580a8,2026-08-28,reference/configuration JSON object,,,True,True,
ValueSet-detailed-ethnicity.json,external/synthea/src/test/resources/structureDefinitions/r4/uscore6/ValueSet-detailed-ethnicity.json,json,external_reference_or_fixture,1,16,resourceType; id; text; url; version; name; title; status; experimental; date; publisher; contact; description; jurisdiction; copyright; compose,1605,e6dec20515fabb28ac610d5e652522136aa46f77e43a2a1572586ab9f3a14350,2026-08-28,reference/configuration JSON object,,,True,True,
ValueSet-detailed-race.json,external/synthea/src/test/resources/structureDefinitions/r4/uscore6/ValueSet-detailed-race.json,json,external_reference_or_fixture,1,16,resourceType; id; text; url; version; name; title; status; experimental; date; publisher; contact; description; jurisdiction; copyright; compose,1921,0a78c1e3d6c70bf026d6561a14b34ba465f89dbb2754b80eb8814c03d5b13a77,2026-08-28,reference/configuration JSON object,,,True,True,
ValueSet-omb-ethnicity-category.json,external/synthea/src/test/resources/structureDefinitions/r4/uscore6/ValueSet-omb-ethnicity-category.json,json,external_reference_or_fixture,1,16,resourceType; id; text; url; version; name; title; status; experimental; date; publisher; contact; description; jurisdiction; copyright; compose,1774,53a5811bbefff11f9a37f99e663e57063fec31c1d6a363e21e639b34db443e5e,2026-08-28,reference/configuration JSON object,,,True,True,
ValueSet-omb-race-category.json,external/synthea/src/test/resources/structureDefinitions/r4/uscore6/ValueSet-omb-race-category.json,json,external_reference_or_fixture,1,17,resourceType; id; text; url; identifier; version; name; title; status; experimental; date; publisher; contact; description; jurisdiction; copyright; compose,2029,275e2f9e34fd2ff19bfae69a6c8fe5f823dcd0e9214fcd0451761a19c3e7ec61,2026-08-28,reference/configuration JSON object,,,True,True,
ValueSet-simple-language.json,external/synthea/src/test/resources/structureDefinitions/r4/uscore6/ValueSet-simple-language.json,json,external_reference_or_fixture,1,16,resourceType; id; text; url; version; name; title; status; experimental; date; publisher; contact; description; jurisdiction; copyright; compose,1985,f043d79fe8acdb6cfacf55981a32d76fa207fe95ff93e1fca215e68b9b33e30e,2026-08-28,reference/configuration JSON object,,,True,True,
ValueSet-simple-observation.json,external/synthea/src/test/resources/structureDefinitions/r4/uscore6/ValueSet-simple-observation.json,json,external_reference_or_fixture,1,16,resourceType; id; text; url; version; name; title; status; experimental; date; publisher; contact; description; jurisdiction; copyright; compose,1937,0b9af8ac8997ceeb801f470de297c049689750f1bde275e8f3e854fb527f715b,2026-08-28,reference/configuration JSON object,,,True,True,
ValueSet-us-core-clinical-note-type.json,external/synthea/src/test/resources/structureDefinitions/r4/uscore6/ValueSet-us-core-clinical-note-type.json,json,external_reference_or_fixture,1,16,resourceType; id; text; url; version; name; title; status; experimental; date; publisher; contact; description; jurisdiction; copyright; compose,2043,578ea8b321dbd2466d7ea657e274cd43d93c7e58cfd368301d965786f36c79b5,2026-08-28,reference/configuration JSON object,,,True,True,
ValueSet-us-core-clinical-result-observation-category.json,external/synthea/src/test/resources/structureDefinitions/r4/uscore6/ValueSet-us-core-clinical-result-observation-category.json,json,external_reference_or_fixture,1,16,resourceType; id; text; url; version; name; title; status; experimental; date; publisher; contact; description; jurisdiction; copyright; compose,4739,8b30bd986dc0b323ba46711e439bebc87b1d88621b774f9b426bcd12ba539776,2026-08-28,reference/configuration JSON object,,,True,True,
ValueSet-us-core-condition-code.json,external/synthea/src/test/resources/structureDefinitions/r4/uscore6/ValueSet-us-core-condition-code.json,json,external_reference_or_fixture,1,17,resourceType; id; meta; text; url; version; name; title; status; experimental; date; publisher; contact; description; jurisdiction; copyright; compose,3391,e095fa5c1e7f4b827fba37446c40d19096d6096ebba738cdbf97532cbf633cc1,2026-08-28,reference/configuration JSON object,,,True,True,
ValueSet-us-core-diagnosticreport-category.json,external/synthea/src/test/resources/structureDefinitions/r4/uscore6/ValueSet-us-core-diagnosticreport-category.json,json,external_reference_or_fixture,1,16,resourceType; id; text; url; version; name; title; status; experimental; date; publisher; contact; description; jurisdiction; copyright; compose,1935,291db81f31d964bac6adb0a52c289a0b507bed1785c1009e714577ab9f0f464a,2026-08-28,reference/configuration JSON object,,,True,True,
ValueSet-us-core-diagnosticreport-report-and-note-codes.json,external/synthea/src/test/resources/structureDefinitions/r4/uscore6/ValueSet-us-core-diagnosticreport-report-and-note-codes.json,json,external_reference_or_fixture,1,16,resourceType; id; text; url; version; name; title; status; experimental; date; publisher; contact; description; jurisdiction; copyright; compose,1691,712ddbdf472d951bcc167b5e85d9770570b37178640583afc25ab9a1f153ff29,2026-08-28,reference/configuration JSON object,,,True,True,
ValueSet-us-core-discharge-disposition.json,external/synthea/src/test/resources/structureDefinitions/r4/uscore6/ValueSet-us-core-discharge-disposition.json,json,external_reference_or_fixture,1,16,resourceType; id; text; url; version; name; title; status; experimental; date; publisher; contact; description; jurisdiction; copyright; compose,1410,7d464c2ad68740cde33b9d5ae71c01e4d967e70b9d5e236412de8be4cb525561,2026-08-28,reference/configuration JSON object,,,True,True,
ValueSet-us-core-documentreference-category.json,external/synthea/src/test/resources/structureDefinitions/r4/uscore6/ValueSet-us-core-documentreference-category.json,json,external_reference_or_fixture,1,16,resourceType; id; text; url; version; name; title; status; experimental; date; publisher; contact; description; jurisdiction; copyright; compose,1285,52803d52d839b2fff617420a01c27e48b42d6ee1266ee2937120727eb3b1cb57,2026-08-28,reference/configuration JSON object,,,True,True,
ValueSet-us-core-documentreference-type.json,external/synthea/src/test/resources/structureDefinitions/r4/uscore6/ValueSet-us-core-documentreference-type.json,json,external_reference_or_fixture,1,16,resourceType; id; text; url; version; name; title; status; experimental; date; publisher; contact; description; jurisdiction; copyright; expansion,4225,0580d6d8c5c3e5d8e831fa3b230e67dcd6b941df6d86f186706ae77c52764103,2026-08-28,reference/configuration JSON object,,,True,True,
ValueSet-us-core-encounter-type.json,external/synthea/src/test/resources/structureDefinitions/r4/uscore6/ValueSet-us-core-encounter-type.json,json,external_reference_or_fixture,1,17,resourceType; id; meta; text; url; version; name; title; status; experimental; date; publisher; contact; description; jurisdiction; copyright; compose,2228,532393fac60eb19bf0a95f5b2d1c0e5e867669e1f82ddc4765e532534ab3d707,2026-08-28,reference/configuration JSON object,,,True,True,
ValueSet-us-core-goal-description.json,external/synthea/src/test/resources/structureDefinitions/r4/uscore6/ValueSet-us-core-goal-description.json,json,external_reference_or_fixture,1,17,resourceType; id; meta; text; url; version; name; title; status; experimental; date; publisher; contact; description; jurisdiction; copyright; compose,1861,fae00e56da67610ede13000aae80582d0978e70f348f1ed84e3ba1b5fb858a00,2026-08-28,reference/configuration JSON object,,,True,True,
ValueSet-us-core-laboratory-test-codes.json,external/synthea/src/test/resources/structureDefinitions/r4/uscore6/ValueSet-us-core-laboratory-test-codes.json,json,external_reference_or_fixture,1,16,resourceType; id; text; url; version; name; title; status; experimental; date; publisher; contact; description; jurisdiction; copyright; compose,1724,301f4229ad250f5447391acaf119515096654279e53628099eee658b0361ca8e,2026-08-28,reference/configuration JSON object,,,True,True,
ValueSet-us-core-narrative-status.json,external/synthea/src/test/resources/structureDefinitions/r4/uscore6/ValueSet-us-core-narrative-status.json,json,external_reference_or_fixture,1,16,resourceType; id; text; url; version; name; title; status; experimental; date; publisher; contact; description; jurisdiction; copyright; compose,1980,694f76babc8369555593ac4ddcc6f6df11bd905eef1abe5723f1baced444356d,2026-08-28,reference/configuration JSON object,,,True,True,
ValueSet-us-core-observation-smoking-status-status.json,external/synthea/src/test/resources/structureDefinitions/r4/uscore6/ValueSet-us-core-observation-smoking-status-status.json,json,external_reference_or_fixture,1,16,resourceType; id; text; url; version; name; title; status; experimental; date; publisher; contact; description; jurisdiction; copyright; compose,2504,cfafec6127f1a935e09c815d08a3bc615082fa5d0f4caa7684b904b5a50ae19e,2026-08-28,reference/configuration JSON object,,,True,True,
ValueSet-us-core-observation-smokingstatus-max.json,external/synthea/src/test/resources/structureDefinitions/r4/uscore6/ValueSet-us-core-observation-smokingstatus-max.json,json,external_reference_or_fixture,1,16,resourceType; id; text; url; version; name; title; status; experimental; date; publisher; contact; description; jurisdiction; copyright; compose,1282,06759adc77e92eaefb3bfdcecd409c2d2b155920a2561a24c10be60dcae1bd58,2026-08-28,reference/configuration JSON object,,,True,True,
ValueSet-us-core-observation-value-codes.json,external/synthea/src/test/resources/structureDefinitions/r4/uscore6/ValueSet-us-core-observation-value-codes.json,json,external_reference_or_fixture,1,16,resourceType; id; text; url; version; name; title; status; experimental; date; publisher; contact; description; jurisdiction; copyright; compose,1271,1790f4c31c39313cbdcffd0c7a1281e7c20d111467b14eda38de042ca227671b,2026-08-28,reference/configuration JSON object,,,True,True,
ValueSet-us-core-pregnancy-intent.json,external/synthea/src/test/resources/structureDefinitions/r4/uscore6/ValueSet-us-core-pregnancy-intent.json,json,external_reference_or_fixture,1,16,resourceType; id; text; url; version; name; title; status; experimental; date; publisher; contact; description; jurisdiction; copyright; compose,2576,86fe389742d6cd130413fec7579518349a1ba7f62de715f7fe2f231c5ba6ccfc,2026-08-28,reference/configuration JSON object,,,True,True,
ValueSet-us-core-pregnancy-status.json,external/synthea/src/test/resources/structureDefinitions/r4/uscore6/ValueSet-us-core-pregnancy-status.json,json,external_reference_or_fixture,1,16,resourceType; id; text; url; version; name; title; status; experimental; date; publisher; contact; description; jurisdiction; copyright; compose,2672,1afa7dc9bd8746d8ac0a26225c6ee129c5a38cfb8d64fb736f08e3d2ec4b60ff,2026-08-28,reference/configuration JSON object,,,True,True,
ValueSet-us-core-problem-or-health-concern.json,external/synthea/src/test/resources/structureDefinitions/r4/uscore6/ValueSet-us-core-problem-or-health-concern.json,json,external_reference_or_fixture,1,16,resourceType; id; text; url; version; name; title; status; experimental; date; publisher; contact; description; jurisdiction; copyright; compose,2524,42def35c63dffc15d0661918a42c2aa6551e3e5fa743ede24b8daaec2c8b197c,2026-08-28,reference/configuration JSON object,,,True,True,
ValueSet-us-core-procedure-code.json,external/synthea/src/test/resources/structureDefinitions/r4/uscore6/ValueSet-us-core-procedure-code.json,json,external_reference_or_fixture,1,17,resourceType; id; meta; text; url; version; name; title; status; experimental; date; publisher; contact; description; jurisdiction; copyright; compose,4070,6b09716ceb9daa74ad88d44f06c575f5f75c3837746dc061bb91ebf02059a364,2026-08-28,reference/configuration JSON object,,,True,True,
ValueSet-us-core-provenance-participant-type.json,external/synthea/src/test/resources/structureDefinitions/r4/uscore6/ValueSet-us-core-provenance-participant-type.json,json,external_reference_or_fixture,1,17,resourceType; id; text; url; version; name; title; status; experimental; date; publisher; contact; description; jurisdiction; purpose; copyright; compose,1668,a5b62303d265546202addece0a3fb44e4f2c715cf35062dabecbe0c8c0665a64,2026-08-28,reference/configuration JSON object,,,True,True,
ValueSet-us-core-screening-assessment-condition-category.json,external/synthea/src/test/resources/structureDefinitions/r4/uscore6/ValueSet-us-core-screening-assessment-condition-category.json,json,external_reference_or_fixture,1,16,resourceType; id; text; url; version; name; title; status; experimental; date; publisher; contact; description; jurisdiction; copyright; compose,1308,5906a184e4ec5b55c9236b79831b3d0c5878cbeedcfa79d2b4011cb193a06c8d,2026-08-28,reference/configuration JSON object,,,True,True,
ValueSet-us-core-screening-assessment-observation-category.json,external/synthea/src/test/resources/structureDefinitions/r4/uscore6/ValueSet-us-core-screening-assessment-observation-category.json,json,external_reference_or_fixture,1,16,resourceType; id; text; url; version; name; title; status; experimental; date; publisher; contact; description; jurisdiction; copyright; compose,1318,37faf5b49cd6bd8a2c09741d4dcd91b2229150a0a83850856b7569810376e26a,2026-08-28,reference/configuration JSON object,,,True,True,
ValueSet-us-core-servicerequest-category.json,external/synthea/src/test/resources/structureDefinitions/r4/uscore6/ValueSet-us-core-servicerequest-category.json,json,external_reference_or_fixture,1,16,resourceType; id; text; url; version; name; title; status; experimental; date; publisher; contact; description; jurisdiction; copyright; compose,2652,58b78e149678386e718e4aea28c3e3b4b9d4067e81580b8d0db5ab1e83f827d8,2026-08-28,reference/configuration JSON object,,,True,True,
ValueSet-us-core-sexual-orientation.json,external/synthea/src/test/resources/structureDefinitions/r4/uscore6/ValueSet-us-core-sexual-orientation.json,json,external_reference_or_fixture,1,16,resourceType; id; text; url; version; name; title; status; experimental; date; publisher; contact; description; jurisdiction; copyright; compose,4447,66e03d09759492a69c4d7d19663d194689f9487c1d5400e36353557d794f0760,2026-08-28,reference/configuration JSON object,,,True,True,
ValueSet-us-core-simple-observation-category.json,external/synthea/src/test/resources/structureDefinitions/r4/uscore6/ValueSet-us-core-simple-observation-category.json,json,external_reference_or_fixture,1,16,resourceType; id; text; url; version; name; title; status; experimental; date; publisher; contact; description; jurisdiction; copyright; compose,1604,09802cbb26cdd4079168a692d98a3ffb934a7e35eb0494b6f905ab7c9dd75640,2026-08-28,reference/configuration JSON object,,,True,True,
ValueSet-us-core-smoking-status-observation-codes.json,external/synthea/src/test/resources/structureDefinitions/r4/uscore6/ValueSet-us-core-smoking-status-observation-codes.json,json,external_reference_or_fixture,1,16,resourceType; id; text; url; version; name; title; status; experimental; date; publisher; contact; description; jurisdiction; copyright; compose,1693,e6ae691b4b4b6c7436db3ebfb3ccbd1b576651b4609531dab503058304259b41,2026-08-28,reference/configuration JSON object,,,True,True,
ValueSet-us-core-survey-codes.json,external/synthea/src/test/resources/structureDefinitions/r4/uscore6/ValueSet-us-core-survey-codes.json,json,external_reference_or_fixture,1,16,resourceType; id; text; url; version; name; title; status; experimental; date; publisher; contact; description; jurisdiction; copyright; compose,1935,6af95fb42472671b6648dc6beecd048b3bd3371fe56e33af5c1ef5f4248a42a7,2026-08-28,reference/configuration JSON object,,,True,True,
ValueSet-us-core-usps-state.json,external/synthea/src/test/resources/structureDefinitions/r4/uscore6/ValueSet-us-core-usps-state.json,json,external_reference_or_fixture,1,17,resourceType; id; text; url; identifier; version; name; title; status; experimental; date; publisher; contact; description; jurisdiction; copyright; compose,1419,93b950247687b1eb279183e7c49f666b1e239f3de2a8336715f3cb56bbf9a88c,2026-08-28,reference/configuration JSON object,,,True,True,
ValueSet-us-core-vital-signs.json,external/synthea/src/test/resources/structureDefinitions/r4/uscore6/ValueSet-us-core-vital-signs.json,json,external_reference_or_fixture,1,16,resourceType; id; text; url; version; name; title; status; experimental; date; publisher; contact; description; jurisdiction; copyright; compose,2495,f55e06fae530a1eddcdea592a6bdaa31c89fde257528026fc3adc48354bbf8e5,2026-08-28,reference/configuration JSON object,,,True,True,
CapabilityStatement-us-core-client.json,external/synthea/src/test/resources/structureDefinitions/r4/uscore7/CapabilityStatement-us-core-client.json,json,external_reference_or_fixture,1,25,resourceType; id; text; extension; url; version; name; title; status; experimental; date; publisher; contact; description; jurisdiction; copyright; kind; fhirVersion; format; _format; patchFormat; _patchFormat; implementationGuide; _implementationGuide; rest,314460,4dc2c7dfaefd026740263b05ec957dc5eded00ddd4c4e3def7b9053228941860,2026-08-28,reference/configuration JSON object,,,True,True,
CapabilityStatement-us-core-server.json,external/synthea/src/test/resources/structureDefinitions/r4/uscore7/CapabilityStatement-us-core-server.json,json,external_reference_or_fixture,1,25,resourceType; id; text; extension; url; version; name; title; status; experimental; date; publisher; contact; description; jurisdiction; copyright; kind; fhirVersion; format; _format; patchFormat; _patchFormat; implementationGuide; _implementationGuide; rest,316854,49e3f3858f77d387352a0b7edc8d8b305b7e103fa388165f35d7282d7cf69d51,2026-08-28,reference/configuration JSON object,,,True,True,
CodeSystem-careplan-category.json,external/synthea/src/test/resources/structureDefinitions/r4/uscore7/CodeSystem-careplan-category.json,json,external_reference_or_fixture,1,20,resourceType; id; text; extension; url; identifier; version; name; title; status; experimental; date; publisher; contact; description; jurisdiction; copyright; caseSensitive; content; concept,2622,bf5d3ef4ef17ee7c2f40a6913747c52475da4c39134848b0e06250fb3629797b,2026-08-28,reference/configuration JSON object,,,True,True,
CodeSystem-condition-category.json,external/synthea/src/test/resources/structureDefinitions/r4/uscore7/CodeSystem-condition-category.json,json,external_reference_or_fixture,1,21,resourceType; id; text; extension; url; identifier; version; name; title; status; experimental; date; publisher; contact; description; jurisdiction; copyright; caseSensitive; content; property; concept,3855,bc888b8da32f96d95ce1cc3ab7bf02d437f5ab3dc9b998bd74a068580945a064,2026-08-28,reference/configuration JSON object,,,True,True,
CodeSystem-us-core-category.json,external/synthea/src/test/resources/structureDefinitions/r4/uscore7/CodeSystem-us-core-category.json,json,external_reference_or_fixture,1,20,resourceType; id; text; extension; url; identifier; version; name; title; status; experimental; date; publisher; contact; description; jurisdiction; copyright; caseSensitive; content; concept,4215,cacfb12e8daa289f8115062e2fa49c940d629cd73f5f3fc08fa23688b65f5371,2026-08-28,reference/configuration JSON object,,,True,True,
CodeSystem-us-core-documentreference-category.json,external/synthea/src/test/resources/structureDefinitions/r4/uscore7/CodeSystem-us-core-documentreference-category.json,json,external_reference_or_fixture,1,22,resourceType; id; text; extension; url; identifier; version; name; title; status; experimental; date; publisher; contact; description; jurisdiction; copyright; caseSensitive; valueSet; content; count; concept,3039,cf423b1c9649055760d1feb31f28b6381b9ef879b85ad5e97cf63685af31bead,2026-08-28,reference/configuration JSON object,,,True,True,
CodeSystem-us-core-provenance-participant-type.json,external/synthea/src/test/resources/structureDefinitions/r4/uscore7/CodeSystem-us-core-provenance-participant-type.json,json,external_reference_or_fixture,1,20,resourceType; id; text; extension; url; identifier; version; name; title; status; experimental; date; publisher; contact; description; jurisdiction; copyright; caseSensitive; content; concept,2514,ea226988fe02853f8a21c8a9764637397581a3f0c5a380f9f6184a8e1680eeb2,2026-08-28,reference/configuration JSON object,,,True,True,
ImplementationGuide-hl7.fhir.us.core.json,external/synthea/src/test/resources/structureDefinitions/r4/uscore7/ImplementationGuide-hl7.fhir.us.core.json,json,external_reference_or_fixture,1,20,resourceType; id; text; extension; url; version; name; title; status; date; publisher; contact; description; jurisdiction; copyright; packageId; license; fhirVersion; dependsOn; definition,292376,0d0dc04b7e6600258384a78bcff76a6945d3c509d3845b690db840d577d2406c,2026-08-28,reference/configuration JSON object,,,True,True,
StructureDefinition-head-occipital-frontal-circumference-percentile.json,external/synthea/src/test/resources/structureDefinitions/r4/uscore7/StructureDefinition-head-occipital-frontal-circumference-percentile.json,json,external_reference_or_fixture,1,26,resourceType; id; text; extension; url; identifier; version; name; title; status; experimental; date; publisher; contact; description; jurisdiction; copyright; fhirVersion; mapping; kind; abstract; type; baseDefinition; derivation; snapshot,130658,5273f880112386be31e0ba681272bcfb092c7f9ac1b5b8093b400b74813c958f,2026-08-28,reference/configuration JSON object,,,True,True,
StructureDefinition-pediatric-bmi-for-age.json,external/synthea/src/test/resources/structureDefinitions/r4/uscore7/StructureDefinition-pediatric-bmi-for-age.json,json,external_reference_or_fixture,1,26,resourceType; id; text; extension; url; identifier; version; name; title; status; experimental; date; publisher; contact; description; jurisdiction; copyright; fhirVersion; mapping; kind; abstract; type; baseDefinition; derivation; snapshot,130239,37747dff89acc0075df0f5b472b4613b747758c79d5e08fd99168f86c84ad7ed,2026-08-28,reference/configuration JSON object,,,True,True,
StructureDefinition-pediatric-weight-for-height.json,external/synthea/src/test/resources/structureDefinitions/r4/uscore7/StructureDefinition-pediatric-weight-for-height.json,json,external_reference_or_fixture,1,26,resourceType; id; text; extension; url; identifier; version; name; title; status; experimental; date; publisher; contact; description; jurisdiction; copyright; fhirVersion; mapping; kind; abstract; type; baseDefinition; derivation; snapshot,130179,1574aa830bade81132eba3eef93561a734a107fafd4e403ada48f56fc3974e35,2026-08-28,reference/configuration JSON object,,,True,True,
StructureDefinition-us-core-allergyintolerance.json,external/synthea/src/test/resources/structureDefinitions/r4/uscore7/StructureDefinition-us-core-allergyintolerance.json,json,external_reference_or_fixture,1,26,resourceType; id; text; extension; url; identifier; version; name; title; status; experimental; date; publisher; contact; description; jurisdiction; copyright; fhirVersion; mapping; kind; abstract; type; baseDefinition; derivation; snapshot,78012,69910e335f8099a85dc87c86cf3b7898415f3349f4959036c9311984559f1660,2026-08-28,reference/configuration JSON object,,,True,True,
StructureDefinition-us-core-average-blood-pressure.json,external/synthea/src/test/resources/structureDefinitions/r4/uscore7/StructureDefinition-us-core-average-blood-pressure.json,json,external_reference_or_fixture,1,26,resourceType; id; text; extension; url; identifier; version; name; title; status; experimental; date; publisher; contact; description; jurisdiction; copyright; fhirVersion; mapping; kind; abstract; type; baseDefinition; derivation; snapshot,250630,ca8af98942992fdf705e079a2677d35b32305a6150dcf5462cc7aa2ef4f7d58f,2026-08-28,reference/configuration JSON object,,,True,True,
StructureDefinition-us-core-birthsex.json,external/synthea/src/test/resources/structureDefinitions/r4/uscore7/StructureDefinition-us-core-birthsex.json,json,external_reference_or_fixture,1,26,resourceType; id; text; extension; url; identifier; version; name; title; status; date; publisher; contact; description; jurisdiction; copyright; fhirVersion; mapping; kind; abstract; context; type; baseDefinition; derivation; snapshot,18062,96e9bb0a8d7181755ed4f817b66e13bf3a3be2d2e5b565ee32225d05deb4b7f9,2026-08-28,reference/configuration JSON object,,,True,True,
StructureDefinition-us-core-blood-pressure.json,external/synthea/src/test/resources/structureDefinitions/r4/uscore7/StructureDefinition-us-core-blood-pressure.json,json,external_reference_or_fixture,1,26,resourceType; id; text; extension; url; identifier; version; name; title; status; experimental; date; publisher; contact; description; jurisdiction; copyright; fhirVersion; mapping; kind; abstract; type; baseDefinition; derivation; snapshot,201731,d10add3e2df0c8608f33b38da46d59d600ba5e839e021f7ae4a546b785e1bd82,2026-08-28,reference/configuration JSON object,,,True,True,
StructureDefinition-us-core-bmi.json,external/synthea/src/test/resources/structureDefinitions/r4/uscore7/StructureDefinition-us-core-bmi.json,json,external_reference_or_fixture,1,26,resourceType; id; text; extension; url; identifier; version; name; title; status; experimental; date; publisher; contact; description; jurisdiction; copyright; fhirVersion; mapping; kind; abstract; type; baseDefinition; derivation; snapshot,129939,f1e01855d59ae1fbdff4e783a1f17a1f5d8d2697bb9117f71a9a60479f5125b4,2026-08-28,reference/configuration JSON object,,,True,True,
StructureDefinition-us-core-body-height.json,external/synthea/src/test/resources/structureDefinitions/r4/uscore7/StructureDefinition-us-core-body-height.json,json,external_reference_or_fixture,1,26,resourceType; id; text; extension; url; identifier; version; name; title; status; experimental; date; publisher; contact; description; jurisdiction; copyright; fhirVersion; mapping; kind; abstract; type; baseDefinition; derivation; snapshot,130306,a16a3a3e3eae08cf6b4d52f2e84a2116276ae0b17ab301a5848e0a0e35a77359,2026-08-28,reference/configuration JSON object,,,True,True,
StructureDefinition-us-core-body-temperature.json,external/synthea/src/test/resources/structureDefinitions/r4/uscore7/StructureDefinition-us-core-body-temperature.json,json,external_reference_or_fixture,1,26,resourceType; id; text; extension; url; identifier; version; name; title; status; experimental; date; publisher; contact; description; jurisdiction; copyright; fhirVersion; mapping; kind; abstract; type; baseDefinition; derivation; snapshot,130398,70e4b5d5eb7181191d392132a0928c02cde4c1c1f248e8a048a9cfc93a4cbecc,2026-08-28,reference/configuration JSON object,,,True,True,
StructureDefinition-us-core-body-weight.json,external/synthea/src/test/resources/structureDefinitions/r4/uscore7/StructureDefinition-us-core-body-weight.json,json,external_reference_or_fixture,1,26,resourceType; id; text; extension; url; identifier; version; name; title; status; experimental; date; publisher; contact; description; jurisdiction; copyright; fhirVersion; mapping; kind; abstract; type; baseDefinition; derivation; snapshot,130310,b5298c3505eacb5c0b1a9d56824f555531fe1a1b87e3a18e8a2edc1624a2d076,2026-08-28,reference/configuration JSON object,,,True,True,
StructureDefinition-us-core-care-experience-preference.json,external/synthea/src/test/resources/structureDefinitions/r4/uscore7/StructureDefinition-us-core-care-experience-preference.json,json,external_reference_or_fixture,1,26,resourceType; id; text; extension; url; identifier; version; name; title; status; experimental; date; publisher; contact; description; jurisdiction; copyright; fhirVersion; mapping; kind; abstract; type; baseDefinition; derivation; snapshot,140417,11effd39705d0047a29253a359dd4735f7e896582a5fa332c553f65732ec9aa3,2026-08-28,reference/configuration JSON object,,,True,True,
StructureDefinition-us-core-careplan.json,external/synthea/src/test/resources/structureDefinitions/r4/uscore7/StructureDefinition-us-core-careplan.json,json,external_reference_or_fixture,1,26,resourceType; id; text; extension; url; identifier; version; name; title; status; experimental; date; publisher; contact; description; jurisdiction; copyright; fhirVersion; mapping; kind; abstract; type; baseDefinition; derivation; snapshot,119572,0295a0dc827868b1f773b5d62b0f14635c7b998b663d28d0db1b6adaae081d47,2026-08-28,reference/configuration JSON object,,,True,True,
StructureDefinition-us-core-careteam.json,external/synthea/src/test/resources/structureDefinitions/r4/uscore7/StructureDefinition-us-core-careteam.json,json,external_reference_or_fixture,1,26,resourceType; id; text; extension; url; identifier; version; name; title; status; experimental; date; publisher; contact; description; jurisdiction; copyright; fhirVersion; mapping; kind; abstract; type; baseDefinition; derivation; snapshot,60362,0783fbd3e4d780571c7be33c5e4005f49367e06fc911c4073f5065a4cf297c19,2026-08-28,reference/configuration JSON object,,,True,True,
StructureDefinition-us-core-condition-encounter-diagnosis.json,external/synthea/src/test/resources/structureDefinitions/r4/uscore7/StructureDefinition-us-core-condition-encounter-diagnosis.json,json,external_reference_or_fixture,1,26,resourceType; id; text; extension; url; identifier; version; name; title; status; experimental; date; publisher; contact; description; jurisdiction; copyright; fhirVersion; mapping; kind; abstract; type; baseDefinition; derivation; snapshot,114243,c46758c84160601d9f8ca4da10e18c16828dcf32e9cf80bf2839d65d75b9b030,2026-08-28,reference/configuration JSON object,,,True,True,
StructureDefinition-us-core-condition-problems-health-concerns.json,external/synthea/src/test/resources/structureDefinitions/r4/uscore7/StructureDefinition-us-core-condition-problems-health-concerns.json,json,external_reference_or_fixture,1,26,resourceType; id; text; extension; url; identifier; version; name; title; status; experimental; date; publisher; contact; description; jurisdiction; copyright; fhirVersion; mapping; kind; abstract; type; baseDefinition; derivation; snapshot,125194,465d6fe69d0defa0eff27b929e0dadfee64758687636ec10e36b5d3c196b6cfa,2026-08-28,reference/configuration JSON object,,,True,True,
StructureDefinition-us-core-coverage.json,external/synthea/src/test/resources/structureDefinitions/r4/uscore7/StructureDefinition-us-core-coverage.json,json,external_reference_or_fixture,1,26,resourceType; id; text; extension; url; identifier; version; name; title; status; experimental; date; publisher; contact; description; jurisdiction; copyright; fhirVersion; mapping; kind; abstract; type; baseDefinition; derivation; snapshot,154439,80163b2a9979bffd67f50068680d9eea6e6f65a620e9262d4b76a77dc137844b,2026-08-28,reference/configuration JSON object,,,True,True,
StructureDefinition-us-core-diagnosticreport-lab.json,external/synthea/src/test/resources/structureDefinitions/r4/uscore7/StructureDefinition-us-core-diagnosticreport-lab.json,json,external_reference_or_fixture,1,26,resourceType; id; text; extension; url; identifier; version; name; title; status; experimental; date; publisher; contact; description; jurisdiction; copyright; fhirVersion; mapping; kind; abstract; type; baseDefinition; derivation; snapshot,107531,b42df1d36a0766302214fbb9b644e5caeb097345a80ff0d538817b12ab65dc34,2026-08-28,reference/configuration JSON object,,,True,True,
StructureDefinition-us-core-diagnosticreport-note.json,external/synthea/src/test/resources/structureDefinitions/r4/uscore7/StructureDefinition-us-core-diagnosticreport-note.json,json,external_reference_or_fixture,1,25,resourceType; id; text; extension; url; identifier; version; name; title; status; date; publisher; contact; description; jurisdiction; copyright; fhirVersion; mapping; kind; abstract; type; baseDefinition; derivation; snapshot; differential,96029,e7afd2d26d771f9c4465fd63704df18af971e41cf540f452e0bd33caa10218a0,2026-08-28,reference/configuration JSON object,,,True,True,
StructureDefinition-us-core-direct.json,external/synthea/src/test/resources/structureDefinitions/r4/uscore7/StructureDefinition-us-core-direct.json,json,external_reference_or_fixture,1,26,resourceType; id; text; extension; url; identifier; version; name; title; status; date; publisher; contact; description; jurisdiction; copyright; fhirVersion; mapping; kind; abstract; context; type; baseDefinition; derivation; snapshot,16822,06bd7c89725414c8bd6304ae7f3be8cfcf2952c1f4060c22559940b47bc271c7,2026-08-28,reference/configuration JSON object,,,True,True,
StructureDefinition-us-core-documentreference.json,external/synthea/src/test/resources/structureDefinitions/r4/uscore7/StructureDefinition-us-core-documentreference.json,json,external_reference_or_fixture,1,26,resourceType; id; text; extension; url; identifier; version; name; title; status; experimental; date; publisher; contact; description; jurisdiction; copyright; fhirVersion; mapping; kind; abstract; type; baseDefinition; derivation; snapshot,134175,415248bda0400e2086dd5c41d0dc3d3f3401e700a3c6d9ce1badc0052b1073c6,2026-08-28,reference/configuration JSON object,,,True,True,
StructureDefinition-us-core-encounter.json,external/synthea/src/test/resources/structureDefinitions/r4/uscore7/StructureDefinition-us-core-encounter.json,json,external_reference_or_fixture,1,26,resourceType; id; text; extension; url; identifier; version; name; title; status; experimental; date; publisher; contact; description; jurisdiction; copyright; fhirVersion; mapping; kind; abstract; type; baseDefinition; derivation; snapshot,166822,171ff05f1c47e4df00f2c70ebd2f802c65612ef03ac0a7170b9f0dd6a49ea531,2026-08-28,reference/configuration JSON object,,,True,True,
StructureDefinition-us-core-ethnicity.json,external/synthea/src/test/resources/structureDefinitions/r4/uscore7/StructureDefinition-us-core-ethnicity.json,json,external_reference_or_fixture,1,27,resourceType; id; text; extension; url; identifier; version; name; title; status; date; publisher; contact; description; jurisdiction; purpose; copyright; fhirVersion; mapping; kind; abstract; context; type; baseDefinition; derivation,53373,1d7b1b7ac06d6a286bd5fc21b13b4c00d20acf647e2bc52c06a8cc9d8c286802,2026-08-28,reference/configuration JSON object,,,True,True,
StructureDefinition-us-core-extension-questionnaire-uri.json,external/synthea/src/test/resources/structureDefinitions/r4/uscore7/StructureDefinition-us-core-extension-questionnaire-uri.json,json,external_reference_or_fixture,1,27,resourceType; id; text; extension; url; identifier; version; name; title; status; experimental; date; publisher; contact; description; jurisdiction; copyright; fhirVersion; mapping; kind; abstract; context; type; baseDefinition; derivation,17217,b11d9c18d0986087ef138f1ce7133be3762a448d2177bf2c696912bb92be95aa,2026-08-28,reference/configuration JSON object,,,True,True,
StructureDefinition-us-core-genderIdentity.json,external/synthea/src/test/resources/structureDefinitions/r4/uscore7/StructureDefinition-us-core-genderIdentity.json,json,external_reference_or_fixture,1,26,resourceType; id; text; extension; url; identifier; version; name; title; status; date; publisher; contact; description; jurisdiction; copyright; fhirVersion; mapping; kind; abstract; context; type; baseDefinition; derivation; snapshot,18156,b69bcbc7036317924841c3964d5e1341a6067616cc1413b0b23153bb43157f8f,2026-08-28,reference/configuration JSON object,,,True,True,
StructureDefinition-us-core-goal.json,external/synthea/src/test/resources/structureDefinitions/r4/uscore7/StructureDefinition-us-core-goal.json,json,external_reference_or_fixture,1,26,resourceType; id; text; extension; url; identifier; version; name; title; status; experimental; date; publisher; contact; description; jurisdiction; copyright; fhirVersion; mapping; kind; abstract; type; baseDefinition; derivation; snapshot,70684,d54c90fe1f97921d0ad74ceea79574cc2addeb0f73ab1e74b888fe0d2fd22eb5,2026-08-28,reference/configuration JSON object,,,True,True,
StructureDefinition-us-core-head-circumference.json,external/synthea/src/test/resources/structureDefinitions/r4/uscore7/StructureDefinition-us-core-head-circumference.json,json,external_reference_or_fixture,1,26,resourceType; id; text; extension; url; identifier; version; name; title; status; experimental; date; publisher; contact; description; jurisdiction; copyright; fhirVersion; mapping; kind; abstract; type; baseDefinition; derivation; snapshot,130440,81c49c3f93ca9a76ccab0f05384ecedd57c5e5a5aec79297bc215d8fe57eb4f2,2026-08-28,reference/configuration JSON object,,,True,True,
StructureDefinition-us-core-heart-rate.json,external/synthea/src/test/resources/structureDefinitions/r4/uscore7/StructureDefinition-us-core-heart-rate.json,json,external_reference_or_fixture,1,26,resourceType; id; text; extension; url; identifier; version; name; title; status; experimental; date; publisher; contact; description; jurisdiction; copyright; fhirVersion; mapping; kind; abstract; type; baseDefinition; derivation; snapshot,129866,258c3de4fc483c8e0365709f0eb1780b6d17037ec60bb47b936b05e5d48a830e,2026-08-28,reference/configuration JSON object,,,True,True,
StructureDefinition-us-core-immunization.json,external/synthea/src/test/resources/structureDefinitions/r4/uscore7/StructureDefinition-us-core-immunization.json,json,external_reference_or_fixture,1,26,resourceType; id; text; extension; url; identifier; version; name; title; status; experimental; date; publisher; contact; description; jurisdiction; copyright; fhirVersion; mapping; kind; abstract; type; baseDefinition; derivation; snapshot,107903,9b5971f32643cccb7e108550e53b0693ed5ad85d5a0cfd8f40b304e545236caa,2026-08-28,reference/configuration JSON object,,,True,True,
StructureDefinition-us-core-implantable-device.json,external/synthea/src/test/resources/structureDefinitions/r4/uscore7/StructureDefinition-us-core-implantable-device.json,json,external_reference_or_fixture,1,26,resourceType; id; text; extension; url; identifier; version; name; title; status; experimental; date; publisher; contact; description; jurisdiction; copyright; fhirVersion; mapping; kind; abstract; type; baseDefinition; derivation; snapshot,103841,d17644e36365d3578735cd5896ac674e3d258088185ba41b7fb0878e1634109d,2026-08-28,reference/configuration JSON object,,,True,True,
StructureDefinition-us-core-jurisdiction.json,external/synthea/src/test/resources/structureDefinitions/r4/uscore7/StructureDefinition-us-core-jurisdiction.json,json,external_reference_or_fixture,1,26,resourceType; id; text; extension; url; identifier; version; name; title; status; date; publisher; contact; description; jurisdiction; copyright; fhirVersion; mapping; kind; abstract; context; type; baseDefinition; derivation; snapshot,31588,b08bdfcefa829c9f41a3de5abae65035239418d1ad60e8708de7d906c943c892,2026-08-28,reference/configuration JSON object,,,True,True,
StructureDefinition-us-core-location.json,external/synthea/src/test/resources/structureDefinitions/r4/uscore7/StructureDefinition-us-core-location.json,json,external_reference_or_fixture,1,26,resourceType; id; text; extension; url; identifier; version; name; title; status; experimental; date; publisher; contact; description; jurisdiction; copyright; fhirVersion; mapping; kind; abstract; type; baseDefinition; derivation; snapshot,91593,6ef756d972e8bcc8a445065e7c6e6f48a7e7c590dc4a4642c6487a6357e5d242,2026-08-28,reference/configuration JSON object,,,True,True,
StructureDefinition-us-core-medication-adherence.json,external/synthea/src/test/resources/structureDefinitions/r4/uscore7/StructureDefinition-us-core-medication-adherence.json,json,external_reference_or_fixture,1,26,resourceType; id; text; extension; url; identifier; version; name; title; status; date; publisher; contact; description; jurisdiction; copyright; fhirVersion; mapping; kind; abstract; context; type; baseDefinition; derivation; snapshot,52725,b2645dde19a6388f12cd9f263b23d86a7c805a2e1fbeb883f2d66c67f725a123,2026-08-28,reference/configuration JSON object,,,True,True,
StructureDefinition-us-core-medication.json,external/synthea/src/test/resources/structureDefinitions/r4/uscore7/StructureDefinition-us-core-medication.json,json,external_reference_or_fixture,1,26,resourceType; id; text; extension; url; identifier; version; name; title; status; experimental; date; publisher; contact; description; jurisdiction; copyright; fhirVersion; mapping; kind; abstract; type; baseDefinition; derivation; snapshot,50669,3068249c1cc23c459c271045494b555258171af33825a569c59d5d7edc3ddec9,2026-08-28,reference/configuration JSON object,,,True,True,
StructureDefinition-us-core-medicationdispense.json,external/synthea/src/test/resources/structureDefinitions/r4/uscore7/StructureDefinition-us-core-medicationdispense.json,json,external_reference_or_fixture,1,25,resourceType; id; text; extension; url; identifier; version; name; title; status; date; publisher; contact; description; jurisdiction; copyright; fhirVersion; mapping; kind; abstract; type; baseDefinition; derivation; snapshot; differential,144684,5be02ef6efec1c84527f30965ac4d76d504893a550c7275c165a4b4c5cd48b66,2026-08-28,reference/configuration JSON object,,,True,True,
StructureDefinition-us-core-medicationrequest.json,external/synthea/src/test/resources/structureDefinitions/r4/uscore7/StructureDefinition-us-core-medicationrequest.json,json,external_reference_or_fixture,1,26,resourceType; id; text; extension; url; identifier; version; name; title; status; experimental; date; publisher; contact; description; jurisdiction; copyright; fhirVersion; mapping; kind; abstract; type; baseDefinition; derivation; snapshot,190252,cc0f48afbb9d093594e18adac1f1e2c9ee18ff45605c0dc45f39fa782e9311e4,2026-08-28,reference/configuration JSON object,,,True,True,
StructureDefinition-us-core-observation-clinical-result.json,external/synthea/src/test/resources/structureDefinitions/r4/uscore7/StructureDefinition-us-core-observation-clinical-result.json,json,external_reference_or_fixture,1,25,resourceType; id; text; extension; url; identifier; version; name; title; status; date; publisher; contact; description; jurisdiction; copyright; fhirVersion; mapping; kind; abstract; type; baseDefinition; derivation; snapshot; differential,141588,144bff9048928fe7668e345d0ca78b2196bca8a6ce9e7c6e3816dfcc6aaa3084,2026-08-28,reference/configuration JSON object,,,True,True,
StructureDefinition-us-core-observation-lab.json,external/synthea/src/test/resources/structureDefinitions/r4/uscore7/StructureDefinition-us-core-observation-lab.json,json,external_reference_or_fixture,1,26,resourceType; id; text; extension; url; identifier; version; name; title; status; experimental; date; publisher; contact; description; jurisdiction; copyright; fhirVersion; mapping; kind; abstract; type; baseDefinition; derivation; snapshot,145136,561bd91af7a4944ec2206071f648278049c10bf6aeb6d9744dd7f6f518a12ae7,2026-08-28,reference/configuration JSON object,,,True,True,
StructureDefinition-us-core-observation-occupation.json,external/synthea/src/test/resources/structureDefinitions/r4/uscore7/StructureDefinition-us-core-observation-occupation.json,json,external_reference_or_fixture,1,26,resourceType; id; text; extension; url; identifier; version; name; title; status; experimental; date; publisher; contact; description; jurisdiction; copyright; fhirVersion; mapping; kind; abstract; type; baseDefinition; derivation; snapshot,148446,ef501dd185bcfd3906d48162ee0003a78e9fb0c5c00768053f584fbb5cd9ed93,2026-08-28,reference/configuration JSON object,,,True,True,
StructureDefinition-us-core-observation-pregnancyintent.json,external/synthea/src/test/resources/structureDefinitions/r4/uscore7/StructureDefinition-us-core-observation-pregnancyintent.json,json,external_reference_or_fixture,1,26,resourceType; id; text; extension; url; identifier; version; name; title; status; experimental; date; publisher; contact; description; jurisdiction; copyright; fhirVersion; mapping; kind; abstract; type; baseDefinition; derivation; snapshot,117548,521d8182fb09708a3bfceb069e85f4811f40b91fd6eca923db850bea40d977ba,2026-08-28,reference/configuration JSON object,,,True,True,
StructureDefinition-us-core-observation-pregnancystatus.json,external/synthea/src/test/resources/structureDefinitions/r4/uscore7/StructureDefinition-us-core-observation-pregnancystatus.json,json,external_reference_or_fixture,1,26,resourceType; id; text; extension; url; identifier; version; name; title; status; experimental; date; publisher; contact; description; jurisdiction; copyright; fhirVersion; mapping; kind; abstract; type; baseDefinition; derivation; snapshot,117376,74c4de79045131fda6c926cc67c7a0085fca6c911283f67b5831b5d2d18e4a4a,2026-08-28,reference/configuration JSON object,,,True,True,
StructureDefinition-us-core-observation-screening-assessment.json,external/synthea/src/test/resources/structureDefinitions/r4/uscore7/StructureDefinition-us-core-observation-screening-assessment.json,json,external_reference_or_fixture,1,25,resourceType; id; text; extension; url; identifier; version; name; title; status; date; publisher; contact; description; jurisdiction; copyright; fhirVersion; mapping; kind; abstract; type; baseDefinition; derivation; snapshot; differential,164610,c0cf5832e4083cb4fd28a23fd2cddcb3f97e8561217708beb96783debab212c5,2026-08-28,reference/configuration JSON object,,,True,True,
StructureDefinition-us-core-observation-sexual-orientation.json,external/synthea/src/test/resources/structureDefinitions/r4/uscore7/StructureDefinition-us-core-observation-sexual-orientation.json,json,external_reference_or_fixture,1,26,resourceType; id; text; extension; url; identifier; version; name; title; status; experimental; date; publisher; contact; description; jurisdiction; copyright; fhirVersion; mapping; kind; abstract; type; baseDefinition; derivation; snapshot,113928,c946ca7ec0f34e036a40a630ae9553ce7e32fe63311dcbf7564472ffe6342b48,2026-08-28,reference/configuration JSON object,,,True,True,
StructureDefinition-us-core-organization.json,external/synthea/src/test/resources/structureDefinitions/r4/uscore7/StructureDefinition-us-core-organization.json,json,external_reference_or_fixture,1,26,resourceType; id; text; extension; url; identifier; version; name; title; status; experimental; date; publisher; contact; description; jurisdiction; copyright; fhirVersion; mapping; kind; abstract; type; baseDefinition; derivation; snapshot,125864,f9c1eda9937cf83fa2ebae5f46e86bf973136af5c41604a2ba95434c043f1b9b,2026-08-28,reference/configuration JSON object,,,True,True,
StructureDefinition-us-core-patient.json,external/synthea/src/test/resources/structureDefinitions/r4/uscore7/StructureDefinition-us-core-patient.json,json,external_reference_or_fixture,1,26,resourceType; id; text; extension; url; identifier; version; name; title; status; experimental; date; publisher; contact; description; jurisdiction; copyright; fhirVersion; mapping; kind; abstract; type; baseDefinition; derivation; snapshot,194430,3ab5761c8552f34e93fbd5c1501b18885443618ede623073f44e431e88923ac7,2026-08-28,reference/configuration JSON object,,,True,True,
StructureDefinition-us-core-practitioner.json,external/synthea/src/test/resources/structureDefinitions/r4/uscore7/StructureDefinition-us-core-practitioner.json,json,external_reference_or_fixture,1,26,resourceType; id; text; extension; url; identifier; version; name; title; status; experimental; date; publisher; contact; description; jurisdiction; copyright; fhirVersion; mapping; kind; abstract; type; baseDefinition; derivation; snapshot,121779,7f57191548f4cd7df700d8935362add6686b86e5bf8e397b9b5fc63c0a2989ce,2026-08-28,reference/configuration JSON object,,,True,True,
StructureDefinition-us-core-practitionerrole.json,external/synthea/src/test/resources/structureDefinitions/r4/uscore7/StructureDefinition-us-core-practitionerrole.json,json,external_reference_or_fixture,1,26,resourceType; id; text; extension; url; identifier; version; name; title; status; experimental; date; publisher; contact; description; jurisdiction; copyright; fhirVersion; mapping; kind; abstract; type; baseDefinition; derivation; snapshot,85250,9111140b465bc220f525be9a04e2fa6ee4e592e01197d92b520fde10564f9306,2026-08-28,reference/configuration JSON object,,,True,True,
StructureDefinition-us-core-procedure.json,external/synthea/src/test/resources/structureDefinitions/r4/uscore7/StructureDefinition-us-core-procedure.json,json,external_reference_or_fixture,1,26,resourceType; id; text; extension; url; identifier; version; name; title; status; experimental; date; publisher; contact; description; jurisdiction; copyright; fhirVersion; mapping; kind; abstract; type; baseDefinition; derivation; snapshot,102673,b954c2f82d915f9ea43c4105ea92da6bf88b0625b9adcd9ed6c44947f772927e,2026-08-28,reference/configuration JSON object,,,True,True,
StructureDefinition-us-core-provenance.json,external/synthea/src/test/resources/structureDefinitions/r4/uscore7/StructureDefinition-us-core-provenance.json,json,external_reference_or_fixture,1,25,resourceType; id; text; extension; url; identifier; version; name; title; status; date; publisher; contact; description; jurisdiction; copyright; fhirVersion; mapping; kind; abstract; type; baseDefinition; derivation; snapshot; differential,126104,766c5fe016706f9ad70850959296a2d6ad322ceefd6561a78eff26f2098fc4ee,2026-08-28,reference/configuration JSON object,,,True,True,
StructureDefinition-us-core-pulse-oximetry.json,external/synthea/src/test/resources/structureDefinitions/r4/uscore7/StructureDefinition-us-core-pulse-oximetry.json,json,external_reference_or_fixture,1,26,resourceType; id; text; extension; url; identifier; version; name; title; status; experimental; date; publisher; contact; description; jurisdiction; copyright; fhirVersion; mapping; kind; abstract; type; baseDefinition; derivation; snapshot,240090,36074fb48ee81e2ad5157fc286714255696c74481a6b2dd38d626378aa2a9b42,2026-08-28,reference/configuration JSON object,,,True,True,
StructureDefinition-us-core-questionnaireresponse.json,external/synthea/src/test/resources/structureDefinitions/r4/uscore7/StructureDefinition-us-core-questionnaireresponse.json,json,external_reference_or_fixture,1,25,resourceType; id; text; extension; url; identifier; version; name; title; status; date; publisher; contact; description; jurisdiction; copyright; fhirVersion; mapping; kind; abstract; type; baseDefinition; derivation; snapshot; differential,112594,4fb314ba1f16ca2d6b92142c6e7d300f6ae534865bfe926cda9dc96b0243412e,2026-08-28,reference/configuration JSON object,,,True,True,
StructureDefinition-us-core-race.json,external/synthea/src/test/resources/structureDefinitions/r4/uscore7/StructureDefinition-us-core-race.json,json,external_reference_or_fixture,1,27,resourceType; id; text; extension; url; identifier; version; name; title; status; date; publisher; contact; description; jurisdiction; purpose; copyright; fhirVersion; mapping; kind; abstract; context; type; baseDefinition; derivation,55562,79bfb38e8fae8847ac8c8c5cdcc23ed3c39ebbcbc6afe22f588ea3a0d77993cc,2026-08-28,reference/configuration JSON object,,,True,True,
StructureDefinition-us-core-relatedperson.json,external/synthea/src/test/resources/structureDefinitions/r4/uscore7/StructureDefinition-us-core-relatedperson.json,json,external_reference_or_fixture,1,25,resourceType; id; text; extension; url; identifier; version; name; title; status; date; publisher; contact; description; jurisdiction; copyright; fhirVersion; mapping; kind; abstract; type; baseDefinition; derivation; snapshot; differential,56040,58d90ea5ebb61bc950f57baf58932d9b4dc05bede5763b02c8223bd53d860524,2026-08-28,reference/configuration JSON object,,,True,True,
StructureDefinition-us-core-respiratory-rate.json,external/synthea/src/test/resources/structureDefinitions/r4/uscore7/StructureDefinition-us-core-respiratory-rate.json,json,external_reference_or_fixture,1,26,resourceType; id; text; extension; url; identifier; version; name; title; status; experimental; date; publisher; contact; description; jurisdiction; copyright; fhirVersion; mapping; kind; abstract; type; baseDefinition; derivation; snapshot,129980,694f80ffa20f752cefef26e5cd7e18fd72ccd98dc8abb391639598e60df2f811,2026-08-28,reference/configuration JSON object,,,True,True,
StructureDefinition-us-core-servicerequest.json,external/synthea/src/test/resources/structureDefinitions/r4/uscore7/StructureDefinition-us-core-servicerequest.json,json,external_reference_or_fixture,1,25,resourceType; id; text; extension; url; identifier; version; name; title; status; date; publisher; contact; description; jurisdiction; copyright; fhirVersion; mapping; kind; abstract; type; baseDefinition; derivation; snapshot; differential,104500,88467f3f5eb98e52e2f937015597657d9d941acae9b7e69a48bb96ce4e4bdc85,2026-08-28,reference/configuration JSON object,,,True,True,
StructureDefinition-us-core-sex.json,external/synthea/src/test/resources/structureDefinitions/r4/uscore7/StructureDefinition-us-core-sex.json,json,external_reference_or_fixture,1,26,resourceType; id; text; extension; url; identifier; version; name; title; status; date; publisher; contact; description; jurisdiction; copyright; fhirVersion; mapping; kind; abstract; context; type; baseDefinition; derivation; snapshot,18062,4e33f4fa52782ba505a25eee25859a1350da255ac32e9aa1aebe428378cf3657,2026-08-28,reference/configuration JSON object,,,True,True,
StructureDefinition-us-core-simple-observation.json,external/synthea/src/test/resources/structureDefinitions/r4/uscore7/StructureDefinition-us-core-simple-observation.json,json,external_reference_or_fixture,1,25,resourceType; id; text; extension; url; identifier; version; name; title; status; date; publisher; contact; description; jurisdiction; copyright; fhirVersion; mapping; kind; abstract; type; baseDefinition; derivation; snapshot; differential,141340,b8bd3a41d666cc98b6c5bdaf7579c42e6257bdbfc0f06c51aa8652645676f126,2026-08-28,reference/configuration JSON object,,,True,True,
StructureDefinition-us-core-smokingstatus.json,external/synthea/src/test/resources/structureDefinitions/r4/uscore7/StructureDefinition-us-core-smokingstatus.json,json,external_reference_or_fixture,1,26,resourceType; id; text; extension; url; identifier; version; name; title; status; experimental; date; publisher; contact; description; jurisdiction; copyright; fhirVersion; mapping; kind; abstract; type; baseDefinition; derivation; snapshot,126735,116e81a94acedd0495900dfa440d58838898e5a58c04a952d6d4c0e7e4099a0f,2026-08-28,reference/configuration JSON object,,,True,True,
StructureDefinition-us-core-specimen.json,external/synthea/src/test/resources/structureDefinitions/r4/uscore7/StructureDefinition-us-core-specimen.json,json,external_reference_or_fixture,1,26,resourceType; id; text; extension; url; identifier; version; name; title; status; experimental; date; publisher; contact; description; jurisdiction; copyright; fhirVersion; mapping; kind; abstract; type; baseDefinition; derivation; snapshot,83093,8caaabfece0e7fca5ab44cef3ce37531de48ee657aaa59d46a02f487fc370667,2026-08-28,reference/configuration JSON object,,,True,True,
StructureDefinition-us-core-treatment-intervention-preference.json,external/synthea/src/test/resources/structureDefinitions/r4/uscore7/StructureDefinition-us-core-treatment-intervention-preference.json,json,external_reference_or_fixture,1,26,resourceType; id; text; extension; url; identifier; version; name; title; status; experimental; date; publisher; contact; description; jurisdiction; copyright; fhirVersion; mapping; kind; abstract; type; baseDefinition; derivation; snapshot,140650,418d1c66bfc495981e0731ccb4228471ea13e52522d2c9b3a4785bde1006991e,2026-08-28,reference/configuration JSON object,,,True,True,
StructureDefinition-us-core-tribal-affiliation.json,external/synthea/src/test/resources/structureDefinitions/r4/uscore7/StructureDefinition-us-core-tribal-affiliation.json,json,external_reference_or_fixture,1,26,resourceType; id; text; extension; url; identifier; version; name; title; status; date; publisher; contact; description; jurisdiction; copyright; fhirVersion; mapping; kind; abstract; context; type; baseDefinition; derivation; snapshot,40141,859d16a177ba8677b8eeb193f85dd10fa7a34838bdf95fed10ceef06f0abc1e2,2026-08-28,reference/configuration JSON object,,,True,True,
StructureDefinition-us-core-vital-signs.json,external/synthea/src/test/resources/structureDefinitions/r4/uscore7/StructureDefinition-us-core-vital-signs.json,json,external_reference_or_fixture,1,26,resourceType; id; text; extension; url; identifier; version; name; title; status; experimental; date; publisher; contact; description; jurisdiction; copyright; fhirVersion; mapping; kind; abstract; type; baseDefinition; derivation; snapshot,178967,bb4e88e71df85e41740a6188ad2f25b479d7534bc71bc5f357c0c9c51f262cd7,2026-08-28,reference/configuration JSON object,,,True,True,
StructureDefinition-uscdi-requirement.json,external/synthea/src/test/resources/structureDefinitions/r4/uscore7/StructureDefinition-uscdi-requirement.json,json,external_reference_or_fixture,1,26,resourceType; id; text; extension; url; identifier; version; name; title; status; date; publisher; contact; description; jurisdiction; copyright; fhirVersion; mapping; kind; abstract; context; type; baseDefinition; derivation; snapshot,17381,5fac357b9c865030ad5f7a54ae59a4885296843000514fc3194a4d5db7a1392e,2026-08-28,reference/configuration JSON object,,,True,True,
ValueSet-detailed-ethnicity.json,external/synthea/src/test/resources/structureDefinitions/r4/uscore7/ValueSet-detailed-ethnicity.json,json,external_reference_or_fixture,1,18,resourceType; id; text; extension; url; identifier; version; name; title; status; experimental; date; publisher; contact; description; jurisdiction; copyright; compose,2427,2f772b90b73e8ed2b0bf6c331d578eb844e8b4e6815d691beb695fd202fb5d22,2026-08-28,reference/configuration JSON object,,,True,True,
ValueSet-detailed-race.json,external/synthea/src/test/resources/structureDefinitions/r4/uscore7/ValueSet-detailed-race.json,json,external_reference_or_fixture,1,18,resourceType; id; text; extension; url; identifier; version; name; title; status; experimental; date; publisher; contact; description; jurisdiction; copyright; compose,2743,ad8edfbaa236c3d02e840aa8daddefa50db64d937a4d44a67c4502a34e92ad00,2026-08-28,reference/configuration JSON object,,,True,True,
ValueSet-omb-ethnicity-category.json,external/synthea/src/test/resources/structureDefinitions/r4/uscore7/ValueSet-omb-ethnicity-category.json,json,external_reference_or_fixture,1,18,resourceType; id; text; extension; url; identifier; version; name; title; status; experimental; date; publisher; contact; description; jurisdiction; copyright; compose,2596,df358f539110de61851502ea3e0ebc9cace8d529ae29da3e90029e603e905bf2,2026-08-28,reference/configuration JSON object,,,True,True,
ValueSet-omb-race-category.json,external/synthea/src/test/resources/structureDefinitions/r4/uscore7/ValueSet-omb-race-category.json,json,external_reference_or_fixture,1,18,resourceType; id; text; extension; url; identifier; version; name; title; status; experimental; date; publisher; contact; description; jurisdiction; copyright; compose,2753,205257415eb65842fa07c833ca419ce7e2eaee6b78b210e5ac8626b6c34bb1ab,2026-08-28,reference/configuration JSON object,,,True,True,
ValueSet-simple-language.json,external/synthea/src/test/resources/structureDefinitions/r4/uscore7/ValueSet-simple-language.json,json,external_reference_or_fixture,1,18,resourceType; id; text; extension; url; identifier; version; name; title; status; experimental; date; publisher; contact; description; jurisdiction; copyright; compose,2807,6eccbf2a6c4ae657991df98de36e12258667e817943dfb3d911b68be6adab81a,2026-08-28,reference/configuration JSON object,,,True,True,
ValueSet-us-core-clinical-note-type.json,external/synthea/src/test/resources/structureDefinitions/r4/uscore7/ValueSet-us-core-clinical-note-type.json,json,external_reference_or_fixture,1,18,resourceType; id; text; extension; url; identifier; version; name; title; status; experimental; date; publisher; contact; description; jurisdiction; copyright; compose,2990,1412a50fdf44c20b1d9aaaff8eafd9db6e387ada9a6e1c336679d216c9993c55,2026-08-28,reference/configuration JSON object,,,True,True,
ValueSet-us-core-clinical-result-observation-category.json,external/synthea/src/test/resources/structureDefinitions/r4/uscore7/ValueSet-us-core-clinical-result-observation-category.json,json,external_reference_or_fixture,1,18,resourceType; id; text; extension; url; identifier; version; name; title; status; experimental; date; publisher; contact; description; jurisdiction; copyright; compose,5561,be3bcacc137492ed78ca904578df2f64d0bffc14c4b94e7793927b0e4d586fe9,2026-08-28,reference/configuration JSON object,,,True,True,
ValueSet-us-core-condition-code.json,external/synthea/src/test/resources/structureDefinitions/r4/uscore7/ValueSet-us-core-condition-code.json,json,external_reference_or_fixture,1,19,resourceType; id; meta; text; extension; url; identifier; version; name; title; status; experimental; date; publisher; contact; description; jurisdiction; copyright; compose,4239,0325853389d88fadf7c827e70b34454d1ef1e7e5f7339559418879c46caa4482,2026-08-28,reference/configuration JSON object,,,True,True,
ValueSet-us-core-diagnosticreport-category.json,external/synthea/src/test/resources/structureDefinitions/r4/uscore7/ValueSet-us-core-diagnosticreport-category.json,json,external_reference_or_fixture,1,18,resourceType; id; text; extension; url; identifier; version; name; title; status; experimental; date; publisher; contact; description; jurisdiction; copyright; compose,2757,a3e8f85768ebc02f5c6cbe7ab9a266822bfa17956ff8d7ec662a925a68cd4c4a,2026-08-28,reference/configuration JSON object,,,True,True,
ValueSet-us-core-diagnosticreport-report-and-note-codes.json,external/synthea/src/test/resources/structureDefinitions/r4/uscore7/ValueSet-us-core-diagnosticreport-report-and-note-codes.json,json,external_reference_or_fixture,1,18,resourceType; id; text; extension; url; identifier; version; name; title; status; experimental; date; publisher; contact; description; jurisdiction; copyright; compose,2513,1e308a6c34dfb821b69cf1b67b8888c4124b5d2ede4c21730bc8fcd68292e20d,2026-08-28,reference/configuration JSON object,,,True,True,
ValueSet-us-core-discharge-disposition.json,external/synthea/src/test/resources/structureDefinitions/r4/uscore7/ValueSet-us-core-discharge-disposition.json,json,external_reference_or_fixture,1,18,resourceType; id; text; extension; url; identifier; version; name; title; status; experimental; date; publisher; contact; description; jurisdiction; copyright; compose,2353,3fc650e0d233c022e0d17e263f3dcd2368dec014e4dcf40c6d6d420eaae306d9,2026-08-28,reference/configuration JSON object,,,True,True,
ValueSet-us-core-documentreference-category.json,external/synthea/src/test/resources/structureDefinitions/r4/uscore7/ValueSet-us-core-documentreference-category.json,json,external_reference_or_fixture,1,18,resourceType; id; text; extension; url; identifier; version; name; title; status; experimental; date; publisher; contact; description; jurisdiction; copyright; compose,2108,a259e24165575ba8266273280df2aa56357cd39428f8d144c617172780383ac0,2026-08-28,reference/configuration JSON object,,,True,True,
ValueSet-us-core-documentreference-type.json,external/synthea/src/test/resources/structureDefinitions/r4/uscore7/ValueSet-us-core-documentreference-type.json,json,external_reference_or_fixture,1,18,resourceType; id; text; extension; url; identifier; version; name; title; status; experimental; date; publisher; contact; description; jurisdiction; copyright; expansion,5375,d385ac3d0636575fa34bbffe2857ee1f2cb09af47f35cc79d6d65675d4c1e35f,2026-08-28,reference/configuration JSON object,,,True,True,
ValueSet-us-core-encounter-type.json,external/synthea/src/test/resources/structureDefinitions/r4/uscore7/ValueSet-us-core-encounter-type.json,json,external_reference_or_fixture,1,19,resourceType; id; meta; text; extension; url; identifier; version; name; title; status; experimental; date; publisher; contact; description; jurisdiction; copyright; compose,3051,31ead346e7b9fd98908e4c2fa581907e99a939e5121c11ed59d3ac6f69a14b18,2026-08-28,reference/configuration JSON object,,,True,True,
ValueSet-us-core-goal-description.json,external/synthea/src/test/resources/structureDefinitions/r4/uscore7/ValueSet-us-core-goal-description.json,json,external_reference_or_fixture,1,19,resourceType; id; meta; text; extension; url; identifier; version; name; title; status; experimental; date; publisher; contact; description; jurisdiction; copyright; compose,2683,65683115befd52d19142979fcffc2f3cdc26ab9551d5bf4cc5de6cac435cb6cc,2026-08-28,reference/configuration JSON object,,,True,True,
ValueSet-us-core-laboratory-test-codes.json,external/synthea/src/test/resources/structureDefinitions/r4/uscore7/ValueSet-us-core-laboratory-test-codes.json,json,external_reference_or_fixture,1,18,resourceType; id; text; extension; url; identifier; version; name; title; status; experimental; date; publisher; contact; description; jurisdiction; copyright; compose,2547,718a02ecd969dbc2d01fe5034d8fbcd6e60030911668c6becd46480529f9d835,2026-08-28,reference/configuration JSON object,,,True,True,
ValueSet-us-core-narrative-status.json,external/synthea/src/test/resources/structureDefinitions/r4/uscore7/ValueSet-us-core-narrative-status.json,json,external_reference_or_fixture,1,18,resourceType; id; text; extension; url; identifier; version; name; title; status; experimental; date; publisher; contact; description; jurisdiction; copyright; compose,2803,62702839b5d9e6e1d075beb285b36cb1bfcbfd9d270849d5c797ec61dc5edb5a,2026-08-28,reference/configuration JSON object,,,True,True,
ValueSet-us-core-observation-smoking-status-status.json,external/synthea/src/test/resources/structureDefinitions/r4/uscore7/ValueSet-us-core-observation-smoking-status-status.json,json,external_reference_or_fixture,1,18,resourceType; id; text; extension; url; identifier; version; name; title; status; experimental; date; publisher; contact; description; jurisdiction; copyright; compose,3377,b5d570a32dd58b9849e20e56332c8c5416d77122a0c1830e5c9d1dd13bf8299f,2026-08-28,reference/configuration JSON object,,,True,True,
ValueSet-us-core-pregnancy-intent.json,external/synthea/src/test/resources/structureDefinitions/r4/uscore7/ValueSet-us-core-pregnancy-intent.json,json,external_reference_or_fixture,1,18,resourceType; id; text; extension; url; identifier; version; name; title; status; experimental; date; publisher; contact; description; jurisdiction; copyright; compose,3399,0a8c4922b71c471075480f14816d2fcc763eb4c204b3045d4abdb86e58a796f7,2026-08-28,reference/configuration JSON object,,,True,True,
ValueSet-us-core-pregnancy-status.json,external/synthea/src/test/resources/structureDefinitions/r4/uscore7/ValueSet-us-core-pregnancy-status.json,json,external_reference_or_fixture,1,18,resourceType; id; text; extension; url; identifier; version; name; title; status; experimental; date; publisher; contact; description; jurisdiction; copyright; compose,3495,fc4cb75a3b05e8e8d1505327fd459000955eaece5abe399ab37cb7f90d44cf56,2026-08-28,reference/configuration JSON object,,,True,True,
ValueSet-us-core-problem-or-health-concern.json,external/synthea/src/test/resources/structureDefinitions/r4/uscore7/ValueSet-us-core-problem-or-health-concern.json,json,external_reference_or_fixture,1,18,resourceType; id; text; extension; url; identifier; version; name; title; status; experimental; date; publisher; contact; description; jurisdiction; copyright; compose,3350,4f4ca8542d88be0ddc250fda981d6722c4f9aa9cfdd8d86934f6f3b688a642b4,2026-08-28,reference/configuration JSON object,,,True,True,
ValueSet-us-core-procedure-code.json,external/synthea/src/test/resources/structureDefinitions/r4/uscore7/ValueSet-us-core-procedure-code.json,json,external_reference_or_fixture,1,19,resourceType; id; meta; text; extension; url; identifier; version; name; title; status; experimental; date; publisher; contact; description; jurisdiction; copyright; compose,4878,3744401a6ce602d36113cd5b630e39e1cf9d4fa90e7e9cdbf11a25318ef4757e,2026-08-28,reference/configuration JSON object,,,True,True,
ValueSet-us-core-provenance-participant-type.json,external/synthea/src/test/resources/structureDefinitions/r4/uscore7/ValueSet-us-core-provenance-participant-type.json,json,external_reference_or_fixture,1,19,resourceType; id; text; extension; url; identifier; version; name; title; status; experimental; date; publisher; contact; description; jurisdiction; purpose; copyright; compose,2410,baacb76417f0fcecdefe3ea83025d820f387dac38a9d4ec2d543fd45e0036dff,2026-08-28,reference/configuration JSON object,,,True,True,
ValueSet-us-core-screening-assessment-condition-category.json,external/synthea/src/test/resources/structureDefinitions/r4/uscore7/ValueSet-us-core-screening-assessment-condition-category.json,json,external_reference_or_fixture,1,18,resourceType; id; text; extension; url; identifier; version; name; title; status; experimental; date; publisher; contact; description; jurisdiction; copyright; compose,2131,11a406062019f37379670c4d1c295a07d5faeeb805b581d46a56266e608fc639,2026-08-28,reference/configuration JSON object,,,True,True,
ValueSet-us-core-screening-assessment-observation-category.json,external/synthea/src/test/resources/structureDefinitions/r4/uscore7/ValueSet-us-core-screening-assessment-observation-category.json,json,external_reference_or_fixture,1,18,resourceType; id; text; extension; url; identifier; version; name; title; status; experimental; date; publisher; contact; description; jurisdiction; copyright; compose,2141,9a19eaa6941aa41f59feb13f4d336167d953fcd8e9d21b9c0ffde8edbea7989b,2026-08-28,reference/configuration JSON object,,,True,True,
ValueSet-us-core-servicerequest-category.json,external/synthea/src/test/resources/structureDefinitions/r4/uscore7/ValueSet-us-core-servicerequest-category.json,json,external_reference_or_fixture,1,18,resourceType; id; text; extension; url; identifier; version; name; title; status; experimental; date; publisher; contact; description; jurisdiction; copyright; compose,3475,754420cc72c32c87933602998c6eb14f55f185dd4948cf5753307feceaf64bfd,2026-08-28,reference/configuration JSON object,,,True,True,
ValueSet-us-core-simple-observation-category.json,external/synthea/src/test/resources/structureDefinitions/r4/uscore7/ValueSet-us-core-simple-observation-category.json,json,external_reference_or_fixture,1,18,resourceType; id; text; extension; url; identifier; version; name; title; status; experimental; date; publisher; contact; description; jurisdiction; copyright; compose,2427,709aec702881c4576b576d80a5cb8ad08b8cdebd4ae3b1fd6a6e146782cb1710,2026-08-28,reference/configuration JSON object,,,True,True,
ValueSet-us-core-survey-codes.json,external/synthea/src/test/resources/structureDefinitions/r4/uscore7/ValueSet-us-core-survey-codes.json,json,external_reference_or_fixture,1,18,resourceType; id; text; extension; url; identifier; version; name; title; status; experimental; date; publisher; contact; description; jurisdiction; copyright; compose,2758,e3fba0af11d7a09ecaee790626a21e807e6cb30cecd99634e03e67a3a8d56106,2026-08-28,reference/configuration JSON object,,,True,True,
ValueSet-us-core-usps-state.json,external/synthea/src/test/resources/structureDefinitions/r4/uscore7/ValueSet-us-core-usps-state.json,json,external_reference_or_fixture,1,18,resourceType; id; text; extension; url; identifier; version; name; title; status; experimental; date; publisher; contact; description; jurisdiction; copyright; compose,2143,45d3f43f4f0bb9aa032a2337339734fd6ab70f5c3912f5eacfd5530a8307ea12,2026-08-28,reference/configuration JSON object,,,True,True,
CodeSystem-adjstmt-dltn-cd.json,external/synthea/src/test/resources/structureDefinitions/stu3/blueButton2/CodeSystem-adjstmt-dltn-cd.json,json,external_reference_or_fixture,1,14,resourceType; id; url; identifier; version; name; title; status; date; caseSensitive; valueSet; hierarchyMeaning; content; concept,813,1c60ceeb341e7459e57b4e39c470d7794d8e4c06cae2f60cfdb7c585f6463d19,2026-08-28,reference/configuration JSON object,,,True,True,
CodeSystem-adjudication-categories.json,external/synthea/src/test/resources/structureDefinitions/stu3/blueButton2/CodeSystem-adjudication-categories.json,json,external_reference_or_fixture,1,14,resourceType; id; url; identifier; version; name; title; status; date; caseSensitive; valueSet; hierarchyMeaning; content; concept,1494,a6b89b4500d80c69666a79f53fd3060009c6d09a0ecf7961b25bf89988b0e480,2026-08-28,reference/configuration JSON object,,,True,True,
CodeSystem-asgmntcd.json,external/synthea/src/test/resources/structureDefinitions/stu3/blueButton2/CodeSystem-asgmntcd.json,json,external_reference_or_fixture,1,14,resourceType; id; url; identifier; version; name; title; status; date; caseSensitive; valueSet; hierarchyMeaning; content; concept,712,82b353fb0ffe84b1c3937fde11ccce1481cc08f050f7efb30e213332c1ca5aa3,2026-08-28,reference/configuration JSON object,,,True,True,
CodeSystem-betos-cd.json,external/synthea/src/test/resources/structureDefinitions/stu3/blueButton2/CodeSystem-betos-cd.json,json,external_reference_or_fixture,1,14,resourceType; id; url; identifier; version; name; title; status; date; caseSensitive; valueSet; hierarchyMeaning; content; concept,9935,16c5efe72b4053e808b596157245c7b62b9962f85c88a0f6a9d9c27428f210e1,2026-08-28,reference/configuration JSON object,,,True,True,
CodeSystem-brnd-gnrc-cd.json,external/synthea/src/test/resources/structureDefinitions/stu3/blueButton2/CodeSystem-brnd-gnrc-cd.json,json,external_reference_or_fixture,1,14,resourceType; id; url; identifier; version; name; title; status; date; caseSensitive; valueSet; hierarchyMeaning; content; concept,713,3487297b9ac15b8795a07f5a8075b07a3e6e454855aa6b2ef32f8b467156f8c2,2026-08-28,reference/configuration JSON object,,,True,True,
CodeSystem-carr-clm-pmt-dnl-cd.json,external/synthea/src/test/resources/structureDefinitions/stu3/blueButton2/CodeSystem-carr-clm-pmt-dnl-cd.json,json,external_reference_or_fixture,1,14,resourceType; id; url; identifier; version; name; title; status; date; caseSensitive; valueSet; hierarchyMeaning; content; concept,2367,ce0113e57a7c11792c7ce1694a51cfe1fa70e5bde0e2f4f330286964b68e9c22,2026-08-28,reference/configuration JSON object,,,True,True,
CodeSystem-carr-line-mtus-cd.json,external/synthea/src/test/resources/structureDefinitions/stu3/blueButton2/CodeSystem-carr-line-mtus-cd.json,json,external_reference_or_fixture,1,14,resourceType; id; url; identifier; version; name; title; status; date; caseSensitive; valueSet; hierarchyMeaning; content; concept,1094,cb4e291840f1adb6c5aa0f5d1d34162ba7e05cf14ed45156abc8f09a736b1805,2026-08-28,reference/configuration JSON object,,,True,True,
CodeSystem-carr-line-prcng-lclty-cd.json,external/synthea/src/test/resources/structureDefinitions/stu3/blueButton2/CodeSystem-carr-line-prcng-lclty-cd.json,json,external_reference_or_fixture,1,14,resourceType; id; url; identifier; version; name; title; status; date; caseSensitive; valueSet; hierarchyMeaning; content; concept,6794,42904f2db0627126d30c412c3a6069f3bb702329570c5edf4131dea79fbd8b5b,2026-08-28,reference/configuration JSON object,,,True,True,
CodeSystem-carr-line-prvdr-type-cd.json,external/synthea/src/test/resources/structureDefinitions/stu3/blueButton2/CodeSystem-carr-line-prvdr-type-cd.json,json,external_reference_or_fixture,1,14,resourceType; id; url; identifier; version; name; title; status; date; caseSensitive; valueSet; hierarchyMeaning; content; concept,2055,837d4f3723a8e5e24edade8622a0df0b2b64125f2ca8e9afa3f4b63a212cc4bf,2026-08-28,reference/configuration JSON object,,,True,True,
CodeSystem-carr-num.json,external/synthea/src/test/resources/structureDefinitions/stu3/blueButton2/CodeSystem-carr-num.json,json,external_reference_or_fixture,1,14,resourceType; id; url; identifier; version; name; title; status; date; caseSensitive; valueSet; hierarchyMeaning; content; concept,10184,3011daf9fa30f04f50213808b3c78c967beaae71d23142acb19a7c21a284e3d8,2026-08-28,reference/configuration JSON object,,,True,True,
CodeSystem-claim-query-cd.json,external/synthea/src/test/resources/structureDefinitions/stu3/blueButton2/CodeSystem-claim-query-cd.json,json,external_reference_or_fixture,1,14,resourceType; id; url; identifier; version; name; title; status; date; caseSensitive; valueSet; hierarchyMeaning; content; concept,730,be62e8809216fce93db8d068383401625c456608aa5a38d4aefba0a6424a1358,2026-08-28,reference/configuration JSON object,,,True,True,
CodeSystem-clm-fac-type-cd.json,external/synthea/src/test/resources/structureDefinitions/stu3/blueButton2/CodeSystem-clm-fac-type-cd.json,json,external_reference_or_fixture,1,14,resourceType; id; url; identifier; version; name; title; status; date; caseSensitive; valueSet; hierarchyMeaning; content; concept,1182,19ac9a2d851d0a7ef9a61a564b6cd6196d2b4e758d5c621785363e1eb41e1bdf,2026-08-28,reference/configuration JSON object,,,True,True,
CodeSystem-clm-freq-cd.json,external/synthea/src/test/resources/structureDefinitions/stu3/blueButton2/CodeSystem-clm-freq-cd.json,json,external_reference_or_fixture,1,14,resourceType; id; url; identifier; version; name; title; status; date; caseSensitive; valueSet; hierarchyMeaning; content; concept,1857,2ecc83274401237c5524c05cf56f9b8c67153ee1cccadacb969ba21ad80c2247,2026-08-28,reference/configuration JSON object,,,True,True,
CodeSystem-clm-hha-lupa-ind-cd.json,external/synthea/src/test/resources/structureDefinitions/stu3/blueButton2/CodeSystem-clm-hha-lupa-ind-cd.json,json,external_reference_or_fixture,1,14,resourceType; id; url; identifier; version; name; title; status; date; caseSensitive; valueSet; hierarchyMeaning; content; concept,873,1105abd9f008ea5356f72ef8b04ae11882413bb9b4af5fd3e7a5d295cc5375f2,2026-08-28,reference/configuration JSON object,,,True,True,
CodeSystem-clm-hha-rfrl-cd.json,external/synthea/src/test/resources/structureDefinitions/stu3/blueButton2/CodeSystem-clm-hha-rfrl-cd.json,json,external_reference_or_fixture,1,14,resourceType; id; url; identifier; version; name; title; status; date; caseSensitive; valueSet; hierarchyMeaning; content; concept,2698,d4ada00d99de2a06e1e778790be3c4aa24f1ebeb266eb8348319dc74094c47e4,2026-08-28,reference/configuration JSON object,,,True,True,
CodeSystem-clm-ip-admsn-type-cd.json,external/synthea/src/test/resources/structureDefinitions/stu3/blueButton2/CodeSystem-clm-ip-admsn-type-cd.json,json,external_reference_or_fixture,1,14,resourceType; id; url; identifier; version; name; title; status; date; caseSensitive; valueSet; hierarchyMeaning; content; concept,2052,54cebc1b3b5ee22a7a7e6f42cdbe47294db53c9d49a15e33e3e6baad2ae5bf98,2026-08-28,reference/configuration JSON object,,,True,True,
CodeSystem-clm-mco-pd-sw.json,external/synthea/src/test/resources/structureDefinitions/stu3/blueButton2/CodeSystem-clm-mco-pd-sw.json,json,external_reference_or_fixture,1,14,resourceType; id; url; identifier; version; name; title; status; date; caseSensitive; valueSet; hierarchyMeaning; content; concept,817,690bf89c7eb5ffeb9fb8f8cd40cca6c0b235a63d1f30dbc943d2ccb899dd804f,2026-08-28,reference/configuration JSON object,,,True,True,
CodeSystem-clm-mdcr-non-pmt-rsn-cd.json,external/synthea/src/test/resources/structureDefinitions/stu3/blueButton2/CodeSystem-clm-mdcr-non-pmt-rsn-cd.json,json,external_reference_or_fixture,1,14,resourceType; id; url; identifier; version; name; title; status; date; caseSensitive; valueSet; hierarchyMeaning; content; concept,6866,781c433fe530462f944c4d9b36d2f42d886c1cc324f03941f5d2ad0b6b439540,2026-08-28,reference/configuration JSON object,,,True,True,
CodeSystem-clm-poa-ind-sw1.json,external/synthea/src/test/resources/structureDefinitions/stu3/blueButton2/CodeSystem-clm-poa-ind-sw1.json,json,external_reference_or_fixture,1,14,resourceType; id; url; identifier; version; name; title; status; date; caseSensitive; valueSet; hierarchyMeaning; content; concept,1634,512057827ae62129c4549a32eff08c47279108feb7a9f9dd5e201a0d89d808dd,2026-08-28,reference/configuration JSON object,,,True,True,
CodeSystem-clm-src-ip-admsn-cd.json,external/synthea/src/test/resources/structureDefinitions/stu3/blueButton2/CodeSystem-clm-src-ip-admsn-cd.json,json,external_reference_or_fixture,1,14,resourceType; id; url; identifier; version; name; title; status; date; caseSensitive; valueSet; hierarchyMeaning; content; concept,4985,a0c2449853aa6f9daca95a5e4cbf22eb15f7ac7774ab4eec3ed03fe7196cf6aa,2026-08-28,reference/configuration JSON object,,,True,True,
CodeSystem-ctstrphc-cvrg-cd.json,external/synthea/src/test/resources/structureDefinitions/stu3/blueButton2/CodeSystem-ctstrphc-cvrg-cd.json,json,external_reference_or_fixture,1,14,resourceType; id; url; identifier; version; name; title; status; date; caseSensitive; valueSet; hierarchyMeaning; content; concept,804,62851ccc8e9a146721cfcd73033932bc8f190321de27324abefdee2bbc7f4dad,2026-08-28,reference/configuration JSON object,,,True,True,
CodeSystem-daw-prod-slctn-cd.json,external/synthea/src/test/resources/structureDefinitions/stu3/blueButton2/CodeSystem-daw-prod-slctn-cd.json,json,external_reference_or_fixture,1,14,resourceType; id; url; identifier; version; name; title; status; date; caseSensitive; valueSet; hierarchyMeaning; content; concept,1623,c70478a453146f1996c61833214e0ae339320c407e382587537021c0fb0e2f52,2026-08-28,reference/configuration JSON object,,,True,True,
CodeSystem-dmerc-line-prcng-state-cd.json,external/synthea/src/test/resources/structureDefinitions/stu3/blueButton2/CodeSystem-dmerc-line-prcng-state-cd.json,json,external_reference_or_fixture,1,14,resourceType; id; url; identifier; version; name; title; status; date; caseSensitive; valueSet; hierarchyMeaning; content; concept,5964,490425adff418c655192ac196b2e1d054a8d9ab74312b1551b625b07ef3ed42c,2026-08-28,reference/configuration JSON object,,,True,True,
CodeSystem-dmerc-line-supplr-type-cd.json,external/synthea/src/test/resources/structureDefinitions/stu3/blueButton2/CodeSystem-dmerc-line-supplr-type-cd.json,json,external_reference_or_fixture,1,14,resourceType; id; url; identifier; version; name; title; status; date; caseSensitive; valueSet; hierarchyMeaning; content; concept,2163,89ac982d1bf80159631cc5b99e33b27f3ff36f5344f563c1c7b12157fd0f9214,2026-08-28,reference/configuration JSON object,,,True,True,
CodeSystem-drug-cvrg-stus-cd.json,external/synthea/src/test/resources/structureDefinitions/stu3/blueButton2/CodeSystem-drug-cvrg-stus-cd.json,json,external_reference_or_fixture,1,14,resourceType; id; url; identifier; version; name; title; status; date; caseSensitive; valueSet; hierarchyMeaning; content; concept,832,50c726fc2f98adce93213e95b194615277c4b5a5672f6a5d39321ecf49094751,2026-08-28,reference/configuration JSON object,,,True,True,
CodeSystem-dspnsng-stus-cd.json,external/synthea/src/test/resources/structureDefinitions/stu3/blueButton2/CodeSystem-dspnsng-stus-cd.json,json,external_reference_or_fixture,1,14,resourceType; id; url; identifier; version; name; title; status; date; caseSensitive; valueSet; hierarchyMeaning; content; concept,807,01c5bed423d75fc51f84a6bdef98c94958ebc53a422d64febd5310ededb6d393,2026-08-28,reference/configuration JSON object,,,True,True,
CodeSystem-gndr-cd.json,external/synthea/src/test/resources/structureDefinitions/stu3/blueButton2/CodeSystem-gndr-cd.json,json,external_reference_or_fixture,1,14,resourceType; id; url; identifier; version; name; title; status; date; caseSensitive; valueSet; hierarchyMeaning; content; concept,681,644c9ff6975dd41aaeadb9346d1d77a832f648adf10940e02cc219704d38b03f,2026-08-28,reference/configuration JSON object,,,True,True,
CodeSystem-information-categories.json,external/synthea/src/test/resources/structureDefinitions/stu3/blueButton2/CodeSystem-information-categories.json,json,external_reference_or_fixture,1,12,resourceType; id; url; identifier; version; status; date; caseSensitive; valueSet; hierarchyMeaning; content; concept,2691,d23ee6de1afd19f63290902bd48cb1f4b3ddeb5e7c719dd055591984a93c8b50,2026-08-28,reference/configuration JSON object,,,True,True,
CodeSystem-line-bene-prmry-pyr-cd.json,external/synthea/src/test/resources/structureDefinitions/stu3/blueButton2/CodeSystem-line-bene-prmry-pyr-cd.json,json,external_reference_or_fixture,1,14,resourceType; id; url; identifier; version; name; title; status; date; caseSensitive; valueSet; hierarchyMeaning; content; concept,1980,5be3f38c99017a1b12c5fc6e3c633cff09dce5d2e43aadc9ab11ae5a69a39257,2026-08-28,reference/configuration JSON object,,,True,True,
CodeSystem-line-pmt-80-100-cd.json,external/synthea/src/test/resources/structureDefinitions/stu3/blueButton2/CodeSystem-line-pmt-80-100-cd.json,json,external_reference_or_fixture,1,14,resourceType; id; url; identifier; version; name; title; status; date; caseSensitive; valueSet; hierarchyMeaning; content; concept,845,7c724b8d6ee1766120086a9ea03d870eb46b032c1e632c7dac3897e1b2d13846,2026-08-28,reference/configuration JSON object,,,True,True,
CodeSystem-line-service-deductible.json,external/synthea/src/test/resources/structureDefinitions/stu3/blueButton2/CodeSystem-line-service-deductible.json,json,external_reference_or_fixture,1,14,resourceType; id; url; identifier; version; name; title; status; date; caseSensitive; valueSet; hierarchyMeaning; content; concept,782,bd5b944ed3a326be48a14ebef4454623bdfebe534020921eeff55ea158b20070,2026-08-28,reference/configuration JSON object,,,True,True,
CodeSystem-nch-prmry-pyr-cd.json,external/synthea/src/test/resources/structureDefinitions/stu3/blueButton2/CodeSystem-nch-prmry-pyr-cd.json,json,external_reference_or_fixture,1,14,resourceType; id; url; identifier; version; name; title; status; date; caseSensitive; valueSet; hierarchyMeaning; content; concept,1892,cdb13715c54acb27475810ad2eb8d6a125f262e69e57e56e46e4882aeb73e6da,2026-08-28,reference/configuration JSON object,,,True,True,
CodeSystem-nch-ptnt-stus-ind-cd.json,external/synthea/src/test/resources/structureDefinitions/stu3/blueButton2/CodeSystem-nch-ptnt-stus-ind-cd.json,json,external_reference_or_fixture,1,14,resourceType; id; url; identifier; version; name; title; status; date; caseSensitive; valueSet; hierarchyMeaning; content; concept,779,4b4b757291164fc906cc71b97ce83a806c64618134fab48a6d2a6f9ac3456dbf,2026-08-28,reference/configuration JSON object,,,True,True,
CodeSystem-nstd-frmt-cd.json,external/synthea/src/test/resources/structureDefinitions/stu3/blueButton2/CodeSystem-nstd-frmt-cd.json,json,external_reference_or_fixture,1,14,resourceType; id; url; identifier; version; name; title; status; date; caseSensitive; valueSet; hierarchyMeaning; content; concept,922,d068ba02f3c879935060503886bb7a253d2bdb65e8ec3d05db2b19a15332aa56,2026-08-28,reference/configuration JSON object,,,True,True,
CodeSystem-phrmcy-srvc-type-cd.json,external/synthea/src/test/resources/structureDefinitions/stu3/blueButton2/CodeSystem-phrmcy-srvc-type-cd.json,json,external_reference_or_fixture,1,14,resourceType; id; url; identifier; version; name; title; status; date; caseSensitive; valueSet; hierarchyMeaning; content; concept,1386,77ced1558c299aec70ce462ed623df83e59cddc82c5d51f9ec5b1add86421d0b,2026-08-28,reference/configuration JSON object,,,True,True,
CodeSystem-plan-cntrct-rec-id.json,external/synthea/src/test/resources/structureDefinitions/stu3/blueButton2/CodeSystem-plan-cntrct-rec-id.json,json,external_reference_or_fixture,1,14,resourceType; id; url; identifier; version; name; title; status; date; caseSensitive; valueSet; hierarchyMeaning; content; concept,1074,4e0032f88eef0a88a36f8eae3992f2aa0a86188e35795f40318e3c8db558ebc2,2026-08-28,reference/configuration JSON object,,,True,True,
CodeSystem-prcng-excptn-cd.json,external/synthea/src/test/resources/structureDefinitions/stu3/blueButton2/CodeSystem-prcng-excptn-cd.json,json,external_reference_or_fixture,1,14,resourceType; id; url; identifier; version; name; title; status; date; caseSensitive; valueSet; hierarchyMeaning; content; concept,789,4487b0291754b285098290554f7d66fea4696460f0e710f5c17ebb51f6fd883e,2026-08-28,reference/configuration JSON object,,,True,True,
CodeSystem-prtcptng-ind-cd.json,external/synthea/src/test/resources/structureDefinitions/stu3/blueButton2/CodeSystem-prtcptng-ind-cd.json,json,external_reference_or_fixture,1,14,resourceType; id; url; identifier; version; name; title; status; date; caseSensitive; valueSet; hierarchyMeaning; content; concept,1393,606f94d041f31b944453fe3ece9c37ba18d9478a65b5925c8fd71526a141e38d,2026-08-28,reference/configuration JSON object,,,True,True,
CodeSystem-prvdr-state-cd.json,external/synthea/src/test/resources/structureDefinitions/stu3/blueButton2/CodeSystem-prvdr-state-cd.json,json,external_reference_or_fixture,1,14,resourceType; id; url; identifier; version; name; title; status; date; caseSensitive; valueSet; hierarchyMeaning; content; concept,5974,b29482bbbe318d1ebb734b9bee90d2c3dab8ad885687cd48e5ecf5ecbc7dd53c,2026-08-28,reference/configuration JSON object,,,True,True,
CodeSystem-ptnt-dschrg-stus-cd.json,external/synthea/src/test/resources/structureDefinitions/stu3/blueButton2/CodeSystem-ptnt-dschrg-stus-cd.json,json,external_reference_or_fixture,1,14,resourceType; id; url; identifier; version; name; title; status; date; caseSensitive; valueSet; hierarchyMeaning; content; concept,8105,a8eebb5fca8b9e0b30aa0991aa32ed399c42f5f2982b13485f90d84d525d2488,2026-08-28,reference/configuration JSON object,,,True,True,
CodeSystem-ptnt-rsdnc-cd.json,external/synthea/src/test/resources/structureDefinitions/stu3/blueButton2/CodeSystem-ptnt-rsdnc-cd.json,json,external_reference_or_fixture,1,14,resourceType; id; url; identifier; version; name; title; status; date; caseSensitive; valueSet; hierarchyMeaning; content; concept,2029,a2d73dc2d98ed0d540966fea9f11861f74338c2fbf63b21ca47ac5a072069aa9,2026-08-28,reference/configuration JSON object,,,True,True,
CodeSystem-race.json,external/synthea/src/test/resources/structureDefinitions/stu3/blueButton2/CodeSystem-race.json,json,external_reference_or_fixture,1,15,resourceType; id; url; identifier; version; name; title; status; date; caseSensitive; valueSet; hierarchyMeaning; content; count; concept,935,f8ec882dc77c48cf7fdc84ca1f8799dfbac8134aa00138ec17dffe98813c865f,2026-08-28,reference/configuration JSON object,,,True,True,
CodeSystem-rev-cntr-ddctbl-coinsrnc-cd.json,external/synthea/src/test/resources/structureDefinitions/stu3/blueButton2/CodeSystem-rev-cntr-ddctbl-coinsrnc-cd.json,json,external_reference_or_fixture,1,14,resourceType; id; url; identifier; version; name; title; status; date; caseSensitive; valueSet; hierarchyMeaning; content; concept,1612,9d97fe956695b0efaf0766140d7329cfb4b2cad5da353ba1c4baeff91ece7990,2026-08-28,reference/configuration JSON object,,,True,True,
CodeSystem-rev-cntr-ndc-qty-qlfr-cd.json,external/synthea/src/test/resources/structureDefinitions/stu3/blueButton2/CodeSystem-rev-cntr-ndc-qty-qlfr-cd.json,json,external_reference_or_fixture,1,14,resourceType; id; url; identifier; version; name; title; status; date; caseSensitive; valueSet; hierarchyMeaning; content; concept,880,2abb5b537fe40df5586b66c87d9facc4a08fe9aa90794c9fe9817980ad9f96be,2026-08-28,reference/configuration JSON object,,,True,True,
CodeSystem-rev-cntr-stus-ind-cd.json,external/synthea/src/test/resources/structureDefinitions/stu3/blueButton2/CodeSystem-rev-cntr-stus-ind-cd.json,json,external_reference_or_fixture,1,14,resourceType; id; url; identifier; version; name; title; status; date; caseSensitive; valueSet; hierarchyMeaning; content; concept,3778,52970b17b759c130e3d32b2d8c71b06cec68f2e828d8b85a1d4655d0fe7b3dd9,2026-08-28,reference/configuration JSON object,,,True,True,
CodeSystem-rx-orgn-cd.json,external/synthea/src/test/resources/structureDefinitions/stu3/blueButton2/CodeSystem-rx-orgn-cd.json,json,external_reference_or_fixture,1,14,resourceType; id; url; identifier; version; name; title; status; date; caseSensitive; valueSet; hierarchyMeaning; content; concept,992,f4f2a3836b4fd0ab1ce756cb33c1dcfc3d4be4869595137c5af7217811e338dd,2026-08-28,reference/configuration JSON object,,,True,True,
CodeSystem-submsn-clr-cd.json,external/synthea/src/test/resources/structureDefinitions/stu3/blueButton2/CodeSystem-submsn-clr-cd.json,json,external_reference_or_fixture,1,14,resourceType; id; url; identifier; version; name; title; status; date; caseSensitive; valueSet; hierarchyMeaning; content; concept,4475,ed06d91a3f0a783395c52419f90e06b718aac4bec9f9c92c499336252e7b4a61,2026-08-28,reference/configuration JSON object,,,True,True,
ImplementationGuide-ig.json,external/synthea/src/test/resources/structureDefinitions/stu3/blueButton2/ImplementationGuide-ig.json,json,external_reference_or_fixture,1,8,resourceType; id; url; name; status; experimental; package; page,94039,ee73fcc1fb6f2f45ab0c0281265665b1fc7a8c704c21b1dfdca74353542e8fb0,2026-08-28,reference/configuration JSON object,,,True,False,
StructureDefinition-bluebutton-carrier-asgmntcd-extension.json,external/synthea/src/test/resources/structureDefinitions/stu3/blueButton2/StructureDefinition-bluebutton-carrier-asgmntcd-extension.json,json,external_reference_or_fixture,1,17,resourceType; id; url; version; name; status; date; fhirVersion; kind; abstract; contextType; context; type; baseDefinition; derivation; snapshot; differential,15432,d85005a7a881053ef3697c6fb3941a8012d5b52546227e22e668008b61bcf965,2026-08-28,reference/configuration JSON object,,,True,True,
StructureDefinition-bluebutton-carrier-betos-cd-extension.json,external/synthea/src/test/resources/structureDefinitions/stu3/blueButton2/StructureDefinition-bluebutton-carrier-betos-cd-extension.json,json,external_reference_or_fixture,1,17,resourceType; id; url; version; name; status; date; fhirVersion; kind; abstract; contextType; context; type; baseDefinition; derivation; snapshot; differential,15432,c2d22381e0cdf37265a53d6ae6b09abd4a85b8af1d48087045b50eb67b022cb5,2026-08-28,reference/configuration JSON object,,,True,True,
StructureDefinition-bluebutton-carrier-carr-clm-cash-ddctbl-apld-amt-extension.json,external/synthea/src/test/resources/structureDefinitions/stu3/blueButton2/StructureDefinition-bluebutton-carrier-carr-clm-cash-ddctbl-apld-amt-extension.json,json,external_reference_or_fixture,1,17,resourceType; id; url; version; name; status; date; fhirVersion; kind; abstract; contextType; context; type; baseDefinition; derivation; snapshot; differential,15812,13f5cab32eee7aa55972f32747ceec458a5a0143ff32a0d516f813bb475d0fdc,2026-08-28,reference/configuration JSON object,,,True,True,
StructureDefinition-bluebutton-carrier-carr-clm-pmt-dnl-cd-extension.json,external/synthea/src/test/resources/structureDefinitions/stu3/blueButton2/StructureDefinition-bluebutton-carrier-carr-clm-pmt-dnl-cd-extension.json,json,external_reference_or_fixture,1,17,resourceType; id; url; version; name; status; date; fhirVersion; kind; abstract; contextType; context; type; baseDefinition; derivation; snapshot; differential,15487,e04d4c78dbfafcfc831c44c2889a1a41d4f6c45f2b86c5ac89934096dba71e2a,2026-08-28,reference/configuration JSON object,,,True,True,
StructureDefinition-bluebutton-carrier-carr-line-ansthsa-unit-cnt-extension.json,external/synthea/src/test/resources/structureDefinitions/stu3/blueButton2/StructureDefinition-bluebutton-carrier-carr-line-ansthsa-unit-cnt-extension.json,json,external_reference_or_fixture,1,17,resourceType; id; url; version; name; status; date; fhirVersion; kind; abstract; contextType; context; type; baseDefinition; derivation; snapshot; differential,15875,37a4d66b8fc54070198b0a40353d6b18049fcd131feae7b28c2bf02f46abe8a2,2026-08-28,reference/configuration JSON object,,,True,True,
StructureDefinition-bluebutton-carrier-carr-line-clia-lab-num-extension.json,external/synthea/src/test/resources/structureDefinitions/stu3/blueButton2/StructureDefinition-bluebutton-carrier-carr-line-clia-lab-num-extension.json,json,external_reference_or_fixture,1,17,resourceType; id; url; version; name; status; date; fhirVersion; kind; abstract; contextType; context; type; baseDefinition; derivation; snapshot; differential,43710,fc2a633535457c45b80c723b7ddebfb09795511af8b41844f844cd279444c037,2026-08-28,reference/configuration JSON object,,,True,True,
StructureDefinition-bluebutton-carrier-carr-line-mtus-cd-extension.json,external/synthea/src/test/resources/structureDefinitions/stu3/blueButton2/StructureDefinition-bluebutton-carrier-carr-line-mtus-cd-extension.json,json,external_reference_or_fixture,1,17,resourceType; id; url; version; name; status; date; fhirVersion; kind; abstract; contextType; context; type; baseDefinition; derivation; snapshot; differential,15477,3a8c9e044ea8284cba91e28d38b02767ba49ec8a95675f47d32eb0f800f63ca0,2026-08-28,reference/configuration JSON object,,,True,True,
StructureDefinition-bluebutton-carrier-carr-line-mtus-cnt-extension.json,external/synthea/src/test/resources/structureDefinitions/stu3/blueButton2/StructureDefinition-bluebutton-carrier-carr-line-mtus-cnt-extension.json,json,external_reference_or_fixture,1,17,resourceType; id; url; version; name; status; date; fhirVersion; kind; abstract; contextType; context; type; baseDefinition; derivation; snapshot; differential,15835,801b7cf63beafae7351bd5a49d68c0c922098ebc05358435bcaaa9f29446ae09,2026-08-28,reference/configuration JSON object,,,True,True,
StructureDefinition-bluebutton-carrier-carr-line-prcng-lclty-cd-extension.json,external/synthea/src/test/resources/structureDefinitions/stu3/blueButton2/StructureDefinition-bluebutton-carrier-carr-line-prcng-lclty-cd-extension.json,json,external_reference_or_fixture,1,17,resourceType; id; url; version; name; status; date; fhirVersion; kind; abstract; contextType; context; type; baseDefinition; derivation; snapshot; differential,15512,2537b17dd76c82a2db62b2a78e58aca7293af789619a52456dacafde59aefb6d,2026-08-28,reference/configuration JSON object,,,True,True,
StructureDefinition-bluebutton-carrier-carr-line-prvdr-type-cd-extension.json,external/synthea/src/test/resources/structureDefinitions/stu3/blueButton2/StructureDefinition-bluebutton-carrier-carr-line-prvdr-type-cd-extension.json,json,external_reference_or_fixture,1,17,resourceType; id; url; version; name; status; date; fhirVersion; kind; abstract; contextType; context; type; baseDefinition; derivation; snapshot; differential,15507,8e9096d9b51c4934df0ea64e6e3bcf0c41df1fa0727c59833cd468c9aaaaadfc,2026-08-28,reference/configuration JSON object,,,True,True,
StructureDefinition-bluebutton-carrier-carr-num-extension.json,external/synthea/src/test/resources/structureDefinitions/stu3/blueButton2/StructureDefinition-bluebutton-carrier-carr-num-extension.json,json,external_reference_or_fixture,1,17,resourceType; id; url; version; name; status; date; fhirVersion; kind; abstract; contextType; context; type; baseDefinition; derivation; snapshot; differential,43640,1060ecda652a953eec7f668d14bc70012446209bba0d4ebfbb7e8152a4ef6364,2026-08-28,reference/configuration JSON object,,,True,True,
StructureDefinition-bluebutton-carrier-claim.json,external/synthea/src/test/resources/structureDefinitions/stu3/blueButton2/StructureDefinition-bluebutton-carrier-claim.json,json,external_reference_or_fixture,1,16,resourceType; id; url; version; name; title; status; date; fhirVersion; kind; abstract; type; baseDefinition; derivation; snapshot; differential,943781,d2b2e9b8f7636ec9061b3d70c0c63a25707587ac5d6d06fdfcd34ac73eae07ba,2026-08-28,reference/configuration JSON object,,,True,True,
StructureDefinition-bluebutton-carrier-clm-clncl-tril-num-extension.json,external/synthea/src/test/resources/structureDefinitions/stu3/blueButton2/StructureDefinition-bluebutton-carrier-clm-clncl-tril-num-extension.json,json,external_reference_or_fixture,1,17,resourceType; id; url; version; name; status; date; fhirVersion; kind; abstract; contextType; context; type; baseDefinition; derivation; snapshot; differential,43690,93d6bc959a6f46ca5538b462476cf428f5a8fed39d4c563ddf0947389bac2436,2026-08-28,reference/configuration JSON object,,,True,True,
StructureDefinition-bluebutton-carrier-line-bene-prmry-pyr-cd-extension.json,external/synthea/src/test/resources/structureDefinitions/stu3/blueButton2/StructureDefinition-bluebutton-carrier-line-bene-prmry-pyr-cd-extension.json,json,external_reference_or_fixture,1,17,resourceType; id; url; version; name; status; date; fhirVersion; kind; abstract; contextType; context; type; baseDefinition; derivation; snapshot; differential,15502,4eab015e9fc99a3c9d015fdd63c0f1aa542684e94ce0a16441136b827fbc3f96,2026-08-28,reference/configuration JSON object,,,True,True,
StructureDefinition-bluebutton-carrier-line-hct-hgb-rslt-num-extension.json,external/synthea/src/test/resources/structureDefinitions/stu3/blueButton2/StructureDefinition-bluebutton-carrier-line-hct-hgb-rslt-num-extension.json,json,external_reference_or_fixture,1,17,resourceType; id; url; version; name; status; date; fhirVersion; kind; abstract; contextType; context; type; baseDefinition; derivation; snapshot; differential,14399,e13af1e057f83736768c96ae7bcc69273698d5dbb144cd3dd9365dc07504c8b4,2026-08-28,reference/configuration JSON object,,,True,True,
StructureDefinition-bluebutton-carrier-line-pmt-80-100-cd-extension.json,external/synthea/src/test/resources/structureDefinitions/stu3/blueButton2/StructureDefinition-bluebutton-carrier-line-pmt-80-100-cd-extension.json,json,external_reference_or_fixture,1,17,resourceType; id; url; version; name; status; date; fhirVersion; kind; abstract; contextType; context; type; baseDefinition; derivation; snapshot; differential,15482,c92690e90c1c843a02cd2456785c6688670088bd141c32f18d6cde5cbf68fc4a,2026-08-28,reference/configuration JSON object,,,True,True,
StructureDefinition-bluebutton-carrier-line-service-deductible-extension.json,external/synthea/src/test/resources/structureDefinitions/stu3/blueButton2/StructureDefinition-bluebutton-carrier-line-service-deductible-extension.json,json,external_reference_or_fixture,1,17,resourceType; id; url; version; name; status; date; fhirVersion; kind; abstract; contextType; context; type; baseDefinition; derivation; snapshot; differential,15507,4edf5507207f59b7afb0b108dcf6e5dcab7910854407594eee7507d37b02805c,2026-08-28,reference/configuration JSON object,,,True,True,
StructureDefinition-bluebutton-carrier-nch-carr-clm-alowd-amt-extension.json,external/synthea/src/test/resources/structureDefinitions/stu3/blueButton2/StructureDefinition-bluebutton-carrier-nch-carr-clm-alowd-amt-extension.json,json,external_reference_or_fixture,1,17,resourceType; id; url; version; name; status; date; fhirVersion; kind; abstract; contextType; context; type; baseDefinition; derivation; snapshot; differential,15777,47e8adba9df02f7663e04659647a77d96a4c0b02a0065553f4528fcd4015490c,2026-08-28,reference/configuration JSON object,,,True,True,
StructureDefinition-bluebutton-carrier-nch-carr-clm-sbmtd-chrg-amt-extension.json,external/synthea/src/test/resources/structureDefinitions/stu3/blueButton2/StructureDefinition-bluebutton-carrier-nch-carr-clm-sbmtd-chrg-amt-extension.json,json,external_reference_or_fixture,1,17,resourceType; id; url; version; name; status; date; fhirVersion; kind; abstract; contextType; context; type; baseDefinition; derivation; snapshot; differential,15802,57464efc46eef9dde33ac1710f5963a9e00a078c53cb92b48ca52c1cb9976058,2026-08-28,reference/configuration JSON object,,,True,True,
StructureDefinition-bluebutton-carrier-nch-clm-bene-pmt-amt-extension.json,external/synthea/src/test/resources/structureDefinitions/stu3/blueButton2/StructureDefinition-bluebutton-carrier-nch-clm-bene-pmt-amt-extension.json,json,external_reference_or_fixture,1,17,resourceType; id; url; version; name; status; date; fhirVersion; kind; abstract; contextType; context; type; baseDefinition; derivation; snapshot; differential,15767,5cff392290684ed09911f3feca7bcc26663525bbe9353ad976d792825c9b9334,2026-08-28,reference/configuration JSON object,,,True,True,
StructureDefinition-bluebutton-carrier-nch-clm-prvdr-pmt-amt-extension.json,external/synthea/src/test/resources/structureDefinitions/stu3/blueButton2/StructureDefinition-bluebutton-carrier-nch-clm-prvdr-pmt-amt-extension.json,json,external_reference_or_fixture,1,17,resourceType; id; url; version; name; status; date; fhirVersion; kind; abstract; contextType; context; type; baseDefinition; derivation; snapshot; differential,15772,ceeba1123661245d52d75e3407b645dadc1a3efdd62a7057867f7dce9408179c,2026-08-28,reference/configuration JSON object,,,True,True,
StructureDefinition-bluebutton-carrier-ndc-extension.json,external/synthea/src/test/resources/structureDefinitions/stu3/blueButton2/StructureDefinition-bluebutton-carrier-ndc-extension.json,json,external_reference_or_fixture,1,17,resourceType; id; url; version; name; status; date; fhirVersion; kind; abstract; contextType; context; type; baseDefinition; derivation; snapshot; differential,15407,b31a61baadc0a53cb527c748e691a19d2670598f4978341525a83576af3588a0,2026-08-28,reference/configuration JSON object,,,True,True,
StructureDefinition-bluebutton-carrier-prpayamt-extension.json,external/synthea/src/test/resources/structureDefinitions/stu3/blueButton2/StructureDefinition-bluebutton-carrier-prpayamt-extension.json,json,external_reference_or_fixture,1,17,resourceType; id; url; version; name; status; date; fhirVersion; kind; abstract; contextType; context; type; baseDefinition; derivation; snapshot; differential,15707,05c3aa5d805e82da2ba9e212097c037a79dbebf864a47c0d4559b0a862ba644f,2026-08-28,reference/configuration JSON object,,,True,True,
StructureDefinition-bluebutton-carrier-prtcptng-ind-cd-extension.json,external/synthea/src/test/resources/structureDefinitions/stu3/blueButton2/StructureDefinition-bluebutton-carrier-prtcptng-ind-cd-extension.json,json,external_reference_or_fixture,1,17,resourceType; id; url; version; name; status; date; fhirVersion; kind; abstract; contextType; context; type; baseDefinition; derivation; snapshot; differential,15467,91ed511e3a92e3436f708539438ebb4be8bef3a30cf782ee38526afecb4ef0ec,2026-08-28,reference/configuration JSON object,,,True,True,
StructureDefinition-bluebutton-carrier-prvdr-state-cd-extension.json,external/synthea/src/test/resources/structureDefinitions/stu3/blueButton2/StructureDefinition-bluebutton-carrier-prvdr-state-cd-extension.json,json,external_reference_or_fixture,1,17,resourceType; id; url; version; name; status; date; fhirVersion; kind; abstract; contextType; context; type; baseDefinition; derivation; snapshot; differential,15462,e556e0a9ff5d32cc09a19a8f159733182ca1a211a139b003189f158fea02eaea,2026-08-28,reference/configuration JSON object,,,True,True,
StructureDefinition-bluebutton-carrier-prvdr-zip-extension.json,external/synthea/src/test/resources/structureDefinitions/stu3/blueButton2/StructureDefinition-bluebutton-carrier-prvdr-zip-extension.json,json,external_reference_or_fixture,1,17,resourceType; id; url; version; name; status; date; fhirVersion; kind; abstract; contextType; context; type; baseDefinition; derivation; snapshot; differential,15437,6c493b39a02a6bce16a91b5f131771049dec007db8d21e860753b5d4fc8d0deb,2026-08-28,reference/configuration JSON object,,,True,True,
StructureDefinition-bluebutton-carrier-us-npi-extension.json,external/synthea/src/test/resources/structureDefinitions/stu3/blueButton2/StructureDefinition-bluebutton-carrier-us-npi-extension.json,json,external_reference_or_fixture,1,17,resourceType; id; url; version; name; status; date; fhirVersion; kind; abstract; contextType; context; type; baseDefinition; derivation; snapshot; differential,15422,30cd24dfd9e1180e8a5013a04ff93628a243c6e7d96b97118d3fd69c9feb0778,2026-08-28,reference/configuration JSON object,,,True,True,
StructureDefinition-bluebutton-dme-asgmntcd-extension.json,external/synthea/src/test/resources/structureDefinitions/stu3/blueButton2/StructureDefinition-bluebutton-dme-asgmntcd-extension.json,json,external_reference_or_fixture,1,17,resourceType; id; url; version; name; status; date; fhirVersion; kind; abstract; contextType; context; type; baseDefinition; derivation; snapshot; differential,15412,059ad49c16ec3d000b309cd0d20c73987128de2d40b076f74cdc7544cb614d10,2026-08-28,reference/configuration JSON object,,,True,True,
StructureDefinition-bluebutton-dme-betos-cd-extension.json,external/synthea/src/test/resources/structureDefinitions/stu3/blueButton2/StructureDefinition-bluebutton-dme-betos-cd-extension.json,json,external_reference_or_fixture,1,17,resourceType; id; url; version; name; status; date; fhirVersion; kind; abstract; contextType; context; type; baseDefinition; derivation; snapshot; differential,15412,820fd48877084ac2c7de34f70fb42399f4e13012e17ccbc85727dc9b041b3d4a,2026-08-28,reference/configuration JSON object,,,True,True,
StructureDefinition-bluebutton-dme-carr-clm-cash-ddctbl-apld-amt-extension.json,external/synthea/src/test/resources/structureDefinitions/stu3/blueButton2/StructureDefinition-bluebutton-dme-carr-clm-cash-ddctbl-apld-amt-extension.json,json,external_reference_or_fixture,1,17,resourceType; id; url; version; name; status; date; fhirVersion; kind; abstract; contextType; context; type; baseDefinition; derivation; snapshot; differential,15792,253c24c42cb7a7555a1133928560b1bf28a3e3e7d754ce05144d8094657bbb79,2026-08-28,reference/configuration JSON object,,,True,True,
StructureDefinition-bluebutton-dme-carr-clm-pmt-dnl-cd-extension.json,external/synthea/src/test/resources/structureDefinitions/stu3/blueButton2/StructureDefinition-bluebutton-dme-carr-clm-pmt-dnl-cd-extension.json,json,external_reference_or_fixture,1,17,resourceType; id; url; version; name; status; date; fhirVersion; kind; abstract; contextType; context; type; baseDefinition; derivation; snapshot; differential,15467,32875f4bf8aecceae565d2621af4ed30213b462ea36ca1bac9ff33cc17437926,2026-08-28,reference/configuration JSON object,,,True,True,
StructureDefinition-bluebutton-dme-carr-num-extension.json,external/synthea/src/test/resources/structureDefinitions/stu3/blueButton2/StructureDefinition-bluebutton-dme-carr-num-extension.json,json,external_reference_or_fixture,1,17,resourceType; id; url; version; name; status; date; fhirVersion; kind; abstract; contextType; context; type; baseDefinition; derivation; snapshot; differential,43620,8fb9c6b450eb6db5ce25f5b22f013622687368a5a196c01a3e4069bedaf62f11,2026-08-28,reference/configuration JSON object,,,True,True,
StructureDefinition-bluebutton-dme-claim.json,external/synthea/src/test/resources/structureDefinitions/stu3/blueButton2/StructureDefinition-bluebutton-dme-claim.json,json,external_reference_or_fixture,1,16,resourceType; id; url; version; name; title; status; date; fhirVersion; kind; abstract; type; baseDefinition; derivation; snapshot; differential,378369,4d87cbede764af1b09eb9951bdc6640df7bc8977c99f8a6cb58d7182667a6cc5,2026-08-28,reference/configuration JSON object,,,True,True,
StructureDefinition-bluebutton-dme-clm-clncl-tril-num-extension.json,external/synthea/src/test/resources/structureDefinitions/stu3/blueButton2/StructureDefinition-bluebutton-dme-clm-clncl-tril-num-extension.json,json,external_reference_or_fixture,1,17,resourceType; id; url; version; name; status; date; fhirVersion; kind; abstract; contextType; context; type; baseDefinition; derivation; snapshot; differential,43670,e820e7faf5c29e74505e2b85c9814b0d022390f3d18308615585cbc268ed4db5,2026-08-28,reference/configuration JSON object,,,True,True,
StructureDefinition-bluebutton-dme-dmerc-line-mtus-cnt-extension.json,external/synthea/src/test/resources/structureDefinitions/stu3/blueButton2/StructureDefinition-bluebutton-dme-dmerc-line-mtus-cnt-extension.json,json,external_reference_or_fixture,1,17,resourceType; id; url; version; name; status; date; fhirVersion; kind; abstract; contextType; context; type; baseDefinition; derivation; snapshot; differential,15820,79a7163043128e32ca00388b019864ada8cf61d8e1a427c987c238e03729751e,2026-08-28,reference/configuration JSON object,,,True,True,
StructureDefinition-bluebutton-dme-dmerc-line-prcng-state-cd-extension.json,external/synthea/src/test/resources/structureDefinitions/stu3/blueButton2/StructureDefinition-bluebutton-dme-dmerc-line-prcng-state-cd-extension.json,json,external_reference_or_fixture,1,17,resourceType; id; url; version; name; status; date; fhirVersion; kind; abstract; contextType; context; type; baseDefinition; derivation; snapshot; differential,15497,9cc8197d1c4606a151773f4daae005ab420c99dfce249177df4d0b287b3f5fd1,2026-08-28,reference/configuration JSON object,,,True,True,
StructureDefinition-bluebutton-dme-dmerc-line-scrn-svgs-amt-extension.json,external/synthea/src/test/resources/structureDefinitions/stu3/blueButton2/StructureDefinition-bluebutton-dme-dmerc-line-scrn-svgs-amt-extension.json,json,external_reference_or_fixture,1,17,resourceType; id; url; version; name; status; date; fhirVersion; kind; abstract; contextType; context; type; baseDefinition; derivation; snapshot; differential,15845,a32628fb99d6c37c8f3c546a277ee80b1db18da46f7c5a18156ee74a22ecd896,2026-08-28,reference/configuration JSON object,,,True,True,
StructureDefinition-bluebutton-dme-dmerc-line-supplr-type-cd-extension.json,external/synthea/src/test/resources/structureDefinitions/stu3/blueButton2/StructureDefinition-bluebutton-dme-dmerc-line-supplr-type-cd-extension.json,json,external_reference_or_fixture,1,17,resourceType; id; url; version; name; status; date; fhirVersion; kind; abstract; contextType; context; type; baseDefinition; derivation; snapshot; differential,15497,3246e78a415704c2e6dc0ce4d4fb2bafa946b732fdefc93ffc1f237810fc5b4c,2026-08-28,reference/configuration JSON object,,,True,True,
StructureDefinition-bluebutton-dme-line-bene-prmry-pyr-cd-extension.json,external/synthea/src/test/resources/structureDefinitions/stu3/blueButton2/StructureDefinition-bluebutton-dme-line-bene-prmry-pyr-cd-extension.json,json,external_reference_or_fixture,1,17,resourceType; id; url; version; name; status; date; fhirVersion; kind; abstract; contextType; context; type; baseDefinition; derivation; snapshot; differential,15482,cf447d08c613b7dac7bb92a12d20d86c4dce1eb62eeb7722442077d85f2179ff,2026-08-28,reference/configuration JSON object,,,True,True,
StructureDefinition-bluebutton-dme-line-hct-hgb-rslt-num-extension.json,external/synthea/src/test/resources/structureDefinitions/stu3/blueButton2/StructureDefinition-bluebutton-dme-line-hct-hgb-rslt-num-extension.json,json,external_reference_or_fixture,1,17,resourceType; id; url; version; name; status; date; fhirVersion; kind; abstract; contextType; context; type; baseDefinition; derivation; snapshot; differential,14379,e95662d9c18d4920809fe9788e8bf163cbfafa74eff24f776ace4ea7f8a74d93,2026-08-28,reference/configuration JSON object,,,True,True,
StructureDefinition-bluebutton-dme-line-pmt-80-100-cd-extension.json,external/synthea/src/test/resources/structureDefinitions/stu3/blueButton2/StructureDefinition-bluebutton-dme-line-pmt-80-100-cd-extension.json,json,external_reference_or_fixture,1,17,resourceType; id; url; version; name; status; date; fhirVersion; kind; abstract; contextType; context; type; baseDefinition; derivation; snapshot; differential,15462,9b57d54ba4c7fb325f2374e36897a98e705eeff4fee1e79acb3c813a8c47bb19,2026-08-28,reference/configuration JSON object,,,True,True,
StructureDefinition-bluebutton-dme-line-service-deductible-extension.json,external/synthea/src/test/resources/structureDefinitions/stu3/blueButton2/StructureDefinition-bluebutton-dme-line-service-deductible-extension.json,json,external_reference_or_fixture,1,17,resourceType; id; url; version; name; status; date; fhirVersion; kind; abstract; contextType; context; type; baseDefinition; derivation; snapshot; differential,15487,255dd42165a2318349ad2a34c4a281b5550f93956588d32cbcb2bf03625f9e74,2026-08-28,reference/configuration JSON object,,,True,True,
StructureDefinition-bluebutton-dme-nch-carr-clm-alowd-amt-extension.json,external/synthea/src/test/resources/structureDefinitions/stu3/blueButton2/StructureDefinition-bluebutton-dme-nch-carr-clm-alowd-amt-extension.json,json,external_reference_or_fixture,1,17,resourceType; id; url; version; name; status; date; fhirVersion; kind; abstract; contextType; context; type; baseDefinition; derivation; snapshot; differential,15757,3a8cdaafc8edb433d52190494711c3e2eb93328a3a46a35a14da34a1fc39ed62,2026-08-28,reference/configuration JSON object,,,True,True,
StructureDefinition-bluebutton-dme-nch-carr-clm-sbmtd-chrg-amt-extension.json,external/synthea/src/test/resources/structureDefinitions/stu3/blueButton2/StructureDefinition-bluebutton-dme-nch-carr-clm-sbmtd-chrg-amt-extension.json,json,external_reference_or_fixture,1,17,resourceType; id; url; version; name; status; date; fhirVersion; kind; abstract; contextType; context; type; baseDefinition; derivation; snapshot; differential,15782,60f91dc9e1de90da810f1eb81821cc861405ad57f43525fc6de905987789e1b3,2026-08-28,reference/configuration JSON object,,,True,True,
StructureDefinition-bluebutton-dme-nch-clm-bene-pmt-amt-extension.json,external/synthea/src/test/resources/structureDefinitions/stu3/blueButton2/StructureDefinition-bluebutton-dme-nch-clm-bene-pmt-amt-extension.json,json,external_reference_or_fixture,1,17,resourceType; id; url; version; name; status; date; fhirVersion; kind; abstract; contextType; context; type; baseDefinition; derivation; snapshot; differential,15747,676392a367c9991fcce283e6f826450c2a3859575b049bcd45f74b7dc48e4257,2026-08-28,reference/configuration JSON object,,,True,True,
StructureDefinition-bluebutton-dme-nch-clm-prvdr-pmt-amt-extension.json,external/synthea/src/test/resources/structureDefinitions/stu3/blueButton2/StructureDefinition-bluebutton-dme-nch-clm-prvdr-pmt-amt-extension.json,json,external_reference_or_fixture,1,17,resourceType; id; url; version; name; status; date; fhirVersion; kind; abstract; contextType; context; type; baseDefinition; derivation; snapshot; differential,15752,a8674b9e4f95bf8e06cceb4a3c818649cfcaba0529b1d0781298a6ff18eb7296,2026-08-28,reference/configuration JSON object,,,True,True,
StructureDefinition-bluebutton-dme-ndc-extension.json,external/synthea/src/test/resources/structureDefinitions/stu3/blueButton2/StructureDefinition-bluebutton-dme-ndc-extension.json,json,external_reference_or_fixture,1,17,resourceType; id; url; version; name; status; date; fhirVersion; kind; abstract; contextType; context; type; baseDefinition; derivation; snapshot; differential,15387,55235d0a5eea1374298cf6e1fa9747a76dcf765e9d602e5dd157557d7946c179,2026-08-28,reference/configuration JSON object,,,True,True,
StructureDefinition-bluebutton-dme-prpayamt-extension.json,external/synthea/src/test/resources/structureDefinitions/stu3/blueButton2/StructureDefinition-bluebutton-dme-prpayamt-extension.json,json,external_reference_or_fixture,1,17,resourceType; id; url; version; name; status; date; fhirVersion; kind; abstract; contextType; context; type; baseDefinition; derivation; snapshot; differential,15687,1d96a4412c90246233e08d18b78e4c77757e13e0a2c4aea640f6109bb41ca27d,2026-08-28,reference/configuration JSON object,,,True,True,
StructureDefinition-bluebutton-dme-prtcptng-ind-cd-extension.json,external/synthea/src/test/resources/structureDefinitions/stu3/blueButton2/StructureDefinition-bluebutton-dme-prtcptng-ind-cd-extension.json,json,external_reference_or_fixture,1,17,resourceType; id; url; version; name; status; date; fhirVersion; kind; abstract; contextType; context; type; baseDefinition; derivation; snapshot; differential,15447,9d04025af6acd4090772edd1514f9273976af5a8dd99b72a5eb4f1d2a105a2a0,2026-08-28,reference/configuration JSON object,,,True,True,
StructureDefinition-bluebutton-dme-prvdr-state-cd-extension.json,external/synthea/src/test/resources/structureDefinitions/stu3/blueButton2/StructureDefinition-bluebutton-dme-prvdr-state-cd-extension.json,json,external_reference_or_fixture,1,17,resourceType; id; url; version; name; status; date; fhirVersion; kind; abstract; contextType; context; type; baseDefinition; derivation; snapshot; differential,15442,3005b96edbd043ec91f25b7eb5dca0c1df709d0b0130ea13cf101e375645ebba,2026-08-28,reference/configuration JSON object,,,True,True,
StructureDefinition-bluebutton-dme-suplrnum-extension.json,external/synthea/src/test/resources/structureDefinitions/stu3/blueButton2/StructureDefinition-bluebutton-dme-suplrnum-extension.json,json,external_reference_or_fixture,1,17,resourceType; id; url; version; name; status; date; fhirVersion; kind; abstract; contextType; context; type; baseDefinition; derivation; snapshot; differential,43620,197fd7ad864ee6420a4657993ac8faf4286bb2e651f24c4c695dc1109d88a9be,2026-08-28,reference/configuration JSON object,,,True,True,
StructureDefinition-bluebutton-hha-claim.json,external/synthea/src/test/resources/structureDefinitions/stu3/blueButton2/StructureDefinition-bluebutton-hha-claim.json,json,external_reference_or_fixture,1,16,resourceType; id; url; version; name; title; status; date; fhirVersion; kind; abstract; type; baseDefinition; derivation; snapshot; differential,935638,c98c0278c2af75696785d16b3bd9d6fab4ca9267c45b571087de88a217908c27,2026-08-28,reference/configuration JSON object,,,True,True,
StructureDefinition-bluebutton-hha-clm-fac-type-cd-extension.json,external/synthea/src/test/resources/structureDefinitions/stu3/blueButton2/StructureDefinition-bluebutton-hha-clm-fac-type-cd-extension.json,json,external_reference_or_fixture,1,17,resourceType; id; url; version; name; status; date; fhirVersion; kind; abstract; contextType; context; type; baseDefinition; derivation; snapshot; differential,15447,11e3dbfbfed30d6bf59e60162023d8a83c3600152d1f49d16b47c0546a6b2292,2026-08-28,reference/configuration JSON object,,,True,True,
StructureDefinition-bluebutton-hha-clm-mdcr-non-pmt-rsn-cd-extension.json,external/synthea/src/test/resources/structureDefinitions/stu3/blueButton2/StructureDefinition-bluebutton-hha-clm-mdcr-non-pmt-rsn-cd-extension.json,json,external_reference_or_fixture,1,17,resourceType; id; url; version; name; status; date; fhirVersion; kind; abstract; contextType; context; type; baseDefinition; derivation; snapshot; differential,15487,337b5f6cc9404cdbdca6145e2c483fc27d8221da6130215f315441338046a861,2026-08-28,reference/configuration JSON object,,,True,True,
StructureDefinition-bluebutton-hha-fi-num-extension.json,external/synthea/src/test/resources/structureDefinitions/stu3/blueButton2/StructureDefinition-bluebutton-hha-fi-num-extension.json,json,external_reference_or_fixture,1,17,resourceType; id; url; version; name; status; date; fhirVersion; kind; abstract; contextType; context; type; baseDefinition; derivation; snapshot; differential,43610,325b04d81c2fe48f7ff104f66ebd0ce6b2819fcc55eb02762bbfbbc8ccf4d07e,2026-08-28,reference/configuration JSON object,,,True,True,
StructureDefinition-bluebutton-hha-prpayamt-extension.json,external/synthea/src/test/resources/structureDefinitions/stu3/blueButton2/StructureDefinition-bluebutton-hha-prpayamt-extension.json,json,external_reference_or_fixture,1,17,resourceType; id; url; version; name; status; date; fhirVersion; kind; abstract; contextType; context; type; baseDefinition; derivation; snapshot; differential,15687,971c86116e4f01bcc5670fe16395d7f5ee120ea35b2d839888791de23af2ba0d,2026-08-28,reference/configuration JSON object,,,True,True,
StructureDefinition-bluebutton-hha-rev-cntr-ddctbl-coinsrnc-cd-extension.json,external/synthea/src/test/resources/structureDefinitions/stu3/blueButton2/StructureDefinition-bluebutton-hha-rev-cntr-ddctbl-coinsrnc-cd-extension.json,json,external_reference_or_fixture,1,17,resourceType; id; url; version; name; status; date; fhirVersion; kind; abstract; contextType; context; type; baseDefinition; derivation; snapshot; differential,15507,4b25661a4ab54f064bdf0ee610c26c0df4b1ff717e61cdb6eee6aafbcb58e81e,2026-08-28,reference/configuration JSON object,,,True,True,
StructureDefinition-bluebutton-hha-rev-cntr-ndc-qty-extension.json,external/synthea/src/test/resources/structureDefinitions/stu3/blueButton2/StructureDefinition-bluebutton-hha-rev-cntr-ndc-qty-extension.json,json,external_reference_or_fixture,1,17,resourceType; id; url; version; name; status; date; fhirVersion; kind; abstract; contextType; context; type; baseDefinition; derivation; snapshot; differential,15805,47b894e221a69667aba1c4aadbac31c981d3dca12c0c95692af455d4e8208ba1,2026-08-28,reference/configuration JSON object,,,True,True,
StructureDefinition-bluebutton-hha-rev-cntr-stus-ind-cd-extension.json,external/synthea/src/test/resources/structureDefinitions/stu3/blueButton2/StructureDefinition-bluebutton-hha-rev-cntr-stus-ind-cd-extension.json,json,external_reference_or_fixture,1,17,resourceType; id; url; version; name; status; date; fhirVersion; kind; abstract; contextType; context; type; baseDefinition; derivation; snapshot; differential,15472,bd21f3f1701e951c3daf78d8410b76316a4aa3189967a0996783d64ba3f95110,2026-08-28,reference/configuration JSON object,,,True,True,
StructureDefinition-bluebutton-hospice-bene-hospc-prd-cnt-extension.json,external/synthea/src/test/resources/structureDefinitions/stu3/blueButton2/StructureDefinition-bluebutton-hospice-bene-hospc-prd-cnt-extension.json,json,external_reference_or_fixture,1,17,resourceType; id; url; version; name; status; date; fhirVersion; kind; abstract; contextType; context; type; baseDefinition; derivation; snapshot; differential,15835,7762c338cb15f92c96a0346d9409ad9ffdb861346f0eb17e4512a4e228bb12f8,2026-08-28,reference/configuration JSON object,,,True,True,
StructureDefinition-bluebutton-hospice-claim.json,external/synthea/src/test/resources/structureDefinitions/stu3/blueButton2/StructureDefinition-bluebutton-hospice-claim.json,json,external_reference_or_fixture,1,16,resourceType; id; url; version; name; title; status; date; fhirVersion; kind; abstract; type; baseDefinition; derivation; snapshot; differential,935875,379ec8aa4aef9bd8a71f8b4411af823f90efe1f48eb30d8a131b727f1d6e9739,2026-08-28,reference/configuration JSON object,,,True,True,
StructureDefinition-bluebutton-hospice-clm-fac-type-cd-extension.json,external/synthea/src/test/resources/structureDefinitions/stu3/blueButton2/StructureDefinition-bluebutton-hospice-clm-fac-type-cd-extension.json,json,external_reference_or_fixture,1,17,resourceType; id; url; version; name; status; date; fhirVersion; kind; abstract; contextType; context; type; baseDefinition; derivation; snapshot; differential,15467,cf3f669008ea84819e4242b74a5dd972d2e88f737306963922fcf9c568bdcbcd,2026-08-28,reference/configuration JSON object,,,True,True,
StructureDefinition-bluebutton-hospice-clm-mdcr-non-pmt-rsn-cd-extension.json,external/synthea/src/test/resources/structureDefinitions/stu3/blueButton2/StructureDefinition-bluebutton-hospice-clm-mdcr-non-pmt-rsn-cd-extension.json,json,external_reference_or_fixture,1,17,resourceType; id; url; version; name; status; date; fhirVersion; kind; abstract; contextType; context; type; baseDefinition; derivation; snapshot; differential,15507,a2797095de4ac35557c48882fc755c408e9fc697987afd2c6fe2edaf79d4a2bd,2026-08-28,reference/configuration JSON object,,,True,True,
StructureDefinition-bluebutton-hospice-fi-num-extension.json,external/synthea/src/test/resources/structureDefinitions/stu3/blueButton2/StructureDefinition-bluebutton-hospice-fi-num-extension.json,json,external_reference_or_fixture,1,17,resourceType; id; url; version; name; status; date; fhirVersion; kind; abstract; contextType; context; type; baseDefinition; derivation; snapshot; differential,43630,1a7c7bf229894ca89057e8be4970622de7619051a750f23d188a0d4874f99cfa,2026-08-28,reference/configuration JSON object,,,True,True,
StructureDefinition-bluebutton-hospice-prpayamt-extension.json,external/synthea/src/test/resources/structureDefinitions/stu3/blueButton2/StructureDefinition-bluebutton-hospice-prpayamt-extension.json,json,external_reference_or_fixture,1,17,resourceType; id; url; version; name; status; date; fhirVersion; kind; abstract; contextType; context; type; baseDefinition; derivation; snapshot; differential,15707,73eff61fdefc7f9c691a5f8a4bd9ceaf9afadf91879754b95f10914bfb38ef06,2026-08-28,reference/configuration JSON object,,,True,True,
StructureDefinition-bluebutton-hospice-rev-cntr-ddctbl-coinsrnc-cd-extension.json,external/synthea/src/test/resources/structureDefinitions/stu3/blueButton2/StructureDefinition-bluebutton-hospice-rev-cntr-ddctbl-coinsrnc-cd-extension.json,json,external_reference_or_fixture,1,17,resourceType; id; url; version; name; status; date; fhirVersion; kind; abstract; contextType; context; type; baseDefinition; derivation; snapshot; differential,15527,ce77c9036836b2bf5d673334a88266b66a3d5de5471556d00d725628fd2f584e,2026-08-28,reference/configuration JSON object,,,True,True,
StructureDefinition-bluebutton-hospice-rev-cntr-ndc-qty-extension.json,external/synthea/src/test/resources/structureDefinitions/stu3/blueButton2/StructureDefinition-bluebutton-hospice-rev-cntr-ndc-qty-extension.json,json,external_reference_or_fixture,1,17,resourceType; id; url; version; name; status; date; fhirVersion; kind; abstract; contextType; context; type; baseDefinition; derivation; snapshot; differential,15825,a5bf9d528bed027e80daee8b3fe3e4225687ee0dd58c2d3cc504b1ecae37b2f2,2026-08-28,reference/configuration JSON object,,,True,True,
StructureDefinition-bluebutton-inpatient-claim-query-cd-extension.json,external/synthea/src/test/resources/structureDefinitions/stu3/blueButton2/StructureDefinition-bluebutton-inpatient-claim-query-cd-extension.json,json,external_reference_or_fixture,1,17,resourceType; id; url; version; name; status; date; fhirVersion; kind; abstract; contextType; context; type; baseDefinition; derivation; snapshot; differential,15472,307da81e1ae034f5bff8f640b52946a8ce6d5236ba27e3ec022e7c3af55f5599,2026-08-28,reference/configuration JSON object,,,True,True,
StructureDefinition-bluebutton-inpatient-claim.json,external/synthea/src/test/resources/structureDefinitions/stu3/blueButton2/StructureDefinition-bluebutton-inpatient-claim.json,json,external_reference_or_fixture,1,16,resourceType; id; url; version; name; title; status; date; fhirVersion; kind; abstract; type; baseDefinition; derivation; snapshot; differential,958092,52940a167ebcc7ceb1475fd499b0850fb05c55300aa20d61ea6f83d92a77fd09,2026-08-28,reference/configuration JSON object,,,True,True,
StructureDefinition-bluebutton-inpatient-clm-fac-type-cd-extension.json,external/synthea/src/test/resources/structureDefinitions/stu3/blueButton2/StructureDefinition-bluebutton-inpatient-clm-fac-type-cd-extension.json,json,external_reference_or_fixture,1,17,resourceType; id; url; version; name; status; date; fhirVersion; kind; abstract; contextType; context; type; baseDefinition; derivation; snapshot; differential,15477,71e19ae603c748f7fce701068aed611cdf2ebca73b3e8a48e06f5d78bb6049ce,2026-08-28,reference/configuration JSON object,,,True,True,
StructureDefinition-bluebutton-inpatient-clm-mdcr-non-pmt-rsn-cd-extension.json,external/synthea/src/test/resources/structureDefinitions/stu3/blueButton2/StructureDefinition-bluebutton-inpatient-clm-mdcr-non-pmt-rsn-cd-extension.json,json,external_reference_or_fixture,1,17,resourceType; id; url; version; name; status; date; fhirVersion; kind; abstract; contextType; context; type; baseDefinition; derivation; snapshot; differential,15517,650b95c66b532e9beeb241a6be87b065ab6cabebeacf8179fabc93c4e97c5034,2026-08-28,reference/configuration JSON object,,,True,True,
StructureDefinition-bluebutton-inpatient-clm-pass-thru-per-diem-amt-extension.json,external/synthea/src/test/resources/structureDefinitions/stu3/blueButton2/StructureDefinition-bluebutton-inpatient-clm-pass-thru-per-diem-amt-extension.json,json,external_reference_or_fixture,1,17,resourceType; id; url; version; name; status; date; fhirVersion; kind; abstract; contextType; context; type; baseDefinition; derivation; snapshot; differential,15807,a0471af9e26d98a6a6b36f7a36870006756463c0d3bdfcc31a3f85e3264a2b83,2026-08-28,reference/configuration JSON object,,,True,True,
StructureDefinition-bluebutton-inpatient-clm-poa-ind-sw1-extension.json,external/synthea/src/test/resources/structureDefinitions/stu3/blueButton2/StructureDefinition-bluebutton-inpatient-clm-poa-ind-sw1-extension.json,json,external_reference_or_fixture,1,17,resourceType; id; url; version; name; status; date; fhirVersion; kind; abstract; contextType; context; type; baseDefinition; derivation; snapshot; differential,15477,362f36f0da83f35e1055b70363528ff07a02b4db8bfedbe379d290dedc851ed2,2026-08-28,reference/configuration JSON object,,,True,True,
StructureDefinition-bluebutton-inpatient-clm-pps-cptl-dsprprtnt-shr-amt-extension.json,external/synthea/src/test/resources/structureDefinitions/stu3/blueButton2/StructureDefinition-bluebutton-inpatient-clm-pps-cptl-dsprprtnt-shr-amt-extension.json,json,external_reference_or_fixture,1,17,resourceType; id; url; version; name; status; date; fhirVersion; kind; abstract; contextType; context; type; baseDefinition; derivation; snapshot; differential,15827,88d74475b97f568ca25fa92833c9953b7bd6abc66a75e7aca41b2220d0fc0dc3,2026-08-28,reference/configuration JSON object,,,True,True,
StructureDefinition-bluebutton-inpatient-clm-pps-cptl-excptn-amt-extension.json,external/synthea/src/test/resources/structureDefinitions/stu3/blueButton2/StructureDefinition-bluebutton-inpatient-clm-pps-cptl-excptn-amt-extension.json,json,external_reference_or_fixture,1,17,resourceType; id; url; version; name; status; date; fhirVersion; kind; abstract; contextType; context; type; baseDefinition; derivation; snapshot; differential,15792,7dc18e119dd85ea324695fd068c0ec68775c25d0b4eea0e40a1d22c77ac2bb43,2026-08-28,reference/configuration JSON object,,,True,True,
StructureDefinition-bluebutton-inpatient-clm-pps-cptl-fsp-amt-extension.json,external/synthea/src/test/resources/structureDefinitions/stu3/blueButton2/StructureDefinition-bluebutton-inpatient-clm-pps-cptl-fsp-amt-extension.json,json,external_reference_or_fixture,1,17,resourceType; id; url; version; name; status; date; fhirVersion; kind; abstract; contextType; context; type; baseDefinition; derivation; snapshot; differential,15777,9e59d8bd2eeba2ba93e4b0cd8e2df2a778cacb5ff39ab058fde13a46b93819dd,2026-08-28,reference/configuration JSON object,,,True,True,
StructureDefinition-bluebutton-inpatient-clm-pps-cptl-ime-amt-extension.json,external/synthea/src/test/resources/structureDefinitions/stu3/blueButton2/StructureDefinition-bluebutton-inpatient-clm-pps-cptl-ime-amt-extension.json,json,external_reference_or_fixture,1,17,resourceType; id; url; version; name; status; date; fhirVersion; kind; abstract; contextType; context; type; baseDefinition; derivation; snapshot; differential,15777,4dc25e9b268ffa38156fe082a63d6d9960b2cf940edf1b514a812ae050240228,2026-08-28,reference/configuration JSON object,,,True,True,
StructureDefinition-bluebutton-inpatient-clm-pps-cptl-outlier-amt-extension.json,external/synthea/src/test/resources/structureDefinitions/stu3/blueButton2/StructureDefinition-bluebutton-inpatient-clm-pps-cptl-outlier-amt-extension.json,json,external_reference_or_fixture,1,17,resourceType; id; url; version; name; status; date; fhirVersion; kind; abstract; contextType; context; type; baseDefinition; derivation; snapshot; differential,15797,4979d70066ec5d6c5ea2884d668628a0d7bf3b7ae3200ce052c235c5eb55b424,2026-08-28,reference/configuration JSON object,,,True,True,
StructureDefinition-bluebutton-inpatient-clm-pps-old-cptl-hld-hrmls-amt-extension.json,external/synthea/src/test/resources/structureDefinitions/stu3/blueButton2/StructureDefinition-bluebutton-inpatient-clm-pps-old-cptl-hld-hrmls-amt-extension.json,json,external_reference_or_fixture,1,17,resourceType; id; url; version; name; status; date; fhirVersion; kind; abstract; contextType; context; type; baseDefinition; derivation; snapshot; differential,15827,ab23f574335a23889312d7b7d25e8eafe5e668d639bb799b38e31c81fead18b2,2026-08-28,reference/configuration JSON object,,,True,True,
StructureDefinition-bluebutton-inpatient-clm-tot-pps-cptl-amt-extension.json,external/synthea/src/test/resources/structureDefinitions/stu3/blueButton2/StructureDefinition-bluebutton-inpatient-clm-tot-pps-cptl-amt-extension.json,json,external_reference_or_fixture,1,17,resourceType; id; url; version; name; status; date; fhirVersion; kind; abstract; contextType; context; type; baseDefinition; derivation; snapshot; differential,15777,14c003c73935b1ce00dcbadf813d651169d0881b2089de9e9b3c9c69f04d2393,2026-08-28,reference/configuration JSON object,,,True,True,
StructureDefinition-bluebutton-inpatient-dsh-op-clm-val-amt-extension.json,external/synthea/src/test/resources/structureDefinitions/stu3/blueButton2/StructureDefinition-bluebutton-inpatient-dsh-op-clm-val-amt-extension.json,json,external_reference_or_fixture,1,17,resourceType; id; url; version; name; status; date; fhirVersion; kind; abstract; contextType; context; type; baseDefinition; derivation; snapshot; differential,15767,c7db2dcd273e27ebb56903212fa711e0110b79d36b9e0d8e632c0601d437013b,2026-08-28,reference/configuration JSON object,,,True,True,
StructureDefinition-bluebutton-inpatient-fi-num-extension.json,external/synthea/src/test/resources/structureDefinitions/stu3/blueButton2/StructureDefinition-bluebutton-inpatient-fi-num-extension.json,json,external_reference_or_fixture,1,17,resourceType; id; url; version; name; status; date; fhirVersion; kind; abstract; contextType; context; type; baseDefinition; derivation; snapshot; differential,43640,d8d2a779078dbee0e60e3daa81ed8c30c5c2cd1b3ee52c2d73254c2d8c38f9d6,2026-08-28,reference/configuration JSON object,,,True,True,
StructureDefinition-bluebutton-inpatient-ime-op-clm-val-amt-extension.json,external/synthea/src/test/resources/structureDefinitions/stu3/blueButton2/StructureDefinition-bluebutton-inpatient-ime-op-clm-val-amt-extension.json,json,external_reference_or_fixture,1,17,resourceType; id; url; version; name; status; date; fhirVersion; kind; abstract; contextType; context; type; baseDefinition; derivation; snapshot; differential,15767,cfdc63f504c8d862763d9a4596c083ee4ab6223815da504ff0096af0b2e2d7f3,2026-08-28,reference/configuration JSON object,,,True,True,
StructureDefinition-bluebutton-inpatient-nch-bene-blood-ddctbl-lblty-am-extension.json,external/synthea/src/test/resources/structureDefinitions/stu3/blueButton2/StructureDefinition-bluebutton-inpatient-nch-bene-blood-ddctbl-lblty-am-extension.json,json,external_reference_or_fixture,1,17,resourceType; id; url; version; name; status; date; fhirVersion; kind; abstract; contextType; context; type; baseDefinition; derivation; snapshot; differential,15827,f99530be2800620822e200186d48c198d367fb80882ae923ab21c062af5fee69,2026-08-28,reference/configuration JSON object,,,True,True,
StructureDefinition-bluebutton-inpatient-nch-bene-ip-ddctbl-amt-extension.json,external/synthea/src/test/resources/structureDefinitions/stu3/blueButton2/StructureDefinition-bluebutton-inpatient-nch-bene-ip-ddctbl-amt-extension.json,json,external_reference_or_fixture,1,17,resourceType; id; url; version; name; status; date; fhirVersion; kind; abstract; contextType; context; type; baseDefinition; derivation; snapshot; differential,15787,f7327c0f905127094f491165efc0023c5546a1476fd0587a7af9dd9e64fbbc64,2026-08-28,reference/configuration JSON object,,,True,True,
StructureDefinition-bluebutton-inpatient-nch-bene-pta-coinsrnc-lblty-amt-extension.json,external/synthea/src/test/resources/structureDefinitions/stu3/blueButton2/StructureDefinition-bluebutton-inpatient-nch-bene-pta-coinsrnc-lblty-amt-extension.json,json,external_reference_or_fixture,1,17,resourceType; id; url; version; name; status; date; fhirVersion; kind; abstract; contextType; context; type; baseDefinition; derivation; snapshot; differential,15832,cf702bb410990ef998c7442f84acd1443323d274b750a5c2e3e59efd7e7fc2f9,2026-08-28,reference/configuration JSON object,,,True,True,
StructureDefinition-bluebutton-inpatient-nch-drg-outlier-aprvd-pmt-amt-extension.json,external/synthea/src/test/resources/structureDefinitions/stu3/blueButton2/StructureDefinition-bluebutton-inpatient-nch-drg-outlier-aprvd-pmt-amt-extension.json,json,external_reference_or_fixture,1,17,resourceType; id; url; version; name; status; date; fhirVersion; kind; abstract; contextType; context; type; baseDefinition; derivation; snapshot; differential,15822,8d1d7e606e5c92b734d731f60208fd21aa05594452880a4bcb5962db4f1e7aa6,2026-08-28,reference/configuration JSON object,,,True,True,
StructureDefinition-bluebutton-inpatient-nch-ip-ncvrd-chrg-amt-extension.json,external/synthea/src/test/resources/structureDefinitions/stu3/blueButton2/StructureDefinition-bluebutton-inpatient-nch-ip-ncvrd-chrg-amt-extension.json,json,external_reference_or_fixture,1,17,resourceType; id; url; version; name; status; date; fhirVersion; kind; abstract; contextType; context; type; baseDefinition; derivation; snapshot; differential,15782,99e574f5a3a391b43e1dff816bcf7431519b3699f094a3671b85375cee7d01c8,2026-08-28,reference/configuration JSON object,,,True,True,
StructureDefinition-bluebutton-inpatient-nch-ip-tot-ddctn-amt-extension.json,external/synthea/src/test/resources/structureDefinitions/stu3/blueButton2/StructureDefinition-bluebutton-inpatient-nch-ip-tot-ddctn-amt-extension.json,json,external_reference_or_fixture,1,17,resourceType; id; url; version; name; status; date; fhirVersion; kind; abstract; contextType; context; type; baseDefinition; derivation; snapshot; differential,15777,6dde1a6c356612dc04f567b267de5b235c25aa82677cdebf84c1c490c1e9eeb0,2026-08-28,reference/configuration JSON object,,,True,True,
StructureDefinition-bluebutton-inpatient-nch-profnl-cmpnt-chrg-amt-extension.json,external/synthea/src/test/resources/structureDefinitions/stu3/blueButton2/StructureDefinition-bluebutton-inpatient-nch-profnl-cmpnt-chrg-amt-extension.json,json,external_reference_or_fixture,1,17,resourceType; id; url; version; name; status; date; fhirVersion; kind; abstract; contextType; context; type; baseDefinition; derivation; snapshot; differential,15802,d1a5bd433e0d6c5f0237fd886f1e99de36e4dc9472afc6f536339788c53d2cbe,2026-08-28,reference/configuration JSON object,,,True,True,
StructureDefinition-bluebutton-inpatient-prpayamt-extension.json,external/synthea/src/test/resources/structureDefinitions/stu3/blueButton2/StructureDefinition-bluebutton-inpatient-prpayamt-extension.json,json,external_reference_or_fixture,1,17,resourceType; id; url; version; name; status; date; fhirVersion; kind; abstract; contextType; context; type; baseDefinition; derivation; snapshot; differential,15717,11fa48caca74d1cbe26aeb29d992b1d89887fc541e8fbeecf7d5998aac7ae019,2026-08-28,reference/configuration JSON object,,,True,True,
StructureDefinition-bluebutton-inpatient-rev-cntr-ddctbl-coinsrnc-cd-extension.json,external/synthea/src/test/resources/structureDefinitions/stu3/blueButton2/StructureDefinition-bluebutton-inpatient-rev-cntr-ddctbl-coinsrnc-cd-extension.json,json,external_reference_or_fixture,1,17,resourceType; id; url; version; name; status; date; fhirVersion; kind; abstract; contextType; context; type; baseDefinition; derivation; snapshot; differential,15537,16bbe57a31d7c22df48d008fecbdddf067dfe4d2b3e6b530ba1a1aff153a2a23,2026-08-28,reference/configuration JSON object,,,True,True,
StructureDefinition-bluebutton-inpatient-rev-cntr-ndc-qty-extension.json,external/synthea/src/test/resources/structureDefinitions/stu3/blueButton2/StructureDefinition-bluebutton-inpatient-rev-cntr-ndc-qty-extension.json,json,external_reference_or_fixture,1,17,resourceType; id; url; version; name; status; date; fhirVersion; kind; abstract; contextType; context; type; baseDefinition; derivation; snapshot; differential,15835,c72724c2366d5ca6a3c3a9dd59a023e0f9b38d7b0196663d8851738c8f08356c,2026-08-28,reference/configuration JSON object,,,True,True,
StructureDefinition-bluebutton-outpatient-claim-query-cd-extension.json,external/synthea/src/test/resources/structureDefinitions/stu3/blueButton2/StructureDefinition-bluebutton-outpatient-claim-query-cd-extension.json,json,external_reference_or_fixture,1,17,resourceType; id; url; version; name; status; date; fhirVersion; kind; abstract; contextType; context; type; baseDefinition; derivation; snapshot; differential,15477,2a85440b86bde8363ba1bfd0d6af26c82ffe78e102d1509554f8f4836eeccaa6,2026-08-28,reference/configuration JSON object,,,True,True,
StructureDefinition-bluebutton-outpatient-claim.json,external/synthea/src/test/resources/structureDefinitions/stu3/blueButton2/StructureDefinition-bluebutton-outpatient-claim.json,json,external_reference_or_fixture,1,16,resourceType; id; url; version; name; title; status; date; fhirVersion; kind; abstract; type; baseDefinition; derivation; snapshot; differential,948501,6cc32c72071371f950588bf431485cbe93a87a50355aa91b148dc8e40c0e159a,2026-08-28,reference/configuration JSON object,,,True,True,
StructureDefinition-bluebutton-outpatient-clm-fac-type-cd-extension.json,external/synthea/src/test/resources/structureDefinitions/stu3/blueButton2/StructureDefinition-bluebutton-outpatient-clm-fac-type-cd-extension.json,json,external_reference_or_fixture,1,17,resourceType; id; url; version; name; status; date; fhirVersion; kind; abstract; contextType; context; type; baseDefinition; derivation; snapshot; differential,15482,b4774e507b4573b663708cef10883c6429a14daa84f9c46672688b5a89bcea37,2026-08-28,reference/configuration JSON object,,,True,True,
StructureDefinition-bluebutton-outpatient-clm-mdcr-non-pmt-rsn-cd-extension.json,external/synthea/src/test/resources/structureDefinitions/stu3/blueButton2/StructureDefinition-bluebutton-outpatient-clm-mdcr-non-pmt-rsn-cd-extension.json,json,external_reference_or_fixture,1,17,resourceType; id; url; version; name; status; date; fhirVersion; kind; abstract; contextType; context; type; baseDefinition; derivation; snapshot; differential,15522,4d1e3cf23e3a6e91dd2720302b5537cc05d9b7c1f70e92a0e5a4b9b590598798,2026-08-28,reference/configuration JSON object,,,True,True,
StructureDefinition-bluebutton-outpatient-clm-op-bene-pmt-amt-extension.json,external/synthea/src/test/resources/structureDefinitions/stu3/blueButton2/StructureDefinition-bluebutton-outpatient-clm-op-bene-pmt-amt-extension.json,json,external_reference_or_fixture,1,17,resourceType; id; url; version; name; status; date; fhirVersion; kind; abstract; contextType; context; type; baseDefinition; derivation; snapshot; differential,15777,762cafd8722a4398d2037b8e82036a6c0e3492f183c5923c3386ca631b06a2ed,2026-08-28,reference/configuration JSON object,,,True,True,
StructureDefinition-bluebutton-outpatient-clm-op-prvdr-pmt-amt-extension.json,external/synthea/src/test/resources/structureDefinitions/stu3/blueButton2/StructureDefinition-bluebutton-outpatient-clm-op-prvdr-pmt-amt-extension.json,json,external_reference_or_fixture,1,17,resourceType; id; url; version; name; status; date; fhirVersion; kind; abstract; contextType; context; type; baseDefinition; derivation; snapshot; differential,15782,f2255575a53eb5c44dcce3d115d7d282c28860eddf35efb990c63cc29fd5f689,2026-08-28,reference/configuration JSON object,,,True,True,
StructureDefinition-bluebutton-outpatient-fi-num-extension.json,external/synthea/src/test/resources/structureDefinitions/stu3/blueButton2/StructureDefinition-bluebutton-outpatient-fi-num-extension.json,json,external_reference_or_fixture,1,17,resourceType; id; url; version; name; status; date; fhirVersion; kind; abstract; contextType; context; type; baseDefinition; derivation; snapshot; differential,43645,e7ad2512df4409d3deaa4503129ac34e46b52bc9803cda50bcba37811b31a8cf,2026-08-28,reference/configuration JSON object,,,True,True,
StructureDefinition-bluebutton-outpatient-nch-bene-blood-ddctbl-lblty-am-extension.json,external/synthea/src/test/resources/structureDefinitions/stu3/blueButton2/StructureDefinition-bluebutton-outpatient-nch-bene-blood-ddctbl-lblty-am-extension.json,json,external_reference_or_fixture,1,17,resourceType; id; url; version; name; status; date; fhirVersion; kind; abstract; contextType; context; type; baseDefinition; derivation; snapshot; differential,15832,3deeadb25d9f2211981230883a7df9b60ff8d31008da4ec436f5f39834e86ad2,2026-08-28,reference/configuration JSON object,,,True,True,
StructureDefinition-bluebutton-outpatient-nch-bene-ptb-coinsrnc-amt-extension.json,external/synthea/src/test/resources/structureDefinitions/stu3/blueButton2/StructureDefinition-bluebutton-outpatient-nch-bene-ptb-coinsrnc-amt-extension.json,json,external_reference_or_fixture,1,17,resourceType; id; url; version; name; status; date; fhirVersion; kind; abstract; contextType; context; type; baseDefinition; derivation; snapshot; differential,15807,385bea297c85e38d2c5963ac71a890520faff781467076d8671477f16819c8af,2026-08-28,reference/configuration JSON object,,,True,True,
StructureDefinition-bluebutton-outpatient-nch-bene-ptb-ddctbl-amt-extension.json,external/synthea/src/test/resources/structureDefinitions/stu3/blueButton2/StructureDefinition-bluebutton-outpatient-nch-bene-ptb-ddctbl-amt-extension.json,json,external_reference_or_fixture,1,17,resourceType; id; url; version; name; status; date; fhirVersion; kind; abstract; contextType; context; type; baseDefinition; derivation; snapshot; differential,15797,aa6aa0f193077ed05b0cd83c3ad9973ec6096f632a40581e2753f83c7b658f59,2026-08-28,reference/configuration JSON object,,,True,True,
StructureDefinition-bluebutton-outpatient-nch-profnl-cmpnt-chrg-amt-extension.json,external/synthea/src/test/resources/structureDefinitions/stu3/blueButton2/StructureDefinition-bluebutton-outpatient-nch-profnl-cmpnt-chrg-amt-extension.json,json,external_reference_or_fixture,1,17,resourceType; id; url; version; name; status; date; fhirVersion; kind; abstract; contextType; context; type; baseDefinition; derivation; snapshot; differential,15807,1f4a5b1fb95a73da5b327448df89ba2a2c7d59637dae7ce169df12008070baa6,2026-08-28,reference/configuration JSON object,,,True,True,
StructureDefinition-bluebutton-outpatient-prpayamt-extension.json,external/synthea/src/test/resources/structureDefinitions/stu3/blueButton2/StructureDefinition-bluebutton-outpatient-prpayamt-extension.json,json,external_reference_or_fixture,1,17,resourceType; id; url; version; name; status; date; fhirVersion; kind; abstract; contextType; context; type; baseDefinition; derivation; snapshot; differential,15722,c31d5443b3ff6dd3b7451a353527b92314761b6552c77b06d6432202f452e5e7,2026-08-28,reference/configuration JSON object,,,True,True,
StructureDefinition-bluebutton-outpatient-rev-cntr-ide-ndc-upc-num-extension.json,external/synthea/src/test/resources/structureDefinitions/stu3/blueButton2/StructureDefinition-bluebutton-outpatient-rev-cntr-ide-ndc-upc-num-extension.json,json,external_reference_or_fixture,1,17,resourceType; id; url; version; name; status; date; fhirVersion; kind; abstract; contextType; context; type; baseDefinition; derivation; snapshot; differential,15527,f71e8303dc67d41fde8430fc99b88287a3dbf44fe380ba4d11a544fb6c26a7b7,2026-08-28,reference/configuration JSON object,,,True,True,
StructureDefinition-bluebutton-outpatient-rev-cntr-ndc-qty-extension.json,external/synthea/src/test/resources/structureDefinitions/stu3/blueButton2/StructureDefinition-bluebutton-outpatient-rev-cntr-ndc-qty-extension.json,json,external_reference_or_fixture,1,17,resourceType; id; url; version; name; status; date; fhirVersion; kind; abstract; contextType; context; type; baseDefinition; derivation; snapshot; differential,15840,56f01468f70477c01077b1895bb59a88a1c255a08d02af979fdd568cd60e7d38,2026-08-28,reference/configuration JSON object,,,True,True,
StructureDefinition-bluebutton-outpatient-rev-cntr-stus-ind-cd-extension.json,external/synthea/src/test/resources/structureDefinitions/stu3/blueButton2/StructureDefinition-bluebutton-outpatient-rev-cntr-stus-ind-cd-extension.json,json,external_reference_or_fixture,1,17,resourceType; id; url; version; name; status; date; fhirVersion; kind; abstract; contextType; context; type; baseDefinition; derivation; snapshot; differential,15507,738c4d7263eb14e411c2af50a95886aa156e10e034e3c7b30ab31fde92d1d4c4,2026-08-28,reference/configuration JSON object,,,True,True,
StructureDefinition-bluebutton-patient-claim.json,external/synthea/src/test/resources/structureDefinitions/stu3/blueButton2/StructureDefinition-bluebutton-patient-claim.json,json,external_reference_or_fixture,1,16,resourceType; id; url; version; name; title; status; date; fhirVersion; kind; abstract; type; baseDefinition; derivation; snapshot; differential,231852,624ff7dee7946abf7d2573f3818682c44d02b58fdb7f18f0bc668b593dc7ba6e,2026-08-28,reference/configuration JSON object,,,True,True,
StructureDefinition-bluebutton-patient-race-extension.json,external/synthea/src/test/resources/structureDefinitions/stu3/blueButton2/StructureDefinition-bluebutton-patient-race-extension.json,json,external_reference_or_fixture,1,17,resourceType; id; url; version; name; status; date; fhirVersion; kind; abstract; contextType; context; type; baseDefinition; derivation; snapshot; differential,15791,5d14840334843d6867039801c49820b355a4e28a3dc79ce715d3b0510bf9d799,2026-08-28,reference/configuration JSON object,,,True,True,
StructureDefinition-bluebutton-pde-benefit-package-id-extension.json,external/synthea/src/test/resources/structureDefinitions/stu3/blueButton2/StructureDefinition-bluebutton-pde-benefit-package-id-extension.json,json,external_reference_or_fixture,1,17,resourceType; id; url; version; name; status; date; fhirVersion; kind; abstract; contextType; context; type; baseDefinition; derivation; snapshot; differential,15905,666db6939eef00adb42fed3481f667fdf8e87171bc1d2fd0dcd9345ce7cd41cf,2026-08-28,reference/configuration JSON object,,,True,True,
StructureDefinition-bluebutton-pde-claim.json,external/synthea/src/test/resources/structureDefinitions/stu3/blueButton2/StructureDefinition-bluebutton-pde-claim.json,json,external_reference_or_fixture,1,16,resourceType; id; url; version; name; title; status; date; fhirVersion; kind; abstract; type; baseDefinition; derivation; snapshot; differential,978333,0f80ef1b0e8bb0630ac6486e6643c67edb2fb57e0c90c9557f824600f13072b1,2026-08-28,reference/configuration JSON object,,,True,True,
StructureDefinition-bluebutton-pde-days-supply-num-extension.json,external/synthea/src/test/resources/structureDefinitions/stu3/blueButton2/StructureDefinition-bluebutton-pde-days-supply-num-extension.json,json,external_reference_or_fixture,1,17,resourceType; id; url; version; name; status; date; fhirVersion; kind; abstract; contextType; context; type; baseDefinition; derivation; snapshot; differential,15866,d5fdc24b07471f3f4472421aad109b75311100394092574fa50d3095cfcbae9c,2026-08-28,reference/configuration JSON object,,,True,True,
StructureDefinition-bluebutton-pde-fill-num-extension.json,external/synthea/src/test/resources/structureDefinitions/stu3/blueButton2/StructureDefinition-bluebutton-pde-fill-num-extension.json,json,external_reference_or_fixture,1,17,resourceType; id; url; version; name; status; date; fhirVersion; kind; abstract; contextType; context; type; baseDefinition; derivation; snapshot; differential,14913,37297c29a173766b71ea243f6aea08c45ffbdfd01697b4007915e048b0c6784a,2026-08-28,reference/configuration JSON object,,,True,True,
StructureDefinition-bluebutton-pde-phrmcy-srvc-type-cd-extension.json,external/synthea/src/test/resources/structureDefinitions/stu3/blueButton2/StructureDefinition-bluebutton-pde-phrmcy-srvc-type-cd-extension.json,json,external_reference_or_fixture,1,17,resourceType; id; url; version; name; status; date; fhirVersion; kind; abstract; contextType; context; type; baseDefinition; derivation; snapshot; differential,14956,30eb9f5953d0b2ba3d014b90a9baf180c95fa78f1e96f845a08cb293e1357d0f,2026-08-28,reference/configuration JSON object,,,True,True,
StructureDefinition-bluebutton-pde-plan-cntrct-rec-id-extension.json,external/synthea/src/test/resources/structureDefinitions/stu3/blueButton2/StructureDefinition-bluebutton-pde-plan-cntrct-rec-id-extension.json,json,external_reference_or_fixture,1,17,resourceType; id; url; version; name; status; date; fhirVersion; kind; abstract; contextType; context; type; baseDefinition; derivation; snapshot; differential,44031,37ccb2bd95e8a4587f833a834d028ab263c376f4d8f82be8e00e6bf8262cbc01,2026-08-28,reference/configuration JSON object,,,True,True,
StructureDefinition-bluebutton-snf-claim-query-cd-extension.json,external/synthea/src/test/resources/structureDefinitions/stu3/blueButton2/StructureDefinition-bluebutton-snf-claim-query-cd-extension.json,json,external_reference_or_fixture,1,17,resourceType; id; url; version; name; status; date; fhirVersion; kind; abstract; contextType; context; type; baseDefinition; derivation; snapshot; differential,15442,396a89c17bc522bcc0fa53763f2d2370f176962ef4f2044113cde5159758272b,2026-08-28,reference/configuration JSON object,,,True,True,
StructureDefinition-bluebutton-snf-claim.json,external/synthea/src/test/resources/structureDefinitions/stu3/blueButton2/StructureDefinition-bluebutton-snf-claim.json,json,external_reference_or_fixture,1,16,resourceType; id; url; version; name; title; status; date; fhirVersion; kind; abstract; type; baseDefinition; derivation; snapshot; differential,1113385,62ff388eb8a94d9a7f9f69ff3c9c9190bc2c69062f0544088507ffa6d1715029,2026-08-28,reference/configuration JSON object,,,True,True,
StructureDefinition-bluebutton-snf-clm-fac-type-cd-extension.json,external/synthea/src/test/resources/structureDefinitions/stu3/blueButton2/StructureDefinition-bluebutton-snf-clm-fac-type-cd-extension.json,json,external_reference_or_fixture,1,17,resourceType; id; url; version; name; status; date; fhirVersion; kind; abstract; contextType; context; type; baseDefinition; derivation; snapshot; differential,15447,0330af5aa9fdeb58ad2a2edd86ce8477a2ecf4d80f454daebb912e84770ac02a,2026-08-28,reference/configuration JSON object,,,True,True,
StructureDefinition-bluebutton-snf-clm-mdcr-non-pmt-rsn-cd-extension.json,external/synthea/src/test/resources/structureDefinitions/stu3/blueButton2/StructureDefinition-bluebutton-snf-clm-mdcr-non-pmt-rsn-cd-extension.json,json,external_reference_or_fixture,1,17,resourceType; id; url; version; name; status; date; fhirVersion; kind; abstract; contextType; context; type; baseDefinition; derivation; snapshot; differential,15487,8c86ac3ad11af2dfef897137944d590208558eb999387e4b7d8ca992e8253803,2026-08-28,reference/configuration JSON object,,,True,True,
StructureDefinition-bluebutton-snf-clm-pps-cptl-dsprprtnt-shr-amt-extension.json,external/synthea/src/test/resources/structureDefinitions/stu3/blueButton2/StructureDefinition-bluebutton-snf-clm-pps-cptl-dsprprtnt-shr-amt-extension.json,json,external_reference_or_fixture,1,17,resourceType; id; url; version; name; status; date; fhirVersion; kind; abstract; contextType; context; type; baseDefinition; derivation; snapshot; differential,15797,c118bedb6e4709cd9cc3316e772e4d2a873e7e75948a4a5113361f2fa65789b2,2026-08-28,reference/configuration JSON object,,,True,True,
StructureDefinition-bluebutton-snf-clm-pps-cptl-excptn-amt-extension.json,external/synthea/src/test/resources/structureDefinitions/stu3/blueButton2/StructureDefinition-bluebutton-snf-clm-pps-cptl-excptn-amt-extension.json,json,external_reference_or_fixture,1,17,resourceType; id; url; version; name; status; date; fhirVersion; kind; abstract; contextType; context; type; baseDefinition; derivation; snapshot; differential,15762,1677a63a48a0249c18926323f2e7f872bf9d3d74cb7a434f604961b6a0898ef1,2026-08-28,reference/configuration JSON object,,,True,True,
StructureDefinition-bluebutton-snf-clm-pps-cptl-fsp-amt-extension.json,external/synthea/src/test/resources/structureDefinitions/stu3/blueButton2/StructureDefinition-bluebutton-snf-clm-pps-cptl-fsp-amt-extension.json,json,external_reference_or_fixture,1,17,resourceType; id; url; version; name; status; date; fhirVersion; kind; abstract; contextType; context; type; baseDefinition; derivation; snapshot; differential,15747,52ed886361e8bb878e00baaccfd387985a0a6a5332a773a5b39c3aaf6e60e141,2026-08-28,reference/configuration JSON object,,,True,True,
StructureDefinition-bluebutton-snf-clm-pps-cptl-ime-amt-extension.json,external/synthea/src/test/resources/structureDefinitions/stu3/blueButton2/StructureDefinition-bluebutton-snf-clm-pps-cptl-ime-amt-extension.json,json,external_reference_or_fixture,1,17,resourceType; id; url; version; name; status; date; fhirVersion; kind; abstract; contextType; context; type; baseDefinition; derivation; snapshot; differential,15747,59c2132ff7f5f7cdc246205db80e04df5d4ff868e5c83b211b807d24741ddce9,2026-08-28,reference/configuration JSON object,,,True,True,
StructureDefinition-bluebutton-snf-clm-pps-cptl-outlier-amt-extension.json,external/synthea/src/test/resources/structureDefinitions/stu3/blueButton2/StructureDefinition-bluebutton-snf-clm-pps-cptl-outlier-amt-extension.json,json,external_reference_or_fixture,1,17,resourceType; id; url; version; name; status; date; fhirVersion; kind; abstract; contextType; context; type; baseDefinition; derivation; snapshot; differential,15767,068d8cc66c6c58da9c65d3d2b034facf001b062ffec2470623b3e62fe6df6c53,2026-08-28,reference/configuration JSON object,,,True,True,
StructureDefinition-bluebutton-snf-clm-pps-old-cptl-hld-hrmls-amt-extension.json,external/synthea/src/test/resources/structureDefinitions/stu3/blueButton2/StructureDefinition-bluebutton-snf-clm-pps-old-cptl-hld-hrmls-amt-extension.json,json,external_reference_or_fixture,1,17,resourceType; id; url; version; name; status; date; fhirVersion; kind; abstract; contextType; context; type; baseDefinition; derivation; snapshot; differential,15797,b5ad9ad881cf03d31362892b24fe3f17d4d3a34777b8a5b5d516a72f9bed90df,2026-08-28,reference/configuration JSON object,,,True,True,
StructureDefinition-bluebutton-snf-fi-num-extension.json,external/synthea/src/test/resources/structureDefinitions/stu3/blueButton2/StructureDefinition-bluebutton-snf-fi-num-extension.json,json,external_reference_or_fixture,1,17,resourceType; id; url; version; name; status; date; fhirVersion; kind; abstract; contextType; context; type; baseDefinition; derivation; snapshot; differential,43610,a5aaae69c84f13e55b17bf01d333dbc0352a4ac08b51dafbdcdb940828cd00d8,2026-08-28,reference/configuration JSON object,,,True,True,
StructureDefinition-bluebutton-snf-nch-bene-blood-ddctbl-lblty-am-extension.json,external/synthea/src/test/resources/structureDefinitions/stu3/blueButton2/StructureDefinition-bluebutton-snf-nch-bene-blood-ddctbl-lblty-am-extension.json,json,external_reference_or_fixture,1,17,resourceType; id; url; version; name; status; date; fhirVersion; kind; abstract; contextType; context; type; baseDefinition; derivation; snapshot; differential,15797,7fd4ce56c3f4aaa382d357499171e645cda50b1c0c8dd7876ff1c3212fddd347,2026-08-28,reference/configuration JSON object,,,True,True,
StructureDefinition-bluebutton-snf-nch-bene-ip-ddctbl-amt-extension.json,external/synthea/src/test/resources/structureDefinitions/stu3/blueButton2/StructureDefinition-bluebutton-snf-nch-bene-ip-ddctbl-amt-extension.json,json,external_reference_or_fixture,1,17,resourceType; id; url; version; name; status; date; fhirVersion; kind; abstract; contextType; context; type; baseDefinition; derivation; snapshot; differential,15757,c5e9dfa60770071b54a66fe4ace9ca4584b41fafcd0b7e2664877fd192de8f98,2026-08-28,reference/configuration JSON object,,,True,True,
StructureDefinition-bluebutton-snf-nch-bene-pta-coinsrnc-lblty-amt-extension.json,external/synthea/src/test/resources/structureDefinitions/stu3/blueButton2/StructureDefinition-bluebutton-snf-nch-bene-pta-coinsrnc-lblty-amt-extension.json,json,external_reference_or_fixture,1,17,resourceType; id; url; version; name; status; date; fhirVersion; kind; abstract; contextType; context; type; baseDefinition; derivation; snapshot; differential,15802,711660abf5a9d1ffb54c443cdfbd2b98e63399f900301ea66a3e5515fe96a2fc,2026-08-28,reference/configuration JSON object,,,True,True,
StructureDefinition-bluebutton-snf-nch-ip-ncvrd-chrg-amt-extension.json,external/synthea/src/test/resources/structureDefinitions/stu3/blueButton2/StructureDefinition-bluebutton-snf-nch-ip-ncvrd-chrg-amt-extension.json,json,external_reference_or_fixture,1,17,resourceType; id; url; version; name; status; date; fhirVersion; kind; abstract; contextType; context; type; baseDefinition; derivation; snapshot; differential,15752,b9ff1587a6b02177a82e97e8905ff780be1b8b1e225e22d28388e4fe9a81b654,2026-08-28,reference/configuration JSON object,,,True,True,
StructureDefinition-bluebutton-snf-nch-ip-tot-ddctn-amt-extension.json,external/synthea/src/test/resources/structureDefinitions/stu3/blueButton2/StructureDefinition-bluebutton-snf-nch-ip-tot-ddctn-amt-extension.json,json,external_reference_or_fixture,1,17,resourceType; id; url; version; name; status; date; fhirVersion; kind; abstract; contextType; context; type; baseDefinition; derivation; snapshot; differential,15747,784bed11e821bb22eb990201e467aae7955a3af985fc090195f4f411e7f4df29,2026-08-28,reference/configuration JSON object,,,True,True,
StructureDefinition-bluebutton-snf-prpayamt-extension.json,external/synthea/src/test/resources/structureDefinitions/stu3/blueButton2/StructureDefinition-bluebutton-snf-prpayamt-extension.json,json,external_reference_or_fixture,1,17,resourceType; id; url; version; name; status; date; fhirVersion; kind; abstract; contextType; context; type; baseDefinition; derivation; snapshot; differential,15687,aae217f5796c8a1e95c9e7bbcc805427526a507ba60dcf251afd5dc8931e432f,2026-08-28,reference/configuration JSON object,,,True,True,
StructureDefinition-bluebutton-snf-rev-cntr-ddctbl-coinsrnc-cd-extension.json,external/synthea/src/test/resources/structureDefinitions/stu3/blueButton2/StructureDefinition-bluebutton-snf-rev-cntr-ddctbl-coinsrnc-cd-extension.json,json,external_reference_or_fixture,1,17,resourceType; id; url; version; name; status; date; fhirVersion; kind; abstract; contextType; context; type; baseDefinition; derivation; snapshot; differential,15507,036cdfb628e436ccf87e9fe6aad9b2ac44c778d68378e67e7a68d09e807a1796,2026-08-28,reference/configuration JSON object,,,True,True,
ValueSet-adjstmt-dltn-cd.json,external/synthea/src/test/resources/structureDefinitions/stu3/blueButton2/ValueSet-adjstmt-dltn-cd.json,json,external_reference_or_fixture,1,8,resourceType; id; url; version; name; status; date; compose,377,210082b8b6fe5c458d6ca2bbe31a99275145cd095bd41ef4bbab1e43e62f8c26,2026-08-28,reference/configuration JSON object,,,True,True,
ValueSet-adjudications.json,external/synthea/src/test/resources/structureDefinitions/stu3/blueButton2/ValueSet-adjudications.json,json,external_reference_or_fixture,1,8,resourceType; id; url; version; name; status; date; compose,365,0a40adff932601ed2b9374ef46f57875f2af2bb505fd671ff979d8283e70ebef,2026-08-28,reference/configuration JSON object,,,True,True,
ValueSet-asgmntcd.json,external/synthea/src/test/resources/structureDefinitions/stu3/blueButton2/ValueSet-asgmntcd.json,json,external_reference_or_fixture,1,8,resourceType; id; url; version; name; status; date; compose,382,3572fa2c73ef4fd5622a3cf28272f136b0cb1cb46a77e46e80afb4c0619dabb5,2026-08-28,reference/configuration JSON object,,,True,True,
ValueSet-betos-cd.json,external/synthea/src/test/resources/structureDefinitions/stu3/blueButton2/ValueSet-betos-cd.json,json,external_reference_or_fixture,1,8,resourceType; id; url; version; name; status; date; compose,381,181d14629920843d7c4eeb3aa2cc4d062d0c5c3012598d2af65573f441a8c6c6,2026-08-28,reference/configuration JSON object,,,True,True,
ValueSet-brnd-gnrc-cd.json,external/synthea/src/test/resources/structureDefinitions/stu3/blueButton2/ValueSet-brnd-gnrc-cd.json,json,external_reference_or_fixture,1,8,resourceType; id; url; version; name; status; date; compose,390,1a75af4c1cc8c884fe6c68ab5d48d53918908bf035ef4c38a3b865ae6388fffc,2026-08-28,reference/configuration JSON object,,,True,True,
ValueSet-carr-clm-pmt-dnl-cd.json,external/synthea/src/test/resources/structureDefinitions/stu3/blueButton2/ValueSet-carr-clm-pmt-dnl-cd.json,json,external_reference_or_fixture,1,8,resourceType; id; url; version; name; status; date; compose,398,7c02d45c7cfe7b0bd26ddac848f728ac37519a7dbc5341e6ccdda1a44fa96b75,2026-08-28,reference/configuration JSON object,,,True,True,
ValueSet-carr-line-mtus-cd.json,external/synthea/src/test/resources/structureDefinitions/stu3/blueButton2/ValueSet-carr-line-mtus-cd.json,json,external_reference_or_fixture,1,8,resourceType; id; url; version; name; status; date; compose,419,81419e081f3b06c1b848c17f4d19074ce17e5295846a8a93ea59290123217121,2026-08-28,reference/configuration JSON object,,,True,True,
ValueSet-carr-line-prcng-lclty-cd.json,external/synthea/src/test/resources/structureDefinitions/stu3/blueButton2/ValueSet-carr-line-prcng-lclty-cd.json,json,external_reference_or_fixture,1,8,resourceType; id; url; version; name; status; date; compose,414,7b1783e8677fbcbadf183d3e2a8d105f715aae6636bfb8c37509db839a51d75a,2026-08-28,reference/configuration JSON object,,,True,True,
ValueSet-carr-line-prvdr-type-cd.json,external/synthea/src/test/resources/structureDefinitions/stu3/blueButton2/ValueSet-carr-line-prvdr-type-cd.json,json,external_reference_or_fixture,1,8,resourceType; id; url; version; name; status; date; compose,408,7a3abaae8b0e4e27321c8c04bbbcd7b3c5ac255ff230de720ddaa37c5ae3cf55,2026-08-28,reference/configuration JSON object,,,True,True,
ValueSet-carr-num.json,external/synthea/src/test/resources/structureDefinitions/stu3/blueButton2/ValueSet-carr-num.json,json,external_reference_or_fixture,1,8,resourceType; id; url; version; name; status; date; compose,353,38b224926625ce30b9a16705037c27d9809979e74a2f6b134f18a3ff393df3e7,2026-08-28,reference/configuration JSON object,,,True,True,
ValueSet-claim-query-cd.json,external/synthea/src/test/resources/structureDefinitions/stu3/blueButton2/ValueSet-claim-query-cd.json,json,external_reference_or_fixture,1,8,resourceType; id; url; version; name; status; date; compose,366,2d06528a6923f8fa366eaf085cd62625c4f506b316b5bc5790bc512cac73b582,2026-08-28,reference/configuration JSON object,,,True,True,
ValueSet-clm-fac-type-cd.json,external/synthea/src/test/resources/structureDefinitions/stu3/blueButton2/ValueSet-clm-fac-type-cd.json,json,external_reference_or_fixture,1,8,resourceType; id; url; version; name; status; date; compose,377,07bdd095c704375fc3fbefd2fdd74acf30a24d6f47d974954574424f35c6be87,2026-08-28,reference/configuration JSON object,,,True,True,
ValueSet-clm-freq-cd.json,external/synthea/src/test/resources/structureDefinitions/stu3/blueButton2/ValueSet-clm-freq-cd.json,json,external_reference_or_fixture,1,8,resourceType; id; url; version; name; status; date; compose,361,3738264cd350431f6335881c840151a66beaec179a45ae628a090836482537d2,2026-08-28,reference/configuration JSON object,,,True,True,
ValueSet-clm-hha-lupa-ind-cd.json,external/synthea/src/test/resources/structureDefinitions/stu3/blueButton2/ValueSet-clm-hha-lupa-ind-cd.json,json,external_reference_or_fixture,1,8,resourceType; id; url; version; name; status; date; compose,431,5103d30bce17226a6d2f666206eb1789d2778a20e4def5ce9bc8e1c51eb0449d,2026-08-28,reference/configuration JSON object,,,True,True,
ValueSet-clm-hha-rfrl-cd.json,external/synthea/src/test/resources/structureDefinitions/stu3/blueButton2/ValueSet-clm-hha-rfrl-cd.json,json,external_reference_or_fixture,1,8,resourceType; id; url; version; name; status; date; compose,376,9fa33a6e34b7dd17148fb53e33d5afc6cb7e05e5827219543a07441c639da4ab,2026-08-28,reference/configuration JSON object,,,True,True,
ValueSet-clm-ip-admsn-type-cd.json,external/synthea/src/test/resources/structureDefinitions/stu3/blueButton2/ValueSet-clm-ip-admsn-type-cd.json,json,external_reference_or_fixture,1,8,resourceType; id; url; version; name; status; date; compose,403,a6165f1ab79d9ef70ab7a57e0a5ee73efb35b33691567b1465ea322ed9cd54c7,2026-08-28,reference/configuration JSON object,,,True,True,
ValueSet-clm-mco-pd-sw.json,external/synthea/src/test/resources/structureDefinitions/stu3/blueButton2/ValueSet-clm-mco-pd-sw.json,json,external_reference_or_fixture,1,8,resourceType; id; url; version; name; status; date; compose,368,81e127a0bcbe6f0ff52377b6e109822f5c70ddc55f282b8e1a83307b99d9783c,2026-08-28,reference/configuration JSON object,,,True,True,
ValueSet-clm-mdcr-non-pmt-rsn-cd.json,external/synthea/src/test/resources/structureDefinitions/stu3/blueButton2/ValueSet-clm-mdcr-non-pmt-rsn-cd.json,json,external_reference_or_fixture,1,8,resourceType; id; url; version; name; status; date; compose,415,54fb3b0a25f482371ac386a7d2a9418adcaabaa77034b31fd9dfc495c7e8404a,2026-08-28,reference/configuration JSON object,,,True,True,
ValueSet-clm-poa-ind-sw1.json,external/synthea/src/test/resources/structureDefinitions/stu3/blueButton2/ValueSet-clm-poa-ind-sw1.json,json,external_reference_or_fixture,1,8,resourceType; id; url; version; name; status; date; compose,427,ef42b1968d61d7537320db3d97f5d5d5e4e5294a0f78d6bbd2040c1c14fed235,2026-08-28,reference/configuration JSON object,,,True,True,
ValueSet-clm-src-ip-admsn-cd.json,external/synthea/src/test/resources/structureDefinitions/stu3/blueButton2/ValueSet-clm-src-ip-admsn-cd.json,json,external_reference_or_fixture,1,8,resourceType; id; url; version; name; status; date; compose,402,025ebf52fc98567543c7d19b5b1db259d1971bec354afd2db501caa3295e35ab,2026-08-28,reference/configuration JSON object,,,True,True,
ValueSet-ctstrphc-cvrg-cd.json,external/synthea/src/test/resources/structureDefinitions/stu3/blueButton2/ValueSet-ctstrphc-cvrg-cd.json,json,external_reference_or_fixture,1,8,resourceType; id; url; version; name; status; date; compose,382,e9fb726fc29df4b821b57242b73eb1bd4bb36450821de4dc3dc0433d26acd03a,2026-08-28,reference/configuration JSON object,,,True,True,
ValueSet-daw-prod-slctn-cd.json,external/synthea/src/test/resources/structureDefinitions/stu3/blueButton2/ValueSet-daw-prod-slctn-cd.json,json,external_reference_or_fixture,1,8,resourceType; id; url; version; name; status; date; compose,407,d88f8638146a647f03a47240275e93a4cd79a6d3ce88347dd7719998e094a882,2026-08-28,reference/configuration JSON object,,,True,True,
ValueSet-dmerc-line-prcng-state-cd.json,external/synthea/src/test/resources/structureDefinitions/stu3/blueButton2/ValueSet-dmerc-line-prcng-state-cd.json,json,external_reference_or_fixture,1,8,resourceType; id; url; version; name; status; date; compose,418,03cb78fbb306f997e4ad1683e6b08728843a8269104a0a1b4235e3f714de04e1,2026-08-28,reference/configuration JSON object,,,True,True,
ValueSet-dmerc-line-supplr-type-cd.json,external/synthea/src/test/resources/structureDefinitions/stu3/blueButton2/ValueSet-dmerc-line-supplr-type-cd.json,json,external_reference_or_fixture,1,8,resourceType; id; url; version; name; status; date; compose,412,1d14923956c0380aba97f23cccdce34a791e1d23ab7fbbca4ca9b579a8d21a35,2026-08-28,reference/configuration JSON object,,,True,True,
ValueSet-drug-cvrg-stus-cd.json,external/synthea/src/test/resources/structureDefinitions/stu3/blueButton2/ValueSet-drug-cvrg-stus-cd.json,json,external_reference_or_fixture,1,8,resourceType; id; url; version; name; status; date; compose,384,2f15a4bec21c01203764f17b75ecc77e6863fcdde8fab43755260d97bd67de24,2026-08-28,reference/configuration JSON object,,,True,True,
ValueSet-dspnsng-stus-cd.json,external/synthea/src/test/resources/structureDefinitions/stu3/blueButton2/ValueSet-dspnsng-stus-cd.json,json,external_reference_or_fixture,1,8,resourceType; id; url; version; name; status; date; compose,375,96143619a0043a86dbeb9e90d28d06a7f98c3e7e89b0d175653b4fbd049e8e92,2026-08-28,reference/configuration JSON object,,,True,True,
ValueSet-gndr-cd.json,external/synthea/src/test/resources/structureDefinitions/stu3/blueButton2/ValueSet-gndr-cd.json,json,external_reference_or_fixture,1,8,resourceType; id; url; version; name; status; date; compose,343,cc5c4e50d5f1dc8d049a1833b200df6305bdaa637c8647b2032b87e4683fdff6,2026-08-28,reference/configuration JSON object,,,True,True,
ValueSet-information-categories.json,external/synthea/src/test/resources/structureDefinitions/stu3/blueButton2/ValueSet-information-categories.json,json,external_reference_or_fixture,1,8,resourceType; id; url; version; name; status; date; compose,396,5c677a435d57e05ef8f9c80d70c9e9a69ec7bdd9fc054148a249d4bf53130ba0,2026-08-28,reference/configuration JSON object,,,True,True,
ValueSet-line-bene-prmry-pyr-cd.json,external/synthea/src/test/resources/structureDefinitions/stu3/blueButton2/ValueSet-line-bene-prmry-pyr-cd.json,json,external_reference_or_fixture,1,8,resourceType; id; url; version; name; status; date; compose,415,da77b6be234421ced9e7fc90cc05734c028db06f955c30be792e415a83a02ddc,2026-08-28,reference/configuration JSON object,,,True,True,
ValueSet-line-pmt-80-100-cd.json,external/synthea/src/test/resources/structureDefinitions/stu3/blueButton2/ValueSet-line-pmt-80-100-cd.json,json,external_reference_or_fixture,1,8,resourceType; id; url; version; name; status; date; compose,390,1162dc7cf38fb9f21c778aa873a45d703a77f977c48bc507f5d969c9fbf8d86f,2026-08-28,reference/configuration JSON object,,,True,True,
ValueSet-line-service-deductible.json,external/synthea/src/test/resources/structureDefinitions/stu3/blueButton2/ValueSet-line-service-deductible.json,json,external_reference_or_fixture,1,8,resourceType; id; url; version; name; status; date; compose,417,655522a89a986e97342e806bdd56f53555722a4812744fcf7e1d38ef56fb9c45,2026-08-28,reference/configuration JSON object,,,True,True,
ValueSet-nch-prmry-pyr-cd.json,external/synthea/src/test/resources/structureDefinitions/stu3/blueButton2/ValueSet-nch-prmry-pyr-cd.json,json,external_reference_or_fixture,1,8,resourceType; id; url; version; name; status; date; compose,396,8dbbf28aad5e51a8d4b120d23e324001ff10492f1f8b06e775e1f695c89a6e3a,2026-08-28,reference/configuration JSON object,,,True,True,
ValueSet-nch-ptnt-stus-ind-cd.json,external/synthea/src/test/resources/structureDefinitions/stu3/blueButton2/ValueSet-nch-ptnt-stus-ind-cd.json,json,external_reference_or_fixture,1,8,resourceType; id; url; version; name; status; date; compose,401,c4b63a87b8144e98b215696cda691da9b539655c7141094a6bf9aab8bd641d69,2026-08-28,reference/configuration JSON object,,,True,True,
ValueSet-nstd-frmt-cd.json,external/synthea/src/test/resources/structureDefinitions/stu3/blueButton2/ValueSet-nstd-frmt-cd.json,json,external_reference_or_fixture,1,8,resourceType; id; url; version; name; status; date; compose,368,12136f35b041d2256e10200db4cd5b294b155d05eb4043d48eefad7c2074543d,2026-08-28,reference/configuration JSON object,,,True,True,
ValueSet-phrmcy-srvc-type-cd.json,external/synthea/src/test/resources/structureDefinitions/stu3/blueButton2/ValueSet-phrmcy-srvc-type-cd.json,json,external_reference_or_fixture,1,8,resourceType; id; url; version; name; status; date; compose,391,9002a6321b4afb489827456061ac90c17f40a50aaafd2d76f5775f94346f4e5b,2026-08-28,reference/configuration JSON object,,,True,True,
ValueSet-plan-cntrct-rec-id.json,external/synthea/src/test/resources/structureDefinitions/stu3/blueButton2/ValueSet-plan-cntrct-rec-id.json,json,external_reference_or_fixture,1,8,resourceType; id; url; version; name; status; date; compose,378,4296fade267031661db9adc17fb48f62a19e6af5d9758b67bc8e1a5607802ce8,2026-08-28,reference/configuration JSON object,,,True,True,
ValueSet-prcng-excptn-cd.json,external/synthea/src/test/resources/structureDefinitions/stu3/blueButton2/ValueSet-prcng-excptn-cd.json,json,external_reference_or_fixture,1,8,resourceType; id; url; version; name; status; date; compose,375,1c1c01a270e065eb0c91068c00ecb80b5af497c1ecdf7cd9e1149886c37627f3,2026-08-28,reference/configuration JSON object,,,True,True,
ValueSet-prtcptng-ind-cd.json,external/synthea/src/test/resources/structureDefinitions/stu3/blueButton2/ValueSet-prtcptng-ind-cd.json,json,external_reference_or_fixture,1,8,resourceType; id; url; version; name; status; date; compose,395,1fff37cac6266ce286a271812062fa633679165ffa97a49d12a7ff6d0befdaff,2026-08-28,reference/configuration JSON object,,,True,True,
ValueSet-prvdr-state-cd.json,external/synthea/src/test/resources/structureDefinitions/stu3/blueButton2/ValueSet-prvdr-state-cd.json,json,external_reference_or_fixture,1,8,resourceType; id; url; version; name; status; date; compose,377,70246055a0397b7c0fbbe288b018791f7b2f84ea908b96d862705c72191bc9b0,2026-08-28,reference/configuration JSON object,,,True,True,
ValueSet-ptnt-dschrg-stus-cd.json,external/synthea/src/test/resources/structureDefinitions/stu3/blueButton2/ValueSet-ptnt-dschrg-stus-cd.json,json,external_reference_or_fixture,1,8,resourceType; id; url; version; name; status; date; compose,394,2434af21bb872dcd9637cbd9b25b9ba6abbbd52c9be8db30479fa6d685512978,2026-08-28,reference/configuration JSON object,,,True,True,
ValueSet-ptnt-rsdnc-cd.json,external/synthea/src/test/resources/structureDefinitions/stu3/blueButton2/ValueSet-ptnt-rsdnc-cd.json,json,external_reference_or_fixture,1,8,resourceType; id; url; version; name; status; date; compose,369,472ab76f80a537b531d53f728c12c7f29cbe5b825a5b6a2378dc04ac2074b6fb,2026-08-28,reference/configuration JSON object,,,True,True,
ValueSet-race.json,external/synthea/src/test/resources/structureDefinitions/stu3/blueButton2/ValueSet-race.json,json,external_reference_or_fixture,1,8,resourceType; id; url; version; name; status; date; compose,342,1a66391daacbefe43cd4b3c08ff31a6291783c8787b4f656a3fb4c7ba1aa775c,2026-08-28,reference/configuration JSON object,,,True,True,
ValueSet-rev-cntr-ddctbl-coinsrnc-cd.json,external/synthea/src/test/resources/structureDefinitions/stu3/blueButton2/ValueSet-rev-cntr-ddctbl-coinsrnc-cd.json,json,external_reference_or_fixture,1,8,resourceType; id; url; version; name; status; date; compose,431,21783b5b9ab7831a3d0a3dca52a18204ee79a2c64dfe4544411829f55c7e425e,2026-08-28,reference/configuration JSON object,,,True,True,
ValueSet-rev-cntr-ndc-qty-qlfr-cd.json,external/synthea/src/test/resources/structureDefinitions/stu3/blueButton2/ValueSet-rev-cntr-ndc-qty-qlfr-cd.json,json,external_reference_or_fixture,1,8,resourceType; id; url; version; name; status; date; compose,422,8398766b0d3c36e14bb0cc95f8eb0e1c02c1783e134faae40406af3990c291d6,2026-08-28,reference/configuration JSON object,,,True,True,
ValueSet-rev-cntr-stus-ind-cd.json,external/synthea/src/test/resources/structureDefinitions/stu3/blueButton2/ValueSet-rev-cntr-stus-ind-cd.json,json,external_reference_or_fixture,1,8,resourceType; id; url; version; name; status; date; compose,404,a6bbc1e29be47551e589e8c0493a84baff024f32b58e5f3d1305e2bab824338a,2026-08-28,reference/configuration JSON object,,,True,True,
ValueSet-rx-orgn-cd.json,external/synthea/src/test/resources/structureDefinitions/stu3/blueButton2/ValueSet-rx-orgn-cd.json,json,external_reference_or_fixture,1,8,resourceType; id; url; version; name; status; date; compose,367,edc57e84bea9f76d47c0c41ffed04e9867588dcfc764672f0f30c9c8c09a66ab,2026-08-28,reference/configuration JSON object,,,True,True,
ValueSet-submsn-clr-cd.json,external/synthea/src/test/resources/structureDefinitions/stu3/blueButton2/ValueSet-submsn-clr-cd.json,json,external_reference_or_fixture,1,8,resourceType; id; url; version; name; status; date; compose,376,8639b59e671efc442bfa1a3534d1333231505c65f8115ec14d36dbfcb79f24e1,2026-08-28,reference/configuration JSON object,,,True,True,
fhir_metadata-e55cef99-e443-48af-be8a-66724cab4148.json,external/synthea/src/test/resources/wiremock/CodeResolveAndExportTest/mappings/fhir_metadata-e55cef99-e443-48af-be8a-66724cab4148.json,json,external_reference_or_fixture,1,7,id; name; request; response; uuid; persistent; insertionIndex,40956,3b3082f5606fa6b7a969c8f45e50a4295cfb0bc36562c2eaa7170a8f8d2d74df,2026-08-28,reference/configuration JSON object,,,True,False,
fhir_valueset_expand-060f38f2-b6ef-4d1d-9b63-9375931b10c4.json,external/synthea/src/test/resources/wiremock/CodeResolveAndExportTest/mappings/fhir_valueset_expand-060f38f2-b6ef-4d1d-9b63-9375931b10c4.json,json,external_reference_or_fixture,1,9,id; name; request; response; uuid; persistent; scenarioName; requiredScenarioState; insertionIndex,12141,4eadf53413e78f634bbe870c7271db7d14723988de40cbfa404bf9e9357e3c26,2026-08-28,reference/configuration JSON object,,,True,False,
fhir_valueset_expand-09e02c1b-eb31-45fa-81ba-3f8a0743a6bf.json,external/synthea/src/test/resources/wiremock/CodeResolveAndExportTest/mappings/fhir_valueset_expand-09e02c1b-eb31-45fa-81ba-3f8a0743a6bf.json,json,external_reference_or_fixture,1,10,id; name; request; response; uuid; persistent; scenarioName; requiredScenarioState; newScenarioState; insertionIndex,12176,5bedf46b202d2529a5e5196f2b1ebf6ce5a8ad8fcb58a6379c2706d0e1ec168d,2026-08-28,reference/configuration JSON object,,,True,False,
fhir_valueset_expand-0f42c1d0-6a6b-44aa-b084-14719012640b.json,external/synthea/src/test/resources/wiremock/CodeResolveAndExportTest/mappings/fhir_valueset_expand-0f42c1d0-6a6b-44aa-b084-14719012640b.json,json,external_reference_or_fixture,1,7,id; name; request; response; uuid; persistent; insertionIndex,2526,38e393910d5c1e29f385827e3c9dd4a3a53c0efbd6b108a185d47391c757bb30,2026-08-28,reference/configuration JSON object,,,True,False,
codes.json,external/synthea/src/test/resources/wiremock/RandomCodeGeneratorTest/__files/codes.json,json,external_reference_or_fixture,1,8,resourceType; language; url; name; status; experimental; copyright; expansion,160742,e499434087fc3e8905c92bb45087c357aa369e3edb983ea3934abcc68489478a,2026-08-28,reference/configuration JSON object,,,False,False,
missingCodeElements.ValueSet.json,external/synthea/src/test/resources/wiremock/RandomCodeGeneratorTest/__files/missingCodeElements.ValueSet.json,json,external_reference_or_fixture,1,8,resourceType; language; url; name; status; experimental; copyright; expansion,1312,31be1d9703c174c3f8d159f01a12c1366e6725de9365f05d4fdeec7d0d302c50,2026-08-28,reference/configuration JSON object,,,False,False,
noContains.ValueSet.json,external/synthea/src/test/resources/wiremock/RandomCodeGeneratorTest/__files/noContains.ValueSet.json,json,external_reference_or_fixture,1,8,resourceType; language; url; name; status; experimental; copyright; expansion,1178,60623a8d288d3ee7a5d0349bbc3a5dba33cf0aadfab4c0243dda4b738c6914f7,2026-08-28,reference/configuration JSON object,,,False,False,
noExpansion.ValueSet.json,external/synthea/src/test/resources/wiremock/RandomCodeGeneratorTest/__files/noExpansion.ValueSet.json,json,external_reference_or_fixture,1,7,resourceType; language; url; name; status; experimental; copyright,532,2c075d1561ac9c7265a741bcfe30875856f3b2e3a6751452e3f0c18ba39bebc8,2026-08-28,reference/configuration JSON object,,,False,False,
noTotal.ValueSet.json,external/synthea/src/test/resources/wiremock/RandomCodeGeneratorTest/__files/noTotal.ValueSet.json,json,external_reference_or_fixture,1,8,resourceType; language; url; name; status; experimental; copyright; expansion,1325,5ea8fa99233d79ff1c89cb96d1c6812c4f5ac3d5d79f2d4a704401ff4d1b1398,2026-08-28,reference/configuration JSON object,,,False,False,
fhir_metadata-215c2016-9f8b-4918-a531-49c35f07bcdf.json,external/synthea/src/test/resources/wiremock/RandomCodeGeneratorTest/mappings/fhir_metadata-215c2016-9f8b-4918-a531-49c35f07bcdf.json,json,external_reference_or_fixture,1,7,id; name; request; response; uuid; persistent; insertionIndex,40956,3126f46499e9180b0b44fa157c4be1a478c02bf334c23336ae42bbc251276081,2026-08-28,reference/configuration JSON object,,,True,False,
fhir_valueset_expand-1b134e58-aabf-4b5c-baf7-cce2c4f593c7.json,external/synthea/src/test/resources/wiremock/RandomCodeGeneratorTest/mappings/fhir_valueset_expand-1b134e58-aabf-4b5c-baf7-cce2c4f593c7.json,json,external_reference_or_fixture,1,7,id; name; request; response; uuid; persistent; insertionIndex,124780,d4f7a72dd11681d0dce296dddb1edbc245b4c0d9c1e6d52b9a7f31c93accaa09,2026-08-28,reference/configuration JSON object,,,True,False,
fhir_valueset_expand-e22088a9-b75f-457b-9e6c-3e2b8bb28c6a.json,external/synthea/src/test/resources/wiremock/RandomCodeGeneratorTest/mappings/fhir_valueset_expand-e22088a9-b75f-457b-9e6c-3e2b8bb28c6a.json,json,external_reference_or_fixture,1,7,id; name; request; response; uuid; persistent; insertionIndex,32400,7ce745c0ae2f68a3f47b53c4306a2e75a028f2b5ad1ced372ead9f2d7f8c8562,2026-08-28,reference/configuration JSON object,,,True,False,
fhir_metadata-e55cef99-e443-48af-be8a-66724cab4148.json,external/synthea/src/test/resources/wiremock/ValueSetCodeResolverTest/mappings/fhir_metadata-e55cef99-e443-48af-be8a-66724cab4148.json,json,external_reference_or_fixture,1,7,id; name; request; response; uuid; persistent; insertionIndex,40956,3b3082f5606fa6b7a969c8f45e50a4295cfb0bc36562c2eaa7170a8f8d2d74df,2026-08-28,reference/configuration JSON object,,,True,False,
fhir_valueset_expand-354d925f-2b48-4184-994e-51676cf8332a.json,external/synthea/src/test/resources/wiremock/ValueSetCodeResolverTest/mappings/fhir_valueset_expand-354d925f-2b48-4184-994e-51676cf8332a.json,json,external_reference_or_fixture,1,7,id; name; request; response; uuid; persistent; insertionIndex,2190,4af61b7927b5d30d4269fabb3b1345ce91449d5b9c7c569ad20e21e099500f78,2026-08-28,reference/configuration JSON object,,,True,False,
fhir_valueset_expand-39fd6ae4-1e42-447d-9d19-d0d8a4c610bf.json,external/synthea/src/test/resources/wiremock/ValueSetCodeResolverTest/mappings/fhir_valueset_expand-39fd6ae4-1e42-447d-9d19-d0d8a4c610bf.json,json,external_reference_or_fixture,1,7,id; name; request; response; uuid; persistent; insertionIndex,7783,6237f171500b81262bd99257cc4a2767a6eec49dfff17a29fe0c69d2b66fb021,2026-08-28,reference/configuration JSON object,,,True,False,
fhir_valueset_expand-5ac1d0c2-b3d1-4d19-b7b6-56f1f2490458.json,external/synthea/src/test/resources/wiremock/ValueSetCodeResolverTest/mappings/fhir_valueset_expand-5ac1d0c2-b3d1-4d19-b7b6-56f1f2490458.json,json,external_reference_or_fixture,1,7,id; name; request; response; uuid; persistent; insertionIndex,4103,7378eba94d301bcdbd396472216d86e76d58580c89d42e7accaf407e3384325a,2026-08-28,reference/configuration JSON object,,,True,False,
fhir_valueset_expand-64a28f79-937a-415c-9854-3f0b3ff69319.json,external/synthea/src/test/resources/wiremock/ValueSetCodeResolverTest/mappings/fhir_valueset_expand-64a28f79-937a-415c-9854-3f0b3ff69319.json,json,external_reference_or_fixture,1,7,id; name; request; response; uuid; persistent; insertionIndex,17665,b76d57c554da653377d91827e0b07bee9fa28e993b6823270a8344617234242a,2026-08-28,reference/configuration JSON object,,,True,False,
fhir_valueset_expand-6dc90bb1-d189-4932-8bb2-4866666174b9.json,external/synthea/src/test/resources/wiremock/ValueSetCodeResolverTest/mappings/fhir_valueset_expand-6dc90bb1-d189-4932-8bb2-4866666174b9.json,json,external_reference_or_fixture,1,7,id; name; request; response; uuid; persistent; insertionIndex,116207,13385672382805a51834efad3fbee5e45805419b9a9b4b7f216fc9fa5eedf3ec,2026-08-28,reference/configuration JSON object,,,True,False,
fhir_valueset_expand-9c08a2a2-d391-4571-a1b2-2fe88c6079d4.json,external/synthea/src/test/resources/wiremock/ValueSetCodeResolverTest/mappings/fhir_valueset_expand-9c08a2a2-d391-4571-a1b2-2fe88c6079d4.json,json,external_reference_or_fixture,1,7,id; name; request; response; uuid; persistent; insertionIndex,8004,27c27b1bc0246e6a174f02a1ecfbd2841a47091a58774a1323f9d9750a88911f,2026-08-28,reference/configuration JSON object,,,True,False,
fhir_valueset_expand-afb23edd-cafa-4361-90d0-9f8790a3dc48.json,external/synthea/src/test/resources/wiremock/ValueSetCodeResolverTest/mappings/fhir_valueset_expand-afb23edd-cafa-4361-90d0-9f8790a3dc48.json,json,external_reference_or_fixture,1,7,id; name; request; response; uuid; persistent; insertionIndex,2588,b6592ca8f9d0a556f37df6f6dc03b44e05b0100f1def3594cbf9d54882e8f724,2026-08-28,reference/configuration JSON object,,,True,False,
fhir_valueset_expand-c6940837-0f00-4f3f-b03e-6d993e523d91.json,external/synthea/src/test/resources/wiremock/ValueSetCodeResolverTest/mappings/fhir_valueset_expand-c6940837-0f00-4f3f-b03e-6d993e523d91.json,json,external_reference_or_fixture,1,7,id; name; request; response; uuid; persistent; insertionIndex,2803,a3cb02219632203fbfa8463cfdd5d4630a826ceb8d5241c08a26fa5640e68a05,2026-08-28,reference/configuration JSON object,,,True,False,
fhir_valueset_expand-dcd27220-f55b-4c8d-a51a-db2d0f58a41f.json,external/synthea/src/test/resources/wiremock/ValueSetCodeResolverTest/mappings/fhir_valueset_expand-dcd27220-f55b-4c8d-a51a-db2d0f58a41f.json,json,external_reference_or_fixture,1,7,id; name; request; response; uuid; persistent; insertionIndex,34026,6067c2731dd6edc745ca5ff3197c866915401f93d73ca6b553bb2427229b0970,2026-08-28,reference/configuration JSON object,,,True,False,
fhir_valueset_expand-f80838f6-3b69-4f7d-b759-0a1fa1d152e9.json,external/synthea/src/test/resources/wiremock/ValueSetCodeResolverTest/mappings/fhir_valueset_expand-f80838f6-3b69-4f7d-b759-0a1fa1d152e9.json,json,external_reference_or_fixture,1,7,id; name; request; response; uuid; persistent; insertionIndex,11548,00a99e99167f467593ac7e8ed6b5f93395dc2577ed27a6470eb62a0af37a2132,2026-08-28,reference/configuration JSON object,,,True,False,
adversarial_audit.json,data/reports/adversarial_audit.json,json,generated_report,1,8,independent_audit_score; maximum_score; p0_blockers_remaining; p1_issues_remaining; ready_for_bayer_diagnostic; independent_metrics; remaining_warnings; scorecard,10421,5f1d62a3a8ef56f343d141d78da78575063cfef1733bd3bca4895a8b2aee2298,2026-08-28,reference/configuration JSON object,,,False,False,
adversarial_audit_scorecard.csv,data/reports/adversarial_audit_scorecard.csv,csv,generated_report,25,7,check_id; check; priority; status; score; max_score; evidence,3879,a24cbeb8e45a1f9ba27b084c46d41a2192a2a7fcbd909bb757be6d0b1fb6b8f4,2026-08-28,unknown/reference table; inspect before analytical use,,,False,False,
cohort_kpis.csv,data/reports/cohort_kpis.csv,csv,generated_report,22,3,kpi; value; data_label,1680,7f35a8781482103cb0984e3920dea0162b7c2fda66b219da40c992eb7a3eef23,2026-08-28,unknown/reference table; inspect before analytical use,,,False,False,
data_quality_summary.csv,data/reports/data_quality_summary.csv,csv,generated_report,90,5,rule; severity; status; failure_count; detail,9021,deeee3e59759faa6524f4fca28b348c77b381ce77c2ac40fb5c9387d3b5e5179,2026-08-28,aggregated report rows,,,False,False,
data_quality_summary.json,data/reports/data_quality_summary.json,json,generated_report,1,3,disclaimer; rules; critical_failures,19718,9008e97aa63587e589ea1d8214f680a663ddbeb03f2532679fcc9506dba089d7,2026-08-28,reference/configuration JSON object,,,False,False,
healthcare_initiation_funnel.csv,data/reports/healthcare_initiation_funnel.csv,csv,generated_report,3,12,stratum; window_days; eligible_n; initiated_n; evaluable_n; not_initiated_n; censored_n; initiation_rate_evaluable; censoring_rate_eligible; rate_ci_low; rate_ci_high; data_label,609,55ba688d725e4fad004ac17562c07bb1978be5ffbb5bd9b3e02f7f2a58406a14,2026-08-28,unknown/reference table; inspect before analytical use,,,False,False,
healthcare_missingness_by_market.csv,data/reports/healthcare_missingness_by_market.csv,csv,generated_report,42,9,stratum; field; group_n; missing_n; observed_n; missing_rate; overall_missing_rate; delta_vs_overall; data_label,5569,8a1411cc743a2fbefc095d71d5019f181270ed0a0a73860624acda11add4de2b,2026-08-28,unknown/reference table; inspect before analytical use,,,False,False,
healthcare_persistence_summary.csv,data/reports/healthcare_persistence_summary.csv,csv,generated_report,3,16,stratum; gap_days; treatment_initiated_n; treated_n; not_applicable_n; persistent_n; discontinued_n; switched_n; non_persistent_evaluable_n; evaluable_n; censored_n; persistence_rate_evaluable; censoring_rate_treated; rate_ci_low; rate_ci_high; data_label,781,380e6e8c01050a5264e6896e92e1812cc5263d74d80c50908ef130d718089aa8,2026-08-28,aggregated report rows,,,False,False,
healthcare_referral_summary.csv,data/reports/healthcare_referral_summary.csv,csv,generated_report,7,10,stratum; referrals_n; completed_n; not_completed_n; completion_rate; median_delay_days; p90_delay_days; rate_ci_low; rate_ci_high; data_label,1105,e6e80a195517969de79f98791bccb838804faa6f73d96067977022d6c40677de,2026-08-28,aggregated report rows,,,False,False,
market_summary.csv,data/reports/market_summary.csv,csv,generated_report,7,16,market_code; market_depth; patients; encounters; encounters_per_patient; referrals; referrals_per_patient; treatment_episodes; treatment_episodes_per_patient; prescription_events; prescription_events_per_patient; adverse_events; adverse_events_per_patient; eligible; initiated; persistent_12m_evaluable,1167,9f45b3959304a62b9cfe90972a06fa7ef9a732dd68451eb19acf73b7ba218aa7,2026-08-28,aggregated report rows,,,True,False,
missingness_summary.csv,data/reports/missingness_summary.csv,csv,generated_report,378,6,table; column; dtype; nullable_observed; missing_count; missing_rate,20786,80aefcbc48856436333458be815841753ada632f802e9f0acdb21ba2a6a7257a,2026-08-28,aggregated report rows,,,False,False,
readiness_audit.json,data/reports/readiness_audit.json,json,generated_report,1,8,overall_readiness_score; maximum_score; failed_requirements; partial_requirements; p0_p1_failures; requirements; categories; table_fingerprints,9812,f1349d22f8878d9da56a39d7f199060c95ccaabb212b6f3759b15af8519c1112,2026-08-28,reference/configuration JSON object,,,False,False,
readiness_requirement_matrix.csv,data/reports/readiness_requirement_matrix.csv,csv,generated_report,25,7,requirement_id; category; priority; status; score; max_score; detail,2464,c8989c2fafc0117d120bc53b424a15e4c4b86f75d8f494784e22ed4e616f0582,2026-08-28,unknown/reference table; inspect before analytical use,,,False,False,
readiness_scorecard.csv,data/reports/readiness_scorecard.csv,csv,generated_report,11,4,category; score; max_score; percentage,445,db1422e82e97bbb76498d26cfc26894a774ec40310a11a2673194eb94ed5efb0,2026-08-28,unknown/reference table; inspect before analytical use,,,False,False,
run_metadata.json,data/reports/run_metadata.json,json,generated_report,1,10,disclaimer; generation_timestamp; git_commit; python_version; platform; synthea_commit; random_seed; cohort_size; scenario_version; output_file_hashes,2336,33d0462e52bf0c745a1b5b1e0094147327161d4dc569d45cfc53753964d95bfc,2026-08-28,reference/configuration JSON object,,,False,True,
schema_summary.csv,data/reports/schema_summary.csv,csv,generated_report,19,4,table; rows; columns; memory_bytes,626,2e1ef7e5a8ca662b7a49b3c49ffa98f3f6cc45ccb35ca8de431841721e48e778,2026-08-28,aggregated report rows,,,False,False,
active_surveillance.csv,data/gold/active_surveillance.csv,csv,generated_working_dataset,5055,18,active_surveillance_id; patient_id; market_code; as_eligibility_flag; as_eligibility_reason; as_ineligibility_reason; as_start_date; as_status; as_exit_date; as_exit_reason; as_reclassification_event_flag; as_reclassification_date; transition_to_treatment_flag; planned_treatment_start_date; time_from_as_exit_to_treatment_days; monitoring_event_count; active_surveillance_rule_version; synthetic_event_flag,709287,d93256f3043e994a7466fbdd1fabcc3c5171d7caa465bb665ba9b81090899e91,2026-08-28,one active-surveillance assessment/pathway record,active_surveillance_id,patient_id->patient.patient_id,True,True,
active_surveillance.parquet,data/gold/active_surveillance.parquet,parquet,generated_working_dataset,5055,18,active_surveillance_id; patient_id; market_code; as_eligibility_flag; as_eligibility_reason; as_ineligibility_reason; as_start_date; as_status; as_exit_date; as_exit_reason; as_reclassification_event_flag; as_reclassification_date; transition_to_treatment_flag; planned_treatment_start_date; time_from_as_exit_to_treatment_days; monitoring_event_count; active_surveillance_rule_version; synthetic_event_flag,110100,a53b4d4744b957e3e0b182fd25d30164268a1992985ad0c827f2dac6a57b6811,2026-08-28,one active-surveillance assessment/pathway record,active_surveillance_id,patient_id->patient.patient_id,True,True,
adverse_event.csv,data/gold/adverse_event.csv,csv,generated_working_dataset,459,10,adverse_event_id; patient_id; market_code; treatment_episode_id; adverse_event_date; adverse_event_type; severity; serious_event_flag; outcome_model_version; synthetic_event_flag,49165,6f78446b47fa4c95e5965e7f3aa94249ec5e154b781bffdec6f7a9808cb8073c,2026-08-28,one dated adverse event,adverse_event_id,patient_id->patient.patient_id; treatment_episode_id->treatment_episode.treatment_episode_id,True,True,
adverse_event.parquet,data/gold/adverse_event.parquet,parquet,generated_working_dataset,459,10,adverse_event_id; patient_id; market_code; treatment_episode_id; adverse_event_date; adverse_event_type; severity; serious_event_flag; outcome_model_version; synthetic_event_flag,19085,ca58b31d4acf5de1c5e46963b381d89f4c37cbbff901a8ee09516eb3b0566629,2026-08-28,one dated adverse event,adverse_event_id,patient_id->patient.patient_id; treatment_episode_id->treatment_episode.treatment_episode_id,True,True,
diagnosis.csv,data/gold/diagnosis.csv,csv,generated_working_dataset,10000,24,diagnosis_id; patient_id; market_code; diagnosis_date; prostate_cancer_flag; prostate_stage; localized_flag; locally_advanced_flag; metastatic_flag; metastatic_date; metastatic_site; hormone_sensitive_flag; hormone_sensitive_confirmation_date; castration_resistant_flag; castration_resistant_date; risk_group; psa_value; gleason_primary_pattern; gleason_secondary_pattern; gleason_score; isup_grade_group; diagnosis_source; clinical_state_model_version; data_quality_flag,1822115,c5da278394b8e4fb38a91a71e1c7b571d381a34b89fc444491e721aeaf56b12f,2026-08-28,one index prostate diagnosis per patient,diagnosis_id,patient_id->patient.patient_id,True,True,
diagnosis.parquet,data/gold/diagnosis.parquet,parquet,generated_working_dataset,10000,24,diagnosis_id; patient_id; market_code; diagnosis_date; prostate_cancer_flag; prostate_stage; localized_flag; locally_advanced_flag; metastatic_flag; metastatic_date; metastatic_site; hormone_sensitive_flag; hormone_sensitive_confirmation_date; castration_resistant_flag; castration_resistant_date; risk_group; psa_value; gleason_primary_pattern; gleason_secondary_pattern; gleason_score; isup_grade_group; diagnosis_source; clinical_state_model_version; data_quality_flag,258103,4d824a907d255985b2eb5f56d0a960f41d4de408eb92fff862a66a1879b00559,2026-08-28,one index prostate diagnosis per patient,diagnosis_id,patient_id->patient.patient_id,True,True,
disease_state_event.csv,data/gold/disease_state_event.csv,csv,generated_working_dataset,10187,9,disease_state_event_id; patient_id; market_code; state_date; state; previous_state; transition_reason; clinical_state_model_version; synthetic_event_flag,983142,cbebe3676dfa5d2f6e732849fd740ade38269a2074b716141d25fdfbb957002d,2026-08-28,one dated disease-state event,disease_state_event_id,patient_id->patient.patient_id,True,True,
disease_state_event.parquet,data/gold/disease_state_event.parquet,parquet,generated_working_dataset,10187,9,disease_state_event_id; patient_id; market_code; state_date; state; previous_state; transition_reason; clinical_state_model_version; synthetic_event_flag,175523,f65fd93457faef26604e60d12436e65d038f05288f46c022469fa170af1d35bb,2026-08-28,one dated disease-state event,disease_state_event_id,patient_id->patient.patient_id,True,True,
eligibility.csv,data/gold/eligibility.csv,csv,generated_working_dataset,10000,20,eligibility_id; patient_id; market_code; mhspc_flag; eligibility_flag; eligible_for_arpi; eligibility_status; eligibility_date; eligibility_reason; ineligibility_reason; clinical_exclusion_reason; contraindication_flag; contraindication_reason; data_sufficiency_flag; possible_followup_days; minimum_followup_required_days; eligibility_rule_version; source_assumption; censor_date_at_generation; synthetic_event_flag,2819933,6cb20699c9c1092e1a8488c88e07347bee28e377662c47285d5bef64709ed0c9,2026-08-28,one versioned eligibility assessment per patient,eligibility_id,patient_id->patient.patient_id,True,True,
eligibility.parquet,data/gold/eligibility.parquet,parquet,generated_working_dataset,10000,20,eligibility_id; patient_id; market_code; mhspc_flag; eligibility_flag; eligible_for_arpi; eligibility_status; eligibility_date; eligibility_reason; ineligibility_reason; clinical_exclusion_reason; contraindication_flag; contraindication_reason; data_sufficiency_flag; possible_followup_days; minimum_followup_required_days; eligibility_rule_version; source_assumption; censor_date_at_generation; synthetic_event_flag,213487,f3f3f118482f7cad2f8ea194028aaa88c7796c65a571d9f9ab535553e695e550,2026-08-28,one versioned eligibility assessment per patient,eligibility_id,patient_id->patient.patient_id,True,True,
encounter.csv,data/gold/encounter.csv,csv,generated_working_dataset,76819,12,encounter_id; patient_id; market_code; provider_id; organization_id; encounter_date; encounter_type; provider_specialty; care_setting; sequence_number; detail_level; synthetic_event_flag,9711007,66765b5331d6e3f20ac391c39f93a1a29d5dfe9811b809e5a1489987db836d27,2026-08-28,one dated patient-provider encounter,encounter_id,patient_id->patient.patient_id; provider_id->provider.provider_id; organization_id->organization.organization_id,True,True,
encounter.parquet,data/gold/encounter.parquet,parquet,generated_working_dataset,76819,12,encounter_id; patient_id; market_code; provider_id; organization_id; encounter_date; encounter_type; provider_specialty; care_setting; sequence_number; detail_level; synthetic_event_flag,863674,1491722f7c7b40614e61a778e234eb183d6583a86bc1e092e0652eac9586ff7f,2026-08-28,one dated patient-provider encounter,encounter_id,patient_id->patient.patient_id; provider_id->provider.provider_id; organization_id->organization.organization_id,True,True,
feature_timing.csv,data/gold/feature_timing.csv,csv,generated_working_dataset,100,9,feature_metadata_id; feature_name; availability_stage; allowed_use_cases; future_information_flag; predictor_allowed_flag; availability_condition; target_label_flag; timing_rule_version,12631,43affacd231d14082cbecc1bb6d89f3525b00144c78bb6ff27a106bd7eb0b6ef,2026-08-28,one timing/governance record per mart field,feature_metadata_id,,False,False,
feature_timing.parquet,data/gold/feature_timing.parquet,parquet,generated_working_dataset,100,9,feature_metadata_id; feature_name; availability_stage; allowed_use_cases; future_information_flag; predictor_allowed_flag; availability_condition; target_label_flag; timing_rule_version,8810,14796f3e6443de1baa62e0981c15e0e6113eb5a9deff50a5f1bda4277ac723db,2026-08-28,one timing/governance record per mart field,feature_metadata_id,,False,False,
observation.csv,data/gold/observation.csv,csv,generated_working_dataset,10000,13,observation_id; patient_id; market_code; observation_start_date; observation_end_date; last_observed_date; loss_to_follow_up_date; death_date; censor_date; censor_reason; follow_up_days_from_diagnosis; observation_rule_version; synthetic_event_flag,1251868,08f9c15351278260d07ec04d8f91e6caa9e44eb07e04380087463f018ee41f9b,2026-08-28,one observation/censoring record per patient,observation_id,patient_id->patient.patient_id,True,True,
observation.parquet,data/gold/observation.parquet,parquet,generated_working_dataset,10000,13,observation_id; patient_id; market_code; observation_start_date; observation_end_date; last_observed_date; loss_to_follow_up_date; death_date; censor_date; censor_reason; follow_up_days_from_diagnosis; observation_rule_version; synthetic_event_flag,243532,0a0f88568bd85d6462b545926a8e0b9c4bc189163f7ab57f920341c84b3ec051,2026-08-28,one observation/censoring record per patient,observation_id,patient_id->patient.patient_id,True,True,
organization.csv,data/gold/organization.csv,csv,generated_working_dataset,48,8,organization_id; market_code; region; organization_type; care_setting; academic_flag; multidisciplinary_team_flag; synthetic_organization_flag,3680,50a2732dc4eb378270ccae5f1b267e492362f02f757792d2e36c2611d45d243d,2026-08-28,one synthetic organization,organization_id,,False,False,
organization.parquet,data/gold/organization.parquet,parquet,generated_working_dataset,48,8,organization_id; market_code; region; organization_type; care_setting; academic_flag; multidisciplinary_team_flag; synthetic_organization_flag,5755,19bea54665655c17420de13d57e8d2d20bfd36f02960d4bdf41b87162a05f40a,2026-08-28,one synthetic organization,organization_id,,False,False,
outcome.csv,data/gold/outcome.csv,csv,generated_working_dataset,10000,21,outcome_id; patient_id; market_code; progression_event; progression_date; castration_resistant_transition; castration_resistant_date; hospitalisation_flag; first_hospitalisation_date; adverse_event_flag; adverse_event_count; death_flag; death_date; lost_to_follow_up_flag; loss_to_follow_up_date; last_observed_date; censor_date; censor_reason; outcome_status; outcome_model_version; synthetic_event_flag,1602507,bfb5443ead94bc155660012d628067035d39c165988960ad7eee287c8482c5ed,2026-08-28,one derived outcome/censoring record per patient,outcome_id,patient_id->patient.patient_id,True,True,
outcome.parquet,data/gold/outcome.parquet,parquet,generated_working_dataset,10000,21,outcome_id; patient_id; market_code; progression_event; progression_date; castration_resistant_transition; castration_resistant_date; hospitalisation_flag; first_hospitalisation_date; adverse_event_flag; adverse_event_count; death_flag; death_date; lost_to_follow_up_flag; loss_to_follow_up_date; last_observed_date; censor_date; censor_reason; outcome_status; outcome_model_version; synthetic_event_flag,228574,5d04712598da4745b92d7176cc37845cad07bfab9d0e08bfc37bcf047e071810,2026-08-28,one derived outcome/censoring record per patient,outcome_id,patient_id->patient.patient_id,True,True,
patient.csv,data/gold/patient.csv,csv,generated_working_dataset,10000,27,patient_id; source_patient_id; source_archetype_id; source_record_type; birth_date; index_date; birth_year; age_at_index; sex; market_code; country; market_depth; region; postal_code_prefix; race; ethnicity; insurance_type; access_index; comorbidity_score; frailty_proxy; complexity_segment; socioeconomic_proxy; date_of_death; synthetic_oversampling_flag; population_representative_flag,2031300,1c881fc334d23589e573e917a7d325f80bd7ad052b86312c716253f45c82fc81,2026-08-28,one row per synthetic patient/archetype,patient_id,,True,True,
patient.parquet,data/gold/patient.parquet,parquet,generated_working_dataset,10000,27,patient_id; source_patient_id; source_archetype_id; source_record_type; birth_date; index_date; birth_year; age_at_index; sex; market_code; country; market_depth; region; postal_code_prefix; race; ethnicity; insurance_type; access_index; comorbidity_score; frailty_proxy; complexity_segment; socioeconomic_proxy; date_of_death; synthetic_oversampling_flag; population_representative_flag,346880,a820a5a9e245db365ea921e04f9064d04c8432b2338f9c3890790a2424aab994,2026-08-28,one row per synthetic patient/archetype,patient_id,,True,True,
patient_journey.csv,data/gold/patient_journey.csv,csv,generated_working_dataset,10000,100,patient_id; market_code; country; market_depth; source_archetype_id; age_at_index; comorbidity_score; frailty_proxy; complexity_segment; region; insurance_type; access_index; socioeconomic_proxy; prostate_stage; metastatic_flag; hormone_sensitive_flag; castration_resistant_flag; risk_group; psa_value; gleason_score; isup_grade_group; mhspc_flag; denominator_status; eligibility_flag; eligible_for_arpi,7422770,9ba44b02168bdce7ee779f3c3d5a29f6fd5148afe8df7d04f71ca86c6020b843,2026-08-28,one analysis-ready row per patient,patient_id,patient_id->patient.patient_id,True,True,
patient_journey.parquet,data/gold/patient_journey.parquet,parquet,generated_working_dataset,10000,100,patient_id; market_code; country; market_depth; source_archetype_id; age_at_index; comorbidity_score; frailty_proxy; complexity_segment; region; insurance_type; access_index; socioeconomic_proxy; prostate_stage; metastatic_flag; hormone_sensitive_flag; castration_resistant_flag; risk_group; psa_value; gleason_score; isup_grade_group; mhspc_flag; denominator_status; eligibility_flag; eligible_for_arpi,626237,d5bc7cd90a149cb4cf6b9215d385c65f11f6abda73006bb2b1293e5216ec8139,2026-08-28,one analysis-ready row per patient,patient_id,patient_id->patient.patient_id,True,True,
patient_split.csv,data/gold/patient_split.csv,csv,generated_working_dataset,10000,6,patient_split_id; patient_id; source_archetype_id; market_code; split; split_rule_version,875761,96d6073816bc72aab83909ed0337babcd350deefee370a0704e4984a510564c3,2026-08-28,one reproducible analytical split per patient,patient_split_id,patient_id->patient.patient_id,True,False,
patient_split.parquet,data/gold/patient_split.parquet,parquet,generated_working_dataset,10000,6,patient_split_id; patient_id; source_archetype_id; market_code; split; split_rule_version,200714,4be09fad513aaf88afbf397dcde995c487252f299b665b3a88be905d4256c6f4,2026-08-28,one reproducible analytical split per patient,patient_split_id,patient_id->patient.patient_id,True,False,
prescription_event.csv,data/gold/prescription_event.csv,csv,generated_working_dataset,26050,20,prescription_event_id; patient_id; market_code; treatment_episode_id; regimen_id; component_id; service_date; product_id; drug_name; drug_class; quantity_dispensed; days_supply; nominal_covered_until_date; covered_until_date; event_type; refill_gap_days; refill_timing; adherence_profile; detail_level; synthetic_event_flag,5071610,77c41857b1fe5a36d1af1477d302a07f72d317fa467670fb59956bf021b5a18c,2026-08-28,one dispensing/refill event,prescription_event_id,patient_id->patient.patient_id; treatment_episode_id->treatment_episode.treatment_episode_id; regimen_id->treatment_regimen.regimen_id; component_id->treatment_regimen_component.component_id,True,True,
prescription_event.parquet,data/gold/prescription_event.parquet,parquet,generated_working_dataset,26050,20,prescription_event_id; patient_id; market_code; treatment_episode_id; regimen_id; component_id; service_date; product_id; drug_name; drug_class; quantity_dispensed; days_supply; nominal_covered_until_date; covered_until_date; event_type; refill_gap_days; refill_timing; adherence_profile; detail_level; synthetic_event_flag,536299,0cd426fc18dfb204c4b92a8dd7625bcd4603b85874de74e3e34f03deaf5c8d88,2026-08-28,one dispensing/refill event,prescription_event_id,patient_id->patient.patient_id; treatment_episode_id->treatment_episode.treatment_episode_id; regimen_id->treatment_regimen.regimen_id; component_id->treatment_regimen_component.component_id,True,True,
prostate_journey.duckdb,data/gold/prostate_journey.duckdb,duckdb,generated_working_dataset,203184,378,active_surveillance; adverse_event; diagnosis; disease_state_event; eligibility; encounter; feature_timing; observation; organization; outcome; patient; patient_journey; patient_split; prescription_event; provider; referral; treatment_episode; treatment_regimen; treatment_regimen_component,13381632,c558c0bbacda0ccae835c63d1076a8a520780d9e82fb5c60a0c0e1c6e2e4b588,2026-08-28,database container with multiple table grains,,,True,False,
provider.csv,data/gold/provider.csv,csv,generated_working_dataset,64,10,provider_id; organization_id; market_code; region; provider_specialty; care_setting; academic_flag; annual_prostate_volume; multidisciplinary_team_flag; synthetic_provider_flag,5672,f16ff4da0e7a5ae3e7ab665c71aad1d46b5f79e967d636943088bffb2bcef814,2026-08-28,one stable provider-master row,provider_id,organization_id->organization.organization_id,False,False,
provider.parquet,data/gold/provider.parquet,parquet,generated_working_dataset,64,10,provider_id; organization_id; market_code; region; provider_specialty; care_setting; academic_flag; annual_prostate_volume; multidisciplinary_team_flag; synthetic_provider_flag,7679,3ce31c6aecd17963d069591a618130963ab85f70c8f15743cffc3deffcd81e73,2026-08-28,one stable provider-master row,provider_id,organization_id->organization.organization_id,False,False,
referral.csv,data/gold/referral.csv,csv,generated_working_dataset,5405,16,referral_id; patient_id; market_code; source_provider_id; source_organization_id; source_specialty; destination_provider_id; destination_organization_id; destination_specialty; referral_date; completion_date; referral_status; referral_reason; decision_owner_specialty; detail_level; synthetic_event_flag,1042714,c90a54f6762c412088e4d554c2f6dcc071e2736e8dd073ac0115db116070bd92,2026-08-28,one provider-to-provider referral,referral_id,patient_id->patient.patient_id; source_provider_id->provider.provider_id; destination_provider_id->provider.provider_id; source_organization_id->organization.organization_id; destination_organization_id->organization.organization_id,True,True,
referral.parquet,data/gold/referral.parquet,parquet,generated_working_dataset,5405,16,referral_id; patient_id; market_code; source_provider_id; source_organization_id; source_specialty; destination_provider_id; destination_organization_id; destination_specialty; referral_date; completion_date; referral_status; referral_reason; decision_owner_specialty; detail_level; synthetic_event_flag,138373,2af35a30dd682aa268459dd389b8b957974b8a27a0362f0f6b328bdadd1f2c43,2026-08-28,one provider-to-provider referral,referral_id,patient_id->patient.patient_id; source_provider_id->provider.provider_id; destination_provider_id->provider.provider_id; source_organization_id->organization.organization_id; destination_organization_id->organization.organization_id,True,True,
treatment_episode.csv,data/gold/treatment_episode.csv,csv,generated_working_dataset,2383,24,treatment_episode_id; patient_id; market_code; treatment_line; treatment_start_date; treatment_end_date; treatment_status; treatment_intent; episode_reason; transition_type; previous_episode_id; prescribing_provider_id; discontinuation_flag; discontinuation_date; discontinuation_reason; switch_flag; switch_date; restart_flag; restart_date; temporary_gap_flag; tracking_component_id; prescription_event_count; max_refill_gap_days; synthetic_event_flag,439582,5bc8d04852a709997b3c9f79d02c512cf48d164cceae93539a0cd5884e351bf8,2026-08-28,one longitudinal treatment line/episode,treatment_episode_id,patient_id->patient.patient_id; prescribing_provider_id->provider.provider_id; previous_episode_id->treatment_episode.treatment_episode_id,True,True,
treatment_episode.parquet,data/gold/treatment_episode.parquet,parquet,generated_working_dataset,2383,24,treatment_episode_id; patient_id; market_code; treatment_line; treatment_start_date; treatment_end_date; treatment_status; treatment_intent; episode_reason; transition_type; previous_episode_id; prescribing_provider_id; discontinuation_flag; discontinuation_date; discontinuation_reason; switch_flag; switch_date; restart_flag; restart_date; temporary_gap_flag; tracking_component_id; prescription_event_count; max_refill_gap_days; synthetic_event_flag,105670,0942d237d6952e286c89e78786e6ee91f8f914d4486d1cac0100948ca7c15a13,2026-08-28,one longitudinal treatment line/episode,treatment_episode_id,patient_id->patient.patient_id; prescribing_provider_id->provider.provider_id; previous_episode_id->treatment_episode.treatment_episode_id,True,True,
treatment_regimen.csv,data/gold/treatment_regimen.csv,csv,generated_working_dataset,2383,14,regimen_id; treatment_episode_id; patient_id; market_code; regimen_name; regimen_type; combination_strategy; regimen_start_date; regimen_end_date; regimen_status; intensification_flag; guideline_concordance_classification; guideline_rule_version; synthetic_event_flag,430544,5fc741a56c7966e6c1d93aeb301f2f69f9cfbf21efce13c814477cc4dd44290d,2026-08-28,one regimen attached to a treatment episode,regimen_id,patient_id->patient.patient_id; treatment_episode_id->treatment_episode.treatment_episode_id,True,True,
treatment_regimen.parquet,data/gold/treatment_regimen.parquet,parquet,generated_working_dataset,2383,14,regimen_id; treatment_episode_id; patient_id; market_code; regimen_name; regimen_type; combination_strategy; regimen_start_date; regimen_end_date; regimen_status; intensification_flag; guideline_concordance_classification; guideline_rule_version; synthetic_event_flag,84692,c927ad947def2aebfa5363447f41cc54c3905ae14d2ba52b08002365fe3ebc38,2026-08-28,one regimen attached to a treatment episode,regimen_id,patient_id->patient.patient_id; treatment_episode_id->treatment_episode.treatment_episode_id,True,True,
treatment_regimen_component.csv,data/gold/treatment_regimen_component.csv,csv,generated_working_dataset,4231,17,component_id; regimen_id; treatment_episode_id; patient_id; market_code; drug_name; drug_class; component_role; route; component_start_date; dispensing_required_flag; component_end_date; component_status; planned_cycle_count; cycle_length_days; dispensing_detail_available_flag; synthetic_event_flag,641393,32e3e5ec784ffb8e121d4cf54616236009e11090b0ac92e487b216bd0dffdde2,2026-08-28,one drug/procedure component within a regimen,component_id,patient_id->patient.patient_id; treatment_episode_id->treatment_episode.treatment_episode_id; regimen_id->treatment_regimen.regimen_id,True,True,
treatment_regimen_component.parquet,data/gold/treatment_regimen_component.parquet,parquet,generated_working_dataset,4231,17,component_id; regimen_id; treatment_episode_id; patient_id; market_code; drug_name; drug_class; component_role; route; component_start_date; dispensing_required_flag; component_end_date; component_status; planned_cycle_count; cycle_length_days; dispensing_detail_available_flag; synthetic_event_flag,133725,3c7eea7fa4d903bc1b9d4f153e5831bda3e9bffd4258bb05e4e54c8f5ba2fa89,2026-08-28,one drug/procedure component within a regimen,component_id,patient_id->patient.patient_id; treatment_episode_id->treatment_episode.treatment_episode_id; regimen_id->treatment_regimen.regimen_id,True,True,
allergies.csv,data/raw/synthea/allergies.csv,csv,raw_source_dataset,20,15,START; STOP; PATIENT; ENCOUNTER; CODE; SYSTEM; DESCRIPTION; TYPE; CATEGORY; REACTION1; DESCRIPTION1; SEVERITY1; REACTION2; DESCRIPTION2; SEVERITY2,3641,8eb1217607b82f48392c3abdf7751e614e66d3ff7b02d5585f297be2e368cbcb,2026-08-28,one raw allergy occurrence,,PATIENT; ENCOUNTER,True,True,
careplans.csv,data/raw/synthea/careplans.csv,csv,raw_source_dataset,115,9,Id; START; STOP; PATIENT; ENCOUNTER; CODE; DESCRIPTION; REASONCODE; REASONDESCRIPTION,23050,a9748530d4c1cb8cecac84e8c16457a2c84abde65e5612d06e9ce78e0dcdf8b5,2026-08-28,one raw care plan,Id,PATIENT; ENCOUNTER,True,True,
claims.csv,data/raw/synthea/claims.csv,csv,raw_source_dataset,4206,31,Id; PATIENTID; PROVIDERID; PRIMARYPATIENTINSURANCEID; SECONDARYPATIENTINSURANCEID; DEPARTMENTID; PATIENTDEPARTMENTID; DIAGNOSIS1; DIAGNOSIS2; DIAGNOSIS3; DIAGNOSIS4; DIAGNOSIS5; DIAGNOSIS6; DIAGNOSIS7; DIAGNOSIS8; REFERRINGPROVIDERID; APPOINTMENTID; CURRENTILLNESSDATE; SERVICEDATE; SUPERVISINGPROVIDERID; STATUS1; STATUS2; STATUSP; OUTSTANDING1; OUTSTANDING2,1627658,6e3c2c8c498f9bd2a3bc824ae5b14ea9fc9bcc277c2e02e7ebc41f8efd28e1ba,2026-08-28,one raw claim,Id,,True,True,
claims_transactions.csv,data/raw/synthea/claims_transactions.csv,csv,raw_source_dataset,30200,33,ID; CLAIMID; CHARGEID; PATIENTID; TYPE; AMOUNT; METHOD; FROMDATE; TODATE; PLACEOFSERVICE; PROCEDURECODE; MODIFIER1; MODIFIER2; DIAGNOSISREF1; DIAGNOSISREF2; DIAGNOSISREF3; DIAGNOSISREF4; UNITS; DEPARTMENTID; NOTES; UNITAMOUNT; TRANSFEROUTID; TRANSFERTYPE; PAYMENTS; ADJUSTMENTS,13701883,a9801a7c6cb59cadb18c42c7e8fe12b6f447b78e009e7435e6103e8496b162bf,2026-08-28,one raw claim transaction,,,True,True,
conditions.csv,data/raw/synthea/conditions.csv,csv,raw_source_dataset,1285,7,START; STOP; PATIENT; ENCOUNTER; SYSTEM; CODE; DESCRIPTION,186946,7615ce70980006feb14e21e11ee2fe16f3bf9d9b61ed219f439b776a86364d19,2026-08-28,one raw condition occurrence,,PATIENT; ENCOUNTER,True,True,
devices.csv,data/raw/synthea/devices.csv,csv,raw_source_dataset,233,7,START; STOP; PATIENT; ENCOUNTER; CODE; DESCRIPTION; UDI,53470,47a04e395e169675b9febc47f015699b7cf3bd0ddd8290d066fdc803385c975c,2026-08-28,one raw device occurrence,,PATIENT; ENCOUNTER,True,True,
encounters.csv,data/raw/synthea/encounters.csv,csv,raw_source_dataset,2260,15,Id; START; STOP; PATIENT; ORGANIZATION; PROVIDER; PAYER; ENCOUNTERCLASS; CODE; DESCRIPTION; BASE_ENCOUNTER_COST; TOTAL_CLAIM_COST; PAYER_COVERAGE; REASONCODE; REASONDESCRIPTION,760108,7fb97fa4b526f57055236fd75ffce2aa5b9f18590d4458f78706bffd697419a4,2026-08-28,one raw Synthea encounter,Id,PATIENT; ORGANIZATION; PROVIDER; PAYER,True,True,
imaging_studies.csv,data/raw/synthea/imaging_studies.csv,csv,raw_source_dataset,136,13,Id; DATE; PATIENT; ENCOUNTER; SERIES_UID; BODYSITE_CODE; BODYSITE_DESCRIPTION; MODALITY_CODE; MODALITY_DESCRIPTION; INSTANCE_UID; SOP_CODE; SOP_DESCRIPTION; PROCEDURE_CODE,54957,c92fc0fc8d4b6c06252922cc217d55c07f34d83148570159243c12be66584414,2026-08-28,one raw imaging study,Id,PATIENT; ENCOUNTER,True,True,
immunizations.csv,data/raw/synthea/immunizations.csv,csv,raw_source_dataset,446,6,DATE; PATIENT; ENCOUNTER; CODE; DESCRIPTION; BASE_COST,62728,952654b1442bbe141eb2572f353dc4314e517ac4de0959cb80c03af8738a0315,2026-08-28,one raw immunization occurrence,,PATIENT; ENCOUNTER,True,True,
medications.csv,data/raw/synthea/medications.csv,csv,raw_source_dataset,1946,13,START; STOP; PATIENT; PAYER; ENCOUNTER; CODE; DESCRIPTION; BASE_COST; PAYER_COVERAGE; DISPENSES; TOTALCOST; REASONCODE; REASONDESCRIPTION,504497,08a5cf1130a0af8e5ba76b2fbd0c035f516326e5bfb804b3672ba244628ceac0,2026-08-28,one raw medication order/dispensing span,,PATIENT; PAYER; ENCOUNTER,True,True,
observations.csv,data/raw/synthea/observations.csv,csv,raw_source_dataset,28435,9,DATE; PATIENT; ENCOUNTER; CATEGORY; CODE; DESCRIPTION; VALUE; UNITS; TYPE,5082114,8ba50c5fe85ed5f10fe317ed64ac7be9529ad74e3dc014664d571ced9a54652a,2026-08-28,one raw clinical observation,,PATIENT; ENCOUNTER,True,True,
organizations.csv,data/raw/synthea/organizations.csv,csv,raw_source_dataset,102,11,Id; NAME; ADDRESS; CITY; STATE; ZIP; LAT; LON; PHONE; REVENUE; UTILIZATION,16075,b0af720f9a1a7bbe3886e60041c81928b0c1a626afce539686e56c8921997e57,2026-08-28,one raw organization,Id,,True,False,
patients.csv,data/raw/synthea/patients.csv,csv,raw_source_dataset,31,28,Id; BIRTHDATE; DEATHDATE; SSN; DRIVERS; PASSPORT; PREFIX; FIRST; MIDDLE; LAST; SUFFIX; MAIDEN; MARITAL; RACE; ETHNICITY; GENDER; BIRTHPLACE; ADDRESS; CITY; STATE; COUNTY; FIPS; ZIP; LAT; LON,9630,919d60a44c2cc763835063a5f852bd1c11cd1eae74d672e3a6b7880d8a83b498,2026-08-28,one raw Synthea patient,Id,,True,True,
payer_transitions.csv,data/raw/synthea/payer_transitions.csv,csv,raw_source_dataset,1170,8,PATIENT; MEMBERID; START_DATE; END_DATE; PAYER; SECONDARY_PAYER; PLAN_OWNERSHIP; OWNER_NAME,204528,af6815d1528e7b1978f190efab8856e5927b01f7dc236d2c85950ad1a2aedb55,2026-08-28,one raw payer-enrollment span,,PATIENT; PAYER,True,True,
payers.csv,data/raw/synthea/payers.csv,csv,raw_source_dataset,10,22,Id; NAME; OWNERSHIP; ADDRESS; CITY; STATE_HEADQUARTERED; ZIP; PHONE; AMOUNT_COVERED; AMOUNT_UNCOVERED; REVENUE; COVERED_ENCOUNTERS; UNCOVERED_ENCOUNTERS; COVERED_MEDICATIONS; UNCOVERED_MEDICATIONS; COVERED_PROCEDURES; UNCOVERED_PROCEDURES; COVERED_IMMUNIZATIONS; UNCOVERED_IMMUNIZATIONS; UNIQUE_CUSTOMERS; QOLS_AVG; MEMBER_MONTHS,1730,ce279c4777c287fc1dd3ce94af8c805622aa1ccd782a865fc0162857fbbfae31,2026-08-28,one raw payer,Id,,True,False,
procedures.csv,data/raw/synthea/procedures.csv,csv,raw_source_dataset,5649,10,START; STOP; PATIENT; ENCOUNTER; SYSTEM; CODE; DESCRIPTION; BASE_COST; REASONCODE; REASONDESCRIPTION,1186229,62c04ff18f992754fd4f3b911f734e08abdbf3dcdf3e938578f98c502b215fde,2026-08-28,one raw procedure occurrence,,PATIENT; ENCOUNTER,True,True,
providers.csv,data/raw/synthea/providers.csv,csv,raw_source_dataset,102,13,Id; ORGANIZATION; NAME; GENDER; SPECIALITY; ADDRESS; CITY; STATE; ZIP; LAT; LON; ENCOUNTERS; PROCEDURES,19236,83f9f9101e90c9551234f94bb544b303c81f1f015825dd72ecf662bfbb19058d,2026-08-28,one raw provider,Id,ORGANIZATION,True,False,
supplies.csv,data/raw/synthea/supplies.csv,csv,raw_source_dataset,1126,6,DATE; PATIENT; ENCOUNTER; CODE; DESCRIPTION; QUANTITY,160900,bfdcb18cc24de7c1b46d291a7d3a5733f42d1ded1b505c19bc1d4d05d0365fd8,2026-08-28,one raw supply occurrence,,PATIENT; ENCOUNTER,True,True,
release_manifest.json,data/releases/BAYER_PROSTATE_PATIENT_JOURNEY_SYNTHETIC_v2.1.0_20260825T112627Z/release_manifest.json,json,repository_reference_or_aggregate,1,16,dataset_version; created_at; decision; overall_readiness; p0_blockers; p1_issues; external_definition_blockers; git; run_metadata; gate_summary; artifact_parity; test_summary; archives; analytical_dataset_directory; qa_evidence_directory; immutable,15463,3aec73a64cea531f8c1196731d5fe35d6a7e95723e4ad3afc56aa0f1b9e7f401,2026-08-28,reference/configuration JSON object,,,False,False,
