source_group,source_table,source_file,column_name,data_type,missing_percentage,unique_values,example_values,numeric_min,numeric_q05,numeric_q25,numeric_median,numeric_q75,numeric_q95,numeric_max,date_min,date_max,likely_semantic_role,timing_classification,possible_leakage_risk,missingness_interpretation,data_quality_concerns
analytical,active_surveillance,data/releases/BAYER_PROSTATE_PATIENT_JOURNEY_SYNTHETIC_v2.1.0_20260825T112627Z/analytical_dataset/active_surveillance.parquet,active_surveillance_id,str,0.0,5055,<direct/quasi-identifier values masked>,,,,,,,,,,identifier_or_foreign_key,baseline_or_source_dependent,UNKNOWN until source timing is confirmed,collected_but_unavailable_or_unknown,none observed in univariate profile
analytical,active_surveillance,data/releases/BAYER_PROSTATE_PATIENT_JOURNEY_SYNTHETIC_v2.1.0_20260825T112627Z/analytical_dataset/active_surveillance.parquet,active_surveillance_rule_version,str,0.0,1,ACTIVE-SURVEILLANCE-v1.1,,,,,,,,,,categorical_or_descriptive,baseline_or_source_dependent,UNKNOWN until source timing is confirmed,collected_but_unavailable_or_unknown,constant or all-missing field
analytical,active_surveillance,data/releases/BAYER_PROSTATE_PATIENT_JOURNEY_SYNTHETIC_v2.1.0_20260825T112627Z/analytical_dataset/active_surveillance.parquet,as_eligibility_flag,bool,0.0,2,False | True,,,,,,,,,,indicator,baseline_or_source_dependent,UNKNOWN until source timing is confirmed,collected_but_unavailable_or_unknown,none observed in univariate profile
analytical,active_surveillance,data/releases/BAYER_PROSTATE_PATIENT_JOURNEY_SYNTHETIC_v2.1.0_20260825T112627Z/analytical_dataset/active_surveillance.parquet,as_eligibility_reason,str,33.392681,1,localized_low_or_intermediate_risk,,,,,,,,,,categorical_or_descriptive,baseline_or_source_dependent,UNKNOWN until source timing is confirmed,collected_but_unavailable_or_unknown,high missingness (33.4%); constant or all-missing field
analytical,active_surveillance,data/releases/BAYER_PROSTATE_PATIENT_JOURNEY_SYNTHETIC_v2.1.0_20260825T112627Z/analytical_dataset/active_surveillance.parquet,as_exit_date,datetime64[us],90.801187,404,2023-01-24 | 2024-01-25 | 2025-05-31,,,,,,,,2019-11-09,2025-12-30,temporal,event_time,CONDITIONAL: require date <= analysis/prediction cutoff,collected_but_unavailable_or_unknown,high missingness (90.8%); some date values do not parse
analytical,active_surveillance,data/releases/BAYER_PROSTATE_PATIENT_JOURNEY_SYNTHETIC_v2.1.0_20260825T112627Z/analytical_dataset/active_surveillance.parquet,as_exit_reason,str,90.801187,4,progression | grade_reclassification | psa_rise,,,,,,,,,,categorical_or_descriptive,baseline_or_source_dependent,UNKNOWN until source timing is confirmed,collected_but_unavailable_or_unknown,high missingness (90.8%)
analytical,active_surveillance,data/releases/BAYER_PROSTATE_PATIENT_JOURNEY_SYNTHETIC_v2.1.0_20260825T112627Z/analytical_dataset/active_surveillance.parquet,as_ineligibility_reason,str,66.607319,3,risk_group_not_configured_for_as | age_or_complexity_review | insufficient_grade_evidence,,,,,,,,,,categorical_or_descriptive,baseline_or_source_dependent,UNKNOWN until source timing is confirmed,collected_but_unavailable_or_unknown,high missingness (66.6%)
analytical,active_surveillance,data/releases/BAYER_PROSTATE_PATIENT_JOURNEY_SYNTHETIC_v2.1.0_20260825T112627Z/analytical_dataset/active_surveillance.parquet,as_reclassification_date,datetime64[us],92.106825,351,2023-01-24 | 2024-01-25 | 2025-05-31,,,,,,,,2019-11-09,2025-12-30,temporal,event_time,CONDITIONAL: require date <= analysis/prediction cutoff,collected_but_unavailable_or_unknown,high missingness (92.1%); some date values do not parse
analytical,active_surveillance,data/releases/BAYER_PROSTATE_PATIENT_JOURNEY_SYNTHETIC_v2.1.0_20260825T112627Z/analytical_dataset/active_surveillance.parquet,as_reclassification_event_flag,bool,0.0,2,False | True,,,,,,,,,,indicator,baseline_or_source_dependent,UNKNOWN until source timing is confirmed,collected_but_unavailable_or_unknown,none observed in univariate profile
analytical,active_surveillance,data/releases/BAYER_PROSTATE_PATIENT_JOURNEY_SYNTHETIC_v2.1.0_20260825T112627Z/analytical_dataset/active_surveillance.parquet,as_start_date,datetime64[us],65.6182,1189,2023-11-18 | 2022-07-26 | 2021-05-11,,,,,,,,2019-01-17,2024-11-18,temporal,event_time,CONDITIONAL: require date <= analysis/prediction cutoff,collected_but_unavailable_or_unknown,high missingness (65.6%); some date values do not parse
analytical,active_surveillance,data/releases/BAYER_PROSTATE_PATIENT_JOURNEY_SYNTHETIC_v2.1.0_20260825T112627Z/analytical_dataset/active_surveillance.parquet,as_status,str,0.0,4,not_started | continued | exited,,,,,,,,,,categorical_or_descriptive,baseline_or_source_dependent,UNKNOWN until source timing is confirmed,collected_but_unavailable_or_unknown,none observed in univariate profile
analytical,active_surveillance,data/releases/BAYER_PROSTATE_PATIENT_JOURNEY_SYNTHETIC_v2.1.0_20260825T112627Z/analytical_dataset/active_surveillance.parquet,market_code,str,0.0,7,US | DE | JP,,,,,,,,,,market_or_pathway_segment,baseline,LOW at the documented index,collected_but_unavailable_or_unknown,none observed in univariate profile
analytical,active_surveillance,data/releases/BAYER_PROSTATE_PATIENT_JOURNEY_SYNTHETIC_v2.1.0_20260825T112627Z/analytical_dataset/active_surveillance.parquet,monitoring_event_count,int64,0.0,22,0 | 6 | 10,0.0,0.0,0.0,0.0,4.0,14.0,21.0,,,numeric_measure,baseline_or_source_dependent,UNKNOWN until source timing is confirmed,collected_but_unavailable_or_unknown,none observed in univariate profile
analytical,active_surveillance,data/releases/BAYER_PROSTATE_PATIENT_JOURNEY_SYNTHETIC_v2.1.0_20260825T112627Z/analytical_dataset/active_surveillance.parquet,patient_id,str,0.0,5055,<direct/quasi-identifier values masked>,,,,,,,,,,identifier_or_foreign_key,identifier,LOW at the documented index,collected_but_unavailable_or_unknown,none observed in univariate profile
analytical,active_surveillance,data/releases/BAYER_PROSTATE_PATIENT_JOURNEY_SYNTHETIC_v2.1.0_20260825T112627Z/analytical_dataset/active_surveillance.parquet,planned_treatment_start_date,datetime64[us],93.254204,308,2023-03-11 | 2025-08-14 | 2021-08-18,,,,,,,,2020-01-14,2025-12-29,temporal,event_time,CONDITIONAL: require date <= analysis/prediction cutoff,collected_but_unavailable_or_unknown,high missingness (93.3%); some date values do not parse
analytical,active_surveillance,data/releases/BAYER_PROSTATE_PATIENT_JOURNEY_SYNTHETIC_v2.1.0_20260825T112627Z/analytical_dataset/active_surveillance.parquet,synthetic_event_flag,bool,0.0,1,True,,,,,,,,,,indicator,baseline_or_source_dependent,UNKNOWN until source timing is confirmed,collected_but_unavailable_or_unknown,constant or all-missing field
analytical,active_surveillance,data/releases/BAYER_PROSTATE_PATIENT_JOURNEY_SYNTHETIC_v2.1.0_20260825T112627Z/analytical_dataset/active_surveillance.parquet,time_from_as_exit_to_treatment_days,float64,93.254204,84,46.0 | 75.0 | 29.0,7.0,12.0,30.0,48.0,68.0,85.0,90.0,,,treatment_or_medication,baseline_or_source_dependent,UNKNOWN until source timing is confirmed,collected_but_unavailable_or_unknown,high missingness (93.3%)
analytical,active_surveillance,data/releases/BAYER_PROSTATE_PATIENT_JOURNEY_SYNTHETIC_v2.1.0_20260825T112627Z/analytical_dataset/active_surveillance.parquet,transition_to_treatment_flag,bool,0.0,2,False | True,,,,,,,,,,treatment_or_medication,baseline_or_source_dependent,UNKNOWN until source timing is confirmed,collected_but_unavailable_or_unknown,none observed in univariate profile
analytical,adverse_event,data/releases/BAYER_PROSTATE_PATIENT_JOURNEY_SYNTHETIC_v2.1.0_20260825T112627Z/analytical_dataset/adverse_event.parquet,adverse_event_date,datetime64[us],0.0,400,2024-07-14 | 2024-12-06 | 2025-12-18,,,,,,,,2019-03-19,2025-12-26,temporal,event_time,CONDITIONAL: require date <= analysis/prediction cutoff,collected_but_unavailable_or_unknown,none observed in univariate profile
analytical,adverse_event,data/releases/BAYER_PROSTATE_PATIENT_JOURNEY_SYNTHETIC_v2.1.0_20260825T112627Z/analytical_dataset/adverse_event.parquet,adverse_event_id,str,0.0,439,<direct/quasi-identifier values masked>,,,,,,,,,,identifier_or_foreign_key,baseline_or_source_dependent,UNKNOWN until source timing is confirmed,collected_but_unavailable_or_unknown,none observed in univariate profile
analytical,adverse_event,data/releases/BAYER_PROSTATE_PATIENT_JOURNEY_SYNTHETIC_v2.1.0_20260825T112627Z/analytical_dataset/adverse_event.parquet,adverse_event_type,str,0.0,6,fatigue | other | neuropathy,,,,,,,,,,categorical_or_descriptive,baseline_or_source_dependent,UNKNOWN until source timing is confirmed,collected_but_unavailable_or_unknown,none observed in univariate profile
analytical,adverse_event,data/releases/BAYER_PROSTATE_PATIENT_JOURNEY_SYNTHETIC_v2.1.0_20260825T112627Z/analytical_dataset/adverse_event.parquet,market_code,str,0.0,7,US | DE | JP,,,,,,,,,,market_or_pathway_segment,baseline,LOW at the documented index,collected_but_unavailable_or_unknown,none observed in univariate profile
analytical,adverse_event,data/releases/BAYER_PROSTATE_PATIENT_JOURNEY_SYNTHETIC_v2.1.0_20260825T112627Z/analytical_dataset/adverse_event.parquet,outcome_model_version,str,0.0,1,OUTCOME-SYN-v2.1,,,,,,,,,,outcome_or_endpoint,outcome_or_post_index,HIGH unless used only as target/descriptive endpoint,collected_but_unavailable_or_unknown,constant or all-missing field
analytical,adverse_event,data/releases/BAYER_PROSTATE_PATIENT_JOURNEY_SYNTHETIC_v2.1.0_20260825T112627Z/analytical_dataset/adverse_event.parquet,patient_id,str,0.0,436,<direct/quasi-identifier values masked>,,,,,,,,,,identifier_or_foreign_key,identifier,LOW at the documented index,collected_but_unavailable_or_unknown,none observed in univariate profile
analytical,adverse_event,data/releases/BAYER_PROSTATE_PATIENT_JOURNEY_SYNTHETIC_v2.1.0_20260825T112627Z/analytical_dataset/adverse_event.parquet,serious_event_flag,bool,0.0,2,True | False,,,,,,,,,,indicator,baseline_or_source_dependent,UNKNOWN until source timing is confirmed,collected_but_unavailable_or_unknown,none observed in univariate profile
analytical,adverse_event,data/releases/BAYER_PROSTATE_PATIENT_JOURNEY_SYNTHETIC_v2.1.0_20260825T112627Z/analytical_dataset/adverse_event.parquet,severity,str,0.0,3,mild | moderate | severe,,,,,,,,,,categorical_or_descriptive,baseline_or_source_dependent,UNKNOWN until source timing is confirmed,collected_but_unavailable_or_unknown,none observed in univariate profile
analytical,adverse_event,data/releases/BAYER_PROSTATE_PATIENT_JOURNEY_SYNTHETIC_v2.1.0_20260825T112627Z/analytical_dataset/adverse_event.parquet,synthetic_event_flag,bool,0.0,1,True,,,,,,,,,,indicator,baseline_or_source_dependent,UNKNOWN until source timing is confirmed,collected_but_unavailable_or_unknown,constant or all-missing field
analytical,adverse_event,data/releases/BAYER_PROSTATE_PATIENT_JOURNEY_SYNTHETIC_v2.1.0_20260825T112627Z/analytical_dataset/adverse_event.parquet,treatment_episode_id,str,0.0,439,<direct/quasi-identifier values masked>,,,,,,,,,,identifier_or_foreign_key,identifier,LOW at the documented index,collected_but_unavailable_or_unknown,none observed in univariate profile
analytical,diagnosis,data/releases/BAYER_PROSTATE_PATIENT_JOURNEY_SYNTHETIC_v2.1.0_20260825T112627Z/analytical_dataset/diagnosis.parquet,castration_resistant_date,datetime64[us],98.15,180,2022-04-05 | 2022-05-08 | 2021-12-09,,,,,,,,2019-01-06,2024-09-27,temporal,event_time,CONDITIONAL: require date <= analysis/prediction cutoff,collected_but_unavailable_or_unknown,high missingness (98.2%); some date values do not parse
analytical,diagnosis,data/releases/BAYER_PROSTATE_PATIENT_JOURNEY_SYNTHETIC_v2.1.0_20260825T112627Z/analytical_dataset/diagnosis.parquet,castration_resistant_flag,bool,0.0,2,False | True,,,,,,,,,,indicator,diagnosis,LOW at the documented index,collected_but_unavailable_or_unknown,none observed in univariate profile
analytical,diagnosis,data/releases/BAYER_PROSTATE_PATIENT_JOURNEY_SYNTHETIC_v2.1.0_20260825T112627Z/analytical_dataset/diagnosis.parquet,clinical_state_model_version,str,0.0,1,CLINICAL-STATE-v2.1,,,,,,,,,,categorical_or_descriptive,baseline_or_source_dependent,UNKNOWN until source timing is confirmed,collected_but_unavailable_or_unknown,constant or all-missing field
analytical,diagnosis,data/releases/BAYER_PROSTATE_PATIENT_JOURNEY_SYNTHETIC_v2.1.0_20260825T112627Z/analytical_dataset/diagnosis.parquet,data_quality_flag,str,0.0,1,pass,,,,,,,,,,indicator,baseline_or_source_dependent,UNKNOWN until source timing is confirmed,collected_but_unavailable_or_unknown,constant or all-missing field
analytical,diagnosis,data/releases/BAYER_PROSTATE_PATIENT_JOURNEY_SYNTHETIC_v2.1.0_20260825T112627Z/analytical_dataset/diagnosis.parquet,diagnosis_date,datetime64[us],0.0,2081,2023-05-21 | 2020-04-19 | 2020-10-23,,,,,,,,2019-01-01,2024-09-30,temporal,event_time,CONDITIONAL: require date <= analysis/prediction cutoff,collected_but_unavailable_or_unknown,none observed in univariate profile
analytical,diagnosis,data/releases/BAYER_PROSTATE_PATIENT_JOURNEY_SYNTHETIC_v2.1.0_20260825T112627Z/analytical_dataset/diagnosis.parquet,diagnosis_id,str,0.0,10000,<direct/quasi-identifier values masked>,,,,,,,,,,identifier_or_foreign_key,baseline_or_source_dependent,UNKNOWN until source timing is confirmed,collected_but_unavailable_or_unknown,none observed in univariate profile
analytical,diagnosis,data/releases/BAYER_PROSTATE_PATIENT_JOURNEY_SYNTHETIC_v2.1.0_20260825T112627Z/analytical_dataset/diagnosis.parquet,diagnosis_source,str,0.0,1,synthetic_market_enrichment,,,,,,,,,,categorical_or_descriptive,baseline_or_source_dependent,UNKNOWN until source timing is confirmed,collected_but_unavailable_or_unknown,constant or all-missing field
analytical,diagnosis,data/releases/BAYER_PROSTATE_PATIENT_JOURNEY_SYNTHETIC_v2.1.0_20260825T112627Z/analytical_dataset/diagnosis.parquet,gleason_primary_pattern,Int64,4.12,3,4 | 3 | 5,3.0,3.0,3.0,4.0,4.0,5.0,5.0,,,clinical_state_or_measure,baseline_or_source_dependent,UNKNOWN until source timing is confirmed,collected_but_unavailable_or_unknown,none observed in univariate profile
analytical,diagnosis,data/releases/BAYER_PROSTATE_PATIENT_JOURNEY_SYNTHETIC_v2.1.0_20260825T112627Z/analytical_dataset/diagnosis.parquet,gleason_score,Int64,4.12,5,8 | 6 | 7,6.0,6.0,7.0,8.0,9.0,9.0,10.0,,,clinical_state_or_measure,diagnosis,LOW at the documented index,collected_but_unavailable_or_unknown,none observed in univariate profile
analytical,diagnosis,data/releases/BAYER_PROSTATE_PATIENT_JOURNEY_SYNTHETIC_v2.1.0_20260825T112627Z/analytical_dataset/diagnosis.parquet,gleason_secondary_pattern,Int64,4.12,3,4 | 3 | 5,3.0,3.0,3.0,4.0,4.0,5.0,5.0,,,clinical_state_or_measure,baseline_or_source_dependent,UNKNOWN until source timing is confirmed,collected_but_unavailable_or_unknown,none observed in univariate profile
analytical,diagnosis,data/releases/BAYER_PROSTATE_PATIENT_JOURNEY_SYNTHETIC_v2.1.0_20260825T112627Z/analytical_dataset/diagnosis.parquet,hormone_sensitive_confirmation_date,datetime64[us],76.31,1434,2023-05-21 | 2024-03-31 | 2022-03-28,,,,,,,,2019-01-02,2024-09-29,temporal,event_time,CONDITIONAL: require date <= analysis/prediction cutoff,collected_but_unavailable_or_unknown,high missingness (76.3%); some date values do not parse
analytical,diagnosis,data/releases/BAYER_PROSTATE_PATIENT_JOURNEY_SYNTHETIC_v2.1.0_20260825T112627Z/analytical_dataset/diagnosis.parquet,hormone_sensitive_flag,bool,0.0,2,True | False,,,,,,,,,,indicator,diagnosis,LOW at the documented index,collected_but_unavailable_or_unknown,none observed in univariate profile
analytical,diagnosis,data/releases/BAYER_PROSTATE_PATIENT_JOURNEY_SYNTHETIC_v2.1.0_20260825T112627Z/analytical_dataset/diagnosis.parquet,isup_grade_group,Int64,4.12,5,4 | 1 | 3,1.0,1.0,2.0,4.0,5.0,5.0,5.0,,,clinical_state_or_measure,diagnosis,LOW at the documented index,collected_but_unavailable_or_unknown,none observed in univariate profile
analytical,diagnosis,data/releases/BAYER_PROSTATE_PATIENT_JOURNEY_SYNTHETIC_v2.1.0_20260825T112627Z/analytical_dataset/diagnosis.parquet,localized_flag,bool,0.0,2,False | True,,,,,,,,,,indicator,baseline_or_source_dependent,UNKNOWN until source timing is confirmed,collected_but_unavailable_or_unknown,none observed in univariate profile
analytical,diagnosis,data/releases/BAYER_PROSTATE_PATIENT_JOURNEY_SYNTHETIC_v2.1.0_20260825T112627Z/analytical_dataset/diagnosis.parquet,locally_advanced_flag,bool,0.0,2,False | True,,,,,,,,,,indicator,baseline_or_source_dependent,UNKNOWN until source timing is confirmed,collected_but_unavailable_or_unknown,none observed in univariate profile
analytical,diagnosis,data/releases/BAYER_PROSTATE_PATIENT_JOURNEY_SYNTHETIC_v2.1.0_20260825T112627Z/analytical_dataset/diagnosis.parquet,market_code,str,0.0,7,US | DE | JP,,,,,,,,,,market_or_pathway_segment,baseline,LOW at the documented index,collected_but_unavailable_or_unknown,none observed in univariate profile
analytical,diagnosis,data/releases/BAYER_PROSTATE_PATIENT_JOURNEY_SYNTHETIC_v2.1.0_20260825T112627Z/analytical_dataset/diagnosis.parquet,metastatic_date,datetime64[us],71.56,1562,2023-05-21 | 2024-03-31 | 2022-03-28,,,,,,,,2019-01-02,2024-09-29,temporal,event_time,CONDITIONAL: require date <= analysis/prediction cutoff,collected_but_unavailable_or_unknown,high missingness (71.6%); some date values do not parse
analytical,diagnosis,data/releases/BAYER_PROSTATE_PATIENT_JOURNEY_SYNTHETIC_v2.1.0_20260825T112627Z/analytical_dataset/diagnosis.parquet,metastatic_flag,bool,0.0,2,True | False,,,,,,,,,,clinical_state_or_measure,diagnosis,LOW at the documented index,collected_but_unavailable_or_unknown,none observed in univariate profile
analytical,diagnosis,data/releases/BAYER_PROSTATE_PATIENT_JOURNEY_SYNTHETIC_v2.1.0_20260825T112627Z/analytical_dataset/diagnosis.parquet,metastatic_site,str,0.0,6,bone | not_applicable | lymph_node,,,,,,,,,,clinical_state_or_measure,baseline_or_source_dependent,UNKNOWN until source timing is confirmed,collected_but_unavailable_or_unknown,none observed in univariate profile
analytical,diagnosis,data/releases/BAYER_PROSTATE_PATIENT_JOURNEY_SYNTHETIC_v2.1.0_20260825T112627Z/analytical_dataset/diagnosis.parquet,patient_id,str,0.0,10000,<direct/quasi-identifier values masked>,,,,,,,,,,identifier_or_foreign_key,identifier,LOW at the documented index,collected_but_unavailable_or_unknown,none observed in univariate profile
analytical,diagnosis,data/releases/BAYER_PROSTATE_PATIENT_JOURNEY_SYNTHETIC_v2.1.0_20260825T112627Z/analytical_dataset/diagnosis.parquet,prostate_cancer_flag,bool,0.0,1,True,,,,,,,,,,indicator,baseline_or_source_dependent,UNKNOWN until source timing is confirmed,collected_but_unavailable_or_unknown,constant or all-missing field
analytical,diagnosis,data/releases/BAYER_PROSTATE_PATIENT_JOURNEY_SYNTHETIC_v2.1.0_20260825T112627Z/analytical_dataset/diagnosis.parquet,prostate_stage,str,0.0,4,metastatic | localized | locally_advanced,,,,,,,,,,clinical_state_or_measure,diagnosis,LOW at the documented index,collected_but_unavailable_or_unknown,none observed in univariate profile
analytical,diagnosis,data/releases/BAYER_PROSTATE_PATIENT_JOURNEY_SYNTHETIC_v2.1.0_20260825T112627Z/analytical_dataset/diagnosis.parquet,psa_value,float64,4.88,926,34.1 | 27.9 | 35.0,0.9,4.2,9.2,16.1,27.8,60.7,324.8,,,clinical_state_or_measure,diagnosis,LOW at the documented index,collected_but_unavailable_or_unknown,none observed in univariate profile
analytical,diagnosis,data/releases/BAYER_PROSTATE_PATIENT_JOURNEY_SYNTHETIC_v2.1.0_20260825T112627Z/analytical_dataset/diagnosis.parquet,risk_group,str,0.0,4,high | low | intermediate,,,,,,,,,,categorical_or_descriptive,diagnosis,LOW at the documented index,collected_but_unavailable_or_unknown,none observed in univariate profile
analytical,disease_state_event,data/releases/BAYER_PROSTATE_PATIENT_JOURNEY_SYNTHETIC_v2.1.0_20260825T112627Z/analytical_dataset/disease_state_event.parquet,clinical_state_model_version,str,0.0,1,CLINICAL-STATE-v2.1,,,,,,,,,,categorical_or_descriptive,baseline_or_source_dependent,UNKNOWN until source timing is confirmed,collected_but_unavailable_or_unknown,constant or all-missing field
analytical,disease_state_event,data/releases/BAYER_PROSTATE_PATIENT_JOURNEY_SYNTHETIC_v2.1.0_20260825T112627Z/analytical_dataset/disease_state_event.parquet,disease_state_event_id,str,0.0,10177,<direct/quasi-identifier values masked>,,,,,,,,,,identifier_or_foreign_key,baseline_or_source_dependent,UNKNOWN until source timing is confirmed,collected_but_unavailable_or_unknown,none observed in univariate profile
analytical,disease_state_event,data/releases/BAYER_PROSTATE_PATIENT_JOURNEY_SYNTHETIC_v2.1.0_20260825T112627Z/analytical_dataset/disease_state_event.parquet,market_code,str,0.0,7,US | DE | JP,,,,,,,,,,market_or_pathway_segment,baseline,LOW at the documented index,collected_but_unavailable_or_unknown,none observed in univariate profile
analytical,disease_state_event,data/releases/BAYER_PROSTATE_PATIENT_JOURNEY_SYNTHETIC_v2.1.0_20260825T112627Z/analytical_dataset/disease_state_event.parquet,patient_id,str,0.0,10000,<direct/quasi-identifier values masked>,,,,,,,,,,identifier_or_foreign_key,identifier,LOW at the documented index,collected_but_unavailable_or_unknown,none observed in univariate profile
analytical,disease_state_event,data/releases/BAYER_PROSTATE_PATIENT_JOURNEY_SYNTHETIC_v2.1.0_20260825T112627Z/analytical_dataset/disease_state_event.parquet,previous_state,str,98.260784,1,mHSPC,,,,,,,,,,categorical_or_descriptive,baseline_or_source_dependent,UNKNOWN until source timing is confirmed,collected_but_unavailable_or_unknown,high missingness (98.3%); constant or all-missing field
analytical,disease_state_event,data/releases/BAYER_PROSTATE_PATIENT_JOURNEY_SYNTHETIC_v2.1.0_20260825T112627Z/analytical_dataset/disease_state_event.parquet,state,str,0.0,6,mHSPC | localized | locally_advanced,,,,,,,,,,categorical_or_descriptive,baseline_or_source_dependent,UNKNOWN until source timing is confirmed,collected_but_unavailable_or_unknown,none observed in univariate profile
analytical,disease_state_event,data/releases/BAYER_PROSTATE_PATIENT_JOURNEY_SYNTHETIC_v2.1.0_20260825T112627Z/analytical_dataset/disease_state_event.parquet,state_date,datetime64[us],0.0,2151,2023-05-21 | 2020-04-19 | 2020-10-23,,,,,,,,2019-01-01,2025-12-24,temporal,event_time,CONDITIONAL: require date <= analysis/prediction cutoff,collected_but_unavailable_or_unknown,none observed in univariate profile
analytical,disease_state_event,data/releases/BAYER_PROSTATE_PATIENT_JOURNEY_SYNTHETIC_v2.1.0_20260825T112627Z/analytical_dataset/disease_state_event.parquet,synthetic_event_flag,bool,0.0,1,True,,,,,,,,,,indicator,baseline_or_source_dependent,UNKNOWN until source timing is confirmed,collected_but_unavailable_or_unknown,constant or all-missing field
analytical,disease_state_event,data/releases/BAYER_PROSTATE_PATIENT_JOURNEY_SYNTHETIC_v2.1.0_20260825T112627Z/analytical_dataset/disease_state_event.parquet,transition_reason,str,0.0,2,index_diagnosis | synthetic_progression,,,,,,,,,,categorical_or_descriptive,baseline_or_source_dependent,UNKNOWN until source timing is confirmed,collected_but_unavailable_or_unknown,none observed in univariate profile
analytical,eligibility,data/releases/BAYER_PROSTATE_PATIENT_JOURNEY_SYNTHETIC_v2.1.0_20260825T112627Z/analytical_dataset/eligibility.parquet,censor_date_at_generation,datetime64[us],0.0,1049,2025-12-31 | 2024-08-29 | 2023-04-18,,,,,,,,2019-05-19,2025-12-31,temporal,outcome_or_post_index,HIGH unless used only as target/descriptive endpoint,collected_but_unavailable_or_unknown,none observed in univariate profile
analytical,eligibility,data/releases/BAYER_PROSTATE_PATIENT_JOURNEY_SYNTHETIC_v2.1.0_20260825T112627Z/analytical_dataset/eligibility.parquet,clinical_exclusion_reason,str,29.43,6,disease_state_outside_configured_denominator | drug_interaction | severe_cardiovascular_risk,,,,,,,,,,categorical_or_descriptive,eligibility,CONDITIONAL: enforce documented availability cutoff,collected_but_unavailable_or_unknown,high missingness (29.4%)
analytical,eligibility,data/releases/BAYER_PROSTATE_PATIENT_JOURNEY_SYNTHETIC_v2.1.0_20260825T112627Z/analytical_dataset/eligibility.parquet,contraindication_flag,bool,0.0,2,False | True,,,,,,,,,,indicator,eligibility,CONDITIONAL: enforce documented availability cutoff,collected_but_unavailable_or_unknown,none observed in univariate profile
analytical,eligibility,data/releases/BAYER_PROSTATE_PATIENT_JOURNEY_SYNTHETIC_v2.1.0_20260825T112627Z/analytical_dataset/eligibility.parquet,contraindication_reason,str,96.36,5,drug_interaction | severe_cardiovascular_risk | functional_status,,,,,,,,,,categorical_or_descriptive,baseline_or_source_dependent,UNKNOWN until source timing is confirmed,collected_but_unavailable_or_unknown,high missingness (96.4%)
analytical,eligibility,data/releases/BAYER_PROSTATE_PATIENT_JOURNEY_SYNTHETIC_v2.1.0_20260825T112627Z/analytical_dataset/eligibility.parquet,data_sufficiency_flag,bool,0.0,2,True | False,,,,,,,,,,indicator,eligibility,CONDITIONAL: enforce documented availability cutoff,collected_but_unavailable_or_unknown,none observed in univariate profile
analytical,eligibility,data/releases/BAYER_PROSTATE_PATIENT_JOURNEY_SYNTHETIC_v2.1.0_20260825T112627Z/analytical_dataset/eligibility.parquet,eligibility_date,datetime64[us],77.19,1406,2023-05-21 | 2024-03-31 | 2022-03-28,,,,,,,,2019-01-02,2024-09-29,temporal,eligibility,CONDITIONAL: enforce documented availability cutoff,collected_but_unavailable_or_unknown,high missingness (77.2%); some date values do not parse
analytical,eligibility,data/releases/BAYER_PROSTATE_PATIENT_JOURNEY_SYNTHETIC_v2.1.0_20260825T112627Z/analytical_dataset/eligibility.parquet,eligibility_flag,bool,0.0,2,True | False,,,,,,,,,,indicator,eligibility,CONDITIONAL: enforce documented availability cutoff,collected_but_unavailable_or_unknown,none observed in univariate profile
analytical,eligibility,data/releases/BAYER_PROSTATE_PATIENT_JOURNEY_SYNTHETIC_v2.1.0_20260825T112627Z/analytical_dataset/eligibility.parquet,eligibility_id,str,0.0,10000,<direct/quasi-identifier values masked>,,,,,,,,,,identifier_or_foreign_key,baseline_or_source_dependent,UNKNOWN until source timing is confirmed,collected_but_unavailable_or_unknown,none observed in univariate profile
analytical,eligibility,data/releases/BAYER_PROSTATE_PATIENT_JOURNEY_SYNTHETIC_v2.1.0_20260825T112627Z/analytical_dataset/eligibility.parquet,eligibility_reason,str,77.19,1,meets_configured_mhspc_denominator,,,,,,,,,,categorical_or_descriptive,eligibility,CONDITIONAL: enforce documented availability cutoff,collected_but_unavailable_or_unknown,high missingness (77.2%); constant or all-missing field
analytical,eligibility,data/releases/BAYER_PROSTATE_PATIENT_JOURNEY_SYNTHETIC_v2.1.0_20260825T112627Z/analytical_dataset/eligibility.parquet,eligibility_rule_version,str,0.0,1,ARPI-ELIG-SYN-v2.0,,,,,,,,,,categorical_or_descriptive,eligibility,CONDITIONAL: enforce documented availability cutoff,collected_but_unavailable_or_unknown,constant or all-missing field
analytical,eligibility,data/releases/BAYER_PROSTATE_PATIENT_JOURNEY_SYNTHETIC_v2.1.0_20260825T112627Z/analytical_dataset/eligibility.parquet,eligibility_status,str,0.0,3,ELIGIBLE | CLINICALLY_INELIGIBLE | INSUFFICIENT_DATA,,,,,,,,,,categorical_or_descriptive,baseline_or_source_dependent,UNKNOWN until source timing is confirmed,collected_but_unavailable_or_unknown,none observed in univariate profile
analytical,eligibility,data/releases/BAYER_PROSTATE_PATIENT_JOURNEY_SYNTHETIC_v2.1.0_20260825T112627Z/analytical_dataset/eligibility.parquet,eligible_for_arpi,bool,0.0,2,True | False,,,,,,,,,,indicator,eligibility,CONDITIONAL: enforce documented availability cutoff,collected_but_unavailable_or_unknown,none observed in univariate profile
analytical,eligibility,data/releases/BAYER_PROSTATE_PATIENT_JOURNEY_SYNTHETIC_v2.1.0_20260825T112627Z/analytical_dataset/eligibility.parquet,ineligibility_reason,str,22.81,3,does_not_meet_mhspc_state | configured_contraindication | insufficient_clinical_state_evidence,,,,,,,,,,categorical_or_descriptive,eligibility,CONDITIONAL: enforce documented availability cutoff,collected_but_unavailable_or_unknown,high missingness (22.8%)
analytical,eligibility,data/releases/BAYER_PROSTATE_PATIENT_JOURNEY_SYNTHETIC_v2.1.0_20260825T112627Z/analytical_dataset/eligibility.parquet,market_code,str,0.0,7,US | DE | JP,,,,,,,,,,market_or_pathway_segment,baseline,LOW at the documented index,collected_but_unavailable_or_unknown,none observed in univariate profile
analytical,eligibility,data/releases/BAYER_PROSTATE_PATIENT_JOURNEY_SYNTHETIC_v2.1.0_20260825T112627Z/analytical_dataset/eligibility.parquet,mhspc_flag,bool,0.0,2,True | False,,,,,,,,,,indicator,eligibility,CONDITIONAL: enforce documented availability cutoff,collected_but_unavailable_or_unknown,none observed in univariate profile
analytical,eligibility,data/releases/BAYER_PROSTATE_PATIENT_JOURNEY_SYNTHETIC_v2.1.0_20260825T112627Z/analytical_dataset/eligibility.parquet,minimum_followup_required_days,int64,0.0,1,90,90.0,90.0,90.0,90.0,90.0,90.0,90.0,,,numeric_measure,baseline_or_source_dependent,UNKNOWN until source timing is confirmed,collected_but_unavailable_or_unknown,constant or all-missing field
analytical,eligibility,data/releases/BAYER_PROSTATE_PATIENT_JOURNEY_SYNTHETIC_v2.1.0_20260825T112627Z/analytical_dataset/eligibility.parquet,patient_id,str,0.0,10000,<direct/quasi-identifier values masked>,,,,,,,,,,identifier_or_foreign_key,identifier,LOW at the documented index,collected_but_unavailable_or_unknown,none observed in univariate profile
analytical,eligibility,data/releases/BAYER_PROSTATE_PATIENT_JOURNEY_SYNTHETIC_v2.1.0_20260825T112627Z/analytical_dataset/eligibility.parquet,possible_followup_days,int64,0.0,2081,955 | 2082 | 1895,457.0,557.95,979.75,1497.0,2022.0,2444.0499999999993,2556.0,,,numeric_measure,baseline_or_source_dependent,UNKNOWN until source timing is confirmed,collected_but_unavailable_or_unknown,none observed in univariate profile
analytical,eligibility,data/releases/BAYER_PROSTATE_PATIENT_JOURNEY_SYNTHETIC_v2.1.0_20260825T112627Z/analytical_dataset/eligibility.parquet,source_assumption,str,0.0,1,Synthetic diagnostic denominator for pathway analysis; not a,,,,,,,,,,categorical_or_descriptive,baseline_or_source_dependent,UNKNOWN until source timing is confirmed,collected_but_unavailable_or_unknown,constant or all-missing field
analytical,eligibility,data/releases/BAYER_PROSTATE_PATIENT_JOURNEY_SYNTHETIC_v2.1.0_20260825T112627Z/analytical_dataset/eligibility.parquet,synthetic_event_flag,bool,0.0,1,True,,,,,,,,,,indicator,baseline_or_source_dependent,UNKNOWN until source timing is confirmed,collected_but_unavailable_or_unknown,constant or all-missing field
analytical,encounter,data/releases/BAYER_PROSTATE_PATIENT_JOURNEY_SYNTHETIC_v2.1.0_20260825T112627Z/analytical_dataset/encounter.parquet,care_setting,str,0.0,4,mixed_pathway | community_oncology | community_urology,,,,,,,,,,market_or_pathway_segment,baseline_or_source_dependent,UNKNOWN until source timing is confirmed,collected_but_unavailable_or_unknown,none observed in univariate profile
analytical,encounter,data/releases/BAYER_PROSTATE_PATIENT_JOURNEY_SYNTHETIC_v2.1.0_20260825T112627Z/analytical_dataset/encounter.parquet,detail_level,str,0.0,2,deep | scan,,,,,,,,,,categorical_or_descriptive,baseline_or_source_dependent,UNKNOWN until source timing is confirmed,collected_but_unavailable_or_unknown,none observed in univariate profile
analytical,encounter,data/releases/BAYER_PROSTATE_PATIENT_JOURNEY_SYNTHETIC_v2.1.0_20260825T112627Z/analytical_dataset/encounter.parquet,encounter_date,datetime64[us],0.0,2557,2023-05-21 | 2023-05-28 | 2023-06-12,,,,,,,,2019-01-01,2025-12-31,temporal,event_time,CONDITIONAL: require date <= analysis/prediction cutoff,collected_but_unavailable_or_unknown,none observed in univariate profile
analytical,encounter,data/releases/BAYER_PROSTATE_PATIENT_JOURNEY_SYNTHETIC_v2.1.0_20260825T112627Z/analytical_dataset/encounter.parquet,encounter_id,str,0.0,76819,<direct/quasi-identifier values masked>,,,,,,,,,,identifier_or_foreign_key,baseline_or_source_dependent,UNKNOWN until source timing is confirmed,collected_but_unavailable_or_unknown,none observed in univariate profile
analytical,encounter,data/releases/BAYER_PROSTATE_PATIENT_JOURNEY_SYNTHETIC_v2.1.0_20260825T112627Z/analytical_dataset/encounter.parquet,encounter_type,str,0.0,8,diagnosis | urology_decision | oncology_consultation,,,,,,,,,,categorical_or_descriptive,baseline_or_source_dependent,UNKNOWN until source timing is confirmed,collected_but_unavailable_or_unknown,none observed in univariate profile
analytical,encounter,data/releases/BAYER_PROSTATE_PATIENT_JOURNEY_SYNTHETIC_v2.1.0_20260825T112627Z/analytical_dataset/encounter.parquet,market_code,str,0.0,7,US | DE | JP,,,,,,,,,,market_or_pathway_segment,baseline,LOW at the documented index,collected_but_unavailable_or_unknown,none observed in univariate profile
analytical,encounter,data/releases/BAYER_PROSTATE_PATIENT_JOURNEY_SYNTHETIC_v2.1.0_20260825T112627Z/analytical_dataset/encounter.parquet,organization_id,str,0.0,40,<direct/quasi-identifier values masked>,,,,,,,,,,identifier_or_foreign_key,baseline_or_source_dependent,UNKNOWN until source timing is confirmed,collected_but_unavailable_or_unknown,none observed in univariate profile
analytical,encounter,data/releases/BAYER_PROSTATE_PATIENT_JOURNEY_SYNTHETIC_v2.1.0_20260825T112627Z/analytical_dataset/encounter.parquet,patient_id,str,0.0,10000,<direct/quasi-identifier values masked>,,,,,,,,,,identifier_or_foreign_key,identifier,LOW at the documented index,collected_but_unavailable_or_unknown,none observed in univariate profile
analytical,encounter,data/releases/BAYER_PROSTATE_PATIENT_JOURNEY_SYNTHETIC_v2.1.0_20260825T112627Z/analytical_dataset/encounter.parquet,provider_id,str,0.0,48,<direct/quasi-identifier values masked>,,,,,,,,,,identifier_or_foreign_key,baseline_or_source_dependent,UNKNOWN until source timing is confirmed,collected_but_unavailable_or_unknown,none observed in univariate profile
analytical,encounter,data/releases/BAYER_PROSTATE_PATIENT_JOURNEY_SYNTHETIC_v2.1.0_20260825T112627Z/analytical_dataset/encounter.parquet,provider_specialty,str,0.0,2,urology | medical_oncology,,,,,,,,,,market_or_pathway_segment,baseline_or_source_dependent,UNKNOWN until source timing is confirmed,collected_but_unavailable_or_unknown,none observed in univariate profile
analytical,encounter,data/releases/BAYER_PROSTATE_PATIENT_JOURNEY_SYNTHETIC_v2.1.0_20260825T112627Z/analytical_dataset/encounter.parquet,sequence_number,int64,0.0,21,0 | 1 | 2,0.0,0.0,1.0,3.0,6.0,10.0,20.0,,,numeric_measure,baseline_or_source_dependent,UNKNOWN until source timing is confirmed,collected_but_unavailable_or_unknown,none observed in univariate profile
analytical,encounter,data/releases/BAYER_PROSTATE_PATIENT_JOURNEY_SYNTHETIC_v2.1.0_20260825T112627Z/analytical_dataset/encounter.parquet,synthetic_event_flag,bool,0.0,1,True,,,,,,,,,,indicator,baseline_or_source_dependent,UNKNOWN until source timing is confirmed,collected_but_unavailable_or_unknown,constant or all-missing field
analytical,feature_timing,data/releases/BAYER_PROSTATE_PATIENT_JOURNEY_SYNTHETIC_v2.1.0_20260825T112627Z/analytical_dataset/feature_timing.parquet,allowed_use_cases,str,0.0,9,grouping_only | all_prediction_tasks | cohort_definition,,,,,,,,,,categorical_or_descriptive,baseline_or_source_dependent,UNKNOWN until source timing is confirmed,collected_but_unavailable_or_unknown,none observed in univariate profile
analytical,feature_timing,data/releases/BAYER_PROSTATE_PATIENT_JOURNEY_SYNTHETIC_v2.1.0_20260825T112627Z/analytical_dataset/feature_timing.parquet,availability_condition,str,0.0,9,never_as_predictor | available_at_index | recorded_by_eligibility_date,,,,,,,,,,categorical_or_descriptive,baseline_or_source_dependent,UNKNOWN until source timing is confirmed,collected_but_unavailable_or_unknown,none observed in univariate profile
analytical,feature_timing,data/releases/BAYER_PROSTATE_PATIENT_JOURNEY_SYNTHETIC_v2.1.0_20260825T112627Z/analytical_dataset/feature_timing.parquet,availability_stage,str,0.0,11,identifier | baseline | diagnosis,,,,,,,,,,clinical_state_or_measure,baseline_or_source_dependent,UNKNOWN until source timing is confirmed,collected_but_unavailable_or_unknown,none observed in univariate profile
analytical,feature_timing,data/releases/BAYER_PROSTATE_PATIENT_JOURNEY_SYNTHETIC_v2.1.0_20260825T112627Z/analytical_dataset/feature_timing.parquet,feature_metadata_id,str,0.0,105,<direct/quasi-identifier values masked>,,,,,,,,,,identifier_or_foreign_key,baseline_or_source_dependent,UNKNOWN until source timing is confirmed,collected_but_unavailable_or_unknown,none observed in univariate profile
analytical,feature_timing,data/releases/BAYER_PROSTATE_PATIENT_JOURNEY_SYNTHETIC_v2.1.0_20260825T112627Z/analytical_dataset/feature_timing.parquet,feature_name,str,0.0,105,patient_id | market_code | country,,,,,,,,,,categorical_or_descriptive,baseline_or_source_dependent,UNKNOWN until source timing is confirmed,collected_but_unavailable_or_unknown,none observed in univariate profile
analytical,feature_timing,data/releases/BAYER_PROSTATE_PATIENT_JOURNEY_SYNTHETIC_v2.1.0_20260825T112627Z/analytical_dataset/feature_timing.parquet,future_information_flag,bool,0.0,2,False | True,,,,,,,,,,indicator,baseline_or_source_dependent,UNKNOWN until source timing is confirmed,collected_but_unavailable_or_unknown,none observed in univariate profile
analytical,feature_timing,data/releases/BAYER_PROSTATE_PATIENT_JOURNEY_SYNTHETIC_v2.1.0_20260825T112627Z/analytical_dataset/feature_timing.parquet,predictor_allowed_flag,bool,0.0,2,False | True,,,,,,,,,,indicator,baseline_or_source_dependent,UNKNOWN until source timing is confirmed,collected_but_unavailable_or_unknown,none observed in univariate profile
analytical,feature_timing,data/releases/BAYER_PROSTATE_PATIENT_JOURNEY_SYNTHETIC_v2.1.0_20260825T112627Z/analytical_dataset/feature_timing.parquet,target_label_flag,bool,0.0,2,False | True,,,,,,,,,,indicator,baseline_or_source_dependent,UNKNOWN until source timing is confirmed,collected_but_unavailable_or_unknown,none observed in univariate profile
analytical,feature_timing,data/releases/BAYER_PROSTATE_PATIENT_JOURNEY_SYNTHETIC_v2.1.0_20260825T112627Z/analytical_dataset/feature_timing.parquet,timing_rule_version,str,0.0,1,FEATURE-TIMING-v2.1,,,,,,,,,,categorical_or_descriptive,baseline_or_source_dependent,UNKNOWN until source timing is confirmed,collected_but_unavailable_or_unknown,constant or all-missing field
analytical,observation,data/releases/BAYER_PROSTATE_PATIENT_JOURNEY_SYNTHETIC_v2.1.0_20260825T112627Z/analytical_dataset/observation.parquet,censor_date,datetime64[us],0.0,1049,2025-12-31 | 2024-08-29 | 2023-04-18,,,,,,,,2019-05-19,2025-12-31,temporal,future,HIGH: future/post-index information,collected_but_unavailable_or_unknown,none observed in univariate profile
analytical,observation,data/releases/BAYER_PROSTATE_PATIENT_JOURNEY_SYNTHETIC_v2.1.0_20260825T112627Z/analytical_dataset/observation.parquet,censor_reason,str,0.0,3,administrative_end | death | loss_to_follow_up,,,,,,,,,,categorical_or_descriptive,future,HIGH: future/post-index information,collected_but_unavailable_or_unknown,none observed in univariate profile
analytical,observation,data/releases/BAYER_PROSTATE_PATIENT_JOURNEY_SYNTHETIC_v2.1.0_20260825T112627Z/analytical_dataset/observation.parquet,death_date,datetime64[us],92.28,630,2024-08-29 | 2023-04-18 | 2024-02-26,,,,,,,,2019-05-19,2025-12-31,temporal,target_or_outcome,HIGH: target/outcome-derived; never use as predictor,mixed_structural_or_event_dependent,high missingness (92.3%); some date values do not parse
analytical,observation,data/releases/BAYER_PROSTATE_PATIENT_JOURNEY_SYNTHETIC_v2.1.0_20260825T112627Z/analytical_dataset/observation.parquet,follow_up_days_from_diagnosis,int64,0.0,2350,955 | 2082 | 1895,90.0,446.0,835.0,1364.0,1937.0,2426.0,2556.0,,,numeric_measure,outcome_or_post_index,HIGH unless used only as target/descriptive endpoint,collected_but_unavailable_or_unknown,none observed in univariate profile
analytical,observation,data/releases/BAYER_PROSTATE_PATIENT_JOURNEY_SYNTHETIC_v2.1.0_20260825T112627Z/analytical_dataset/observation.parquet,last_observed_date,datetime64[us],0.0,1049,2025-12-31 | 2024-08-29 | 2023-04-18,,,,,,,,2019-05-19,2025-12-31,temporal,future,HIGH: future/post-index information,collected_but_unavailable_or_unknown,none observed in univariate profile
analytical,observation,data/releases/BAYER_PROSTATE_PATIENT_JOURNEY_SYNTHETIC_v2.1.0_20260825T112627Z/analytical_dataset/observation.parquet,loss_to_follow_up_date,datetime64[us],91.96,630,2022-03-29 | 2024-08-03 | 2024-09-30,,,,,,,,2019-09-06,2025-12-30,temporal,target_or_outcome,HIGH: target/outcome-derived; never use as predictor,collected_but_unavailable_or_unknown,high missingness (92.0%); some date values do not parse
analytical,observation,data/releases/BAYER_PROSTATE_PATIENT_JOURNEY_SYNTHETIC_v2.1.0_20260825T112627Z/analytical_dataset/observation.parquet,market_code,str,0.0,7,US | DE | JP,,,,,,,,,,market_or_pathway_segment,baseline,LOW at the documented index,collected_but_unavailable_or_unknown,none observed in univariate profile
analytical,observation,data/releases/BAYER_PROSTATE_PATIENT_JOURNEY_SYNTHETIC_v2.1.0_20260825T112627Z/analytical_dataset/observation.parquet,observation_end_date,datetime64[us],0.0,1,2025-12-31,,,,,,,,2025-12-31,2025-12-31,temporal,administrative,CONDITIONAL: enforce documented availability cutoff,collected_but_unavailable_or_unknown,constant or all-missing field
analytical,observation,data/releases/BAYER_PROSTATE_PATIENT_JOURNEY_SYNTHETIC_v2.1.0_20260825T112627Z/analytical_dataset/observation.parquet,observation_id,str,0.0,10000,<direct/quasi-identifier values masked>,,,,,,,,,,identifier_or_foreign_key,baseline_or_source_dependent,UNKNOWN until source timing is confirmed,collected_but_unavailable_or_unknown,none observed in univariate profile
analytical,observation,data/releases/BAYER_PROSTATE_PATIENT_JOURNEY_SYNTHETIC_v2.1.0_20260825T112627Z/analytical_dataset/observation.parquet,observation_rule_version,str,0.0,1,OBSERVATION-v2.1,,,,,,,,,,categorical_or_descriptive,baseline_or_source_dependent,UNKNOWN until source timing is confirmed,collected_but_unavailable_or_unknown,constant or all-missing field
analytical,observation,data/releases/BAYER_PROSTATE_PATIENT_JOURNEY_SYNTHETIC_v2.1.0_20260825T112627Z/analytical_dataset/observation.parquet,observation_start_date,datetime64[us],0.0,2416,2021-05-23 | 2018-04-27 | 2019-08-06,,,,,,,,2017-01-16,2024-03-14,temporal,administrative,CONDITIONAL: enforce documented availability cutoff,collected_but_unavailable_or_unknown,none observed in univariate profile
analytical,observation,data/releases/BAYER_PROSTATE_PATIENT_JOURNEY_SYNTHETIC_v2.1.0_20260825T112627Z/analytical_dataset/observation.parquet,patient_id,str,0.0,10000,<direct/quasi-identifier values masked>,,,,,,,,,,identifier_or_foreign_key,identifier,LOW at the documented index,collected_but_unavailable_or_unknown,none observed in univariate profile
analytical,observation,data/releases/BAYER_PROSTATE_PATIENT_JOURNEY_SYNTHETIC_v2.1.0_20260825T112627Z/analytical_dataset/observation.parquet,synthetic_event_flag,bool,0.0,1,True,,,,,,,,,,indicator,baseline_or_source_dependent,UNKNOWN until source timing is confirmed,collected_but_unavailable_or_unknown,constant or all-missing field
analytical,organization,data/releases/BAYER_PROSTATE_PATIENT_JOURNEY_SYNTHETIC_v2.1.0_20260825T112627Z/analytical_dataset/organization.parquet,academic_flag,bool,0.0,2,False | True,,,,,,,,,,indicator,baseline_or_source_dependent,UNKNOWN until source timing is confirmed,collected_but_unavailable_or_unknown,none observed in univariate profile
analytical,organization,data/releases/BAYER_PROSTATE_PATIENT_JOURNEY_SYNTHETIC_v2.1.0_20260825T112627Z/analytical_dataset/organization.parquet,care_setting,str,0.0,4,community_urology | community_oncology | academic_oncology,,,,,,,,,,market_or_pathway_segment,baseline_or_source_dependent,UNKNOWN until source timing is confirmed,collected_but_unavailable_or_unknown,none observed in univariate profile
analytical,organization,data/releases/BAYER_PROSTATE_PATIENT_JOURNEY_SYNTHETIC_v2.1.0_20260825T112627Z/analytical_dataset/organization.parquet,market_code,str,0.0,7,US | DE | JP,,,,,,,,,,market_or_pathway_segment,baseline,LOW at the documented index,collected_but_unavailable_or_unknown,none observed in univariate profile
analytical,organization,data/releases/BAYER_PROSTATE_PATIENT_JOURNEY_SYNTHETIC_v2.1.0_20260825T112627Z/analytical_dataset/organization.parquet,multidisciplinary_team_flag,bool,0.0,2,False | True,,,,,,,,,,indicator,baseline_or_source_dependent,UNKNOWN until source timing is confirmed,collected_but_unavailable_or_unknown,none observed in univariate profile
analytical,organization,data/releases/BAYER_PROSTATE_PATIENT_JOURNEY_SYNTHETIC_v2.1.0_20260825T112627Z/analytical_dataset/organization.parquet,organization_id,str,0.0,48,<direct/quasi-identifier values masked>,,,,,,,,,,identifier_or_foreign_key,baseline_or_source_dependent,UNKNOWN until source timing is confirmed,collected_but_unavailable_or_unknown,none observed in univariate profile
analytical,organization,data/releases/BAYER_PROSTATE_PATIENT_JOURNEY_SYNTHETIC_v2.1.0_20260825T112627Z/analytical_dataset/organization.parquet,organization_type,str,0.0,4,community_urology | community_oncology | academic_oncology,,,,,,,,,,categorical_or_descriptive,baseline_or_source_dependent,UNKNOWN until source timing is confirmed,collected_but_unavailable_or_unknown,none observed in univariate profile
analytical,organization,data/releases/BAYER_PROSTATE_PATIENT_JOURNEY_SYNTHETIC_v2.1.0_20260825T112627Z/analytical_dataset/organization.parquet,region,str,0.0,15,Northeast | West | South,,,,,,,,,,market_or_pathway_segment,baseline,LOW at the documented index,collected_but_unavailable_or_unknown,none observed in univariate profile
analytical,organization,data/releases/BAYER_PROSTATE_PATIENT_JOURNEY_SYNTHETIC_v2.1.0_20260825T112627Z/analytical_dataset/organization.parquet,synthetic_organization_flag,bool,0.0,1,True,,,,,,,,,,indicator,baseline_or_source_dependent,UNKNOWN until source timing is confirmed,collected_but_unavailable_or_unknown,constant or all-missing field
analytical,outcome,data/releases/BAYER_PROSTATE_PATIENT_JOURNEY_SYNTHETIC_v2.1.0_20260825T112627Z/analytical_dataset/outcome.parquet,adverse_event_count,int64,0.0,3,0 | 1 | 2,0.0,0.0,0.0,0.0,0.0,0.0,2.0,,,numeric_measure,baseline_or_source_dependent,UNKNOWN until source timing is confirmed,collected_but_unavailable_or_unknown,none observed in univariate profile
analytical,outcome,data/releases/BAYER_PROSTATE_PATIENT_JOURNEY_SYNTHETIC_v2.1.0_20260825T112627Z/analytical_dataset/outcome.parquet,adverse_event_flag,bool,0.0,2,False | True,,,,,,,,,,indicator,target_or_outcome,HIGH: target/outcome-derived; never use as predictor,collected_but_unavailable_or_unknown,none observed in univariate profile
analytical,outcome,data/releases/BAYER_PROSTATE_PATIENT_JOURNEY_SYNTHETIC_v2.1.0_20260825T112627Z/analytical_dataset/outcome.parquet,castration_resistant_date,datetime64[us],98.23,166,2025-06-06 | 2025-03-04 | 2025-04-02,,,,,,,,2019-08-05,2025-12-24,temporal,event_time,CONDITIONAL: require date <= analysis/prediction cutoff,collected_but_unavailable_or_unknown,high missingness (98.2%); some date values do not parse
analytical,outcome,data/releases/BAYER_PROSTATE_PATIENT_JOURNEY_SYNTHETIC_v2.1.0_20260825T112627Z/analytical_dataset/outcome.parquet,castration_resistant_transition,bool,0.0,2,False | True,,,,,,,,,,indicator,baseline_or_source_dependent,UNKNOWN until source timing is confirmed,collected_but_unavailable_or_unknown,none observed in univariate profile
analytical,outcome,data/releases/BAYER_PROSTATE_PATIENT_JOURNEY_SYNTHETIC_v2.1.0_20260825T112627Z/analytical_dataset/outcome.parquet,censor_date,datetime64[us],0.0,1049,2025-12-31 | 2024-08-29 | 2023-04-18,,,,,,,,2019-05-19,2025-12-31,temporal,future,HIGH: future/post-index information,collected_but_unavailable_or_unknown,none observed in univariate profile
analytical,outcome,data/releases/BAYER_PROSTATE_PATIENT_JOURNEY_SYNTHETIC_v2.1.0_20260825T112627Z/analytical_dataset/outcome.parquet,censor_reason,str,0.0,3,administrative_end | death | loss_to_follow_up,,,,,,,,,,categorical_or_descriptive,future,HIGH: future/post-index information,collected_but_unavailable_or_unknown,none observed in univariate profile
analytical,outcome,data/releases/BAYER_PROSTATE_PATIENT_JOURNEY_SYNTHETIC_v2.1.0_20260825T112627Z/analytical_dataset/outcome.parquet,death_date,datetime64[us],92.28,630,2024-08-29 | 2023-04-18 | 2024-02-26,,,,,,,,2019-05-19,2025-12-31,temporal,target_or_outcome,HIGH: target/outcome-derived; never use as predictor,mixed_structural_or_event_dependent,high missingness (92.3%); some date values do not parse
analytical,outcome,data/releases/BAYER_PROSTATE_PATIENT_JOURNEY_SYNTHETIC_v2.1.0_20260825T112627Z/analytical_dataset/outcome.parquet,death_flag,bool,0.0,2,False | True,,,,,,,,,,outcome_or_endpoint,target_or_outcome,HIGH: target/outcome-derived; never use as predictor,collected_but_unavailable_or_unknown,none observed in univariate profile
analytical,outcome,data/releases/BAYER_PROSTATE_PATIENT_JOURNEY_SYNTHETIC_v2.1.0_20260825T112627Z/analytical_dataset/outcome.parquet,first_hospitalisation_date,datetime64[us],87.57,913,2024-05-23 | 2022-02-06 | 2025-07-05,,,,,,,,2019-04-27,2025-12-31,temporal,target_or_outcome,HIGH: target/outcome-derived; never use as predictor,collected_but_unavailable_or_unknown,high missingness (87.6%); some date values do not parse
analytical,outcome,data/releases/BAYER_PROSTATE_PATIENT_JOURNEY_SYNTHETIC_v2.1.0_20260825T112627Z/analytical_dataset/outcome.parquet,hospitalisation_flag,bool,0.0,2,False | True,,,,,,,,,,indicator,target_or_outcome,HIGH: target/outcome-derived; never use as predictor,collected_but_unavailable_or_unknown,none observed in univariate profile
analytical,outcome,data/releases/BAYER_PROSTATE_PATIENT_JOURNEY_SYNTHETIC_v2.1.0_20260825T112627Z/analytical_dataset/outcome.parquet,last_observed_date,datetime64[us],0.0,1049,2025-12-31 | 2024-08-29 | 2023-04-18,,,,,,,,2019-05-19,2025-12-31,temporal,future,HIGH: future/post-index information,collected_but_unavailable_or_unknown,none observed in univariate profile
analytical,outcome,data/releases/BAYER_PROSTATE_PATIENT_JOURNEY_SYNTHETIC_v2.1.0_20260825T112627Z/analytical_dataset/outcome.parquet,loss_to_follow_up_date,datetime64[us],91.96,630,2022-03-29 | 2024-08-03 | 2024-09-30,,,,,,,,2019-09-06,2025-12-30,temporal,target_or_outcome,HIGH: target/outcome-derived; never use as predictor,collected_but_unavailable_or_unknown,high missingness (92.0%); some date values do not parse
analytical,outcome,data/releases/BAYER_PROSTATE_PATIENT_JOURNEY_SYNTHETIC_v2.1.0_20260825T112627Z/analytical_dataset/outcome.parquet,lost_to_follow_up_flag,bool,0.0,2,False | True,,,,,,,,,,indicator,target_or_outcome,HIGH: target/outcome-derived; never use as predictor,collected_but_unavailable_or_unknown,none observed in univariate profile
analytical,outcome,data/releases/BAYER_PROSTATE_PATIENT_JOURNEY_SYNTHETIC_v2.1.0_20260825T112627Z/analytical_dataset/outcome.parquet,market_code,str,0.0,7,US | DE | JP,,,,,,,,,,market_or_pathway_segment,baseline,LOW at the documented index,collected_but_unavailable_or_unknown,none observed in univariate profile
analytical,outcome,data/releases/BAYER_PROSTATE_PATIENT_JOURNEY_SYNTHETIC_v2.1.0_20260825T112627Z/analytical_dataset/outcome.parquet,outcome_id,str,0.0,10000,<direct/quasi-identifier values masked>,,,,,,,,,,identifier_or_foreign_key,outcome_or_post_index,HIGH unless used only as target/descriptive endpoint,collected_but_unavailable_or_unknown,none observed in univariate profile
analytical,outcome,data/releases/BAYER_PROSTATE_PATIENT_JOURNEY_SYNTHETIC_v2.1.0_20260825T112627Z/analytical_dataset/outcome.parquet,outcome_model_version,str,0.0,1,OUTCOME-SYN-v2.1,,,,,,,,,,outcome_or_endpoint,outcome_or_post_index,HIGH unless used only as target/descriptive endpoint,collected_but_unavailable_or_unknown,constant or all-missing field
analytical,outcome,data/releases/BAYER_PROSTATE_PATIENT_JOURNEY_SYNTHETIC_v2.1.0_20260825T112627Z/analytical_dataset/outcome.parquet,outcome_status,str,0.0,7,progressed | observed_no_treatment | death,,,,,,,,,,outcome_or_endpoint,outcome_or_post_index,HIGH unless used only as target/descriptive endpoint,collected_but_unavailable_or_unknown,none observed in univariate profile
analytical,outcome,data/releases/BAYER_PROSTATE_PATIENT_JOURNEY_SYNTHETIC_v2.1.0_20260825T112627Z/analytical_dataset/outcome.parquet,patient_id,str,0.0,10000,<direct/quasi-identifier values masked>,,,,,,,,,,identifier_or_foreign_key,identifier,LOW at the documented index,collected_but_unavailable_or_unknown,none observed in univariate profile
analytical,outcome,data/releases/BAYER_PROSTATE_PATIENT_JOURNEY_SYNTHETIC_v2.1.0_20260825T112627Z/analytical_dataset/outcome.parquet,progression_date,datetime64[us],74.67,1380,2025-04-13 | 2025-04-03 | 2025-10-17,,,,,,,,2019-05-18,2025-12-31,temporal,target_or_outcome,HIGH: target/outcome-derived; never use as predictor,mixed_structural_or_event_dependent,high missingness (74.7%); some date values do not parse
analytical,outcome,data/releases/BAYER_PROSTATE_PATIENT_JOURNEY_SYNTHETIC_v2.1.0_20260825T112627Z/analytical_dataset/outcome.parquet,progression_event,bool,0.0,2,True | False,,,,,,,,,,outcome_or_endpoint,target_or_outcome,HIGH: target/outcome-derived; never use as predictor,collected_but_unavailable_or_unknown,none observed in univariate profile
analytical,outcome,data/releases/BAYER_PROSTATE_PATIENT_JOURNEY_SYNTHETIC_v2.1.0_20260825T112627Z/analytical_dataset/outcome.parquet,synthetic_event_flag,bool,0.0,1,True,,,,,,,,,,indicator,baseline_or_source_dependent,UNKNOWN until source timing is confirmed,collected_but_unavailable_or_unknown,constant or all-missing field
analytical,patient,data/releases/BAYER_PROSTATE_PATIENT_JOURNEY_SYNTHETIC_v2.1.0_20260825T112627Z/analytical_dataset/patient.parquet,access_index,float64,0.0,753,0.62 | 0.563 | 0.571,0.05,0.403,0.57,0.682,0.794,0.9430499999999992,0.98,,,numeric_measure,baseline,LOW at the documented index,collected_but_unavailable_or_unknown,none observed in univariate profile
analytical,patient,data/releases/BAYER_PROSTATE_PATIENT_JOURNEY_SYNTHETIC_v2.1.0_20260825T112627Z/analytical_dataset/patient.parquet,age_at_index,int64,0.0,41,56 | 76 | 73,50.0,56.0,64.0,70.0,75.0,83.0,90.0,,,numeric_measure,baseline,LOW at the documented index,collected_but_unavailable_or_unknown,none observed in univariate profile
analytical,patient,data/releases/BAYER_PROSTATE_PATIENT_JOURNEY_SYNTHETIC_v2.1.0_20260825T112627Z/analytical_dataset/patient.parquet,birth_date,datetime64[us],0.0,6702,1966-09-25 | 1943-07-22 | 1947-01-03,,,,,,,,1928-06-14,1974-06-17,temporal,event_time,CONDITIONAL: require date <= analysis/prediction cutoff,collected_but_unavailable_or_unknown,none observed in univariate profile
analytical,patient,data/releases/BAYER_PROSTATE_PATIENT_JOURNEY_SYNTHETIC_v2.1.0_20260825T112627Z/analytical_dataset/patient.parquet,birth_year,int32,0.0,47,1966 | 1943 | 1947,1928.0,1937.0,1946.0,1951.0,1957.0,1966.0,1974.0,,,numeric_measure,baseline_or_source_dependent,UNKNOWN until source timing is confirmed,collected_but_unavailable_or_unknown,none observed in univariate profile
analytical,patient,data/releases/BAYER_PROSTATE_PATIENT_JOURNEY_SYNTHETIC_v2.1.0_20260825T112627Z/analytical_dataset/patient.parquet,comorbidity_score,int64,0.0,10,3 | 0 | 2,0.0,0.0,1.0,2.0,3.0,4.0,9.0,,,numeric_measure,baseline,LOW at the documented index,collected_but_unavailable_or_unknown,none observed in univariate profile
analytical,patient,data/releases/BAYER_PROSTATE_PATIENT_JOURNEY_SYNTHETIC_v2.1.0_20260825T112627Z/analytical_dataset/patient.parquet,complexity_segment,str,0.0,3,medium | high | low,,,,,,,,,,categorical_or_descriptive,baseline,LOW at the documented index,collected_but_unavailable_or_unknown,none observed in univariate profile
analytical,patient,data/releases/BAYER_PROSTATE_PATIENT_JOURNEY_SYNTHETIC_v2.1.0_20260825T112627Z/analytical_dataset/patient.parquet,country,str,0.0,7,United States | Germany | Japan,,,,,,,,,,market_or_pathway_segment,baseline,LOW at the documented index,collected_but_unavailable_or_unknown,none observed in univariate profile
analytical,patient,data/releases/BAYER_PROSTATE_PATIENT_JOURNEY_SYNTHETIC_v2.1.0_20260825T112627Z/analytical_dataset/patient.parquet,date_of_death,datetime64[us],92.28,630,2024-08-29 | 2023-04-18 | 2024-02-26,,,,,,,,2019-05-19,2025-12-31,temporal,outcome_or_post_index,HIGH unless used only as target/descriptive endpoint,collected_but_unavailable_or_unknown,high missingness (92.3%); some date values do not parse
analytical,patient,data/releases/BAYER_PROSTATE_PATIENT_JOURNEY_SYNTHETIC_v2.1.0_20260825T112627Z/analytical_dataset/patient.parquet,ethnicity,str,4.36,5,nonhispanic | hispanic | majority,,,,,,,,,,categorical_or_descriptive,baseline_or_source_dependent,UNKNOWN until source timing is confirmed,collected_but_unavailable_or_unknown,none observed in univariate profile
analytical,patient,data/releases/BAYER_PROSTATE_PATIENT_JOURNEY_SYNTHETIC_v2.1.0_20260825T112627Z/analytical_dataset/patient.parquet,frailty_proxy,float64,0.0,788,0.495 | 0.565 | 0.185,0.002,0.07295000000000004,0.182,0.294,0.421,0.6080499999999992,0.915,,,numeric_measure,baseline,LOW at the documented index,collected_but_unavailable_or_unknown,none observed in univariate profile
analytical,patient,data/releases/BAYER_PROSTATE_PATIENT_JOURNEY_SYNTHETIC_v2.1.0_20260825T112627Z/analytical_dataset/patient.parquet,index_date,datetime64[us],0.0,2081,2023-05-21 | 2020-04-19 | 2020-10-23,,,,,,,,2019-01-01,2024-09-30,temporal,event_time,CONDITIONAL: require date <= analysis/prediction cutoff,collected_but_unavailable_or_unknown,none observed in univariate profile
analytical,patient,data/releases/BAYER_PROSTATE_PATIENT_JOURNEY_SYNTHETIC_v2.1.0_20260825T112627Z/analytical_dataset/patient.parquet,insurance_type,str,2.77,17,medicare | medicaid | other,,,,,,,,,,categorical_or_descriptive,baseline,LOW at the documented index,collected_but_unavailable_or_unknown,none observed in univariate profile
analytical,patient,data/releases/BAYER_PROSTATE_PATIENT_JOURNEY_SYNTHETIC_v2.1.0_20260825T112627Z/analytical_dataset/patient.parquet,market_code,str,0.0,7,US | DE | JP,,,,,,,,,,market_or_pathway_segment,baseline,LOW at the documented index,collected_but_unavailable_or_unknown,none observed in univariate profile
analytical,patient,data/releases/BAYER_PROSTATE_PATIENT_JOURNEY_SYNTHETIC_v2.1.0_20260825T112627Z/analytical_dataset/patient.parquet,market_depth,str,0.0,2,deep | scan,,,,,,,,,,market_or_pathway_segment,baseline,LOW at the documented index,collected_but_unavailable_or_unknown,none observed in univariate profile
analytical,patient,data/releases/BAYER_PROSTATE_PATIENT_JOURNEY_SYNTHETIC_v2.1.0_20260825T112627Z/analytical_dataset/patient.parquet,patient_id,str,0.0,10000,<direct/quasi-identifier values masked>,,,,,,,,,,identifier_or_foreign_key,identifier,LOW at the documented index,collected_but_unavailable_or_unknown,none observed in univariate profile
analytical,patient,data/releases/BAYER_PROSTATE_PATIENT_JOURNEY_SYNTHETIC_v2.1.0_20260825T112627Z/analytical_dataset/patient.parquet,population_representative_flag,bool,0.0,1,False,,,,,,,,,,indicator,baseline_or_source_dependent,UNKNOWN until source timing is confirmed,collected_but_unavailable_or_unknown,constant or all-missing field
analytical,patient,data/releases/BAYER_PROSTATE_PATIENT_JOURNEY_SYNTHETIC_v2.1.0_20260825T112627Z/analytical_dataset/patient.parquet,postal_code_prefix,str,0.0,900,291 | 623 | 755,,,,,,,,,,categorical_or_descriptive,baseline_or_source_dependent,UNKNOWN until source timing is confirmed,collected_but_unavailable_or_unknown,none observed in univariate profile
analytical,patient,data/releases/BAYER_PROSTATE_PATIENT_JOURNEY_SYNTHETIC_v2.1.0_20260825T112627Z/analytical_dataset/patient.parquet,race,str,2.91,5,white | asian | other,,,,,,,,,,categorical_or_descriptive,baseline_or_source_dependent,UNKNOWN until source timing is confirmed,collected_but_unavailable_or_unknown,none observed in univariate profile
analytical,patient,data/releases/BAYER_PROSTATE_PATIENT_JOURNEY_SYNTHETIC_v2.1.0_20260825T112627Z/analytical_dataset/patient.parquet,region,str,0.0,18,West | South | Northeast,,,,,,,,,,market_or_pathway_segment,baseline,LOW at the documented index,collected_but_unavailable_or_unknown,none observed in univariate profile
analytical,patient,data/releases/BAYER_PROSTATE_PATIENT_JOURNEY_SYNTHETIC_v2.1.0_20260825T112627Z/analytical_dataset/patient.parquet,sampling_weight,float64,0.0,1,1.0,1.0,1.0,1.0,1.0,1.0,1.0,1.0,,,numeric_measure,baseline_or_source_dependent,UNKNOWN until source timing is confirmed,collected_but_unavailable_or_unknown,constant or all-missing field
analytical,patient,data/releases/BAYER_PROSTATE_PATIENT_JOURNEY_SYNTHETIC_v2.1.0_20260825T112627Z/analytical_dataset/patient.parquet,sex,str,0.0,1,male,,,,,,,,,,categorical_or_descriptive,baseline_or_source_dependent,UNKNOWN until source timing is confirmed,collected_but_unavailable_or_unknown,constant or all-missing field
analytical,patient,data/releases/BAYER_PROSTATE_PATIENT_JOURNEY_SYNTHETIC_v2.1.0_20260825T112627Z/analytical_dataset/patient.parquet,socioeconomic_proxy,str,0.0,3,medium | high | low,,,,,,,,,,categorical_or_descriptive,baseline,LOW at the documented index,collected_but_unavailable_or_unknown,none observed in univariate profile
analytical,patient,data/releases/BAYER_PROSTATE_PATIENT_JOURNEY_SYNTHETIC_v2.1.0_20260825T112627Z/analytical_dataset/patient.parquet,source_archetype_id,str,0.0,10000,<direct/quasi-identifier values masked>,,,,,,,,,,identifier_or_foreign_key,identifier,LOW at the documented index,collected_but_unavailable_or_unknown,none observed in univariate profile
analytical,patient,data/releases/BAYER_PROSTATE_PATIENT_JOURNEY_SYNTHETIC_v2.1.0_20260825T112627Z/analytical_dataset/patient.parquet,source_patient_id,str,99.96,4,<direct/quasi-identifier values masked>,,,,,,,,,,identifier_or_foreign_key,baseline_or_source_dependent,UNKNOWN until source timing is confirmed,collected_but_unavailable_or_unknown,high missingness (100.0%)
analytical,patient,data/releases/BAYER_PROSTATE_PATIENT_JOURNEY_SYNTHETIC_v2.1.0_20260825T112627Z/analytical_dataset/patient.parquet,source_record_type,str,0.0,2,synthea_unique | generated_archetype,,,,,,,,,,categorical_or_descriptive,baseline_or_source_dependent,UNKNOWN until source timing is confirmed,collected_but_unavailable_or_unknown,none observed in univariate profile
analytical,patient,data/releases/BAYER_PROSTATE_PATIENT_JOURNEY_SYNTHETIC_v2.1.0_20260825T112627Z/analytical_dataset/patient.parquet,synthetic_oversampling_flag,bool,0.0,1,False,,,,,,,,,,indicator,baseline_or_source_dependent,UNKNOWN until source timing is confirmed,collected_but_unavailable_or_unknown,constant or all-missing field
analytical,patient,data/releases/BAYER_PROSTATE_PATIENT_JOURNEY_SYNTHETIC_v2.1.0_20260825T112627Z/analytical_dataset/patient.parquet,synthetic_scenario_version,str,0.0,1,diagnostic-v2.1-release,,,,,,,,,,categorical_or_descriptive,administrative,CONDITIONAL: enforce documented availability cutoff,collected_but_unavailable_or_unknown,constant or all-missing field
analytical,patient_journey,data/releases/BAYER_PROSTATE_PATIENT_JOURNEY_SYNTHETIC_v2.1.0_20260825T112627Z/analytical_dataset/patient_journey.parquet,access_index,float64,0.0,753,0.62 | 0.563 | 0.571,0.05,0.403,0.57,0.682,0.794,0.9430499999999992,0.98,,,numeric_measure,baseline,LOW at the documented index,collected_but_unavailable_or_unknown,none observed in univariate profile
analytical,patient_journey,data/releases/BAYER_PROSTATE_PATIENT_JOURNEY_SYNTHETIC_v2.1.0_20260825T112627Z/analytical_dataset/patient_journey.parquet,active_surveillance_eligible_flag,bool,0.0,2,False | True,,,,,,,,,,indicator,active_surveillance,HIGH: future/post-index information,collected_but_unavailable_or_unknown,none observed in univariate profile
analytical,patient_journey,data/releases/BAYER_PROSTATE_PATIENT_JOURNEY_SYNTHETIC_v2.1.0_20260825T112627Z/analytical_dataset/patient_journey.parquet,active_surveillance_exit_date,datetime64[us],95.35,404,2023-01-24 | 2024-01-25 | 2025-05-31,,,,,,,,2019-11-09,2025-12-30,temporal,active_surveillance,HIGH: future/post-index information,collected_but_unavailable_or_unknown,high missingness (95.3%); some date values do not parse
analytical,patient_journey,data/releases/BAYER_PROSTATE_PATIENT_JOURNEY_SYNTHETIC_v2.1.0_20260825T112627Z/analytical_dataset/patient_journey.parquet,active_surveillance_exit_reason,str,95.35,4,progression | grade_reclassification | psa_rise,,,,,,,,,,categorical_or_descriptive,active_surveillance,HIGH: future/post-index information,collected_but_unavailable_or_unknown,high missingness (95.3%)
analytical,patient_journey,data/releases/BAYER_PROSTATE_PATIENT_JOURNEY_SYNTHETIC_v2.1.0_20260825T112627Z/analytical_dataset/patient_journey.parquet,active_surveillance_reclassification_date,datetime64[us],96.01,351,2023-01-24 | 2024-01-25 | 2025-05-31,,,,,,,,2019-11-09,2025-12-30,temporal,active_surveillance,HIGH: future/post-index information,collected_but_unavailable_or_unknown,high missingness (96.0%); some date values do not parse
analytical,patient_journey,data/releases/BAYER_PROSTATE_PATIENT_JOURNEY_SYNTHETIC_v2.1.0_20260825T112627Z/analytical_dataset/patient_journey.parquet,active_surveillance_reclassification_flag,bool,0.0,2,False | True,,,,,,,,,,indicator,active_surveillance,HIGH: future/post-index information,collected_but_unavailable_or_unknown,none observed in univariate profile
analytical,patient_journey,data/releases/BAYER_PROSTATE_PATIENT_JOURNEY_SYNTHETIC_v2.1.0_20260825T112627Z/analytical_dataset/patient_journey.parquet,active_surveillance_start_date,datetime64[us],82.62,1189,2023-11-18 | 2022-07-26 | 2021-05-11,,,,,,,,2019-01-17,2024-11-18,temporal,active_surveillance,HIGH: future/post-index information,collected_but_unavailable_or_unknown,high missingness (82.6%); some date values do not parse
analytical,patient_journey,data/releases/BAYER_PROSTATE_PATIENT_JOURNEY_SYNTHETIC_v2.1.0_20260825T112627Z/analytical_dataset/patient_journey.parquet,active_surveillance_status,str,0.0,5,not_applicable | not_started | continued,,,,,,,,,,categorical_or_descriptive,active_surveillance,HIGH: future/post-index information,collected_but_unavailable_or_unknown,none observed in univariate profile
analytical,patient_journey,data/releases/BAYER_PROSTATE_PATIENT_JOURNEY_SYNTHETIC_v2.1.0_20260825T112627Z/analytical_dataset/patient_journey.parquet,adverse_event_flag,bool,0.0,2,False | True,,,,,,,,,,indicator,target_or_outcome,HIGH: target/outcome-derived; never use as predictor,collected_but_unavailable_or_unknown,none observed in univariate profile
analytical,patient_journey,data/releases/BAYER_PROSTATE_PATIENT_JOURNEY_SYNTHETIC_v2.1.0_20260825T112627Z/analytical_dataset/patient_journey.parquet,age_at_index,int64,0.0,41,56 | 76 | 73,50.0,56.0,64.0,70.0,75.0,83.0,90.0,,,numeric_measure,baseline,LOW at the documented index,collected_but_unavailable_or_unknown,none observed in univariate profile
analytical,patient_journey,data/releases/BAYER_PROSTATE_PATIENT_JOURNEY_SYNTHETIC_v2.1.0_20260825T112627Z/analytical_dataset/patient_journey.parquet,castration_resistant_flag,bool,0.0,2,False | True,,,,,,,,,,indicator,diagnosis,LOW at the documented index,collected_but_unavailable_or_unknown,none observed in univariate profile
analytical,patient_journey,data/releases/BAYER_PROSTATE_PATIENT_JOURNEY_SYNTHETIC_v2.1.0_20260825T112627Z/analytical_dataset/patient_journey.parquet,censor_date,datetime64[us],0.0,1049,2025-12-31 | 2024-08-29 | 2023-04-18,,,,,,,,2019-05-19,2025-12-31,temporal,future,HIGH: future/post-index information,collected_but_unavailable_or_unknown,none observed in univariate profile
analytical,patient_journey,data/releases/BAYER_PROSTATE_PATIENT_JOURNEY_SYNTHETIC_v2.1.0_20260825T112627Z/analytical_dataset/patient_journey.parquet,censor_reason,str,0.0,3,administrative_end | death | loss_to_follow_up,,,,,,,,,,categorical_or_descriptive,future,HIGH: future/post-index information,collected_but_unavailable_or_unknown,none observed in univariate profile
analytical,patient_journey,data/releases/BAYER_PROSTATE_PATIENT_JOURNEY_SYNTHETIC_v2.1.0_20260825T112627Z/analytical_dataset/patient_journey.parquet,clinical_exclusion_reason,str,29.43,6,disease_state_outside_configured_denominator | drug_interaction | severe_cardiovascular_risk,,,,,,,,,,categorical_or_descriptive,eligibility,CONDITIONAL: enforce documented availability cutoff,collected_but_unavailable_or_unknown,high missingness (29.4%)
analytical,patient_journey,data/releases/BAYER_PROSTATE_PATIENT_JOURNEY_SYNTHETIC_v2.1.0_20260825T112627Z/analytical_dataset/patient_journey.parquet,combination_strategy,str,79.08,3,planned_combination | monotherapy | add_on,,,,,,,,,,categorical_or_descriptive,future,HIGH: future/post-index information,collected_but_unavailable_or_unknown,high missingness (79.1%)
analytical,patient_journey,data/releases/BAYER_PROSTATE_PATIENT_JOURNEY_SYNTHETIC_v2.1.0_20260825T112627Z/analytical_dataset/patient_journey.parquet,combination_strategy_at_treatment_start,str,79.08,2,planned_combination | monotherapy,,,,,,,,,,treatment_or_medication,treatment_start,CONDITIONAL: enforce documented availability cutoff,collected_but_unavailable_or_unknown,high missingness (79.1%)
analytical,patient_journey,data/releases/BAYER_PROSTATE_PATIENT_JOURNEY_SYNTHETIC_v2.1.0_20260825T112627Z/analytical_dataset/patient_journey.parquet,comorbidity_score,int64,0.0,10,3 | 0 | 2,0.0,0.0,1.0,2.0,3.0,4.0,9.0,,,numeric_measure,baseline,LOW at the documented index,collected_but_unavailable_or_unknown,none observed in univariate profile
analytical,patient_journey,data/releases/BAYER_PROSTATE_PATIENT_JOURNEY_SYNTHETIC_v2.1.0_20260825T112627Z/analytical_dataset/patient_journey.parquet,complexity_segment,str,0.0,3,medium | high | low,,,,,,,,,,categorical_or_descriptive,baseline,LOW at the documented index,collected_but_unavailable_or_unknown,none observed in univariate profile
analytical,patient_journey,data/releases/BAYER_PROSTATE_PATIENT_JOURNEY_SYNTHETIC_v2.1.0_20260825T112627Z/analytical_dataset/patient_journey.parquet,contraindication_flag,bool,0.0,2,False | True,,,,,,,,,,indicator,eligibility,CONDITIONAL: enforce documented availability cutoff,collected_but_unavailable_or_unknown,none observed in univariate profile
analytical,patient_journey,data/releases/BAYER_PROSTATE_PATIENT_JOURNEY_SYNTHETIC_v2.1.0_20260825T112627Z/analytical_dataset/patient_journey.parquet,country,str,0.0,7,United States | Germany | Japan,,,,,,,,,,market_or_pathway_segment,baseline,LOW at the documented index,collected_but_unavailable_or_unknown,none observed in univariate profile
analytical,patient_journey,data/releases/BAYER_PROSTATE_PATIENT_JOURNEY_SYNTHETIC_v2.1.0_20260825T112627Z/analytical_dataset/patient_journey.parquet,data_sufficiency_flag,bool,0.0,2,True | False,,,,,,,,,,indicator,eligibility,CONDITIONAL: enforce documented availability cutoff,collected_but_unavailable_or_unknown,none observed in univariate profile
analytical,patient_journey,data/releases/BAYER_PROSTATE_PATIENT_JOURNEY_SYNTHETIC_v2.1.0_20260825T112627Z/analytical_dataset/patient_journey.parquet,days_to_initiation,float64,82.49,116,59.0 | 67.0 | 72.0,1.0,19.0,36.0,49.0,62.0,83.0,140.0,,,numeric_measure,treatment_start,CONDITIONAL: enforce documented availability cutoff,collected_but_unavailable_or_unknown,high missingness (82.5%)
analytical,patient_journey,data/releases/BAYER_PROSTATE_PATIENT_JOURNEY_SYNTHETIC_v2.1.0_20260825T112627Z/analytical_dataset/patient_journey.parquet,death_date,datetime64[us],92.28,630,2024-08-29 | 2023-04-18 | 2024-02-26,,,,,,,,2019-05-19,2025-12-31,temporal,target_or_outcome,HIGH: target/outcome-derived; never use as predictor,mixed_structural_or_event_dependent,high missingness (92.3%); some date values do not parse
analytical,patient_journey,data/releases/BAYER_PROSTATE_PATIENT_JOURNEY_SYNTHETIC_v2.1.0_20260825T112627Z/analytical_dataset/patient_journey.parquet,death_flag,bool,0.0,2,False | True,,,,,,,,,,outcome_or_endpoint,target_or_outcome,HIGH: target/outcome-derived; never use as predictor,collected_but_unavailable_or_unknown,none observed in univariate profile
analytical,patient_journey,data/releases/BAYER_PROSTATE_PATIENT_JOURNEY_SYNTHETIC_v2.1.0_20260825T112627Z/analytical_dataset/patient_journey.parquet,decision_owner_specialty,str,0.0,3,medical_oncology | urology | radiation_oncology,,,,,,,,,,market_or_pathway_segment,post_referral,CONDITIONAL: enforce documented availability cutoff,mixed_structural_or_event_dependent,none observed in univariate profile
analytical,patient_journey,data/releases/BAYER_PROSTATE_PATIENT_JOURNEY_SYNTHETIC_v2.1.0_20260825T112627Z/analytical_dataset/patient_journey.parquet,denominator_status,str,0.0,3,ELIGIBLE | CLINICALLY_INELIGIBLE | INSUFFICIENT_DATA,,,,,,,,,,categorical_or_descriptive,eligibility,CONDITIONAL: enforce documented availability cutoff,collected_but_unavailable_or_unknown,none observed in univariate profile
analytical,patient_journey,data/releases/BAYER_PROSTATE_PATIENT_JOURNEY_SYNTHETIC_v2.1.0_20260825T112627Z/analytical_dataset/patient_journey.parquet,discontinuation_date,datetime64[us],95.67,390,2021-02-11 | 2021-07-10 | 2023-11-09,,,,,,,,2019-06-09,2025-11-08,temporal,target_or_outcome,HIGH: target/outcome-derived; never use as predictor,collected_but_unavailable_or_unknown,high missingness (95.7%); some date values do not parse
analytical,patient_journey,data/releases/BAYER_PROSTATE_PATIENT_JOURNEY_SYNTHETIC_v2.1.0_20260825T112627Z/analytical_dataset/patient_journey.parquet,discontinuation_flag,bool,0.0,2,False | True,,,,,,,,,,indicator,target_or_outcome,HIGH: target/outcome-derived; never use as predictor,collected_but_unavailable_or_unknown,none observed in univariate profile
analytical,patient_journey,data/releases/BAYER_PROSTATE_PATIENT_JOURNEY_SYNTHETIC_v2.1.0_20260825T112627Z/analytical_dataset/patient_journey.parquet,eligibility_date,datetime64[us],77.19,1406,2023-05-21 | 2024-03-31 | 2022-03-28,,,,,,,,2019-01-02,2024-09-29,temporal,eligibility,CONDITIONAL: enforce documented availability cutoff,collected_but_unavailable_or_unknown,high missingness (77.2%); some date values do not parse
analytical,patient_journey,data/releases/BAYER_PROSTATE_PATIENT_JOURNEY_SYNTHETIC_v2.1.0_20260825T112627Z/analytical_dataset/patient_journey.parquet,eligibility_flag,bool,0.0,2,True | False,,,,,,,,,,indicator,eligibility,CONDITIONAL: enforce documented availability cutoff,collected_but_unavailable_or_unknown,none observed in univariate profile
analytical,patient_journey,data/releases/BAYER_PROSTATE_PATIENT_JOURNEY_SYNTHETIC_v2.1.0_20260825T112627Z/analytical_dataset/patient_journey.parquet,eligibility_reason,str,77.19,1,meets_configured_mhspc_denominator,,,,,,,,,,categorical_or_descriptive,eligibility,CONDITIONAL: enforce documented availability cutoff,collected_but_unavailable_or_unknown,high missingness (77.2%); constant or all-missing field
analytical,patient_journey,data/releases/BAYER_PROSTATE_PATIENT_JOURNEY_SYNTHETIC_v2.1.0_20260825T112627Z/analytical_dataset/patient_journey.parquet,eligibility_rule_version,str,0.0,1,ARPI-ELIG-SYN-v2.0,,,,,,,,,,categorical_or_descriptive,eligibility,CONDITIONAL: enforce documented availability cutoff,collected_but_unavailable_or_unknown,constant or all-missing field
analytical,patient_journey,data/releases/BAYER_PROSTATE_PATIENT_JOURNEY_SYNTHETIC_v2.1.0_20260825T112627Z/analytical_dataset/patient_journey.parquet,eligible_for_arpi,bool,0.0,2,True | False,,,,,,,,,,indicator,eligibility,CONDITIONAL: enforce documented availability cutoff,collected_but_unavailable_or_unknown,none observed in univariate profile
analytical,patient_journey,data/releases/BAYER_PROSTATE_PATIENT_JOURNEY_SYNTHETIC_v2.1.0_20260825T112627Z/analytical_dataset/patient_journey.parquet,eligible_not_initiated_90d,bool,0.0,2,True | False,,,,,,,,,,indicator,target_or_outcome,HIGH: target/outcome-derived; never use as predictor,collected_but_unavailable_or_unknown,none observed in univariate profile
analytical,patient_journey,data/releases/BAYER_PROSTATE_PATIENT_JOURNEY_SYNTHETIC_v2.1.0_20260825T112627Z/analytical_dataset/patient_journey.parquet,event_coverage_until_date,datetime64[us],82.49,1187,2024-08-29 | 2023-04-18 | 2025-07-06,,,,,,,,2019-05-29,2025-12-31,temporal,future,HIGH: future/post-index information,mixed_structural_or_event_dependent,high missingness (82.5%); some date values do not parse
analytical,patient_journey,data/releases/BAYER_PROSTATE_PATIENT_JOURNEY_SYNTHETIC_v2.1.0_20260825T112627Z/analytical_dataset/patient_journey.parquet,final_outcome_status,str,0.0,7,progressed | observed_no_treatment | death,,,,,,,,,,outcome_or_endpoint,target_or_outcome,HIGH: target/outcome-derived; never use as predictor,collected_but_unavailable_or_unknown,none observed in univariate profile
analytical,patient_journey,data/releases/BAYER_PROSTATE_PATIENT_JOURNEY_SYNTHETIC_v2.1.0_20260825T112627Z/analytical_dataset/patient_journey.parquet,first_hospitalisation_date,datetime64[us],87.57,913,2024-05-23 | 2022-02-06 | 2025-07-05,,,,,,,,2019-04-27,2025-12-31,temporal,target_or_outcome,HIGH: target/outcome-derived; never use as predictor,collected_but_unavailable_or_unknown,high missingness (87.6%); some date values do not parse
analytical,patient_journey,data/releases/BAYER_PROSTATE_PATIENT_JOURNEY_SYNTHETIC_v2.1.0_20260825T112627Z/analytical_dataset/patient_journey.parquet,follow_up_days,int64,0.0,2350,955 | 2082 | 1895,90.0,446.0,835.0,1364.0,1937.0,2426.0,2556.0,,,numeric_measure,future,HIGH: future/post-index information,collected_but_unavailable_or_unknown,none observed in univariate profile
analytical,patient_journey,data/releases/BAYER_PROSTATE_PATIENT_JOURNEY_SYNTHETIC_v2.1.0_20260825T112627Z/analytical_dataset/patient_journey.parquet,frailty_proxy,float64,0.0,788,0.495 | 0.565 | 0.185,0.002,0.07295000000000004,0.182,0.294,0.421,0.6080499999999992,0.915,,,numeric_measure,baseline,LOW at the documented index,collected_but_unavailable_or_unknown,none observed in univariate profile
analytical,patient_journey,data/releases/BAYER_PROSTATE_PATIENT_JOURNEY_SYNTHETIC_v2.1.0_20260825T112627Z/analytical_dataset/patient_journey.parquet,gleason_score,float64,4.12,5,8.0 | 6.0 | 7.0,6.0,6.0,7.0,8.0,9.0,9.0,10.0,,,clinical_state_or_measure,diagnosis,LOW at the documented index,collected_but_unavailable_or_unknown,none observed in univariate profile
analytical,patient_journey,data/releases/BAYER_PROSTATE_PATIENT_JOURNEY_SYNTHETIC_v2.1.0_20260825T112627Z/analytical_dataset/patient_journey.parquet,hormone_sensitive_flag,bool,0.0,2,True | False,,,,,,,,,,indicator,diagnosis,LOW at the documented index,collected_but_unavailable_or_unknown,none observed in univariate profile
analytical,patient_journey,data/releases/BAYER_PROSTATE_PATIENT_JOURNEY_SYNTHETIC_v2.1.0_20260825T112627Z/analytical_dataset/patient_journey.parquet,hospitalisation_flag,bool,0.0,2,False | True,,,,,,,,,,indicator,target_or_outcome,HIGH: target/outcome-derived; never use as predictor,collected_but_unavailable_or_unknown,none observed in univariate profile
analytical,patient_journey,data/releases/BAYER_PROSTATE_PATIENT_JOURNEY_SYNTHETIC_v2.1.0_20260825T112627Z/analytical_dataset/patient_journey.parquet,ineligibility_reason,str,22.81,3,does_not_meet_mhspc_state | configured_contraindication | insufficient_clinical_state_evidence,,,,,,,,,,categorical_or_descriptive,eligibility,CONDITIONAL: enforce documented availability cutoff,collected_but_unavailable_or_unknown,high missingness (22.8%)
analytical,patient_journey,data/releases/BAYER_PROSTATE_PATIENT_JOURNEY_SYNTHETIC_v2.1.0_20260825T112627Z/analytical_dataset/patient_journey.parquet,initial_care_setting,str,0.0,4,mixed_pathway | community_urology | academic_oncology,,,,,,,,,,market_or_pathway_segment,diagnosis_pathway,CONDITIONAL: enforce documented availability cutoff,collected_but_unavailable_or_unknown,none observed in univariate profile
analytical,patient_journey,data/releases/BAYER_PROSTATE_PATIENT_JOURNEY_SYNTHETIC_v2.1.0_20260825T112627Z/analytical_dataset/patient_journey.parquet,initial_provider_specialty,str,0.0,1,urology,,,,,,,,,,market_or_pathway_segment,diagnosis_pathway,CONDITIONAL: enforce documented availability cutoff,collected_but_unavailable_or_unknown,constant or all-missing field
analytical,patient_journey,data/releases/BAYER_PROSTATE_PATIENT_JOURNEY_SYNTHETIC_v2.1.0_20260825T112627Z/analytical_dataset/patient_journey.parquet,initial_regimen,str,79.08,6,adt_arpi_doublet | adt_monotherapy | adt_chemotherapy_doublet,,,,,,,,,,treatment_or_medication,future,HIGH: future/post-index information,mixed_structural_or_event_dependent,high missingness (79.1%)
analytical,patient_journey,data/releases/BAYER_PROSTATE_PATIENT_JOURNEY_SYNTHETIC_v2.1.0_20260825T112627Z/analytical_dataset/patient_journey.parquet,initial_regimen_type,str,79.08,3,doublet | monotherapy | triplet,,,,,,,,,,treatment_or_medication,future,HIGH: future/post-index information,collected_but_unavailable_or_unknown,high missingness (79.1%)
analytical,patient_journey,data/releases/BAYER_PROSTATE_PATIENT_JOURNEY_SYNTHETIC_v2.1.0_20260825T112627Z/analytical_dataset/patient_journey.parquet,initiated_within_30d,bool,0.0,2,False | True,,,,,,,,,,indicator,target_or_outcome,HIGH: target/outcome-derived; never use as predictor,collected_but_unavailable_or_unknown,none observed in univariate profile
analytical,patient_journey,data/releases/BAYER_PROSTATE_PATIENT_JOURNEY_SYNTHETIC_v2.1.0_20260825T112627Z/analytical_dataset/patient_journey.parquet,initiated_within_60d,bool,0.0,2,False | True,,,,,,,,,,indicator,target_or_outcome,HIGH: target/outcome-derived; never use as predictor,collected_but_unavailable_or_unknown,none observed in univariate profile
analytical,patient_journey,data/releases/BAYER_PROSTATE_PATIENT_JOURNEY_SYNTHETIC_v2.1.0_20260825T112627Z/analytical_dataset/patient_journey.parquet,initiated_within_90d,bool,0.0,2,False | True,,,,,,,,,,indicator,target_or_outcome,HIGH: target/outcome-derived; never use as predictor,collected_but_unavailable_or_unknown,none observed in univariate profile
analytical,patient_journey,data/releases/BAYER_PROSTATE_PATIENT_JOURNEY_SYNTHETIC_v2.1.0_20260825T112627Z/analytical_dataset/patient_journey.parquet,initiation_90d_status,str,0.0,3,NOT_INITIATED_WITHIN_90D | NOT_ELIGIBLE | INITIATED_WITHIN_90D,,,,,,,,,,categorical_or_descriptive,target_or_outcome,HIGH: target/outcome-derived; never use as predictor,collected_but_unavailable_or_unknown,none observed in univariate profile
analytical,patient_journey,data/releases/BAYER_PROSTATE_PATIENT_JOURNEY_SYNTHETIC_v2.1.0_20260825T112627Z/analytical_dataset/patient_journey.parquet,insurance_type,str,2.77,17,medicare | medicaid | other,,,,,,,,,,categorical_or_descriptive,baseline,LOW at the documented index,collected_but_unavailable_or_unknown,none observed in univariate profile
analytical,patient_journey,data/releases/BAYER_PROSTATE_PATIENT_JOURNEY_SYNTHETIC_v2.1.0_20260825T112627Z/analytical_dataset/patient_journey.parquet,intensification_at_treatment_start_flag,bool,0.0,2,False | True,,,,,,,,,,treatment_or_medication,treatment_start,CONDITIONAL: enforce documented availability cutoff,collected_but_unavailable_or_unknown,none observed in univariate profile
analytical,patient_journey,data/releases/BAYER_PROSTATE_PATIENT_JOURNEY_SYNTHETIC_v2.1.0_20260825T112627Z/analytical_dataset/patient_journey.parquet,intensification_flag,bool,0.0,2,False | True,,,,,,,,,,indicator,future,HIGH: future/post-index information,collected_but_unavailable_or_unknown,none observed in univariate profile
analytical,patient_journey,data/releases/BAYER_PROSTATE_PATIENT_JOURNEY_SYNTHETIC_v2.1.0_20260825T112627Z/analytical_dataset/patient_journey.parquet,isup_grade_group,float64,4.12,5,4.0 | 1.0 | 3.0,1.0,1.0,2.0,4.0,5.0,5.0,5.0,,,clinical_state_or_measure,diagnosis,LOW at the documented index,collected_but_unavailable_or_unknown,none observed in univariate profile
analytical,patient_journey,data/releases/BAYER_PROSTATE_PATIENT_JOURNEY_SYNTHETIC_v2.1.0_20260825T112627Z/analytical_dataset/patient_journey.parquet,last_observed_date,datetime64[us],0.0,1049,2025-12-31 | 2024-08-29 | 2023-04-18,,,,,,,,2019-05-19,2025-12-31,temporal,future,HIGH: future/post-index information,collected_but_unavailable_or_unknown,none observed in univariate profile
analytical,patient_journey,data/releases/BAYER_PROSTATE_PATIENT_JOURNEY_SYNTHETIC_v2.1.0_20260825T112627Z/analytical_dataset/patient_journey.parquet,loss_to_follow_up_date,datetime64[us],91.96,630,2022-03-29 | 2024-08-03 | 2024-09-30,,,,,,,,2019-09-06,2025-12-30,temporal,target_or_outcome,HIGH: target/outcome-derived; never use as predictor,collected_but_unavailable_or_unknown,high missingness (92.0%); some date values do not parse
analytical,patient_journey,data/releases/BAYER_PROSTATE_PATIENT_JOURNEY_SYNTHETIC_v2.1.0_20260825T112627Z/analytical_dataset/patient_journey.parquet,lost_to_follow_up_flag,bool,0.0,2,False | True,,,,,,,,,,indicator,target_or_outcome,HIGH: target/outcome-derived; never use as predictor,collected_but_unavailable_or_unknown,none observed in univariate profile
analytical,patient_journey,data/releases/BAYER_PROSTATE_PATIENT_JOURNEY_SYNTHETIC_v2.1.0_20260825T112627Z/analytical_dataset/patient_journey.parquet,market_code,str,0.0,7,US | DE | JP,,,,,,,,,,market_or_pathway_segment,baseline,LOW at the documented index,collected_but_unavailable_or_unknown,none observed in univariate profile
analytical,patient_journey,data/releases/BAYER_PROSTATE_PATIENT_JOURNEY_SYNTHETIC_v2.1.0_20260825T112627Z/analytical_dataset/patient_journey.parquet,market_depth,str,0.0,2,deep | scan,,,,,,,,,,market_or_pathway_segment,baseline,LOW at the documented index,collected_but_unavailable_or_unknown,none observed in univariate profile
analytical,patient_journey,data/releases/BAYER_PROSTATE_PATIENT_JOURNEY_SYNTHETIC_v2.1.0_20260825T112627Z/analytical_dataset/patient_journey.parquet,max_refill_gap_days,int64,0.0,110,0 | 3 | 31,0.0,0.0,0.0,0.0,0.0,32.0,120.0,,,treatment_or_medication,future,HIGH: future/post-index information,collected_but_unavailable_or_unknown,none observed in univariate profile
analytical,patient_journey,data/releases/BAYER_PROSTATE_PATIENT_JOURNEY_SYNTHETIC_v2.1.0_20260825T112627Z/analytical_dataset/patient_journey.parquet,metastatic_flag,bool,0.0,2,True | False,,,,,,,,,,clinical_state_or_measure,diagnosis,LOW at the documented index,collected_but_unavailable_or_unknown,none observed in univariate profile
analytical,patient_journey,data/releases/BAYER_PROSTATE_PATIENT_JOURNEY_SYNTHETIC_v2.1.0_20260825T112627Z/analytical_dataset/patient_journey.parquet,mhspc_flag,bool,0.0,2,True | False,,,,,,,,,,indicator,eligibility,CONDITIONAL: enforce documented availability cutoff,collected_but_unavailable_or_unknown,none observed in univariate profile
analytical,patient_journey,data/releases/BAYER_PROSTATE_PATIENT_JOURNEY_SYNTHETIC_v2.1.0_20260825T112627Z/analytical_dataset/patient_journey.parquet,observation_end_date,datetime64[us],0.0,1,2025-12-31,,,,,,,,2025-12-31,2025-12-31,temporal,administrative,CONDITIONAL: enforce documented availability cutoff,collected_but_unavailable_or_unknown,constant or all-missing field
analytical,patient_journey,data/releases/BAYER_PROSTATE_PATIENT_JOURNEY_SYNTHETIC_v2.1.0_20260825T112627Z/analytical_dataset/patient_journey.parquet,observation_start_date,datetime64[us],0.0,2416,2021-05-23 | 2018-04-27 | 2019-08-06,,,,,,,,2017-01-16,2024-03-14,temporal,administrative,CONDITIONAL: enforce documented availability cutoff,collected_but_unavailable_or_unknown,none observed in univariate profile
analytical,patient_journey,data/releases/BAYER_PROSTATE_PATIENT_JOURNEY_SYNTHETIC_v2.1.0_20260825T112627Z/analytical_dataset/patient_journey.parquet,pathway_care_setting,str,0.0,4,mixed_pathway | community_urology | community_oncology,,,,,,,,,,market_or_pathway_segment,future,HIGH: future/post-index information,collected_but_unavailable_or_unknown,none observed in univariate profile
analytical,patient_journey,data/releases/BAYER_PROSTATE_PATIENT_JOURNEY_SYNTHETIC_v2.1.0_20260825T112627Z/analytical_dataset/patient_journey.parquet,patient_id,str,0.0,10000,<direct/quasi-identifier values masked>,,,,,,,,,,identifier_or_foreign_key,identifier,LOW at the documented index,collected_but_unavailable_or_unknown,none observed in univariate profile
analytical,patient_journey,data/releases/BAYER_PROSTATE_PATIENT_JOURNEY_SYNTHETIC_v2.1.0_20260825T112627Z/analytical_dataset/patient_journey.parquet,persistence_12m_status,str,0.0,5,NOT_APPLICABLE | CENSORED_NOT_EVALUABLE | DISCONTINUED,,,,,,,,,,outcome_or_endpoint,target_or_outcome,HIGH: target/outcome-derived; never use as predictor,collected_but_unavailable_or_unknown,none observed in univariate profile
analytical,patient_journey,data/releases/BAYER_PROSTATE_PATIENT_JOURNEY_SYNTHETIC_v2.1.0_20260825T112627Z/analytical_dataset/patient_journey.parquet,persistence_12m_status_gap_30d,str,0.0,5,NOT_APPLICABLE | CENSORED_NOT_EVALUABLE | DISCONTINUED,,,,,,,,,,outcome_or_endpoint,target_or_outcome,HIGH: target/outcome-derived; never use as predictor,collected_but_unavailable_or_unknown,none observed in univariate profile
analytical,patient_journey,data/releases/BAYER_PROSTATE_PATIENT_JOURNEY_SYNTHETIC_v2.1.0_20260825T112627Z/analytical_dataset/patient_journey.parquet,persistence_12m_status_gap_60d,str,0.0,5,NOT_APPLICABLE | CENSORED_NOT_EVALUABLE | DISCONTINUED,,,,,,,,,,outcome_or_endpoint,target_or_outcome,HIGH: target/outcome-derived; never use as predictor,collected_but_unavailable_or_unknown,none observed in univariate profile
analytical,patient_journey,data/releases/BAYER_PROSTATE_PATIENT_JOURNEY_SYNTHETIC_v2.1.0_20260825T112627Z/analytical_dataset/patient_journey.parquet,persistence_12m_status_gap_90d,str,0.0,5,NOT_APPLICABLE | CENSORED_NOT_EVALUABLE | PERSISTENT,,,,,,,,,,outcome_or_endpoint,target_or_outcome,HIGH: target/outcome-derived; never use as predictor,collected_but_unavailable_or_unknown,none observed in univariate profile
analytical,patient_journey,data/releases/BAYER_PROSTATE_PATIENT_JOURNEY_SYNTHETIC_v2.1.0_20260825T112627Z/analytical_dataset/patient_journey.parquet,persistence_3m_status,str,0.0,5,NOT_APPLICABLE | PERSISTENT | DISCONTINUED,,,,,,,,,,outcome_or_endpoint,target_or_outcome,HIGH: target/outcome-derived; never use as predictor,collected_but_unavailable_or_unknown,none observed in univariate profile
analytical,patient_journey,data/releases/BAYER_PROSTATE_PATIENT_JOURNEY_SYNTHETIC_v2.1.0_20260825T112627Z/analytical_dataset/patient_journey.parquet,persistence_6m_status,str,0.0,5,NOT_APPLICABLE | CENSORED_NOT_EVALUABLE | PERSISTENT,,,,,,,,,,outcome_or_endpoint,target_or_outcome,HIGH: target/outcome-derived; never use as predictor,collected_but_unavailable_or_unknown,none observed in univariate profile
analytical,patient_journey,data/releases/BAYER_PROSTATE_PATIENT_JOURNEY_SYNTHETIC_v2.1.0_20260825T112627Z/analytical_dataset/patient_journey.parquet,persistence_rule_version,str,0.0,1,PERSISTENCE-SYN-v2.1,,,,,,,,,,outcome_or_endpoint,administrative,CONDITIONAL: enforce documented availability cutoff,collected_but_unavailable_or_unknown,constant or all-missing field
analytical,patient_journey,data/releases/BAYER_PROSTATE_PATIENT_JOURNEY_SYNTHETIC_v2.1.0_20260825T112627Z/analytical_dataset/patient_journey.parquet,persistent_12m,boolean,83.39,2,False | True,,,,,,,,,,indicator,target_or_outcome,HIGH: target/outcome-derived; never use as predictor,collected_but_unavailable_or_unknown,high missingness (83.4%)
analytical,patient_journey,data/releases/BAYER_PROSTATE_PATIENT_JOURNEY_SYNTHETIC_v2.1.0_20260825T112627Z/analytical_dataset/patient_journey.parquet,persistent_12m_gap_30d,boolean,83.24,2,False | True,,,,,,,,,,indicator,target_or_outcome,HIGH: target/outcome-derived; never use as predictor,collected_but_unavailable_or_unknown,high missingness (83.2%)
analytical,patient_journey,data/releases/BAYER_PROSTATE_PATIENT_JOURNEY_SYNTHETIC_v2.1.0_20260825T112627Z/analytical_dataset/patient_journey.parquet,persistent_12m_gap_60d,boolean,83.39,2,False | True,,,,,,,,,,indicator,target_or_outcome,HIGH: target/outcome-derived; never use as predictor,collected_but_unavailable_or_unknown,high missingness (83.4%)
analytical,patient_journey,data/releases/BAYER_PROSTATE_PATIENT_JOURNEY_SYNTHETIC_v2.1.0_20260825T112627Z/analytical_dataset/patient_journey.parquet,persistent_12m_gap_90d,boolean,83.41,2,True | False,,,,,,,,,,indicator,target_or_outcome,HIGH: target/outcome-derived; never use as predictor,collected_but_unavailable_or_unknown,high missingness (83.4%)
analytical,patient_journey,data/releases/BAYER_PROSTATE_PATIENT_JOURNEY_SYNTHETIC_v2.1.0_20260825T112627Z/analytical_dataset/patient_journey.parquet,persistent_3m,boolean,82.64,2,True | False,,,,,,,,,,indicator,target_or_outcome,HIGH: target/outcome-derived; never use as predictor,collected_but_unavailable_or_unknown,high missingness (82.6%)
analytical,patient_journey,data/releases/BAYER_PROSTATE_PATIENT_JOURNEY_SYNTHETIC_v2.1.0_20260825T112627Z/analytical_dataset/patient_journey.parquet,persistent_6m,boolean,82.98,2,True | False,,,,,,,,,,indicator,target_or_outcome,HIGH: target/outcome-derived; never use as predictor,collected_but_unavailable_or_unknown,high missingness (83.0%)
analytical,patient_journey,data/releases/BAYER_PROSTATE_PATIENT_JOURNEY_SYNTHETIC_v2.1.0_20260825T112627Z/analytical_dataset/patient_journey.parquet,prescription_event_count,int64,0.0,22,0 | 2 | 4,0.0,0.0,0.0,0.0,0.0,8.0,21.0,,,numeric_measure,future,HIGH: future/post-index information,collected_but_unavailable_or_unknown,none observed in univariate profile
analytical,patient_journey,data/releases/BAYER_PROSTATE_PATIENT_JOURNEY_SYNTHETIC_v2.1.0_20260825T112627Z/analytical_dataset/patient_journey.parquet,progression_date,datetime64[us],74.67,1380,2025-04-13 | 2025-04-03 | 2025-10-17,,,,,,,,2019-05-18,2025-12-31,temporal,target_or_outcome,HIGH: target/outcome-derived; never use as predictor,mixed_structural_or_event_dependent,high missingness (74.7%); some date values do not parse
analytical,patient_journey,data/releases/BAYER_PROSTATE_PATIENT_JOURNEY_SYNTHETIC_v2.1.0_20260825T112627Z/analytical_dataset/patient_journey.parquet,progression_event,bool,0.0,2,True | False,,,,,,,,,,outcome_or_endpoint,target_or_outcome,HIGH: target/outcome-derived; never use as predictor,collected_but_unavailable_or_unknown,none observed in univariate profile
analytical,patient_journey,data/releases/BAYER_PROSTATE_PATIENT_JOURNEY_SYNTHETIC_v2.1.0_20260825T112627Z/analytical_dataset/patient_journey.parquet,prostate_stage,str,0.0,4,metastatic | localized | locally_advanced,,,,,,,,,,clinical_state_or_measure,diagnosis,LOW at the documented index,collected_but_unavailable_or_unknown,none observed in univariate profile
analytical,patient_journey,data/releases/BAYER_PROSTATE_PATIENT_JOURNEY_SYNTHETIC_v2.1.0_20260825T112627Z/analytical_dataset/patient_journey.parquet,psa_value,float64,4.88,926,34.1 | 27.9 | 35.0,0.9,4.2,9.2,16.1,27.8,60.7,324.8,,,clinical_state_or_measure,diagnosis,LOW at the documented index,collected_but_unavailable_or_unknown,none observed in univariate profile
analytical,patient_journey,data/releases/BAYER_PROSTATE_PATIENT_JOURNEY_SYNTHETIC_v2.1.0_20260825T112627Z/analytical_dataset/patient_journey.parquet,referral_completed_flag,bool,0.0,2,True | False,,,,,,,,,,indicator,post_referral,CONDITIONAL: enforce documented availability cutoff,collected_but_unavailable_or_unknown,none observed in univariate profile
analytical,patient_journey,data/releases/BAYER_PROSTATE_PATIENT_JOURNEY_SYNTHETIC_v2.1.0_20260825T112627Z/analytical_dataset/patient_journey.parquet,referral_delay_days,float64,60.16,101,15.0 | 24.0 | 48.0,1.0,3.0,18.0,30.0,44.0,68.0,139.0,,,numeric_measure,post_referral,CONDITIONAL: enforce documented availability cutoff,mixed_structural_or_event_dependent,high missingness (60.2%)
analytical,patient_journey,data/releases/BAYER_PROSTATE_PATIENT_JOURNEY_SYNTHETIC_v2.1.0_20260825T112627Z/analytical_dataset/patient_journey.parquet,referral_status,str,0.0,6,completed | not_applicable | not_completed,,,,,,,,,,categorical_or_descriptive,post_referral,CONDITIONAL: enforce documented availability cutoff,collected_but_unavailable_or_unknown,none observed in univariate profile
analytical,patient_journey,data/releases/BAYER_PROSTATE_PATIENT_JOURNEY_SYNTHETIC_v2.1.0_20260825T112627Z/analytical_dataset/patient_journey.parquet,regimen_at_treatment_start,str,79.08,6,adt_arpi_doublet | adt_monotherapy | adt_chemotherapy_doublet,,,,,,,,,,treatment_or_medication,treatment_start,CONDITIONAL: enforce documented availability cutoff,collected_but_unavailable_or_unknown,high missingness (79.1%)
analytical,patient_journey,data/releases/BAYER_PROSTATE_PATIENT_JOURNEY_SYNTHETIC_v2.1.0_20260825T112627Z/analytical_dataset/patient_journey.parquet,regimen_component_count,int64,0.0,4,0 | 2 | 1,0.0,0.0,0.0,0.0,0.0,2.0,3.0,,,treatment_or_medication,future,HIGH: future/post-index information,collected_but_unavailable_or_unknown,none observed in univariate profile
analytical,patient_journey,data/releases/BAYER_PROSTATE_PATIENT_JOURNEY_SYNTHETIC_v2.1.0_20260825T112627Z/analytical_dataset/patient_journey.parquet,regimen_component_count_at_treatment_start,int64,0.0,4,0 | 2 | 1,0.0,0.0,0.0,0.0,0.0,2.0,3.0,,,treatment_or_medication,treatment_start,CONDITIONAL: enforce documented availability cutoff,collected_but_unavailable_or_unknown,none observed in univariate profile
analytical,patient_journey,data/releases/BAYER_PROSTATE_PATIENT_JOURNEY_SYNTHETIC_v2.1.0_20260825T112627Z/analytical_dataset/patient_journey.parquet,regimen_type_at_treatment_start,str,79.08,3,doublet | monotherapy | triplet,,,,,,,,,,treatment_or_medication,treatment_start,CONDITIONAL: enforce documented availability cutoff,collected_but_unavailable_or_unknown,high missingness (79.1%)
analytical,patient_journey,data/releases/BAYER_PROSTATE_PATIENT_JOURNEY_SYNTHETIC_v2.1.0_20260825T112627Z/analytical_dataset/patient_journey.parquet,region,str,0.0,18,West | South | Northeast,,,,,,,,,,market_or_pathway_segment,baseline,LOW at the documented index,collected_but_unavailable_or_unknown,none observed in univariate profile
analytical,patient_journey,data/releases/BAYER_PROSTATE_PATIENT_JOURNEY_SYNTHETIC_v2.1.0_20260825T112627Z/analytical_dataset/patient_journey.parquet,restart_flag,bool,0.0,2,False | True,,,,,,,,,,indicator,target_or_outcome,HIGH: target/outcome-derived; never use as predictor,collected_but_unavailable_or_unknown,none observed in univariate profile
analytical,patient_journey,data/releases/BAYER_PROSTATE_PATIENT_JOURNEY_SYNTHETIC_v2.1.0_20260825T112627Z/analytical_dataset/patient_journey.parquet,risk_group,str,0.0,4,high | low | intermediate,,,,,,,,,,categorical_or_descriptive,diagnosis,LOW at the documented index,collected_but_unavailable_or_unknown,none observed in univariate profile
analytical,patient_journey,data/releases/BAYER_PROSTATE_PATIENT_JOURNEY_SYNTHETIC_v2.1.0_20260825T112627Z/analytical_dataset/patient_journey.parquet,socioeconomic_proxy,str,0.0,3,medium | high | low,,,,,,,,,,categorical_or_descriptive,baseline,LOW at the documented index,collected_but_unavailable_or_unknown,none observed in univariate profile
analytical,patient_journey,data/releases/BAYER_PROSTATE_PATIENT_JOURNEY_SYNTHETIC_v2.1.0_20260825T112627Z/analytical_dataset/patient_journey.parquet,source_archetype_id,str,0.0,10000,<direct/quasi-identifier values masked>,,,,,,,,,,identifier_or_foreign_key,identifier,LOW at the documented index,collected_but_unavailable_or_unknown,none observed in univariate profile
analytical,patient_journey,data/releases/BAYER_PROSTATE_PATIENT_JOURNEY_SYNTHETIC_v2.1.0_20260825T112627Z/analytical_dataset/patient_journey.parquet,switch_date,datetime64[us],98.55,142,2021-12-30 | 2022-01-26 | 2025-05-18,,,,,,,,2019-07-24,2025-11-21,temporal,target_or_outcome,HIGH: target/outcome-derived; never use as predictor,collected_but_unavailable_or_unknown,high missingness (98.6%); some date values do not parse
analytical,patient_journey,data/releases/BAYER_PROSTATE_PATIENT_JOURNEY_SYNTHETIC_v2.1.0_20260825T112627Z/analytical_dataset/patient_journey.parquet,switch_flag,bool,0.0,2,False | True,,,,,,,,,,indicator,target_or_outcome,HIGH: target/outcome-derived; never use as predictor,collected_but_unavailable_or_unknown,none observed in univariate profile
analytical,patient_journey,data/releases/BAYER_PROSTATE_PATIENT_JOURNEY_SYNTHETIC_v2.1.0_20260825T112627Z/analytical_dataset/patient_journey.parquet,synthetic_data_flag,bool,0.0,1,True,,,,,,,,,,indicator,administrative,CONDITIONAL: enforce documented availability cutoff,collected_but_unavailable_or_unknown,constant or all-missing field
analytical,patient_journey,data/releases/BAYER_PROSTATE_PATIENT_JOURNEY_SYNTHETIC_v2.1.0_20260825T112627Z/analytical_dataset/patient_journey.parquet,synthetic_scenario_version,str,0.0,1,diagnostic-v2.1-release,,,,,,,,,,categorical_or_descriptive,administrative,CONDITIONAL: enforce documented availability cutoff,collected_but_unavailable_or_unknown,constant or all-missing field
analytical,patient_journey,data/releases/BAYER_PROSTATE_PATIENT_JOURNEY_SYNTHETIC_v2.1.0_20260825T112627Z/analytical_dataset/patient_journey.parquet,treatment_episode_id,str,79.08,2092,<direct/quasi-identifier values masked>,,,,,,,,,,identifier_or_foreign_key,identifier,LOW at the documented index,collected_but_unavailable_or_unknown,high missingness (79.1%)
analytical,patient_journey,data/releases/BAYER_PROSTATE_PATIENT_JOURNEY_SYNTHETIC_v2.1.0_20260825T112627Z/analytical_dataset/patient_journey.parquet,treatment_follow_up_days,float64,79.08,1428,92.0 | 319.0 | 605.0,1.0,144.0,585.0,1098.0,1735.25,2340.0,2519.0,,,treatment_or_medication,future,HIGH: future/post-index information,collected_but_unavailable_or_unknown,high missingness (79.1%)
analytical,patient_journey,data/releases/BAYER_PROSTATE_PATIENT_JOURNEY_SYNTHETIC_v2.1.0_20260825T112627Z/analytical_dataset/patient_journey.parquet,treatment_initiated,bool,0.0,2,False | True,,,,,,,,,,treatment_or_medication,target_or_outcome,HIGH: target/outcome-derived; never use as predictor,collected_but_unavailable_or_unknown,none observed in univariate profile
analytical,patient_journey,data/releases/BAYER_PROSTATE_PATIENT_JOURNEY_SYNTHETIC_v2.1.0_20260825T112627Z/analytical_dataset/patient_journey.parquet,treatment_start_date,datetime64[us],79.08,1403,2024-05-29 | 2022-06-03 | 2024-05-05,,,,,,,,2019-02-07,2025-12-29,temporal,treatment_start,CONDITIONAL: enforce documented availability cutoff,collected_but_unavailable_or_unknown,high missingness (79.1%); some date values do not parse
analytical,patient_split,data/releases/BAYER_PROSTATE_PATIENT_JOURNEY_SYNTHETIC_v2.1.0_20260825T112627Z/analytical_dataset/patient_split.parquet,market_code,str,0.0,7,US | DE | JP,,,,,,,,,,market_or_pathway_segment,baseline,LOW at the documented index,collected_but_unavailable_or_unknown,none observed in univariate profile
analytical,patient_split,data/releases/BAYER_PROSTATE_PATIENT_JOURNEY_SYNTHETIC_v2.1.0_20260825T112627Z/analytical_dataset/patient_split.parquet,patient_id,str,0.0,10000,<direct/quasi-identifier values masked>,,,,,,,,,,identifier_or_foreign_key,identifier,LOW at the documented index,collected_but_unavailable_or_unknown,none observed in univariate profile
analytical,patient_split,data/releases/BAYER_PROSTATE_PATIENT_JOURNEY_SYNTHETIC_v2.1.0_20260825T112627Z/analytical_dataset/patient_split.parquet,patient_split_id,str,0.0,10000,<direct/quasi-identifier values masked>,,,,,,,,,,identifier_or_foreign_key,baseline_or_source_dependent,UNKNOWN until source timing is confirmed,collected_but_unavailable_or_unknown,none observed in univariate profile
analytical,patient_split,data/releases/BAYER_PROSTATE_PATIENT_JOURNEY_SYNTHETIC_v2.1.0_20260825T112627Z/analytical_dataset/patient_split.parquet,source_archetype_id,str,0.0,10000,<direct/quasi-identifier values masked>,,,,,,,,,,identifier_or_foreign_key,identifier,LOW at the documented index,collected_but_unavailable_or_unknown,none observed in univariate profile
analytical,patient_split,data/releases/BAYER_PROSTATE_PATIENT_JOURNEY_SYNTHETIC_v2.1.0_20260825T112627Z/analytical_dataset/patient_split.parquet,split,str,0.0,3,test | validation | train,,,,,,,,,,categorical_or_descriptive,baseline_or_source_dependent,UNKNOWN until source timing is confirmed,collected_but_unavailable_or_unknown,none observed in univariate profile
analytical,patient_split,data/releases/BAYER_PROSTATE_PATIENT_JOURNEY_SYNTHETIC_v2.1.0_20260825T112627Z/analytical_dataset/patient_split.parquet,split_rule_version,str,0.0,1,PATIENT-MARKET-SPLIT-v1.0,,,,,,,,,,categorical_or_descriptive,baseline_or_source_dependent,UNKNOWN until source timing is confirmed,collected_but_unavailable_or_unknown,constant or all-missing field
analytical,prescription_event,data/releases/BAYER_PROSTATE_PATIENT_JOURNEY_SYNTHETIC_v2.1.0_20260825T112627Z/analytical_dataset/prescription_event.parquet,adherence_profile,str,0.0,3,high | variable | low,,,,,,,,,,categorical_or_descriptive,baseline_or_source_dependent,UNKNOWN until source timing is confirmed,collected_but_unavailable_or_unknown,none observed in univariate profile
analytical,prescription_event,data/releases/BAYER_PROSTATE_PATIENT_JOURNEY_SYNTHETIC_v2.1.0_20260825T112627Z/analytical_dataset/prescription_event.parquet,component_id,str,0.0,3746,<direct/quasi-identifier values masked>,,,,,,,,,,identifier_or_foreign_key,baseline_or_source_dependent,UNKNOWN until source timing is confirmed,collected_but_unavailable_or_unknown,none observed in univariate profile
analytical,prescription_event,data/releases/BAYER_PROSTATE_PATIENT_JOURNEY_SYNTHETIC_v2.1.0_20260825T112627Z/analytical_dataset/prescription_event.parquet,covered_until_date,datetime64[us],0.0,2444,2024-08-27 | 2024-08-29 | 2024-07-28,,,,,,,,2019-02-28,2025-12-31,temporal,event_time,CONDITIONAL: require date <= analysis/prediction cutoff,collected_but_unavailable_or_unknown,none observed in univariate profile
analytical,prescription_event,data/releases/BAYER_PROSTATE_PATIENT_JOURNEY_SYNTHETIC_v2.1.0_20260825T112627Z/analytical_dataset/prescription_event.parquet,days_supply,int64,0.0,6,90 | 60 | 30,21.0,21.0,30.0,84.0,90.0,90.0,90.0,,,treatment_or_medication,baseline_or_source_dependent,UNKNOWN until source timing is confirmed,collected_but_unavailable_or_unknown,none observed in univariate profile
analytical,prescription_event,data/releases/BAYER_PROSTATE_PATIENT_JOURNEY_SYNTHETIC_v2.1.0_20260825T112627Z/analytical_dataset/prescription_event.parquet,detail_level,str,0.0,2,deep | scan,,,,,,,,,,categorical_or_descriptive,baseline_or_source_dependent,UNKNOWN until source timing is confirmed,collected_but_unavailable_or_unknown,none observed in univariate profile
analytical,prescription_event,data/releases/BAYER_PROSTATE_PATIENT_JOURNEY_SYNTHETIC_v2.1.0_20260825T112627Z/analytical_dataset/prescription_event.parquet,drug_class,str,0.0,3,ADT | ARPI | chemotherapy,,,,,,,,,,treatment_or_medication,baseline_or_source_dependent,UNKNOWN until source timing is confirmed,collected_but_unavailable_or_unknown,none observed in univariate profile
analytical,prescription_event,data/releases/BAYER_PROSTATE_PATIENT_JOURNEY_SYNTHETIC_v2.1.0_20260825T112627Z/analytical_dataset/prescription_event.parquet,drug_name,str,0.0,7,leuprolide | abiraterone | docetaxel,,,,,,,,,,treatment_or_medication,baseline_or_source_dependent,UNKNOWN until source timing is confirmed,may_be_not_collected_by_market_design,none observed in univariate profile
analytical,prescription_event,data/releases/BAYER_PROSTATE_PATIENT_JOURNEY_SYNTHETIC_v2.1.0_20260825T112627Z/analytical_dataset/prescription_event.parquet,event_type,str,0.0,2,initial_fill | refill,,,,,,,,,,categorical_or_descriptive,baseline_or_source_dependent,UNKNOWN until source timing is confirmed,collected_but_unavailable_or_unknown,none observed in univariate profile
analytical,prescription_event,data/releases/BAYER_PROSTATE_PATIENT_JOURNEY_SYNTHETIC_v2.1.0_20260825T112627Z/analytical_dataset/prescription_event.parquet,market_code,str,0.0,7,US | DE | JP,,,,,,,,,,market_or_pathway_segment,baseline,LOW at the documented index,collected_but_unavailable_or_unknown,none observed in univariate profile
analytical,prescription_event,data/releases/BAYER_PROSTATE_PATIENT_JOURNEY_SYNTHETIC_v2.1.0_20260825T112627Z/analytical_dataset/prescription_event.parquet,nominal_covered_until_date,datetime64[us],0.0,2534,2024-08-27 | 2024-11-27 | 2024-07-28,,,,,,,,2019-02-28,2026-03-31,temporal,event_time,CONDITIONAL: require date <= analysis/prediction cutoff,collected_but_unavailable_or_unknown,none observed in univariate profile
analytical,prescription_event,data/releases/BAYER_PROSTATE_PATIENT_JOURNEY_SYNTHETIC_v2.1.0_20260825T112627Z/analytical_dataset/prescription_event.parquet,patient_id,str,0.0,1751,<direct/quasi-identifier values masked>,,,,,,,,,,identifier_or_foreign_key,identifier,LOW at the documented index,collected_but_unavailable_or_unknown,none observed in univariate profile
analytical,prescription_event,data/releases/BAYER_PROSTATE_PATIENT_JOURNEY_SYNTHETIC_v2.1.0_20260825T112627Z/analytical_dataset/prescription_event.parquet,prescription_event_id,str,0.0,26306,<direct/quasi-identifier values masked>,,,,,,,,,,identifier_or_foreign_key,baseline_or_source_dependent,UNKNOWN until source timing is confirmed,collected_but_unavailable_or_unknown,none observed in univariate profile
analytical,prescription_event,data/releases/BAYER_PROSTATE_PATIENT_JOURNEY_SYNTHETIC_v2.1.0_20260825T112627Z/analytical_dataset/prescription_event.parquet,product_id,str,6.29134,7,<direct/quasi-identifier values masked>,,,,,,,,,,identifier_or_foreign_key,baseline_or_source_dependent,UNKNOWN until source timing is confirmed,may_be_not_collected_by_market_design,none observed in univariate profile
analytical,prescription_event,data/releases/BAYER_PROSTATE_PATIENT_JOURNEY_SYNTHETIC_v2.1.0_20260825T112627Z/analytical_dataset/prescription_event.parquet,quantity_dispensed,float64,6.29134,10,1.0 | 60.0 | 30.0,1.0,1.0,1.0,1.0,56.0,90.0,180.0,,,numeric_measure,baseline_or_source_dependent,UNKNOWN until source timing is confirmed,collected_but_unavailable_or_unknown,none observed in univariate profile
analytical,prescription_event,data/releases/BAYER_PROSTATE_PATIENT_JOURNEY_SYNTHETIC_v2.1.0_20260825T112627Z/analytical_dataset/prescription_event.parquet,refill_gap_days,int64,0.0,131,0 | 2 | 3,-14.0,-8.0,0.0,0.0,8.0,40.0,120.0,,,treatment_or_medication,baseline_or_source_dependent,UNKNOWN until source timing is confirmed,collected_but_unavailable_or_unknown,none observed in univariate profile
analytical,prescription_event,data/releases/BAYER_PROSTATE_PATIENT_JOURNEY_SYNTHETIC_v2.1.0_20260825T112627Z/analytical_dataset/prescription_event.parquet,refill_timing,str,0.0,4,initial | on_time | early,,,,,,,,,,treatment_or_medication,baseline_or_source_dependent,UNKNOWN until source timing is confirmed,collected_but_unavailable_or_unknown,none observed in univariate profile
analytical,prescription_event,data/releases/BAYER_PROSTATE_PATIENT_JOURNEY_SYNTHETIC_v2.1.0_20260825T112627Z/analytical_dataset/prescription_event.parquet,regimen_id,str,0.0,2028,<direct/quasi-identifier values masked>,,,,,,,,,,identifier_or_foreign_key,baseline_or_source_dependent,UNKNOWN until source timing is confirmed,collected_but_unavailable_or_unknown,none observed in univariate profile
analytical,prescription_event,data/releases/BAYER_PROSTATE_PATIENT_JOURNEY_SYNTHETIC_v2.1.0_20260825T112627Z/analytical_dataset/prescription_event.parquet,service_date,datetime64[us],0.0,2474,2024-05-29 | 2024-08-29 | 2024-07-31,,,,,,,,2019-02-07,2025-12-31,temporal,event_time,CONDITIONAL: require date <= analysis/prediction cutoff,collected_but_unavailable_or_unknown,none observed in univariate profile
analytical,prescription_event,data/releases/BAYER_PROSTATE_PATIENT_JOURNEY_SYNTHETIC_v2.1.0_20260825T112627Z/analytical_dataset/prescription_event.parquet,synthetic_event_flag,bool,0.0,1,True,,,,,,,,,,indicator,baseline_or_source_dependent,UNKNOWN until source timing is confirmed,collected_but_unavailable_or_unknown,constant or all-missing field
analytical,prescription_event,data/releases/BAYER_PROSTATE_PATIENT_JOURNEY_SYNTHETIC_v2.1.0_20260825T112627Z/analytical_dataset/prescription_event.parquet,treatment_episode_id,str,0.0,2028,<direct/quasi-identifier values masked>,,,,,,,,,,identifier_or_foreign_key,identifier,LOW at the documented index,collected_but_unavailable_or_unknown,none observed in univariate profile
analytical,provider,data/releases/BAYER_PROSTATE_PATIENT_JOURNEY_SYNTHETIC_v2.1.0_20260825T112627Z/analytical_dataset/provider.parquet,academic_flag,bool,0.0,2,False | True,,,,,,,,,,indicator,baseline_or_source_dependent,UNKNOWN until source timing is confirmed,collected_but_unavailable_or_unknown,none observed in univariate profile
analytical,provider,data/releases/BAYER_PROSTATE_PATIENT_JOURNEY_SYNTHETIC_v2.1.0_20260825T112627Z/analytical_dataset/provider.parquet,annual_prostate_volume,int64,0.0,61,223 | 303 | 437,46.0,60.5,129.75,199.5,299.25,456.79999999999995,491.0,,,numeric_measure,baseline_or_source_dependent,UNKNOWN until source timing is confirmed,collected_but_unavailable_or_unknown,none observed in univariate profile
analytical,provider,data/releases/BAYER_PROSTATE_PATIENT_JOURNEY_SYNTHETIC_v2.1.0_20260825T112627Z/analytical_dataset/provider.parquet,care_setting,str,0.0,4,community_urology | community_oncology | academic_oncology,,,,,,,,,,market_or_pathway_segment,baseline_or_source_dependent,UNKNOWN until source timing is confirmed,collected_but_unavailable_or_unknown,none observed in univariate profile
analytical,provider,data/releases/BAYER_PROSTATE_PATIENT_JOURNEY_SYNTHETIC_v2.1.0_20260825T112627Z/analytical_dataset/provider.parquet,market_code,str,0.0,7,US | DE | JP,,,,,,,,,,market_or_pathway_segment,baseline,LOW at the documented index,collected_but_unavailable_or_unknown,none observed in univariate profile
analytical,provider,data/releases/BAYER_PROSTATE_PATIENT_JOURNEY_SYNTHETIC_v2.1.0_20260825T112627Z/analytical_dataset/provider.parquet,multidisciplinary_team_flag,bool,0.0,2,False | True,,,,,,,,,,indicator,baseline_or_source_dependent,UNKNOWN until source timing is confirmed,collected_but_unavailable_or_unknown,none observed in univariate profile
analytical,provider,data/releases/BAYER_PROSTATE_PATIENT_JOURNEY_SYNTHETIC_v2.1.0_20260825T112627Z/analytical_dataset/provider.parquet,organization_id,str,0.0,48,<direct/quasi-identifier values masked>,,,,,,,,,,identifier_or_foreign_key,baseline_or_source_dependent,UNKNOWN until source timing is confirmed,collected_but_unavailable_or_unknown,none observed in univariate profile
analytical,provider,data/releases/BAYER_PROSTATE_PATIENT_JOURNEY_SYNTHETIC_v2.1.0_20260825T112627Z/analytical_dataset/provider.parquet,provider_id,str,0.0,64,<direct/quasi-identifier values masked>,,,,,,,,,,identifier_or_foreign_key,baseline_or_source_dependent,UNKNOWN until source timing is confirmed,collected_but_unavailable_or_unknown,none observed in univariate profile
analytical,provider,data/releases/BAYER_PROSTATE_PATIENT_JOURNEY_SYNTHETIC_v2.1.0_20260825T112627Z/analytical_dataset/provider.parquet,provider_specialty,str,0.0,4,urology | medical_oncology | radiation_oncology,,,,,,,,,,market_or_pathway_segment,baseline_or_source_dependent,UNKNOWN until source timing is confirmed,collected_but_unavailable_or_unknown,none observed in univariate profile
analytical,provider,data/releases/BAYER_PROSTATE_PATIENT_JOURNEY_SYNTHETIC_v2.1.0_20260825T112627Z/analytical_dataset/provider.parquet,region,str,0.0,15,Northeast | West | South,,,,,,,,,,market_or_pathway_segment,baseline,LOW at the documented index,collected_but_unavailable_or_unknown,none observed in univariate profile
analytical,provider,data/releases/BAYER_PROSTATE_PATIENT_JOURNEY_SYNTHETIC_v2.1.0_20260825T112627Z/analytical_dataset/provider.parquet,synthetic_provider_flag,bool,0.0,1,True,,,,,,,,,,indicator,baseline_or_source_dependent,UNKNOWN until source timing is confirmed,collected_but_unavailable_or_unknown,constant or all-missing field
analytical,referral,data/releases/BAYER_PROSTATE_PATIENT_JOURNEY_SYNTHETIC_v2.1.0_20260825T112627Z/analytical_dataset/referral.parquet,completion_date,datetime64[us],26.480901,1844,2023-06-12 | 2020-06-01 | 2023-02-21,,,,,,,,2019-01-25,2025-12-28,temporal,event_time,CONDITIONAL: require date <= analysis/prediction cutoff,collected_but_unavailable_or_unknown,high missingness (26.5%); some date values do not parse
analytical,referral,data/releases/BAYER_PROSTATE_PATIENT_JOURNEY_SYNTHETIC_v2.1.0_20260825T112627Z/analytical_dataset/referral.parquet,decision_owner_specialty,str,0.0,3,medical_oncology | urology | radiation_oncology,,,,,,,,,,market_or_pathway_segment,post_referral,CONDITIONAL: enforce documented availability cutoff,mixed_structural_or_event_dependent,none observed in univariate profile
analytical,referral,data/releases/BAYER_PROSTATE_PATIENT_JOURNEY_SYNTHETIC_v2.1.0_20260825T112627Z/analytical_dataset/referral.parquet,destination_organization_id,str,0.0,28,<direct/quasi-identifier values masked>,,,,,,,,,,identifier_or_foreign_key,baseline_or_source_dependent,UNKNOWN until source timing is confirmed,collected_but_unavailable_or_unknown,none observed in univariate profile
analytical,referral,data/releases/BAYER_PROSTATE_PATIENT_JOURNEY_SYNTHETIC_v2.1.0_20260825T112627Z/analytical_dataset/referral.parquet,destination_provider_id,str,0.0,38,<direct/quasi-identifier values masked>,,,,,,,,,,identifier_or_foreign_key,baseline_or_source_dependent,UNKNOWN until source timing is confirmed,collected_but_unavailable_or_unknown,none observed in univariate profile
analytical,referral,data/releases/BAYER_PROSTATE_PATIENT_JOURNEY_SYNTHETIC_v2.1.0_20260825T112627Z/analytical_dataset/referral.parquet,destination_specialty,str,0.0,2,medical_oncology | radiation_oncology,,,,,,,,,,market_or_pathway_segment,baseline_or_source_dependent,UNKNOWN until source timing is confirmed,collected_but_unavailable_or_unknown,none observed in univariate profile
analytical,referral,data/releases/BAYER_PROSTATE_PATIENT_JOURNEY_SYNTHETIC_v2.1.0_20260825T112627Z/analytical_dataset/referral.parquet,detail_level,str,0.0,2,deep | scan,,,,,,,,,,categorical_or_descriptive,baseline_or_source_dependent,UNKNOWN until source timing is confirmed,collected_but_unavailable_or_unknown,none observed in univariate profile
analytical,referral,data/releases/BAYER_PROSTATE_PATIENT_JOURNEY_SYNTHETIC_v2.1.0_20260825T112627Z/analytical_dataset/referral.parquet,market_code,str,0.0,7,US | DE | JP,,,,,,,,,,market_or_pathway_segment,baseline,LOW at the documented index,collected_but_unavailable_or_unknown,none observed in univariate profile
analytical,referral,data/releases/BAYER_PROSTATE_PATIENT_JOURNEY_SYNTHETIC_v2.1.0_20260825T112627Z/analytical_dataset/referral.parquet,patient_id,str,0.0,5419,<direct/quasi-identifier values masked>,,,,,,,,,,identifier_or_foreign_key,identifier,LOW at the documented index,collected_but_unavailable_or_unknown,none observed in univariate profile
analytical,referral,data/releases/BAYER_PROSTATE_PATIENT_JOURNEY_SYNTHETIC_v2.1.0_20260825T112627Z/analytical_dataset/referral.parquet,referral_date,datetime64[us],0.0,2031,2023-05-28 | 2020-05-08 | 2023-01-04,,,,,,,,2019-01-05,2025-12-20,temporal,event_time,CONDITIONAL: require date <= analysis/prediction cutoff,collected_but_unavailable_or_unknown,none observed in univariate profile
analytical,referral,data/releases/BAYER_PROSTATE_PATIENT_JOURNEY_SYNTHETIC_v2.1.0_20260825T112627Z/analytical_dataset/referral.parquet,referral_id,str,0.0,5419,<direct/quasi-identifier values masked>,,,,,,,,,,identifier_or_foreign_key,baseline_or_source_dependent,UNKNOWN until source timing is confirmed,collected_but_unavailable_or_unknown,none observed in univariate profile
analytical,referral,data/releases/BAYER_PROSTATE_PATIENT_JOURNEY_SYNTHETIC_v2.1.0_20260825T112627Z/analytical_dataset/referral.parquet,referral_reason,str,0.0,2,advanced_prostate_pathway_review | active_surveillance_exit_radiotherapy,,,,,,,,,,categorical_or_descriptive,baseline_or_source_dependent,UNKNOWN until source timing is confirmed,collected_but_unavailable_or_unknown,none observed in univariate profile
analytical,referral,data/releases/BAYER_PROSTATE_PATIENT_JOURNEY_SYNTHETIC_v2.1.0_20260825T112627Z/analytical_dataset/referral.parquet,referral_status,str,0.0,5,completed | not_completed | pending,,,,,,,,,,categorical_or_descriptive,post_referral,CONDITIONAL: enforce documented availability cutoff,collected_but_unavailable_or_unknown,none observed in univariate profile
analytical,referral,data/releases/BAYER_PROSTATE_PATIENT_JOURNEY_SYNTHETIC_v2.1.0_20260825T112627Z/analytical_dataset/referral.parquet,source_organization_id,str,0.0,22,<direct/quasi-identifier values masked>,,,,,,,,,,identifier_or_foreign_key,baseline_or_source_dependent,UNKNOWN until source timing is confirmed,collected_but_unavailable_or_unknown,none observed in univariate profile
analytical,referral,data/releases/BAYER_PROSTATE_PATIENT_JOURNEY_SYNTHETIC_v2.1.0_20260825T112627Z/analytical_dataset/referral.parquet,source_provider_id,str,0.0,25,<direct/quasi-identifier values masked>,,,,,,,,,,identifier_or_foreign_key,baseline_or_source_dependent,UNKNOWN until source timing is confirmed,collected_but_unavailable_or_unknown,none observed in univariate profile
analytical,referral,data/releases/BAYER_PROSTATE_PATIENT_JOURNEY_SYNTHETIC_v2.1.0_20260825T112627Z/analytical_dataset/referral.parquet,source_specialty,str,0.0,1,urology,,,,,,,,,,market_or_pathway_segment,baseline_or_source_dependent,UNKNOWN until source timing is confirmed,collected_but_unavailable_or_unknown,constant or all-missing field
analytical,referral,data/releases/BAYER_PROSTATE_PATIENT_JOURNEY_SYNTHETIC_v2.1.0_20260825T112627Z/analytical_dataset/referral.parquet,synthetic_event_flag,bool,0.0,1,True,,,,,,,,,,indicator,baseline_or_source_dependent,UNKNOWN until source timing is confirmed,collected_but_unavailable_or_unknown,constant or all-missing field
analytical,treatment_episode,data/releases/BAYER_PROSTATE_PATIENT_JOURNEY_SYNTHETIC_v2.1.0_20260825T112627Z/analytical_dataset/treatment_episode.parquet,discontinuation_date,datetime64[us],81.722246,390,2021-02-11 | 2021-07-10 | 2023-11-09,,,,,,,,2019-06-09,2025-11-08,temporal,target_or_outcome,HIGH: target/outcome-derived; never use as predictor,collected_but_unavailable_or_unknown,high missingness (81.7%); some date values do not parse
analytical,treatment_episode,data/releases/BAYER_PROSTATE_PATIENT_JOURNEY_SYNTHETIC_v2.1.0_20260825T112627Z/analytical_dataset/treatment_episode.parquet,discontinuation_flag,bool,0.0,2,False | True,,,,,,,,,,indicator,target_or_outcome,HIGH: target/outcome-derived; never use as predictor,collected_but_unavailable_or_unknown,none observed in univariate profile
analytical,treatment_episode,data/releases/BAYER_PROSTATE_PATIENT_JOURNEY_SYNTHETIC_v2.1.0_20260825T112627Z/analytical_dataset/treatment_episode.parquet,discontinuation_reason,str,81.722246,2,temporary_gap | synthetic_tolerability_or_choice,,,,,,,,,,categorical_or_descriptive,outcome_or_post_index,HIGH unless used only as target/descriptive endpoint,collected_but_unavailable_or_unknown,high missingness (81.7%)
analytical,treatment_episode,data/releases/BAYER_PROSTATE_PATIENT_JOURNEY_SYNTHETIC_v2.1.0_20260825T112627Z/analytical_dataset/treatment_episode.parquet,episode_reason,str,0.0,2,mhspc_eligible | active_surveillance_exit,,,,,,,,,,categorical_or_descriptive,baseline_or_source_dependent,UNKNOWN until source timing is confirmed,collected_but_unavailable_or_unknown,none observed in univariate profile
analytical,treatment_episode,data/releases/BAYER_PROSTATE_PATIENT_JOURNEY_SYNTHETIC_v2.1.0_20260825T112627Z/analytical_dataset/treatment_episode.parquet,market_code,str,0.0,7,US | DE | JP,,,,,,,,,,market_or_pathway_segment,baseline,LOW at the documented index,collected_but_unavailable_or_unknown,none observed in univariate profile
analytical,treatment_episode,data/releases/BAYER_PROSTATE_PATIENT_JOURNEY_SYNTHETIC_v2.1.0_20260825T112627Z/analytical_dataset/treatment_episode.parquet,max_refill_gap_days,int64,0.0,117,3 | 31 | 64,0.0,0.0,5.0,14.0,41.0,79.0,120.0,,,treatment_or_medication,future,HIGH: future/post-index information,collected_but_unavailable_or_unknown,none observed in univariate profile
analytical,treatment_episode,data/releases/BAYER_PROSTATE_PATIENT_JOURNEY_SYNTHETIC_v2.1.0_20260825T112627Z/analytical_dataset/treatment_episode.parquet,patient_id,str,0.0,2092,<direct/quasi-identifier values masked>,,,,,,,,,,identifier_or_foreign_key,identifier,LOW at the documented index,collected_but_unavailable_or_unknown,none observed in univariate profile
analytical,treatment_episode,data/releases/BAYER_PROSTATE_PATIENT_JOURNEY_SYNTHETIC_v2.1.0_20260825T112627Z/analytical_dataset/treatment_episode.parquet,prescribing_provider_id,str,0.0,63,<direct/quasi-identifier values masked>,,,,,,,,,,identifier_or_foreign_key,baseline_or_source_dependent,UNKNOWN until source timing is confirmed,collected_but_unavailable_or_unknown,none observed in univariate profile
analytical,treatment_episode,data/releases/BAYER_PROSTATE_PATIENT_JOURNEY_SYNTHETIC_v2.1.0_20260825T112627Z/analytical_dataset/treatment_episode.parquet,prescription_event_count,int64,0.0,69,4 | 10 | 6,0.0,0.0,4.0,9.0,15.0,29.59999999999991,76.0,,,numeric_measure,future,HIGH: future/post-index information,collected_but_unavailable_or_unknown,none observed in univariate profile
analytical,treatment_episode,data/releases/BAYER_PROSTATE_PATIENT_JOURNEY_SYNTHETIC_v2.1.0_20260825T112627Z/analytical_dataset/treatment_episode.parquet,previous_episode_id,str,88.307303,277,<direct/quasi-identifier values masked>,,,,,,,,,,identifier_or_foreign_key,baseline_or_source_dependent,UNKNOWN until source timing is confirmed,collected_but_unavailable_or_unknown,high missingness (88.3%)
analytical,treatment_episode,data/releases/BAYER_PROSTATE_PATIENT_JOURNEY_SYNTHETIC_v2.1.0_20260825T112627Z/analytical_dataset/treatment_episode.parquet,restart_date,datetime64[us],94.428029,131,2021-03-31 | 2024-11-07 | 2025-07-19,,,,,,,,2019-08-07,2025-11-07,temporal,outcome_or_post_index,HIGH unless used only as target/descriptive endpoint,collected_but_unavailable_or_unknown,high missingness (94.4%); some date values do not parse
analytical,treatment_episode,data/releases/BAYER_PROSTATE_PATIENT_JOURNEY_SYNTHETIC_v2.1.0_20260825T112627Z/analytical_dataset/treatment_episode.parquet,restart_flag,bool,0.0,2,False | True,,,,,,,,,,indicator,target_or_outcome,HIGH: target/outcome-derived; never use as predictor,collected_but_unavailable_or_unknown,none observed in univariate profile
analytical,treatment_episode,data/releases/BAYER_PROSTATE_PATIENT_JOURNEY_SYNTHETIC_v2.1.0_20260825T112627Z/analytical_dataset/treatment_episode.parquet,switch_date,datetime64[us],93.879274,142,2021-12-30 | 2022-01-26 | 2025-05-18,,,,,,,,2019-07-24,2025-11-21,temporal,target_or_outcome,HIGH: target/outcome-derived; never use as predictor,collected_but_unavailable_or_unknown,high missingness (93.9%); some date values do not parse
analytical,treatment_episode,data/releases/BAYER_PROSTATE_PATIENT_JOURNEY_SYNTHETIC_v2.1.0_20260825T112627Z/analytical_dataset/treatment_episode.parquet,switch_flag,bool,0.0,2,False | True,,,,,,,,,,indicator,target_or_outcome,HIGH: target/outcome-derived; never use as predictor,collected_but_unavailable_or_unknown,none observed in univariate profile
analytical,treatment_episode,data/releases/BAYER_PROSTATE_PATIENT_JOURNEY_SYNTHETIC_v2.1.0_20260825T112627Z/analytical_dataset/treatment_episode.parquet,synthetic_event_flag,bool,0.0,1,True,,,,,,,,,,indicator,baseline_or_source_dependent,UNKNOWN until source timing is confirmed,collected_but_unavailable_or_unknown,constant or all-missing field
analytical,treatment_episode,data/releases/BAYER_PROSTATE_PATIENT_JOURNEY_SYNTHETIC_v2.1.0_20260825T112627Z/analytical_dataset/treatment_episode.parquet,temporary_gap_flag,bool,0.0,2,False | True,,,,,,,,,,indicator,baseline_or_source_dependent,UNKNOWN until source timing is confirmed,collected_but_unavailable_or_unknown,none observed in univariate profile
analytical,treatment_episode,data/releases/BAYER_PROSTATE_PATIENT_JOURNEY_SYNTHETIC_v2.1.0_20260825T112627Z/analytical_dataset/treatment_episode.parquet,tracking_component_id,str,14.394259,2028,<direct/quasi-identifier values masked>,,,,,,,,,,identifier_or_foreign_key,baseline_or_source_dependent,UNKNOWN until source timing is confirmed,collected_but_unavailable_or_unknown,none observed in univariate profile
analytical,treatment_episode,data/releases/BAYER_PROSTATE_PATIENT_JOURNEY_SYNTHETIC_v2.1.0_20260825T112627Z/analytical_dataset/treatment_episode.parquet,transition_type,str,0.0,3,initial | restart | switch,,,,,,,,,,categorical_or_descriptive,baseline_or_source_dependent,UNKNOWN until source timing is confirmed,collected_but_unavailable_or_unknown,none observed in univariate profile
analytical,treatment_episode,data/releases/BAYER_PROSTATE_PATIENT_JOURNEY_SYNTHETIC_v2.1.0_20260825T112627Z/analytical_dataset/treatment_episode.parquet,treatment_end_date,datetime64[us],0.0,1272,2024-08-29 | 2023-04-18 | 2025-07-06,,,,,,,,2019-05-29,2025-12-31,temporal,event_time,CONDITIONAL: require date <= analysis/prediction cutoff,collected_but_unavailable_or_unknown,none observed in univariate profile
analytical,treatment_episode,data/releases/BAYER_PROSTATE_PATIENT_JOURNEY_SYNTHETIC_v2.1.0_20260825T112627Z/analytical_dataset/treatment_episode.parquet,treatment_episode_id,str,0.0,2369,<direct/quasi-identifier values masked>,,,,,,,,,,identifier_or_foreign_key,identifier,LOW at the documented index,collected_but_unavailable_or_unknown,none observed in univariate profile
analytical,treatment_episode,data/releases/BAYER_PROSTATE_PATIENT_JOURNEY_SYNTHETIC_v2.1.0_20260825T112627Z/analytical_dataset/treatment_episode.parquet,treatment_intent,str,0.0,2,disease_control | localized_definitive,,,,,,,,,,treatment_or_medication,baseline_or_source_dependent,UNKNOWN until source timing is confirmed,collected_but_unavailable_or_unknown,none observed in univariate profile
analytical,treatment_episode,data/releases/BAYER_PROSTATE_PATIENT_JOURNEY_SYNTHETIC_v2.1.0_20260825T112627Z/analytical_dataset/treatment_episode.parquet,treatment_line,int64,0.0,2,1 | 2,1.0,1.0,1.0,1.0,1.0,2.0,2.0,,,treatment_or_medication,baseline_or_source_dependent,UNKNOWN until source timing is confirmed,collected_but_unavailable_or_unknown,none observed in univariate profile
analytical,treatment_episode,data/releases/BAYER_PROSTATE_PATIENT_JOURNEY_SYNTHETIC_v2.1.0_20260825T112627Z/analytical_dataset/treatment_episode.parquet,treatment_start_date,datetime64[us],0.0,1523,2024-05-29 | 2022-06-03 | 2024-05-05,,,,,,,,2019-02-07,2025-12-29,temporal,treatment_start,CONDITIONAL: enforce documented availability cutoff,collected_but_unavailable_or_unknown,none observed in univariate profile
analytical,treatment_episode,data/releases/BAYER_PROSTATE_PATIENT_JOURNEY_SYNTHETIC_v2.1.0_20260825T112627Z/analytical_dataset/treatment_episode.parquet,treatment_status,str,0.0,5,censored | completed | discontinued,,,,,,,,,,treatment_or_medication,baseline_or_source_dependent,UNKNOWN until source timing is confirmed,collected_but_unavailable_or_unknown,none observed in univariate profile
analytical,treatment_regimen,data/releases/BAYER_PROSTATE_PATIENT_JOURNEY_SYNTHETIC_v2.1.0_20260825T112627Z/analytical_dataset/treatment_regimen.parquet,combination_strategy,str,0.0,3,planned_combination | monotherapy | add_on,,,,,,,,,,categorical_or_descriptive,future,HIGH: future/post-index information,collected_but_unavailable_or_unknown,none observed in univariate profile
analytical,treatment_regimen,data/releases/BAYER_PROSTATE_PATIENT_JOURNEY_SYNTHETIC_v2.1.0_20260825T112627Z/analytical_dataset/treatment_regimen.parquet,guideline_concordance_classification,str,0.0,2,SCENARIO_SUPPORTED | NOT_ASSESSED,,,,,,,,,,categorical_or_descriptive,baseline_or_source_dependent,UNKNOWN until source timing is confirmed,collected_but_unavailable_or_unknown,none observed in univariate profile
analytical,treatment_regimen,data/releases/BAYER_PROSTATE_PATIENT_JOURNEY_SYNTHETIC_v2.1.0_20260825T112627Z/analytical_dataset/treatment_regimen.parquet,guideline_rule_version,str,0.0,1,INTENSIFICATION-SYN-v1.0,,,,,,,,,,categorical_or_descriptive,baseline_or_source_dependent,UNKNOWN until source timing is confirmed,collected_but_unavailable_or_unknown,constant or all-missing field
analytical,treatment_regimen,data/releases/BAYER_PROSTATE_PATIENT_JOURNEY_SYNTHETIC_v2.1.0_20260825T112627Z/analytical_dataset/treatment_regimen.parquet,intensification_flag,bool,0.0,2,True | False,,,,,,,,,,indicator,future,HIGH: future/post-index information,collected_but_unavailable_or_unknown,none observed in univariate profile
analytical,treatment_regimen,data/releases/BAYER_PROSTATE_PATIENT_JOURNEY_SYNTHETIC_v2.1.0_20260825T112627Z/analytical_dataset/treatment_regimen.parquet,market_code,str,0.0,7,US | DE | JP,,,,,,,,,,market_or_pathway_segment,baseline,LOW at the documented index,collected_but_unavailable_or_unknown,none observed in univariate profile
analytical,treatment_regimen,data/releases/BAYER_PROSTATE_PATIENT_JOURNEY_SYNTHETIC_v2.1.0_20260825T112627Z/analytical_dataset/treatment_regimen.parquet,patient_id,str,0.0,2092,<direct/quasi-identifier values masked>,,,,,,,,,,identifier_or_foreign_key,identifier,LOW at the documented index,collected_but_unavailable_or_unknown,none observed in univariate profile
analytical,treatment_regimen,data/releases/BAYER_PROSTATE_PATIENT_JOURNEY_SYNTHETIC_v2.1.0_20260825T112627Z/analytical_dataset/treatment_regimen.parquet,regimen_end_date,datetime64[us],0.0,1272,2024-08-29 | 2023-04-18 | 2025-07-06,,,,,,,,2019-05-29,2025-12-31,temporal,event_time,CONDITIONAL: require date <= analysis/prediction cutoff,collected_but_unavailable_or_unknown,none observed in univariate profile
analytical,treatment_regimen,data/releases/BAYER_PROSTATE_PATIENT_JOURNEY_SYNTHETIC_v2.1.0_20260825T112627Z/analytical_dataset/treatment_regimen.parquet,regimen_id,str,0.0,2369,<direct/quasi-identifier values masked>,,,,,,,,,,identifier_or_foreign_key,baseline_or_source_dependent,UNKNOWN until source timing is confirmed,collected_but_unavailable_or_unknown,none observed in univariate profile
analytical,treatment_regimen,data/releases/BAYER_PROSTATE_PATIENT_JOURNEY_SYNTHETIC_v2.1.0_20260825T112627Z/analytical_dataset/treatment_regimen.parquet,regimen_name,str,0.0,6,adt_arpi_doublet | adt_monotherapy | adt_chemotherapy_doublet,,,,,,,,,,treatment_or_medication,baseline_or_source_dependent,UNKNOWN until source timing is confirmed,collected_but_unavailable_or_unknown,none observed in univariate profile
analytical,treatment_regimen,data/releases/BAYER_PROSTATE_PATIENT_JOURNEY_SYNTHETIC_v2.1.0_20260825T112627Z/analytical_dataset/treatment_regimen.parquet,regimen_start_date,datetime64[us],0.0,1523,2024-05-29 | 2022-06-03 | 2024-05-05,,,,,,,,2019-02-07,2025-12-29,temporal,event_time,CONDITIONAL: require date <= analysis/prediction cutoff,collected_but_unavailable_or_unknown,none observed in univariate profile
analytical,treatment_regimen,data/releases/BAYER_PROSTATE_PATIENT_JOURNEY_SYNTHETIC_v2.1.0_20260825T112627Z/analytical_dataset/treatment_regimen.parquet,regimen_status,str,0.0,5,censored | completed | discontinued,,,,,,,,,,treatment_or_medication,baseline_or_source_dependent,UNKNOWN until source timing is confirmed,collected_but_unavailable_or_unknown,none observed in univariate profile
analytical,treatment_regimen,data/releases/BAYER_PROSTATE_PATIENT_JOURNEY_SYNTHETIC_v2.1.0_20260825T112627Z/analytical_dataset/treatment_regimen.parquet,regimen_type,str,0.0,3,doublet | monotherapy | triplet,,,,,,,,,,treatment_or_medication,baseline_or_source_dependent,UNKNOWN until source timing is confirmed,collected_but_unavailable_or_unknown,none observed in univariate profile
analytical,treatment_regimen,data/releases/BAYER_PROSTATE_PATIENT_JOURNEY_SYNTHETIC_v2.1.0_20260825T112627Z/analytical_dataset/treatment_regimen.parquet,synthetic_event_flag,bool,0.0,1,True,,,,,,,,,,indicator,baseline_or_source_dependent,UNKNOWN until source timing is confirmed,collected_but_unavailable_or_unknown,constant or all-missing field
analytical,treatment_regimen,data/releases/BAYER_PROSTATE_PATIENT_JOURNEY_SYNTHETIC_v2.1.0_20260825T112627Z/analytical_dataset/treatment_regimen.parquet,treatment_episode_id,str,0.0,2369,<direct/quasi-identifier values masked>,,,,,,,,,,identifier_or_foreign_key,identifier,LOW at the documented index,collected_but_unavailable_or_unknown,none observed in univariate profile
analytical,treatment_regimen_component,data/releases/BAYER_PROSTATE_PATIENT_JOURNEY_SYNTHETIC_v2.1.0_20260825T112627Z/analytical_dataset/treatment_regimen_component.parquet,component_end_date,datetime64[us],0.0,1512,2024-08-29 | 2023-04-18 | 2025-07-06,,,,,,,,2019-05-29,2025-12-31,temporal,event_time,CONDITIONAL: require date <= analysis/prediction cutoff,collected_but_unavailable_or_unknown,none observed in univariate profile
analytical,treatment_regimen_component,data/releases/BAYER_PROSTATE_PATIENT_JOURNEY_SYNTHETIC_v2.1.0_20260825T112627Z/analytical_dataset/treatment_regimen_component.parquet,component_id,str,0.0,4230,<direct/quasi-identifier values masked>,,,,,,,,,,identifier_or_foreign_key,baseline_or_source_dependent,UNKNOWN until source timing is confirmed,collected_but_unavailable_or_unknown,none observed in univariate profile
analytical,treatment_regimen_component,data/releases/BAYER_PROSTATE_PATIENT_JOURNEY_SYNTHETIC_v2.1.0_20260825T112627Z/analytical_dataset/treatment_regimen_component.parquet,component_role,str,0.0,4,backbone | arpi | chemotherapy,,,,,,,,,,categorical_or_descriptive,baseline_or_source_dependent,UNKNOWN until source timing is confirmed,collected_but_unavailable_or_unknown,none observed in univariate profile
analytical,treatment_regimen_component,data/releases/BAYER_PROSTATE_PATIENT_JOURNEY_SYNTHETIC_v2.1.0_20260825T112627Z/analytical_dataset/treatment_regimen_component.parquet,component_start_date,datetime64[us],0.0,1536,2024-05-29 | 2022-06-03 | 2024-05-05,,,,,,,,2019-02-07,2025-12-29,temporal,event_time,CONDITIONAL: require date <= analysis/prediction cutoff,collected_but_unavailable_or_unknown,none observed in univariate profile
analytical,treatment_regimen_component,data/releases/BAYER_PROSTATE_PATIENT_JOURNEY_SYNTHETIC_v2.1.0_20260825T112627Z/analytical_dataset/treatment_regimen_component.parquet,component_status,str,0.0,5,censored | completed | discontinued,,,,,,,,,,categorical_or_descriptive,baseline_or_source_dependent,UNKNOWN until source timing is confirmed,collected_but_unavailable_or_unknown,none observed in univariate profile
analytical,treatment_regimen_component,data/releases/BAYER_PROSTATE_PATIENT_JOURNEY_SYNTHETIC_v2.1.0_20260825T112627Z/analytical_dataset/treatment_regimen_component.parquet,cycle_length_days,float64,89.314421,1,21.0,21.0,21.0,21.0,21.0,21.0,21.0,21.0,,,numeric_measure,baseline_or_source_dependent,UNKNOWN until source timing is confirmed,collected_but_unavailable_or_unknown,high missingness (89.3%); constant or all-missing field
analytical,treatment_regimen_component,data/releases/BAYER_PROSTATE_PATIENT_JOURNEY_SYNTHETIC_v2.1.0_20260825T112627Z/analytical_dataset/treatment_regimen_component.parquet,dispensing_detail_available_flag,bool,0.0,2,True | False,,,,,,,,,,indicator,baseline_or_source_dependent,UNKNOWN until source timing is confirmed,collected_but_unavailable_or_unknown,none observed in univariate profile
analytical,treatment_regimen_component,data/releases/BAYER_PROSTATE_PATIENT_JOURNEY_SYNTHETIC_v2.1.0_20260825T112627Z/analytical_dataset/treatment_regimen_component.parquet,dispensing_required_flag,bool,0.0,2,True | False,,,,,,,,,,indicator,baseline_or_source_dependent,UNKNOWN until source timing is confirmed,collected_but_unavailable_or_unknown,none observed in univariate profile
analytical,treatment_regimen_component,data/releases/BAYER_PROSTATE_PATIENT_JOURNEY_SYNTHETIC_v2.1.0_20260825T112627Z/analytical_dataset/treatment_regimen_component.parquet,drug_class,str,0.0,4,ADT | ARPI | chemotherapy,,,,,,,,,,treatment_or_medication,baseline_or_source_dependent,UNKNOWN until source timing is confirmed,collected_but_unavailable_or_unknown,none observed in univariate profile
analytical,treatment_regimen_component,data/releases/BAYER_PROSTATE_PATIENT_JOURNEY_SYNTHETIC_v2.1.0_20260825T112627Z/analytical_dataset/treatment_regimen_component.parquet,drug_name,str,0.0,9,leuprolide | abiraterone | docetaxel,,,,,,,,,,treatment_or_medication,baseline_or_source_dependent,UNKNOWN until source timing is confirmed,may_be_not_collected_by_market_design,none observed in univariate profile
analytical,treatment_regimen_component,data/releases/BAYER_PROSTATE_PATIENT_JOURNEY_SYNTHETIC_v2.1.0_20260825T112627Z/analytical_dataset/treatment_regimen_component.parquet,market_code,str,0.0,7,US | DE | JP,,,,,,,,,,market_or_pathway_segment,baseline,LOW at the documented index,collected_but_unavailable_or_unknown,none observed in univariate profile
analytical,treatment_regimen_component,data/releases/BAYER_PROSTATE_PATIENT_JOURNEY_SYNTHETIC_v2.1.0_20260825T112627Z/analytical_dataset/treatment_regimen_component.parquet,patient_id,str,0.0,2092,<direct/quasi-identifier values masked>,,,,,,,,,,identifier_or_foreign_key,identifier,LOW at the documented index,collected_but_unavailable_or_unknown,none observed in univariate profile
analytical,treatment_regimen_component,data/releases/BAYER_PROSTATE_PATIENT_JOURNEY_SYNTHETIC_v2.1.0_20260825T112627Z/analytical_dataset/treatment_regimen_component.parquet,planned_cycle_count,float64,89.314421,1,6.0,6.0,6.0,6.0,6.0,6.0,6.0,6.0,,,numeric_measure,baseline_or_source_dependent,UNKNOWN until source timing is confirmed,collected_but_unavailable_or_unknown,high missingness (89.3%); constant or all-missing field
analytical,treatment_regimen_component,data/releases/BAYER_PROSTATE_PATIENT_JOURNEY_SYNTHETIC_v2.1.0_20260825T112627Z/analytical_dataset/treatment_regimen_component.parquet,regimen_id,str,0.0,2369,<direct/quasi-identifier values masked>,,,,,,,,,,identifier_or_foreign_key,baseline_or_source_dependent,UNKNOWN until source timing is confirmed,collected_but_unavailable_or_unknown,none observed in univariate profile
analytical,treatment_regimen_component,data/releases/BAYER_PROSTATE_PATIENT_JOURNEY_SYNTHETIC_v2.1.0_20260825T112627Z/analytical_dataset/treatment_regimen_component.parquet,route,str,0.0,4,injection | oral | infusion,,,,,,,,,,categorical_or_descriptive,baseline_or_source_dependent,UNKNOWN until source timing is confirmed,collected_but_unavailable_or_unknown,none observed in univariate profile
analytical,treatment_regimen_component,data/releases/BAYER_PROSTATE_PATIENT_JOURNEY_SYNTHETIC_v2.1.0_20260825T112627Z/analytical_dataset/treatment_regimen_component.parquet,synthetic_event_flag,bool,0.0,1,True,,,,,,,,,,indicator,baseline_or_source_dependent,UNKNOWN until source timing is confirmed,collected_but_unavailable_or_unknown,constant or all-missing field
analytical,treatment_regimen_component,data/releases/BAYER_PROSTATE_PATIENT_JOURNEY_SYNTHETIC_v2.1.0_20260825T112627Z/analytical_dataset/treatment_regimen_component.parquet,treatment_episode_id,str,0.0,2369,<direct/quasi-identifier values masked>,,,,,,,,,,identifier_or_foreign_key,identifier,LOW at the documented index,collected_but_unavailable_or_unknown,none observed in univariate profile
raw_synthea,allergies,data/raw/synthea/allergies.csv,CATEGORY,str,0.0,3,environment | food | medication,,,,,,,,,,categorical_or_descriptive,baseline_or_source_dependent,UNKNOWN until source timing is confirmed,collected_but_unavailable_or_unknown,none observed in univariate profile
raw_synthea,allergies,data/raw/synthea/allergies.csv,CODE,int64,0.0,12,609328004 | 762952008 | 10831,1191.0,1191.0,213330007.0,609328004.0,640753254.5,763933207.8000001,782576004.0,,,numeric_measure,baseline_or_source_dependent,UNKNOWN until source timing is confirmed,collected_but_unavailable_or_unknown,none observed in univariate profile
raw_synthea,allergies,data/raw/synthea/allergies.csv,DESCRIPTION,str,0.0,12,Allergic disposition (finding) | Peanut (substance) | Sulfamethoxazole / Trimethoprim,,,,,,,,,,categorical_or_descriptive,baseline_or_source_dependent,UNKNOWN until source timing is confirmed,collected_but_unavailable_or_unknown,none observed in univariate profile
raw_synthea,allergies,data/raw/synthea/allergies.csv,DESCRIPTION1,str,65.0,6,Wheal (finding) | Cutaneous hypersensitivity (disorder) | Anaphylaxis (disorder),,,,,,,,,,categorical_or_descriptive,baseline_or_source_dependent,UNKNOWN until source timing is confirmed,collected_but_unavailable_or_unknown,high missingness (65.0%)
raw_synthea,allergies,data/raw/synthea/allergies.csv,DESCRIPTION2,str,75.0,4,Allergic angioedema (disorder) | Dyspnea (finding) | Eruption of skin (disorder),,,,,,,,,,categorical_or_descriptive,baseline_or_source_dependent,UNKNOWN until source timing is confirmed,collected_but_unavailable_or_unknown,high missingness (75.0%)
raw_synthea,allergies,data/raw/synthea/allergies.csv,ENCOUNTER,str,0.0,6,<direct/quasi-identifier values masked>,,,,,,,,,,identifier_or_foreign_key,baseline_or_source_dependent,UNKNOWN until source timing is confirmed,collected_but_unavailable_or_unknown,none observed in univariate profile
raw_synthea,allergies,data/raw/synthea/allergies.csv,PATIENT,str,0.0,6,<direct/quasi-identifier values masked>,,,,,,,,,,identifier_or_foreign_key,baseline_or_source_dependent,UNKNOWN until source timing is confirmed,collected_but_unavailable_or_unknown,none observed in univariate profile
raw_synthea,allergies,data/raw/synthea/allergies.csv,REACTION1,float64,65.0,6,247472004.0 | 21626009.0 | 39579001.0,21626009.0,27011906.6,143525502.5,247472004.0,267068506.0,695304303.5999995,878820003.0,,,numeric_measure,baseline_or_source_dependent,UNKNOWN until source timing is confirmed,collected_but_unavailable_or_unknown,high missingness (65.0%)
raw_synthea,allergies,data/raw/synthea/allergies.csv,REACTION2,float64,75.0,4,402387002.0 | 267036007.0 | 271807003.0,247472004.0,251384804.6,267036007.0,271807003.0,271807003.0,376271002.2,402387002.0,,,numeric_measure,baseline_or_source_dependent,UNKNOWN until source timing is confirmed,collected_but_unavailable_or_unknown,high missingness (75.0%)
raw_synthea,allergies,data/raw/synthea/allergies.csv,SEVERITY1,str,65.0,3,MODERATE | MILD | SEVERE,,,,,,,,,,categorical_or_descriptive,baseline_or_source_dependent,UNKNOWN until source timing is confirmed,collected_but_unavailable_or_unknown,high missingness (65.0%)
raw_synthea,allergies,data/raw/synthea/allergies.csv,SEVERITY2,str,75.0,2,MODERATE | MILD,,,,,,,,,,categorical_or_descriptive,baseline_or_source_dependent,UNKNOWN until source timing is confirmed,collected_but_unavailable_or_unknown,high missingness (75.0%)
raw_synthea,allergies,data/raw/synthea/allergies.csv,START,str,0.0,6,2024-01-28 | 2014-03-22 | 1987-12-28,,,,,,,,1960-03-23,2024-01-28,temporal,event_time,CONDITIONAL: require date <= analysis/prediction cutoff,collected_but_unavailable_or_unknown,none observed in univariate profile
raw_synthea,allergies,data/raw/synthea/allergies.csv,STOP,float64,100.0,0,,,,,,,,,,,temporal,event_time,CONDITIONAL: require date <= analysis/prediction cutoff,collected_but_unavailable_or_unknown,high missingness (100.0%); constant or all-missing field
raw_synthea,allergies,data/raw/synthea/allergies.csv,SYSTEM,str,0.0,1,Unknown,,,,,,,,,,categorical_or_descriptive,baseline_or_source_dependent,UNKNOWN until source timing is confirmed,collected_but_unavailable_or_unknown,constant or all-missing field
raw_synthea,allergies,data/raw/synthea/allergies.csv,TYPE,str,0.0,1,allergy,,,,,,,,,,categorical_or_descriptive,baseline_or_source_dependent,UNKNOWN until source timing is confirmed,collected_but_unavailable_or_unknown,constant or all-missing field
raw_synthea,careplans,data/raw/synthea/careplans.csv,CODE,int64,0.0,23,385691007 | 53950000 | 718361005,47387005.0,53950000.0,225358003.0,443402002.0,735985000.0,737567002.0,773513001.0,,,numeric_measure,baseline_or_source_dependent,UNKNOWN until source timing is confirmed,collected_but_unavailable_or_unknown,none observed in univariate profile
raw_synthea,careplans,data/raw/synthea/careplans.csv,DESCRIPTION,str,0.0,23,Fracture care (regime/therapy) | Respiratory therapy (procedure) | Weight management program (regime/therapy),,,,,,,,,,categorical_or_descriptive,baseline_or_source_dependent,UNKNOWN until source timing is confirmed,collected_but_unavailable_or_unknown,none observed in univariate profile
raw_synthea,careplans,data/raw/synthea/careplans.csv,ENCOUNTER,str,0.0,110,<direct/quasi-identifier values masked>,,,,,,,,,,identifier_or_foreign_key,baseline_or_source_dependent,UNKNOWN until source timing is confirmed,collected_but_unavailable_or_unknown,none observed in univariate profile
raw_synthea,careplans,data/raw/synthea/careplans.csv,Id,str,0.0,115,<direct/quasi-identifier values masked>,,,,,,,,,,identifier_or_foreign_key,baseline_or_source_dependent,UNKNOWN until source timing is confirmed,collected_but_unavailable_or_unknown,none observed in univariate profile
raw_synthea,careplans,data/raw/synthea/careplans.csv,PATIENT,str,0.0,28,<direct/quasi-identifier values masked>,,,,,,,,,,identifier_or_foreign_key,baseline_or_source_dependent,UNKNOWN until source timing is confirmed,collected_but_unavailable_or_unknown,none observed in univariate profile
raw_synthea,careplans,data/raw/synthea/careplans.csv,REASONCODE,float64,50.434783,24,65966004.0 | 263102004.0 | 16114001.0,16114001.0,44465007.0,59621000.0,126906006.0,444448004.0,714628002.0,714628002.0,,,numeric_measure,baseline_or_source_dependent,UNKNOWN until source timing is confirmed,collected_but_unavailable_or_unknown,high missingness (50.4%)
raw_synthea,careplans,data/raw/synthea/careplans.csv,REASONDESCRIPTION,str,50.434783,24,Fracture of forearm (disorder) | Fracture subluxation of wrist (disorder) | Fracture of ankle (disorder),,,,,,,,,,categorical_or_descriptive,baseline_or_source_dependent,UNKNOWN until source timing is confirmed,collected_but_unavailable_or_unknown,high missingness (50.4%)
raw_synthea,careplans,data/raw/synthea/careplans.csv,START,str,0.0,107,2019-09-16 | 2020-10-16 | 2018-05-04,,,,,,,,1960-03-09,2026-07-22,temporal,event_time,CONDITIONAL: require date <= analysis/prediction cutoff,collected_but_unavailable_or_unknown,none observed in univariate profile
raw_synthea,careplans,data/raw/synthea/careplans.csv,STOP,str,53.043478,54,2019-11-10 | 2020-11-26 | 2018-06-29,,,,,,,,2001-12-27,2026-06-18,temporal,event_time,CONDITIONAL: require date <= analysis/prediction cutoff,collected_but_unavailable_or_unknown,high missingness (53.0%); some date values do not parse
raw_synthea,claims,data/raw/synthea/claims.csv,APPOINTMENTID,str,0.0,2260,2d68ad16-268a-478c-73b1-09735410738b | 76b20010-c318-5754-57e2-651f596ddb8c | aee7bbe1-0c45-c028-e6a0-bcfc37b5a989,,,,,,,,,,categorical_or_descriptive,baseline_or_source_dependent,UNKNOWN until source timing is confirmed,collected_but_unavailable_or_unknown,none observed in univariate profile
raw_synthea,claims,data/raw/synthea/claims.csv,CURRENTILLNESSDATE,str,0.0,1854,2019-12-25T01:11:51Z | 2018-01-19T18:38:21Z | 2016-10-10T23:04:33Z,,,,,,,,1937-09-01,2026-07-29,temporal,event_time,CONDITIONAL: require date <= analysis/prediction cutoff,collected_but_unavailable_or_unknown,none observed in univariate profile
raw_synthea,claims,data/raw/synthea/claims.csv,DEPARTMENTID,int64,0.0,11,10 | 4 | 1,1.0,1.0,1.0,2.0,5.0,20.0,20.0,,,numeric_measure,baseline_or_source_dependent,UNKNOWN until source timing is confirmed,collected_but_unavailable_or_unknown,none observed in univariate profile
raw_synthea,claims,data/raw/synthea/claims.csv,DIAGNOSIS1,int64,0.0,121,314529007 | 410620009 | 125605004,4557003.0,33879002.0,103697008.0,314529007.0,431857002.0,702927004.0,1.0939881000119104e+16,,,numeric_measure,baseline_or_source_dependent,UNKNOWN until source timing is confirmed,collected_but_unavailable_or_unknown,none observed in univariate profile
raw_synthea,claims,data/raw/synthea/claims.csv,DIAGNOSIS2,float64,72.32525,88,125605004.0 | 195662009.0 | 66383009.0,6072007.0,18718003.0,73595000.0,160903007.0,314529007.0,741062008.0,1.0939881000119104e+16,,,numeric_measure,baseline_or_source_dependent,UNKNOWN until source timing is confirmed,collected_but_unavailable_or_unknown,high missingness (72.3%)
raw_synthea,claims,data/raw/synthea/claims.csv,DIAGNOSIS3,float64,89.871612,50,65966004.0 | 263102004.0 | 16114001.0,4557003.0,44465007.0,66383009.0,160904001.0,422650009.0,714628002.0,1.0939881000119104e+16,,,numeric_measure,baseline_or_source_dependent,UNKNOWN until source timing is confirmed,collected_but_unavailable_or_unknown,high missingness (89.9%)
raw_synthea,claims,data/raw/synthea/claims.csv,DIAGNOSIS4,float64,96.172135,19,73595000.0 | 1121000119107.0 | 1.0939881000119104e+16,46752004.0,66383009.0,73595000.0,271825005.0,422650009.0,1121000119107.0,1.0939881000119104e+16,,,numeric_measure,baseline_or_source_dependent,UNKNOWN until source timing is confirmed,collected_but_unavailable_or_unknown,high missingness (96.2%)
raw_synthea,claims,data/raw/synthea/claims.csv,DIAGNOSIS5,float64,98.50214,8,424393004.0 | 66383009.0 | 386661006.0,56018004.0,66383009.0,706893006.0,132281000119108.0,132281000119108.0,132281000119108.0,132281000119108.0,,,numeric_measure,baseline_or_source_dependent,UNKNOWN until source timing is confirmed,collected_but_unavailable_or_unknown,high missingness (98.5%)
raw_synthea,claims,data/raw/synthea/claims.csv,DIAGNOSIS6,float64,99.904898,4,66383009.0 | 840539006.0 | 386661006.0,56018004.0,57572754.75,63791757.75,226522007.5,500130506.0,772457305.9999999,840539006.0,,,numeric_measure,baseline_or_source_dependent,UNKNOWN until source timing is confirmed,collected_but_unavailable_or_unknown,high missingness (99.9%)
raw_synthea,claims,data/raw/synthea/claims.csv,DIAGNOSIS7,float64,99.952449,2,36955009.0 | 43724002.0,36955009.0,37293458.65,38647257.25,40339505.5,42031753.75,43385552.35,43724002.0,,,numeric_measure,baseline_or_source_dependent,UNKNOWN until source timing is confirmed,collected_but_unavailable_or_unknown,high missingness (100.0%)
raw_synthea,claims,data/raw/synthea/claims.csv,DIAGNOSIS8,float64,99.952449,2,840539006.0 | 386661006.0,386661006.0,409354906.0,500130506.0,613600006.0,727069506.0,817845106.0,840539006.0,,,numeric_measure,baseline_or_source_dependent,UNKNOWN until source timing is confirmed,collected_but_unavailable_or_unknown,high missingness (100.0%)
raw_synthea,claims,data/raw/synthea/claims.csv,HEALTHCARECLAIMTYPEID1,int64,0.0,2,1 | 2,1.0,1.0,1.0,2.0,2.0,2.0,2.0,,,numeric_measure,baseline_or_source_dependent,UNKNOWN until source timing is confirmed,collected_but_unavailable_or_unknown,none observed in univariate profile
raw_synthea,claims,data/raw/synthea/claims.csv,HEALTHCARECLAIMTYPEID2,int64,0.0,3,1 | 2 | 0,0.0,0.0,1.0,2.0,2.0,2.0,2.0,,,numeric_measure,baseline_or_source_dependent,UNKNOWN until source timing is confirmed,collected_but_unavailable_or_unknown,none observed in univariate profile
raw_synthea,claims,data/raw/synthea/claims.csv,Id,str,0.0,4206,<direct/quasi-identifier values masked>,,,,,,,,,,identifier_or_foreign_key,baseline_or_source_dependent,UNKNOWN until source timing is confirmed,collected_but_unavailable_or_unknown,none observed in univariate profile
raw_synthea,claims,data/raw/synthea/claims.csv,LASTBILLEDDATE1,str,0.0,2258,2019-12-25T01:26:51Z | 2018-01-19T18:53:21Z | 2016-10-10T23:19:33Z,,,,,,,,,,categorical_or_descriptive,baseline_or_source_dependent,UNKNOWN until source timing is confirmed,collected_but_unavailable_or_unknown,none observed in univariate profile
raw_synthea,claims,data/raw/synthea/claims.csv,LASTBILLEDDATE2,str,14.24156,1957,2019-12-25T01:26:51Z | 2018-01-19T18:53:21Z | 2016-10-10T23:19:33Z,,,,,,,,,,categorical_or_descriptive,baseline_or_source_dependent,UNKNOWN until source timing is confirmed,collected_but_unavailable_or_unknown,none observed in univariate profile
raw_synthea,claims,data/raw/synthea/claims.csv,LASTBILLEDDATEP,str,0.0,2258,2019-12-25T01:26:51Z | 2018-01-19T18:53:21Z | 2016-10-10T23:19:33Z,,,,,,,,,,categorical_or_descriptive,baseline_or_source_dependent,UNKNOWN until source timing is confirmed,collected_but_unavailable_or_unknown,none observed in univariate profile
raw_synthea,claims,data/raw/synthea/claims.csv,OUTSTANDING1,float64,0.0,4,0.0 | 169.1 | 211.38,0.0,0.0,0.0,0.0,0.0,0.0,211.38,,,numeric_measure,baseline_or_source_dependent,UNKNOWN until source timing is confirmed,collected_but_unavailable_or_unknown,none observed in univariate profile
raw_synthea,claims,data/raw/synthea/claims.csv,OUTSTANDING2,float64,14.24156,3,0.0 | 211.38 | 176.38,0.0,0.0,0.0,0.0,0.0,0.0,211.38,,,numeric_measure,baseline_or_source_dependent,UNKNOWN until source timing is confirmed,collected_but_unavailable_or_unknown,none observed in univariate profile
raw_synthea,claims,data/raw/synthea/claims.csv,OUTSTANDINGP,float64,0.0,3,0.0 | 42.28 | 35.0,0.0,0.0,0.0,0.0,0.0,0.0,42.28,,,numeric_measure,baseline_or_source_dependent,UNKNOWN until source timing is confirmed,collected_but_unavailable_or_unknown,none observed in univariate profile
raw_synthea,claims,data/raw/synthea/claims.csv,PATIENTDEPARTMENTID,int64,0.0,11,10 | 4 | 1,1.0,1.0,1.0,2.0,5.0,20.0,20.0,,,numeric_measure,baseline_or_source_dependent,UNKNOWN until source timing is confirmed,collected_but_unavailable_or_unknown,none observed in univariate profile
raw_synthea,claims,data/raw/synthea/claims.csv,PATIENTID,str,0.0,31,2d68ad16-268a-478c-1f84-d0f1976e1a46 | 76b20010-c318-5754-8c85-983aa538522f | aee7bbe1-0c45-c028-1e62-1f4cdb30c273,,,,,,,,,,categorical_or_descriptive,baseline_or_source_dependent,UNKNOWN until source timing is confirmed,collected_but_unavailable_or_unknown,none observed in univariate profile
raw_synthea,claims,data/raw/synthea/claims.csv,PRIMARYPATIENTINSURANCEID,str,1.188778,9,26aab0cd-6aba-3e1b-ac5b-05c8867e762c | d31fccc3-1767-390d-966a-22a5156f4219 | b046940f-1664-3047-bca7-dfa76be352a4,,,,,,,,,,categorical_or_descriptive,baseline_or_source_dependent,UNKNOWN until source timing is confirmed,collected_but_unavailable_or_unknown,none observed in univariate profile
raw_synthea,claims,data/raw/synthea/claims.csv,PROVIDERID,str,0.0,93,95f62e98-c200-38ba-a140-a1473478ed67 | d4523a42-ae7d-3dcc-93b4-aba63ad527c8 | 44b1ed6f-7b9e-3184-8c0e-fabe22a30cf2,,,,,,,,,,categorical_or_descriptive,baseline_or_source_dependent,UNKNOWN until source timing is confirmed,collected_but_unavailable_or_unknown,none observed in univariate profile
raw_synthea,claims,data/raw/synthea/claims.csv,REFERRINGPROVIDERID,float64,100.0,0,,,,,,,,,,,numeric_measure,baseline_or_source_dependent,UNKNOWN until source timing is confirmed,collected_but_unavailable_or_unknown,high missingness (100.0%); constant or all-missing field
raw_synthea,claims,data/raw/synthea/claims.csv,SECONDARYPATIENTINSURANCEID,str,85.75844,1,b046940f-1664-3047-bca7-dfa76be352a4,,,,,,,,,,categorical_or_descriptive,baseline_or_source_dependent,UNKNOWN until source timing is confirmed,collected_but_unavailable_or_unknown,high missingness (85.8%); constant or all-missing field
raw_synthea,claims,data/raw/synthea/claims.csv,SERVICEDATE,str,0.0,2215,2019-12-25T01:11:51Z | 2018-01-19T18:38:21Z | 2016-10-10T23:04:33Z,,,,,,,,1937-09-01,2026-07-29,temporal,event_time,CONDITIONAL: require date <= analysis/prediction cutoff,collected_but_unavailable_or_unknown,none observed in univariate profile
raw_synthea,claims,data/raw/synthea/claims.csv,STATUS1,str,0.0,2,CLOSED | BILLED,,,,,,,,,,categorical_or_descriptive,baseline_or_source_dependent,UNKNOWN until source timing is confirmed,collected_but_unavailable_or_unknown,none observed in univariate profile
raw_synthea,claims,data/raw/synthea/claims.csv,STATUS2,str,14.24156,2,CLOSED | BILLED,,,,,,,,,,categorical_or_descriptive,baseline_or_source_dependent,UNKNOWN until source timing is confirmed,collected_but_unavailable_or_unknown,none observed in univariate profile
raw_synthea,claims,data/raw/synthea/claims.csv,STATUSP,str,0.0,2,CLOSED | BILLED,,,,,,,,,,categorical_or_descriptive,baseline_or_source_dependent,UNKNOWN until source timing is confirmed,collected_but_unavailable_or_unknown,none observed in univariate profile
raw_synthea,claims,data/raw/synthea/claims.csv,SUPERVISINGPROVIDERID,str,0.0,93,95f62e98-c200-38ba-a140-a1473478ed67 | d4523a42-ae7d-3dcc-93b4-aba63ad527c8 | 44b1ed6f-7b9e-3184-8c0e-fabe22a30cf2,,,,,,,,,,categorical_or_descriptive,baseline_or_source_dependent,UNKNOWN until source timing is confirmed,collected_but_unavailable_or_unknown,none observed in univariate profile
raw_synthea,claims_transactions,data/raw/synthea/claims_transactions.csv,ADJUSTMENTS,float64,0.0,1,0.0,0.0,0.0,0.0,0.0,0.0,0.0,0.0,,,numeric_measure,baseline_or_source_dependent,UNKNOWN until source timing is confirmed,collected_but_unavailable_or_unknown,constant or all-missing field
raw_synthea,claims_transactions,data/raw/synthea/claims_transactions.csv,AMOUNT,float64,53.854305,1443,136.8 | 136.0 | 215.7,0.0,0.0,29.21,129.94,431.4,862.8,40980.78,,,numeric_measure,baseline_or_source_dependent,UNKNOWN until source timing is confirmed,collected_but_unavailable_or_unknown,high missingness (53.9%)
raw_synthea,claims_transactions,data/raw/synthea/claims_transactions.csv,APPOINTMENTID,str,0.0,2260,2d68ad16-268a-478c-73b1-09735410738b | 76b20010-c318-5754-57e2-651f596ddb8c | aee7bbe1-0c45-c028-e6a0-bcfc37b5a989,,,,,,,,,,categorical_or_descriptive,baseline_or_source_dependent,UNKNOWN until source timing is confirmed,collected_but_unavailable_or_unknown,none observed in univariate profile
raw_synthea,claims_transactions,data/raw/synthea/claims_transactions.csv,CHARGEID,int64,0.0,30200,0 | 1 | 2,0.0,1957.95,9788.5,19762.5,29960.25,38281.05,40499.0,,,numeric_measure,baseline_or_source_dependent,UNKNOWN until source timing is confirmed,collected_but_unavailable_or_unknown,none observed in univariate profile
raw_synthea,claims_transactions,data/raw/synthea/claims_transactions.csv,CLAIMID,str,0.0,4206,2d68ad16-268a-478c-8092-09cea5733443 | 76b20010-c318-5754-7036-ec23442d2d3d | aee7bbe1-0c45-c028-6030-64ba0356be9a,,,,,,,,,,categorical_or_descriptive,baseline_or_source_dependent,UNKNOWN until source timing is confirmed,collected_but_unavailable_or_unknown,none observed in univariate profile
raw_synthea,claims_transactions,data/raw/synthea/claims_transactions.csv,DEPARTMENTID,int64,0.0,11,10 | 4 | 1,1.0,1.0,1.0,2.0,6.0,20.0,20.0,,,numeric_measure,baseline_or_source_dependent,UNKNOWN until source timing is confirmed,collected_but_unavailable_or_unknown,none observed in univariate profile
raw_synthea,claims_transactions,data/raw/synthea/claims_transactions.csv,DIAGNOSISREF1,int64,0.0,1,1,1.0,1.0,1.0,1.0,1.0,1.0,1.0,,,numeric_measure,baseline_or_source_dependent,UNKNOWN until source timing is confirmed,collected_but_unavailable_or_unknown,constant or all-missing field
raw_synthea,claims_transactions,data/raw/synthea/claims_transactions.csv,DIAGNOSISREF2,float64,66.927152,1,2.0,2.0,2.0,2.0,2.0,2.0,2.0,2.0,,,numeric_measure,baseline_or_source_dependent,UNKNOWN until source timing is confirmed,collected_but_unavailable_or_unknown,high missingness (66.9%); constant or all-missing field
raw_synthea,claims_transactions,data/raw/synthea/claims_transactions.csv,DIAGNOSISREF3,float64,89.400662,1,3.0,3.0,3.0,3.0,3.0,3.0,3.0,3.0,,,numeric_measure,baseline_or_source_dependent,UNKNOWN until source timing is confirmed,collected_but_unavailable_or_unknown,high missingness (89.4%); constant or all-missing field
raw_synthea,claims_transactions,data/raw/synthea/claims_transactions.csv,DIAGNOSISREF4,float64,96.334437,1,4.0,4.0,4.0,4.0,4.0,4.0,4.0,4.0,,,numeric_measure,baseline_or_source_dependent,UNKNOWN until source timing is confirmed,collected_but_unavailable_or_unknown,high missingness (96.3%); constant or all-missing field
raw_synthea,claims_transactions,data/raw/synthea/claims_transactions.csv,FEESCHEDULEID,int64,0.0,1,1,1.0,1.0,1.0,1.0,1.0,1.0,1.0,,,numeric_measure,baseline_or_source_dependent,UNKNOWN until source timing is confirmed,collected_but_unavailable_or_unknown,constant or all-missing field
raw_synthea,claims_transactions,data/raw/synthea/claims_transactions.csv,FROMDATE,str,0.0,5865,2019-12-25T01:11:51Z | 2018-01-19T18:38:21Z | 2016-10-10T23:04:33Z,,,,,,,,1937-09-01,2026-07-29,temporal,event_time,CONDITIONAL: require date <= analysis/prediction cutoff,collected_but_unavailable_or_unknown,none observed in univariate profile
raw_synthea,claims_transactions,data/raw/synthea/claims_transactions.csv,ID,str,0.0,30200,<direct/quasi-identifier values masked>,,,,,,,,,,identifier_or_foreign_key,baseline_or_source_dependent,UNKNOWN until source timing is confirmed,collected_but_unavailable_or_unknown,none observed in univariate profile
raw_synthea,claims_transactions,data/raw/synthea/claims_transactions.csv,LINENOTE,float64,100.0,0,,,,,,,,,,,numeric_measure,baseline_or_source_dependent,UNKNOWN until source timing is confirmed,collected_but_unavailable_or_unknown,high missingness (100.0%); constant or all-missing field
raw_synthea,claims_transactions,data/raw/synthea/claims_transactions.csv,METHOD,str,58.182119,5,CASH | CC | CHECK,,,,,,,,,,categorical_or_descriptive,baseline_or_source_dependent,UNKNOWN until source timing is confirmed,collected_but_unavailable_or_unknown,high missingness (58.2%)
raw_synthea,claims_transactions,data/raw/synthea/claims_transactions.csv,MODIFIER1,float64,100.0,0,,,,,,,,,,,numeric_measure,baseline_or_source_dependent,UNKNOWN until source timing is confirmed,collected_but_unavailable_or_unknown,high missingness (100.0%); constant or all-missing field
raw_synthea,claims_transactions,data/raw/synthea/claims_transactions.csv,MODIFIER2,float64,100.0,0,,,,,,,,,,,numeric_measure,baseline_or_source_dependent,UNKNOWN until source timing is confirmed,collected_but_unavailable_or_unknown,high missingness (100.0%); constant or all-missing field
raw_synthea,claims_transactions,data/raw/synthea/claims_transactions.csv,NOTES,str,0.0,312,Well child visit (procedure) | Hep B  adolescent or pediatric | Medication reconciliation (procedure),,,,,,,,,,categorical_or_descriptive,baseline_or_source_dependent,UNKNOWN until source timing is confirmed,collected_but_unavailable_or_unknown,none observed in univariate profile
raw_synthea,claims_transactions,data/raw/synthea/claims_transactions.csv,OUTSTANDING,float64,0.0,620,0.0 | 136.8 | 136.0,0.0,0.0,0.0,0.0,53.8,229.32,10605.25,,,numeric_measure,baseline_or_source_dependent,UNKNOWN until source timing is confirmed,collected_but_unavailable_or_unknown,none observed in univariate profile
raw_synthea,claims_transactions,data/raw/synthea/claims_transactions.csv,PATIENTID,str,0.0,31,2d68ad16-268a-478c-1f84-d0f1976e1a46 | 76b20010-c318-5754-8c85-983aa538522f | aee7bbe1-0c45-c028-1e62-1f4cdb30c273,,,,,,,,,,categorical_or_descriptive,baseline_or_source_dependent,UNKNOWN until source timing is confirmed,collected_but_unavailable_or_unknown,none observed in univariate profile
raw_synthea,claims_transactions,data/raw/synthea/claims_transactions.csv,PATIENTINSURANCEID,str,0.751656,397,2d68ad16-268a-478c-9401-932a8fdf2cdb | 76b20010-c318-5754-1d45-35c9de82f7eb | aee7bbe1-0c45-c028-9f64-c0a245050961,,,,,,,,,,categorical_or_descriptive,baseline_or_source_dependent,UNKNOWN until source timing is confirmed,collected_but_unavailable_or_unknown,none observed in univariate profile
raw_synthea,claims_transactions,data/raw/synthea/claims_transactions.csv,PAYMENTS,float64,0.0,1580,0.0 | 136.8 | 136.0,0.0,0.0,0.0,0.0,85.55,431.4,40980.78,,,numeric_measure,baseline_or_source_dependent,UNKNOWN until source timing is confirmed,collected_but_unavailable_or_unknown,none observed in univariate profile
raw_synthea,claims_transactions,data/raw/synthea/claims_transactions.csv,PLACEOFSERVICE,str,0.0,93,e49b692f-cccc-3cd5-93df-6db63dfc3e4a | 8ce066ae-10ad-3679-9272-387e8cb21947 | 328f813e-4de8-3ec2-a113-43f3ddfb0b2a,,,,,,,,,,categorical_or_descriptive,baseline_or_source_dependent,UNKNOWN until source timing is confirmed,collected_but_unavailable_or_unknown,none observed in univariate profile
raw_synthea,claims_transactions,data/raw/synthea/claims_transactions.csv,PROCEDURECODE,int64,0.0,311,410620009 | 8 | 430193006,3.0,140.0,2123111.0,185347001.0,385763009.0,1260009003.0,456191000124101.0,,,numeric_measure,baseline_or_source_dependent,UNKNOWN until source timing is confirmed,collected_but_unavailable_or_unknown,none observed in univariate profile
raw_synthea,claims_transactions,data/raw/synthea/claims_transactions.csv,PROVIDERID,str,0.0,93,95f62e98-c200-38ba-a140-a1473478ed67 | d4523a42-ae7d-3dcc-93b4-aba63ad527c8 | 44b1ed6f-7b9e-3184-8c0e-fabe22a30cf2,,,,,,,,,,categorical_or_descriptive,baseline_or_source_dependent,UNKNOWN until source timing is confirmed,collected_but_unavailable_or_unknown,none observed in univariate profile
raw_synthea,claims_transactions,data/raw/synthea/claims_transactions.csv,SUPERVISINGPROVIDERID,str,0.0,93,95f62e98-c200-38ba-a140-a1473478ed67 | d4523a42-ae7d-3dcc-93b4-aba63ad527c8 | 44b1ed6f-7b9e-3184-8c0e-fabe22a30cf2,,,,,,,,,,categorical_or_descriptive,baseline_or_source_dependent,UNKNOWN until source timing is confirmed,collected_but_unavailable_or_unknown,none observed in univariate profile
raw_synthea,claims_transactions,data/raw/synthea/claims_transactions.csv,TODATE,str,0.0,6485,2019-12-25T01:26:51Z | 1970-01-01T00:00:00Z | 2018-01-19T18:53:21Z,,,,,,,,1937-09-01,2026-07-29,temporal,event_time,CONDITIONAL: require date <= analysis/prediction cutoff,collected_but_unavailable_or_unknown,none observed in univariate profile
raw_synthea,claims_transactions,data/raw/synthea/claims_transactions.csv,TRANSFEROUTID,float64,87.963576,3635,1.0 | 6.0 | 12.0,1.0,1013.0000000000002,6434.5,12823.0,21585.0,34445.799999999996,39652.0,,,numeric_measure,baseline_or_source_dependent,UNKNOWN until source timing is confirmed,collected_but_unavailable_or_unknown,high missingness (88.0%)
raw_synthea,claims_transactions,data/raw/synthea/claims_transactions.csv,TRANSFERS,float64,75.927152,554,136.8 | 136.0 | 215.7,0.01,3.0735000000000015,42.77,86.28,136.8,448.75949999999966,10605.25,,,numeric_measure,baseline_or_source_dependent,UNKNOWN until source timing is confirmed,collected_but_unavailable_or_unknown,high missingness (75.9%)
raw_synthea,claims_transactions,data/raw/synthea/claims_transactions.csv,TRANSFERTYPE,str,53.854305,3,1 | p | 2,,,,,,,,,,categorical_or_descriptive,baseline_or_source_dependent,UNKNOWN until source timing is confirmed,collected_but_unavailable_or_unknown,high missingness (53.9%)
raw_synthea,claims_transactions,data/raw/synthea/claims_transactions.csv,TYPE,str,0.0,4,CHARGE | TRANSFEROUT | TRANSFERIN,,,,,,,,,,categorical_or_descriptive,baseline_or_source_dependent,UNKNOWN until source timing is confirmed,collected_but_unavailable_or_unknown,none observed in univariate profile
raw_synthea,claims_transactions,data/raw/synthea/claims_transactions.csv,UNITAMOUNT,float64,0.0,1040,136.8 | 0.0 | 136.0,0.0,0.0,0.0,0.0,30.67,431.4,40980.78,,,numeric_measure,baseline_or_source_dependent,UNKNOWN until source timing is confirmed,collected_but_unavailable_or_unknown,none observed in univariate profile
raw_synthea,claims_transactions,data/raw/synthea/claims_transactions.csv,UNITS,int64,0.0,1,1,1.0,1.0,1.0,1.0,1.0,1.0,1.0,,,numeric_measure,baseline_or_source_dependent,UNKNOWN until source timing is confirmed,collected_but_unavailable_or_unknown,constant or all-missing field
raw_synthea,conditions,data/raw/synthea/conditions.csv,CODE,int64,0.0,141,314529007 | 125605004 | 65966004,4557003.0,39848009.0,73595000.0,224299000.0,314529007.0,741062008.0,1.0939881000119104e+16,,,numeric_measure,baseline_or_source_dependent,UNKNOWN until source timing is confirmed,collected_but_unavailable_or_unknown,none observed in univariate profile
raw_synthea,conditions,data/raw/synthea/conditions.csv,DESCRIPTION,str,0.0,141,Medication review due (situation) | Fracture of bone (disorder) | Fracture of forearm (disorder),,,,,,,,,,categorical_or_descriptive,baseline_or_source_dependent,UNKNOWN until source timing is confirmed,collected_but_unavailable_or_unknown,none observed in univariate profile
raw_synthea,conditions,data/raw/synthea/conditions.csv,ENCOUNTER,str,0.0,839,<direct/quasi-identifier values masked>,,,,,,,,,,identifier_or_foreign_key,baseline_or_source_dependent,UNKNOWN until source timing is confirmed,collected_but_unavailable_or_unknown,none observed in univariate profile
raw_synthea,conditions,data/raw/synthea/conditions.csv,PATIENT,str,0.0,31,<direct/quasi-identifier values masked>,,,,,,,,,,identifier_or_foreign_key,baseline_or_source_dependent,UNKNOWN until source timing is confirmed,collected_but_unavailable_or_unknown,none observed in univariate profile
raw_synthea,conditions,data/raw/synthea/conditions.csv,START,str,0.0,792,2019-12-25 | 2018-01-19 | 2016-10-11,,,,,,,,1937-09-01,2026-07-22,temporal,event_time,CONDITIONAL: require date <= analysis/prediction cutoff,collected_but_unavailable_or_unknown,none observed in univariate profile
raw_synthea,conditions,data/raw/synthea/conditions.csv,STOP,str,24.902724,610,2019-12-25 | 2018-01-19 | 2017-10-17,,,,,,,,1996-01-17,2026-07-29,temporal,event_time,CONDITIONAL: require date <= analysis/prediction cutoff,collected_but_unavailable_or_unknown,high missingness (24.9%); some date values do not parse
raw_synthea,conditions,data/raw/synthea/conditions.csv,SYSTEM,str,0.0,1,SNOMED-CT,,,,,,,,,,categorical_or_descriptive,baseline_or_source_dependent,UNKNOWN until source timing is confirmed,collected_but_unavailable_or_unknown,constant or all-missing field
raw_synthea,devices,data/raw/synthea/devices.csv,CODE,int64,0.0,16,706298007 | 228869008 | 225738002,8060009.0,114082606.40000005,228869008.0,706180003.0,706298007.0,706298007.0,706298007.0,,,numeric_measure,baseline_or_source_dependent,UNKNOWN until source timing is confirmed,collected_but_unavailable_or_unknown,none observed in univariate profile
raw_synthea,devices,data/raw/synthea/devices.csv,DESCRIPTION,str,0.0,16,Dental x-ray system (physical object) | Manual wheelchair (physical object) | Operating room (environment),,,,,,,,,,categorical_or_descriptive,baseline_or_source_dependent,UNKNOWN until source timing is confirmed,collected_but_unavailable_or_unknown,none observed in univariate profile
raw_synthea,devices,data/raw/synthea/devices.csv,ENCOUNTER,str,0.0,189,<direct/quasi-identifier values masked>,,,,,,,,,,identifier_or_foreign_key,baseline_or_source_dependent,UNKNOWN until source timing is confirmed,collected_but_unavailable_or_unknown,none observed in univariate profile
raw_synthea,devices,data/raw/synthea/devices.csv,PATIENT,str,0.0,29,<direct/quasi-identifier values masked>,,,,,,,,,,identifier_or_foreign_key,baseline_or_source_dependent,UNKNOWN until source timing is confirmed,collected_but_unavailable_or_unknown,none observed in univariate profile
raw_synthea,devices,data/raw/synthea/devices.csv,START,str,0.0,205,2020-11-10T01:20:04Z | 2023-12-05T01:28:22Z | 2024-12-03T00:00:02Z,,,,,,,,1937-09-01,2026-07-03,temporal,event_time,CONDITIONAL: require date <= analysis/prediction cutoff,collected_but_unavailable_or_unknown,none observed in univariate profile
raw_synthea,devices,data/raw/synthea/devices.csv,STOP,str,33.04721,139,2020-11-10T01:20:04Z | 2023-12-05T01:28:22Z | 2025-01-29T00:28:46Z,,,,,,,,1982-08-01,2026-07-03,temporal,event_time,CONDITIONAL: require date <= analysis/prediction cutoff,collected_but_unavailable_or_unknown,high missingness (33.0%); some date values do not parse
raw_synthea,devices,data/raw/synthea/devices.csv,UDI,str,0.0,233,(01)51793621209144(11)201020(17)451104(10)30067909324(21)994 | (01)66354499828628(11)231114(17)481128(10)2596(21)8067743134 | (01)34710861059257(11)241112(17)491127(10)69691612(21)565483,,,,,,,,,,categorical_or_descriptive,baseline_or_source_dependent,UNKNOWN until source timing is confirmed,collected_but_unavailable_or_unknown,none observed in univariate profile
raw_synthea,encounters,data/raw/synthea/encounters.csv,BASE_ENCOUNTER_COST,float64,0.0,10,136.8 | 146.18 | 85.55,75.0,85.55,85.55,85.55,136.8,142.58,146.18,,,numeric_measure,baseline_or_source_dependent,UNKNOWN until source timing is confirmed,collected_but_unavailable_or_unknown,none observed in univariate profile
raw_synthea,encounters,data/raw/synthea/encounters.csv,CODE,int64,0.0,37,410620009 | 50849002 | 185345009,1505002.0,50849002.0,185347001.0,185347001.0,308335008.0,702927004.0,702927004.0,,,numeric_measure,baseline_or_source_dependent,UNKNOWN until source timing is confirmed,collected_but_unavailable_or_unknown,none observed in univariate profile
raw_synthea,encounters,data/raw/synthea/encounters.csv,DESCRIPTION,str,0.0,37,Well child visit (procedure) | Emergency room admission (procedure) | Encounter for symptom (procedure),,,,,,,,,,categorical_or_descriptive,baseline_or_source_dependent,UNKNOWN until source timing is confirmed,collected_but_unavailable_or_unknown,none observed in univariate profile
raw_synthea,encounters,data/raw/synthea/encounters.csv,ENCOUNTERCLASS,str,0.0,10,wellness | emergency | ambulatory,,,,,,,,,,categorical_or_descriptive,baseline_or_source_dependent,UNKNOWN until source timing is confirmed,collected_but_unavailable_or_unknown,none observed in univariate profile
raw_synthea,encounters,data/raw/synthea/encounters.csv,Id,str,0.0,2260,<direct/quasi-identifier values masked>,,,,,,,,,,identifier_or_foreign_key,baseline_or_source_dependent,UNKNOWN until source timing is confirmed,collected_but_unavailable_or_unknown,none observed in univariate profile
raw_synthea,encounters,data/raw/synthea/encounters.csv,ORGANIZATION,str,0.0,93,<direct/quasi-identifier values masked>,,,,,,,,,,categorical_or_descriptive,baseline_or_source_dependent,UNKNOWN until source timing is confirmed,collected_but_unavailable_or_unknown,none observed in univariate profile
raw_synthea,encounters,data/raw/synthea/encounters.csv,PATIENT,str,0.0,31,<direct/quasi-identifier values masked>,,,,,,,,,,identifier_or_foreign_key,baseline_or_source_dependent,UNKNOWN until source timing is confirmed,collected_but_unavailable_or_unknown,none observed in univariate profile
raw_synthea,encounters,data/raw/synthea/encounters.csv,PAYER,str,0.0,10,26aab0cd-6aba-3e1b-ac5b-05c8867e762c | d31fccc3-1767-390d-966a-22a5156f4219 | b046940f-1664-3047-bca7-dfa76be352a4,,,,,,,,,,categorical_or_descriptive,baseline_or_source_dependent,UNKNOWN until source timing is confirmed,collected_but_unavailable_or_unknown,none observed in univariate profile
raw_synthea,encounters,data/raw/synthea/encounters.csv,PAYER_COVERAGE,float64,0.0,874,0.0 | 478.04 | 278.18,0.0,0.0,199.71,571.005,1276.695,6759.089499999988,69899.38,,,numeric_measure,baseline_or_source_dependent,UNKNOWN until source timing is confirmed,collected_but_unavailable_or_unknown,none observed in univariate profile
raw_synthea,encounters,data/raw/synthea/encounters.csv,PROVIDER,str,0.0,93,<direct/quasi-identifier values masked>,,,,,,,,,,identifier_or_foreign_key,baseline_or_source_dependent,UNKNOWN until source timing is confirmed,collected_but_unavailable_or_unknown,none observed in univariate profile
raw_synthea,encounters,data/raw/synthea/encounters.csv,REASONCODE,float64,34.20354,78,125605004.0 | 195662009.0 | 65966004.0,4557003.0,6525002.0,66383009.0,254837009.0,431857002.0,609328004.0,124171000119105.0,,,numeric_measure,baseline_or_source_dependent,UNKNOWN until source timing is confirmed,collected_but_unavailable_or_unknown,high missingness (34.2%)
raw_synthea,encounters,data/raw/synthea/encounters.csv,REASONDESCRIPTION,str,34.20354,78,Fracture of bone (disorder) | Acute viral pharyngitis (disorder) | Fracture of forearm (disorder),,,,,,,,,,categorical_or_descriptive,baseline_or_source_dependent,UNKNOWN until source timing is confirmed,collected_but_unavailable_or_unknown,high missingness (34.2%)
raw_synthea,encounters,data/raw/synthea/encounters.csv,START,str,0.0,2215,2019-12-25T01:11:51Z | 2018-01-19T18:38:21Z | 2016-10-10T23:04:33Z,,,,,,,,1937-09-01,2026-07-29,temporal,event_time,CONDITIONAL: require date <= analysis/prediction cutoff,collected_but_unavailable_or_unknown,none observed in univariate profile
raw_synthea,encounters,data/raw/synthea/encounters.csv,STOP,str,0.0,2258,2019-12-25T01:26:51Z | 2018-01-19T18:53:21Z | 2016-10-10T23:19:33Z,,,,,,,,1937-09-01,2026-07-29,temporal,event_time,CONDITIONAL: require date <= analysis/prediction cutoff,collected_but_unavailable_or_unknown,none observed in univariate profile
raw_synthea,encounters,data/raw/synthea/encounters.csv,TOTAL_CLAIM_COST,float64,0.0,764,563.08 | 750.25 | 347.38,75.0,92.93,516.95,816.8,1574.6825,7973.362499999993,87374.27,,,numeric_measure,baseline_or_source_dependent,UNKNOWN until source timing is confirmed,collected_but_unavailable_or_unknown,none observed in univariate profile
raw_synthea,imaging_studies,data/raw/synthea/imaging_studies.csv,BODYSITE_CODE,int64,0.0,9,40983000 | 8205005 | 700016008,344001.0,67346752.5,700016008.0,700016008.0,700016008.0,700016008.0,700016008.0,,,numeric_measure,baseline_or_source_dependent,UNKNOWN until source timing is confirmed,collected_but_unavailable_or_unknown,none observed in univariate profile
raw_synthea,imaging_studies,data/raw/synthea/imaging_studies.csv,BODYSITE_DESCRIPTION,str,0.0,9,Structure of upper extremity between shoulder and elbow (bod | Wrist region structure (body structure) | Structure of region of internal part of mouth (body structur,,,,,,,,,,categorical_or_descriptive,baseline_or_source_dependent,UNKNOWN until source timing is confirmed,collected_but_unavailable_or_unknown,none observed in univariate profile
raw_synthea,imaging_studies,data/raw/synthea/imaging_studies.csv,DATE,str,0.0,132,2019-09-15T23:04:33Z | 2020-10-15T23:36:25Z | 2020-11-10T01:20:04Z,,,,,,,,1937-09-01,2026-07-03,temporal,event_time,CONDITIONAL: require date <= analysis/prediction cutoff,collected_but_unavailable_or_unknown,none observed in univariate profile
raw_synthea,imaging_studies,data/raw/synthea/imaging_studies.csv,ENCOUNTER,str,0.0,132,<direct/quasi-identifier values masked>,,,,,,,,,,identifier_or_foreign_key,baseline_or_source_dependent,UNKNOWN until source timing is confirmed,collected_but_unavailable_or_unknown,none observed in univariate profile
raw_synthea,imaging_studies,data/raw/synthea/imaging_studies.csv,INSTANCE_UID,str,0.0,136,1.2.840.99999999.1.1.21897549.1568588673569 | 1.2.840.99999999.1.1.86421687.1602804985569 | 1.2.840.99999999.1.1.51329681.1604971204569,,,,,,,,,,categorical_or_descriptive,baseline_or_source_dependent,UNKNOWN until source timing is confirmed,collected_but_unavailable_or_unknown,none observed in univariate profile
raw_synthea,imaging_studies,data/raw/synthea/imaging_studies.csv,Id,str,0.0,133,<direct/quasi-identifier values masked>,,,,,,,,,,identifier_or_foreign_key,baseline_or_source_dependent,UNKNOWN until source timing is confirmed,collected_but_unavailable_or_unknown,candidate primary key is null or duplicated
raw_synthea,imaging_studies,data/raw/synthea/imaging_studies.csv,MODALITY_CODE,str,0.0,4,DX | US | OP,,,,,,,,,,categorical_or_descriptive,baseline_or_source_dependent,UNKNOWN until source timing is confirmed,collected_but_unavailable_or_unknown,none observed in univariate profile
raw_synthea,imaging_studies,data/raw/synthea/imaging_studies.csv,MODALITY_DESCRIPTION,str,0.0,4,Digital Radiography | Ultrasound | Ophthalmic Photography,,,,,,,,,,categorical_or_descriptive,baseline_or_source_dependent,UNKNOWN until source timing is confirmed,collected_but_unavailable_or_unknown,none observed in univariate profile
raw_synthea,imaging_studies,data/raw/synthea/imaging_studies.csv,PATIENT,str,0.0,29,<direct/quasi-identifier values masked>,,,,,,,,,,identifier_or_foreign_key,baseline_or_source_dependent,UNKNOWN until source timing is confirmed,collected_but_unavailable_or_unknown,none observed in univariate profile
raw_synthea,imaging_studies,data/raw/synthea/imaging_studies.csv,PROCEDURE_CODE,int64,0.0,10,713026007 | 713024005 | 241046008,40701008.0,241046008.0,241046008.0,241046008.0,241046008.0,433236007.0,1290459008.0,,,numeric_measure,baseline_or_source_dependent,UNKNOWN until source timing is confirmed,collected_but_unavailable_or_unknown,none observed in univariate profile
raw_synthea,imaging_studies,data/raw/synthea/imaging_studies.csv,SERIES_UID,str,0.0,133,1.2.840.99999999.1.63289205.1568588673569 | 1.2.840.99999999.1.15541433.1602804985569 | 1.2.840.99999999.1.13786279.1604971204569,,,,,,,,,,categorical_or_descriptive,baseline_or_source_dependent,UNKNOWN until source timing is confirmed,collected_but_unavailable_or_unknown,none observed in univariate profile
raw_synthea,imaging_studies,data/raw/synthea/imaging_studies.csv,SOP_CODE,str,0.0,4,1.2.840.10008.5.1.4.1.1.1.1 | 1.2.840.10008.5.1.4.1.1.1.3 | 1.2.840.10008.5.1.4.1.1.3.1,,,,,,,,,,categorical_or_descriptive,baseline_or_source_dependent,UNKNOWN until source timing is confirmed,collected_but_unavailable_or_unknown,none observed in univariate profile
raw_synthea,imaging_studies,data/raw/synthea/imaging_studies.csv,SOP_DESCRIPTION,str,0.0,5,Digital X-Ray Image Storage | Digital Intra-Oral X-Ray Image Storage - For Presentation | Ultrasound Multiframe Image Storage,,,,,,,,,,categorical_or_descriptive,baseline_or_source_dependent,UNKNOWN until source timing is confirmed,collected_but_unavailable_or_unknown,none observed in univariate profile
raw_synthea,immunizations,data/raw/synthea/immunizations.csv,BASE_COST,float64,0.0,1,136.0,136.0,136.0,136.0,136.0,136.0,136.0,136.0,,,numeric_measure,baseline_or_source_dependent,UNKNOWN until source timing is confirmed,collected_but_unavailable_or_unknown,constant or all-missing field
raw_synthea,immunizations,data/raw/synthea/immunizations.csv,CODE,int64,0.0,20,140 | 8 | 49,3.0,10.0,113.0,140.0,140.0,207.0,208.0,,,numeric_measure,baseline_or_source_dependent,UNKNOWN until source timing is confirmed,collected_but_unavailable_or_unknown,none observed in univariate profile
raw_synthea,immunizations,data/raw/synthea/immunizations.csv,DATE,str,0.0,309,2016-10-10T23:04:33Z | 2019-12-25T01:11:51Z | 2018-01-19T18:38:21Z,,,,,,,,1996-01-17,2026-07-29,temporal,event_time,CONDITIONAL: require date <= analysis/prediction cutoff,collected_but_unavailable_or_unknown,none observed in univariate profile
raw_synthea,immunizations,data/raw/synthea/immunizations.csv,DESCRIPTION,str,0.0,20,Influenza  split virus  trivalent  PF | Hep B  adolescent or pediatric | Hib (PRP-OMP),,,,,,,,,,categorical_or_descriptive,baseline_or_source_dependent,UNKNOWN until source timing is confirmed,collected_but_unavailable_or_unknown,none observed in univariate profile
raw_synthea,immunizations,data/raw/synthea/immunizations.csv,ENCOUNTER,str,0.0,312,<direct/quasi-identifier values masked>,,,,,,,,,,identifier_or_foreign_key,baseline_or_source_dependent,UNKNOWN until source timing is confirmed,collected_but_unavailable_or_unknown,none observed in univariate profile
raw_synthea,immunizations,data/raw/synthea/immunizations.csv,PATIENT,str,0.0,31,<direct/quasi-identifier values masked>,,,,,,,,,,identifier_or_foreign_key,baseline_or_source_dependent,UNKNOWN until source timing is confirmed,collected_but_unavailable_or_unknown,none observed in univariate profile
raw_synthea,medications,data/raw/synthea/medications.csv,BASE_COST,float64,0.0,420,81.03 | 20.09 | 45.86,0.01,0.45,0.91,29.21,129.94,229.32,2023.96,,,numeric_measure,baseline_or_source_dependent,UNKNOWN until source timing is confirmed,collected_but_unavailable_or_unknown,none observed in univariate profile
raw_synthea,medications,data/raw/synthea/medications.csv,CODE,int64,0.0,81,313820 | 198405 | 313782,106258.0,106892.0,205923.0,314076.0,904419.0,1664463.0,2123111.0,,,numeric_measure,baseline_or_source_dependent,UNKNOWN until source timing is confirmed,collected_but_unavailable_or_unknown,none observed in univariate profile
raw_synthea,medications,data/raw/synthea/medications.csv,DESCRIPTION,str,0.0,82,Acetaminophen 160 MG Chewable Tablet | Ibuprofen 100 MG Oral Tablet | Acetaminophen 325 MG Oral Tablet,,,,,,,,,,categorical_or_descriptive,baseline_or_source_dependent,UNKNOWN until source timing is confirmed,collected_but_unavailable_or_unknown,none observed in univariate profile
raw_synthea,medications,data/raw/synthea/medications.csv,DISPENSES,int64,0.0,33,1 | 43 | 12,1.0,1.0,1.0,1.0,2.0,12.0,856.0,,,numeric_measure,baseline_or_source_dependent,UNKNOWN until source timing is confirmed,collected_but_unavailable_or_unknown,none observed in univariate profile
raw_synthea,medications,data/raw/synthea/medications.csv,ENCOUNTER,str,0.0,1098,<direct/quasi-identifier values masked>,,,,,,,,,,identifier_or_foreign_key,baseline_or_source_dependent,UNKNOWN until source timing is confirmed,collected_but_unavailable_or_unknown,none observed in univariate profile
raw_synthea,medications,data/raw/synthea/medications.csv,PATIENT,str,0.0,30,<direct/quasi-identifier values masked>,,,,,,,,,,identifier_or_foreign_key,baseline_or_source_dependent,UNKNOWN until source timing is confirmed,collected_but_unavailable_or_unknown,none observed in univariate profile
raw_synthea,medications,data/raw/synthea/medications.csv,PAYER,str,0.0,10,b046940f-1664-3047-bca7-dfa76be352a4 | d31fccc3-1767-390d-966a-22a5156f4219 | df166300-5a78-3502-a46a-832842197811,,,,,,,,,,categorical_or_descriptive,baseline_or_source_dependent,UNKNOWN until source timing is confirmed,collected_but_unavailable_or_unknown,none observed in univariate profile
raw_synthea,medications,data/raw/synthea/medications.csv,PAYER_COVERAGE,float64,0.0,235,0.0 | 36.69 | 79.94,0.0,0.0,0.0,0.0,79.94,148.4125,1783.6,,,numeric_measure,baseline_or_source_dependent,UNKNOWN until source timing is confirmed,collected_but_unavailable_or_unknown,none observed in univariate profile
raw_synthea,medications,data/raw/synthea/medications.csv,REASONCODE,float64,15.107914,26,10509002.0 | 103697008.0 | 233678006.0,10509002.0,59621000.0,59621000.0,161665007.0,271737000.0,714628002.0,132281000119108.0,,,numeric_measure,baseline_or_source_dependent,UNKNOWN until source timing is confirmed,collected_but_unavailable_or_unknown,none observed in univariate profile
raw_synthea,medications,data/raw/synthea/medications.csv,REASONDESCRIPTION,str,15.107914,26,Acute bronchitis (disorder) | Patient referral for dental care (procedure) | Childhood asthma (disorder),,,,,,,,,,categorical_or_descriptive,baseline_or_source_dependent,UNKNOWN until source timing is confirmed,collected_but_unavailable_or_unknown,none observed in univariate profile
raw_synthea,medications,data/raw/synthea/medications.csv,START,str,0.0,1115,2019-09-15T23:36:25Z | 2020-10-16T00:00:02Z | 2018-05-04T18:58:29Z,,,,,,,,1953-10-07,2026-07-29,temporal,event_time,CONDITIONAL: require date <= analysis/prediction cutoff,collected_but_unavailable_or_unknown,none observed in univariate profile
raw_synthea,medications,data/raw/synthea/medications.csv,STOP,str,5.035971,1066,2019-11-09T23:36:25Z | 2020-11-26T00:00:02Z | 2018-05-20T18:58:29Z,,,,,,,,1996-01-17,2026-07-29,temporal,event_time,CONDITIONAL: require date <= analysis/prediction cutoff,collected_but_unavailable_or_unknown,some date values do not parse
raw_synthea,medications,data/raw/synthea/medications.csv,TOTALCOST,float64,0.0,471,81.03 | 20.09 | 45.86,0.01,0.9,2.73,29.21,129.94,1377.7,340861.29,,,numeric_measure,baseline_or_source_dependent,UNKNOWN until source timing is confirmed,collected_but_unavailable_or_unknown,none observed in univariate profile
raw_synthea,observations,data/raw/synthea/observations.csv,CATEGORY,str,2.764199,8,vital-signs | laboratory | social-history,,,,,,,,,,categorical_or_descriptive,baseline_or_source_dependent,UNKNOWN until source timing is confirmed,collected_but_unavailable_or_unknown,none observed in univariate profile
raw_synthea,observations,data/raw/synthea/observations.csv,CODE,str,0.0,198,8302-2 | 72514-3 | 29463-7,,,,,,,,,,categorical_or_descriptive,baseline_or_source_dependent,UNKNOWN until source timing is confirmed,collected_but_unavailable_or_unknown,none observed in univariate profile
raw_synthea,observations,data/raw/synthea/observations.csv,DATE,str,0.0,2678,2019-12-25T01:11:51Z | 2018-01-19T18:38:21Z | 2016-10-10T23:04:33Z,,,,,,,,1996-01-17,2026-07-29,temporal,event_time,CONDITIONAL: require date <= analysis/prediction cutoff,collected_but_unavailable_or_unknown,none observed in univariate profile
raw_synthea,observations,data/raw/synthea/observations.csv,DESCRIPTION,str,0.0,199,Body Height | Pain severity - 0-10 verbal numeric rating [Score] - Reporte | Body Weight,,,,,,,,,,categorical_or_descriptive,baseline_or_source_dependent,UNKNOWN until source timing is confirmed,collected_but_unavailable_or_unknown,none observed in univariate profile
raw_synthea,observations,data/raw/synthea/observations.csv,ENCOUNTER,str,2.764199,1184,<direct/quasi-identifier values masked>,,,,,,,,,,identifier_or_foreign_key,baseline_or_source_dependent,UNKNOWN until source timing is confirmed,collected_but_unavailable_or_unknown,none observed in univariate profile
raw_synthea,observations,data/raw/synthea/observations.csv,PATIENT,str,0.0,31,<direct/quasi-identifier values masked>,,,,,,,,,,identifier_or_foreign_key,baseline_or_source_dependent,UNKNOWN until source timing is confirmed,collected_but_unavailable_or_unknown,none observed in univariate profile
raw_synthea,observations,data/raw/synthea/observations.csv,TYPE,str,0.0,2,numeric | text,,,,,,,,,,categorical_or_descriptive,baseline_or_source_dependent,UNKNOWN until source timing is confirmed,collected_but_unavailable_or_unknown,none observed in univariate profile
raw_synthea,observations,data/raw/synthea/observations.csv,UNITS,str,26.68894,42,cm | {score} | kg,,,,,,,,,,categorical_or_descriptive,baseline_or_source_dependent,UNKNOWN until source timing is confirmed,collected_but_unavailable_or_unknown,high missingness (26.7%)
raw_synthea,observations,data/raw/synthea/observations.csv,VALUE,str,0.0,1893,50.7 | 53.1 | 0.0,,,,,,,,,,categorical_or_descriptive,baseline_or_source_dependent,UNKNOWN until source timing is confirmed,collected_but_unavailable_or_unknown,none observed in univariate profile
raw_synthea,organizations,data/raw/synthea/organizations.csv,ADDRESS,str,0.0,97,<direct/quasi-identifier values masked>,,,,,,,,,,categorical_or_descriptive,baseline_or_source_dependent,UNKNOWN until source timing is confirmed,collected_but_unavailable_or_unknown,none observed in univariate profile
raw_synthea,organizations,data/raw/synthea/organizations.csv,CITY,str,0.0,58,Fitchburg | FALL RIVER | WORCESTER,,,,,,,,,,categorical_or_descriptive,baseline_or_source_dependent,UNKNOWN until source timing is confirmed,collected_but_unavailable_or_unknown,none observed in univariate profile
raw_synthea,organizations,data/raw/synthea/organizations.csv,Id,str,0.0,102,<direct/quasi-identifier values masked>,,,,,,,,,,identifier_or_foreign_key,baseline_or_source_dependent,UNKNOWN until source timing is confirmed,collected_but_unavailable_or_unknown,none observed in univariate profile
raw_synthea,organizations,data/raw/synthea/organizations.csv,LAT,float64,0.0,94,42.586487 | 41.7093779 | 42.2625621,41.68393816525316,41.707234075,42.083819912500005,42.28807085,42.464838562500006,42.772267785,42.81369325,,,numeric_measure,baseline_or_source_dependent,UNKNOWN until source timing is confirmed,collected_but_unavailable_or_unknown,none observed in univariate profile
raw_synthea,organizations,data/raw/synthea/organizations.csv,LON,float64,0.0,94,-71.80521 | -71.1460783680883 | -71.8018877,-71.83597786023279,-71.73026490150404,-71.3196115285583,-71.144853813285,-71.07345616761818,-70.87735891050806,-70.658192,,,numeric_measure,baseline_or_source_dependent,UNKNOWN until source timing is confirmed,collected_but_unavailable_or_unknown,none observed in univariate profile
raw_synthea,organizations,data/raw/synthea/organizations.csv,NAME,str,0.0,96,<direct/quasi-identifier values masked>,,,,,,,,,,categorical_or_descriptive,baseline_or_source_dependent,UNKNOWN until source timing is confirmed,collected_but_unavailable_or_unknown,none observed in univariate profile
raw_synthea,organizations,data/raw/synthea/organizations.csv,PHONE,str,0.0,97,<direct/quasi-identifier values masked>,,,,,,,,,,categorical_or_descriptive,baseline_or_source_dependent,UNKNOWN until source timing is confirmed,collected_but_unavailable_or_unknown,none observed in univariate profile
raw_synthea,organizations,data/raw/synthea/organizations.csv,REVENUE,float64,0.0,1,0.0,0.0,0.0,0.0,0.0,0.0,0.0,0.0,,,numeric_measure,baseline_or_source_dependent,UNKNOWN until source timing is confirmed,collected_but_unavailable_or_unknown,constant or all-missing field
raw_synthea,organizations,data/raw/synthea/organizations.csv,STATE,str,0.0,1,MA,,,,,,,,,,categorical_or_descriptive,baseline_or_source_dependent,UNKNOWN until source timing is confirmed,collected_but_unavailable_or_unknown,constant or all-missing field
raw_synthea,organizations,data/raw/synthea/organizations.csv,UTILIZATION,int64,0.0,62,53 | 54 | 7,1.0,1.0,5.25,21.0,65.25,210.4999999999999,1822.0,,,numeric_measure,baseline_or_source_dependent,UNKNOWN until source timing is confirmed,collected_but_unavailable_or_unknown,none observed in univariate profile
raw_synthea,organizations,data/raw/synthea/organizations.csv,ZIP,int64,0.0,99,1420 | 27205246 | 16071728,1420.0,15463689.1,18085677.0,20717143.5,24295754.5,27231476.3,27604445.0,,,numeric_measure,baseline_or_source_dependent,UNKNOWN until source timing is confirmed,collected_but_unavailable_or_unknown,none observed in univariate profile
raw_synthea,patients,data/raw/synthea/patients.csv,ADDRESS,str,0.0,31,<direct/quasi-identifier values masked>,,,,,,,,,,categorical_or_descriptive,baseline_or_source_dependent,UNKNOWN until source timing is confirmed,collected_but_unavailable_or_unknown,none observed in univariate profile
raw_synthea,patients,data/raw/synthea/patients.csv,BIRTHDATE,str,0.0,25,<direct/quasi-identifier values masked>,,,,,,,,1925-07-22,2023-07-18,temporal,event_time,CONDITIONAL: require date <= analysis/prediction cutoff,collected_but_unavailable_or_unknown,none observed in univariate profile
raw_synthea,patients,data/raw/synthea/patients.csv,BIRTHPLACE,str,0.0,30,Danvers  Massachusetts  US | Charlton  Massachusetts  US | New Bedford  Massachusetts  US,,,,,,,,,,categorical_or_descriptive,baseline_or_source_dependent,UNKNOWN until source timing is confirmed,collected_but_unavailable_or_unknown,none observed in univariate profile
raw_synthea,patients,data/raw/synthea/patients.csv,CITY,str,0.0,20,Quincy | Newburyport | Whitman,,,,,,,,,,categorical_or_descriptive,baseline_or_source_dependent,UNKNOWN until source timing is confirmed,collected_but_unavailable_or_unknown,none observed in univariate profile
raw_synthea,patients,data/raw/synthea/patients.csv,COUNTY,str,0.0,7,Norfolk County | Essex County | Plymouth County,,,,,,,,,,categorical_or_descriptive,baseline_or_source_dependent,UNKNOWN until source timing is confirmed,collected_but_unavailable_or_unknown,none observed in univariate profile
raw_synthea,patients,data/raw/synthea/patients.csv,DEATHDATE,str,80.645161,6,<direct/quasi-identifier values masked>,,,,,,,,2005-10-01,2025-07-06,temporal,outcome_or_post_index,HIGH unless used only as target/descriptive endpoint,collected_but_unavailable_or_unknown,high missingness (80.6%); some date values do not parse
raw_synthea,patients,data/raw/synthea/patients.csv,DRIVERS,str,16.129032,26,<direct/quasi-identifier values masked>,,,,,,,,,,categorical_or_descriptive,baseline_or_source_dependent,UNKNOWN until source timing is confirmed,collected_but_unavailable_or_unknown,none observed in univariate profile
raw_synthea,patients,data/raw/synthea/patients.csv,ETHNICITY,str,0.0,2,nonhispanic | hispanic,,,,,,,,,,categorical_or_descriptive,baseline_or_source_dependent,UNKNOWN until source timing is confirmed,collected_but_unavailable_or_unknown,none observed in univariate profile
raw_synthea,patients,data/raw/synthea/patients.csv,FIPS,float64,12.903226,6,25021.0 | 25009.0 | 25025.0,25005.0,25005.0,25009.0,25017.0,25021.0,25026.4,25027.0,,,numeric_measure,baseline_or_source_dependent,UNKNOWN until source timing is confirmed,collected_but_unavailable_or_unknown,none observed in univariate profile
raw_synthea,patients,data/raw/synthea/patients.csv,FIRST,str,0.0,30,<direct/quasi-identifier values masked>,,,,,,,,,,categorical_or_descriptive,baseline_or_source_dependent,UNKNOWN until source timing is confirmed,collected_but_unavailable_or_unknown,none observed in univariate profile
raw_synthea,patients,data/raw/synthea/patients.csv,GENDER,str,0.0,2,M | F,,,,,,,,,,categorical_or_descriptive,baseline_or_source_dependent,UNKNOWN until source timing is confirmed,collected_but_unavailable_or_unknown,none observed in univariate profile
raw_synthea,patients,data/raw/synthea/patients.csv,HEALTHCARE_COVERAGE,float64,0.0,31,0.0 | 9142.72 | 314.29,0.0,249.555,25893.33,218856.25,800424.92,1543295.025,2561092.76,,,numeric_measure,baseline_or_source_dependent,UNKNOWN until source timing is confirmed,collected_but_unavailable_or_unknown,none observed in univariate profile
raw_synthea,patients,data/raw/synthea/patients.csv,HEALTHCARE_EXPENSES,float64,0.0,31,11394.17 | 12700.63 | 36961.44,2671.02,9631.58,21261.43,66799.88,141769.8,559262.365,1349635.29,,,numeric_measure,baseline_or_source_dependent,UNKNOWN until source timing is confirmed,collected_but_unavailable_or_unknown,none observed in univariate profile
raw_synthea,patients,data/raw/synthea/patients.csv,INCOME,int64,0.0,25,103247 | 878354 | 102779,18417.0,18756.0,22713.0,74269.0,108655.0,171664.0,878354.0,,,numeric_measure,baseline_or_source_dependent,UNKNOWN until source timing is confirmed,collected_but_unavailable_or_unknown,none observed in univariate profile
raw_synthea,patients,data/raw/synthea/patients.csv,Id,str,0.0,31,<direct/quasi-identifier values masked>,,,,,,,,,,identifier_or_foreign_key,baseline_or_source_dependent,UNKNOWN until source timing is confirmed,collected_but_unavailable_or_unknown,none observed in univariate profile
raw_synthea,patients,data/raw/synthea/patients.csv,LAST,str,0.0,30,<direct/quasi-identifier values masked>,,,,,,,,,,categorical_or_descriptive,baseline_or_source_dependent,UNKNOWN until source timing is confirmed,collected_but_unavailable_or_unknown,none observed in univariate profile
raw_synthea,patients,data/raw/synthea/patients.csv,LAT,float64,0.0,31,42.25937201985332 | 42.81308052119067 | 42.09511361404636,41.64626821422019,41.7051734640184,42.05739012012245,42.25937201985332,42.42813378999497,42.739054996925766,42.84610565164186,,,numeric_measure,baseline_or_source_dependent,UNKNOWN until source timing is confirmed,collected_but_unavailable_or_unknown,none observed in univariate profile
raw_synthea,patients,data/raw/synthea/patients.csv,LON,float64,0.0,31,-71.01258393031146 | -70.83892862887681 | -70.96780531615718,-71.86071035579968,-71.60489387222354,-71.35592659258259,-71.14174870097861,-71.02935615041373,-70.88880281969071,-70.67818221486861,,,numeric_measure,baseline_or_source_dependent,UNKNOWN until source timing is confirmed,collected_but_unavailable_or_unknown,none observed in univariate profile
raw_synthea,patients,data/raw/synthea/patients.csv,MAIDEN,str,54.83871,14,<direct/quasi-identifier values masked>,,,,,,,,,,categorical_or_descriptive,baseline_or_source_dependent,UNKNOWN until source timing is confirmed,collected_but_unavailable_or_unknown,high missingness (54.8%)
raw_synthea,patients,data/raw/synthea/patients.csv,MARITAL,str,29.032258,3,M | D | S,,,,,,,,,,categorical_or_descriptive,baseline_or_source_dependent,UNKNOWN until source timing is confirmed,collected_but_unavailable_or_unknown,high missingness (29.0%)
raw_synthea,patients,data/raw/synthea/patients.csv,MIDDLE,str,9.677419,28,<direct/quasi-identifier values masked>,,,,,,,,,,categorical_or_descriptive,baseline_or_source_dependent,UNKNOWN until source timing is confirmed,collected_but_unavailable_or_unknown,none observed in univariate profile
raw_synthea,patients,data/raw/synthea/patients.csv,PASSPORT,str,25.806452,23,<direct/quasi-identifier values masked>,,,,,,,,,,categorical_or_descriptive,baseline_or_source_dependent,UNKNOWN until source timing is confirmed,collected_but_unavailable_or_unknown,high missingness (25.8%)
raw_synthea,patients,data/raw/synthea/patients.csv,PREFIX,str,22.580645,3,Mr. | Ms. | Mrs.,,,,,,,,,,categorical_or_descriptive,baseline_or_source_dependent,UNKNOWN until source timing is confirmed,collected_but_unavailable_or_unknown,high missingness (22.6%)
raw_synthea,patients,data/raw/synthea/patients.csv,RACE,str,0.0,4,white | native | black,,,,,,,,,,categorical_or_descriptive,baseline_or_source_dependent,UNKNOWN until source timing is confirmed,collected_but_unavailable_or_unknown,none observed in univariate profile
raw_synthea,patients,data/raw/synthea/patients.csv,SSN,str,0.0,31,<direct/quasi-identifier values masked>,,,,,,,,,,categorical_or_descriptive,baseline_or_source_dependent,UNKNOWN until source timing is confirmed,collected_but_unavailable_or_unknown,none observed in univariate profile
raw_synthea,patients,data/raw/synthea/patients.csv,STATE,str,0.0,1,Massachusetts,,,,,,,,,,categorical_or_descriptive,baseline_or_source_dependent,UNKNOWN until source timing is confirmed,collected_but_unavailable_or_unknown,constant or all-missing field
raw_synthea,patients,data/raw/synthea/patients.csv,SUFFIX,float64,100.0,0,,,,,,,,,,,numeric_measure,baseline_or_source_dependent,UNKNOWN until source timing is confirmed,collected_but_unavailable_or_unknown,high missingness (100.0%); constant or all-missing field
raw_synthea,patients,data/raw/synthea/patients.csv,ZIP,int64,0.0,23,2186 | 1950 | 0,0.0,0.0,1841.5,2038.0,2183.0,2735.5,2790.0,,,numeric_measure,baseline_or_source_dependent,UNKNOWN until source timing is confirmed,collected_but_unavailable_or_unknown,none observed in univariate profile
raw_synthea,payer_transitions,data/raw/synthea/payer_transitions.csv,END_DATE,str,0.0,920,2020-12-30T01:11:51Z | 2021-12-29T01:11:51Z | 2022-12-28T01:11:51Z,,,,,,,,1970-01-09,2027-07-27,temporal,event_time,CONDITIONAL: require date <= analysis/prediction cutoff,collected_but_unavailable_or_unknown,none observed in univariate profile
raw_synthea,payer_transitions,data/raw/synthea/payer_transitions.csv,MEMBERID,str,17.094017,821,2d68ad16-268a-478c-9401-932a8fdf2cdb | aee7bbe1-0c45-c028-9f64-c0a245050961 | 5e688e99-61b3-5c88-a32e-64413a27d3e7,,,,,,,,,,categorical_or_descriptive,baseline_or_source_dependent,UNKNOWN until source timing is confirmed,collected_but_unavailable_or_unknown,none observed in univariate profile
raw_synthea,payer_transitions,data/raw/synthea/payer_transitions.csv,OWNER_NAME,str,17.094017,68,Danika134 Bode78 | Kenny207 Fritsch593 | Wallace647 Effertz744,,,,,,,,,,categorical_or_descriptive,baseline_or_source_dependent,UNKNOWN until source timing is confirmed,collected_but_unavailable_or_unknown,none observed in univariate profile
raw_synthea,payer_transitions,data/raw/synthea/payer_transitions.csv,PATIENT,str,0.0,31,<direct/quasi-identifier values masked>,,,,,,,,,,identifier_or_foreign_key,baseline_or_source_dependent,UNKNOWN until source timing is confirmed,collected_but_unavailable_or_unknown,none observed in univariate profile
raw_synthea,payer_transitions,data/raw/synthea/payer_transitions.csv,PAYER,str,0.0,10,26aab0cd-6aba-3e1b-ac5b-05c8867e762c | b046940f-1664-3047-bca7-dfa76be352a4 | df166300-5a78-3502-a46a-832842197811,,,,,,,,,,categorical_or_descriptive,baseline_or_source_dependent,UNKNOWN until source timing is confirmed,collected_but_unavailable_or_unknown,none observed in univariate profile
raw_synthea,payer_transitions,data/raw/synthea/payer_transitions.csv,PLAN_OWNERSHIP,str,17.094017,3,Guardian | Self | Spouse,,,,,,,,,,categorical_or_descriptive,baseline_or_source_dependent,UNKNOWN until source timing is confirmed,collected_but_unavailable_or_unknown,none observed in univariate profile
raw_synthea,payer_transitions,data/raw/synthea/payer_transitions.csv,SECONDARY_PAYER,str,91.111111,1,b046940f-1664-3047-bca7-dfa76be352a4,,,,,,,,,,categorical_or_descriptive,baseline_or_source_dependent,UNKNOWN until source timing is confirmed,collected_but_unavailable_or_unknown,high missingness (91.1%); constant or all-missing field
raw_synthea,payer_transitions,data/raw/synthea/payer_transitions.csv,START_DATE,str,0.0,915,2019-12-25T01:11:51Z | 2020-12-30T01:11:51Z | 2021-12-29T01:11:51Z,,,,,,,,1969-01-03,2026-07-29,temporal,event_time,CONDITIONAL: require date <= analysis/prediction cutoff,collected_but_unavailable_or_unknown,none observed in univariate profile
raw_synthea,payers,data/raw/synthea/payers.csv,ADDRESS,float64,100.0,0,<direct/quasi-identifier values masked>,,,,,,,,,,numeric_measure,baseline_or_source_dependent,UNKNOWN until source timing is confirmed,collected_but_unavailable_or_unknown,high missingness (100.0%); constant or all-missing field
raw_synthea,payers,data/raw/synthea/payers.csv,AMOUNT_COVERED,float64,0.0,10,1383164.33 | 9810971.8 | 2553214.95,0.0,2590.776,156677.6575,477780.485,1287412.445,6544981.217499993,9810971.8,,,numeric_measure,baseline_or_source_dependent,UNKNOWN until source timing is confirmed,collected_but_unavailable_or_unknown,none observed in univariate profile
raw_synthea,payers,data/raw/synthea/payers.csv,AMOUNT_UNCOVERED,float64,0.0,10,112009.09 | 186927.43 | 96694.79,6574.61,21321.119,100523.36499999999,149744.125,353390.1175,2220845.049999997,3475865.98,,,numeric_measure,baseline_or_source_dependent,UNKNOWN until source timing is confirmed,collected_but_unavailable_or_unknown,none observed in univariate profile
raw_synthea,payers,data/raw/synthea/payers.csv,CITY,float64,100.0,0,,,,,,,,,,,numeric_measure,baseline_or_source_dependent,UNKNOWN until source timing is confirmed,collected_but_unavailable_or_unknown,high missingness (100.0%); constant or all-missing field
raw_synthea,payers,data/raw/synthea/payers.csv,COVERED_ENCOUNTERS,int64,0.0,10,853 | 2254 | 1913,0.0,5.4,62.25,231.5,776.75,2100.5499999999997,2254.0,,,numeric_measure,baseline_or_source_dependent,UNKNOWN until source timing is confirmed,collected_but_unavailable_or_unknown,none observed in univariate profile
raw_synthea,payers,data/raw/synthea/payers.csv,COVERED_IMMUNIZATIONS,int64,0.0,10,152 | 446 | 137,0.0,5.4,40.25,95.5,149.0,398.7499999999999,446.0,,,numeric_measure,baseline_or_source_dependent,UNKNOWN until source timing is confirmed,collected_but_unavailable_or_unknown,none observed in univariate profile
raw_synthea,payers,data/raw/synthea/payers.csv,COVERED_MEDICATIONS,int64,0.0,10,804 | 955 | 1803,0.0,1.35,21.25,100.0,658.25,1421.3999999999992,1803.0,,,numeric_measure,baseline_or_source_dependent,UNKNOWN until source timing is confirmed,collected_but_unavailable_or_unknown,none observed in univariate profile
raw_synthea,payers,data/raw/synthea/payers.csv,COVERED_PROCEDURES,int64,0.0,10,2437 | 5568 | 3498,0.0,9.9,137.0,567.0,2088.25,4636.499999999998,5568.0,,,numeric_measure,baseline_or_source_dependent,UNKNOWN until source timing is confirmed,collected_but_unavailable_or_unknown,none observed in univariate profile
raw_synthea,payers,data/raw/synthea/payers.csv,Id,str,0.0,10,<direct/quasi-identifier values masked>,,,,,,,,,,identifier_or_foreign_key,baseline_or_source_dependent,UNKNOWN until source timing is confirmed,collected_but_unavailable_or_unknown,none observed in univariate profile
raw_synthea,payers,data/raw/synthea/payers.csv,MEMBER_MONTHS,int64,0.0,10,1500 | 6900 | 1440,120.0,157.8,459.0,1470.0,2646.0,5101.799999999996,6900.0,,,numeric_measure,baseline_or_source_dependent,UNKNOWN until source timing is confirmed,collected_but_unavailable_or_unknown,none observed in univariate profile
raw_synthea,payers,data/raw/synthea/payers.csv,NAME,str,0.0,10,<direct/quasi-identifier values masked>,,,,,,,,,,categorical_or_descriptive,baseline_or_source_dependent,UNKNOWN until source timing is confirmed,collected_but_unavailable_or_unknown,none observed in univariate profile
raw_synthea,payers,data/raw/synthea/payers.csv,OWNERSHIP,str,0.0,3,GOVERNMENT | PRIVATE | NO_INSURANCE,,,,,,,,,,categorical_or_descriptive,baseline_or_source_dependent,UNKNOWN until source timing is confirmed,collected_but_unavailable_or_unknown,none observed in univariate profile
raw_synthea,payers,data/raw/synthea/payers.csv,PHONE,float64,100.0,0,<direct/quasi-identifier values masked>,,,,,,,,,,numeric_measure,baseline_or_source_dependent,UNKNOWN until source timing is confirmed,collected_but_unavailable_or_unknown,high missingness (100.0%); constant or all-missing field
raw_synthea,payers,data/raw/synthea/payers.csv,QOLS_AVG,float64,0.0,10,0.7030266183034872 | 0.9490052788749888 | 0.6712843586539401,0.5627774289049792,0.6116055472920116,0.7513063625050242,0.939740086391488,0.9524743034996546,0.9979767475692721,0.9991157136341848,,,numeric_measure,baseline_or_source_dependent,UNKNOWN until source timing is confirmed,collected_but_unavailable_or_unknown,none observed in univariate profile
raw_synthea,payers,data/raw/synthea/payers.csv,REVENUE,float64,0.0,10,248856.3 | 68770.0 | 14030.0,0.0,6313.5,22725.7475,73763.435,211666.47499999998,850702.6499999998,942045.0,,,numeric_measure,baseline_or_source_dependent,UNKNOWN until source timing is confirmed,collected_but_unavailable_or_unknown,none observed in univariate profile
raw_synthea,payers,data/raw/synthea/payers.csv,STATE_HEADQUARTERED,float64,100.0,0,,,,,,,,,,,numeric_measure,baseline_or_source_dependent,UNKNOWN until source timing is confirmed,collected_but_unavailable_or_unknown,high missingness (100.0%); constant or all-missing field
raw_synthea,payers,data/raw/synthea/payers.csv,UNCOVERED_ENCOUNTERS,int64,0.0,2,0 | 873,0.0,0.0,0.0,0.0,0.0,480.14999999999907,873.0,,,numeric_measure,baseline_or_source_dependent,UNKNOWN until source timing is confirmed,collected_but_unavailable_or_unknown,none observed in univariate profile
raw_synthea,payers,data/raw/synthea/payers.csv,UNCOVERED_IMMUNIZATIONS,int64,0.0,2,0 | 294,0.0,0.0,0.0,0.0,0.0,161.69999999999968,294.0,,,numeric_measure,baseline_or_source_dependent,UNKNOWN until source timing is confirmed,collected_but_unavailable_or_unknown,none observed in univariate profile
raw_synthea,payers,data/raw/synthea/payers.csv,UNCOVERED_MEDICATIONS,int64,0.0,2,0 | 144,0.0,0.0,0.0,0.0,0.0,79.19999999999985,144.0,,,numeric_measure,baseline_or_source_dependent,UNKNOWN until source timing is confirmed,collected_but_unavailable_or_unknown,none observed in univariate profile
raw_synthea,payers,data/raw/synthea/payers.csv,UNCOVERED_PROCEDURES,int64,0.0,2,0 | 2076,0.0,0.0,0.0,0.0,0.0,1141.799999999998,2076.0,,,numeric_measure,baseline_or_source_dependent,UNKNOWN until source timing is confirmed,collected_but_unavailable_or_unknown,none observed in univariate profile
raw_synthea,payers,data/raw/synthea/payers.csv,UNIQUE_CUSTOMERS,int64,0.0,9,13 | 16 | 6,2.0,2.0,3.25,7.0,10.5,14.649999999999997,16.0,,,numeric_measure,baseline_or_source_dependent,UNKNOWN until source timing is confirmed,collected_but_unavailable_or_unknown,none observed in univariate profile
raw_synthea,payers,data/raw/synthea/payers.csv,ZIP,float64,100.0,0,,,,,,,,,,,numeric_measure,baseline_or_source_dependent,UNKNOWN until source timing is confirmed,collected_but_unavailable_or_unknown,high missingness (100.0%); constant or all-missing field
raw_synthea,procedures,data/raw/synthea/procedures.csv,BASE_COST,float64,0.0,611,215.7 | 402.87 | 434.0,0.32,431.4,431.4,431.4,431.4,2261.69,40980.78,,,numeric_measure,baseline_or_source_dependent,UNKNOWN until source timing is confirmed,collected_but_unavailable_or_unknown,none observed in univariate profile
raw_synthea,procedures,data/raw/synthea/procedures.csv,CODE,int64,0.0,174,430193006 | 713026007 | 274474001,3802001.0,34043003.0,171207006.0,265764009.0,710824005.0,1260010008.0,456191000124101.0,,,numeric_measure,baseline_or_source_dependent,UNKNOWN until source timing is confirmed,collected_but_unavailable_or_unknown,none observed in univariate profile
raw_synthea,procedures,data/raw/synthea/procedures.csv,DESCRIPTION,str,0.0,174,Medication reconciliation (procedure) | Plain X-ray of humerus (procedure) | Bone immobilization (procedure),,,,,,,,,,categorical_or_descriptive,baseline_or_source_dependent,UNKNOWN until source timing is confirmed,collected_but_unavailable_or_unknown,none observed in univariate profile
raw_synthea,procedures,data/raw/synthea/procedures.csv,ENCOUNTER,str,0.0,1658,<direct/quasi-identifier values masked>,,,,,,,,,,identifier_or_foreign_key,baseline_or_source_dependent,UNKNOWN until source timing is confirmed,collected_but_unavailable_or_unknown,none observed in univariate profile
raw_synthea,procedures,data/raw/synthea/procedures.csv,PATIENT,str,0.0,31,<direct/quasi-identifier values masked>,,,,,,,,,,identifier_or_foreign_key,baseline_or_source_dependent,UNKNOWN until source timing is confirmed,collected_but_unavailable_or_unknown,none observed in univariate profile
raw_synthea,procedures,data/raw/synthea/procedures.csv,REASONCODE,float64,53.708621,46,65966004.0 | 195662009.0 | 263102004.0,4557003.0,10509002.0,66383009.0,72892002.0,103697008.0,431857002.0,1255252008.0,,,numeric_measure,baseline_or_source_dependent,UNKNOWN until source timing is confirmed,collected_but_unavailable_or_unknown,high missingness (53.7%)
raw_synthea,procedures,data/raw/synthea/procedures.csv,REASONDESCRIPTION,str,53.708621,46,Fracture of forearm (disorder) | Acute viral pharyngitis (disorder) | Fracture subluxation of wrist (disorder),,,,,,,,,,categorical_or_descriptive,baseline_or_source_dependent,UNKNOWN until source timing is confirmed,collected_but_unavailable_or_unknown,high missingness (53.7%)
raw_synthea,procedures,data/raw/synthea/procedures.csv,START,str,0.0,4902,2019-12-25T01:11:51Z | 2018-01-19T18:38:21Z | 2017-10-16T23:04:33Z,,,,,,,,1995-11-06,2026-07-29,temporal,event_time,CONDITIONAL: require date <= analysis/prediction cutoff,collected_but_unavailable_or_unknown,none observed in univariate profile
raw_synthea,procedures,data/raw/synthea/procedures.csv,STOP,str,0.0,5269,2019-12-25T01:26:51Z | 2018-01-19T18:53:21Z | 2017-10-16T23:19:33Z,,,,,,,,1995-11-06,2026-07-29,temporal,event_time,CONDITIONAL: require date <= analysis/prediction cutoff,collected_but_unavailable_or_unknown,none observed in univariate profile
raw_synthea,procedures,data/raw/synthea/procedures.csv,SYSTEM,str,0.0,1,SNOMED-CT,,,,,,,,,,categorical_or_descriptive,baseline_or_source_dependent,UNKNOWN until source timing is confirmed,collected_but_unavailable_or_unknown,constant or all-missing field
raw_synthea,providers,data/raw/synthea/providers.csv,ADDRESS,str,0.0,97,<direct/quasi-identifier values masked>,,,,,,,,,,categorical_or_descriptive,baseline_or_source_dependent,UNKNOWN until source timing is confirmed,collected_but_unavailable_or_unknown,none observed in univariate profile
raw_synthea,providers,data/raw/synthea/providers.csv,CITY,str,0.0,58,Fitchburg | FALL RIVER | WORCESTER,,,,,,,,,,categorical_or_descriptive,baseline_or_source_dependent,UNKNOWN until source timing is confirmed,collected_but_unavailable_or_unknown,none observed in univariate profile
raw_synthea,providers,data/raw/synthea/providers.csv,ENCOUNTERS,int64,0.0,62,53 | 54 | 7,1.0,1.0,5.25,21.0,65.25,210.4999999999999,1822.0,,,numeric_measure,baseline_or_source_dependent,UNKNOWN until source timing is confirmed,collected_but_unavailable_or_unknown,none observed in univariate profile
raw_synthea,providers,data/raw/synthea/providers.csv,GENDER,str,0.0,2,F | M,,,,,,,,,,categorical_or_descriptive,baseline_or_source_dependent,UNKNOWN until source timing is confirmed,collected_but_unavailable_or_unknown,none observed in univariate profile
raw_synthea,providers,data/raw/synthea/providers.csv,Id,str,0.0,102,<direct/quasi-identifier values masked>,,,,,,,,,,identifier_or_foreign_key,baseline_or_source_dependent,UNKNOWN until source timing is confirmed,collected_but_unavailable_or_unknown,none observed in univariate profile
raw_synthea,providers,data/raw/synthea/providers.csv,LAT,float64,0.0,94,42.586487 | 41.7093779 | 42.2625621,41.68393816525316,41.707234075,42.083819912500005,42.28807085,42.464838562500006,42.772267785,42.81369325,,,numeric_measure,baseline_or_source_dependent,UNKNOWN until source timing is confirmed,collected_but_unavailable_or_unknown,none observed in univariate profile
raw_synthea,providers,data/raw/synthea/providers.csv,LON,float64,0.0,94,-71.80521 | -71.1460783680883 | -71.8018877,-71.83597786023279,-71.73026490150404,-71.3196115285583,-71.144853813285,-71.07345616761818,-70.87735891050806,-70.658192,,,numeric_measure,baseline_or_source_dependent,UNKNOWN until source timing is confirmed,collected_but_unavailable_or_unknown,none observed in univariate profile
raw_synthea,providers,data/raw/synthea/providers.csv,NAME,str,0.0,102,<direct/quasi-identifier values masked>,,,,,,,,,,categorical_or_descriptive,baseline_or_source_dependent,UNKNOWN until source timing is confirmed,collected_but_unavailable_or_unknown,none observed in univariate profile
raw_synthea,providers,data/raw/synthea/providers.csv,ORGANIZATION,str,0.0,102,<direct/quasi-identifier values masked>,,,,,,,,,,categorical_or_descriptive,baseline_or_source_dependent,UNKNOWN until source timing is confirmed,collected_but_unavailable_or_unknown,none observed in univariate profile
raw_synthea,providers,data/raw/synthea/providers.csv,PROCEDURES,int64,0.0,1,0,0.0,0.0,0.0,0.0,0.0,0.0,0.0,,,numeric_measure,baseline_or_source_dependent,UNKNOWN until source timing is confirmed,collected_but_unavailable_or_unknown,constant or all-missing field
raw_synthea,providers,data/raw/synthea/providers.csv,SPECIALITY,str,0.0,1,GENERAL PRACTICE,,,,,,,,,,categorical_or_descriptive,baseline_or_source_dependent,UNKNOWN until source timing is confirmed,collected_but_unavailable_or_unknown,constant or all-missing field
raw_synthea,providers,data/raw/synthea/providers.csv,STATE,str,0.0,1,MA,,,,,,,,,,categorical_or_descriptive,baseline_or_source_dependent,UNKNOWN until source timing is confirmed,collected_but_unavailable_or_unknown,constant or all-missing field
raw_synthea,providers,data/raw/synthea/providers.csv,ZIP,int64,0.0,99,1420 | 27205246 | 16071728,1420.0,15463689.1,18085677.0,20717143.5,24295754.5,27231476.3,27604445.0,,,numeric_measure,baseline_or_source_dependent,UNKNOWN until source timing is confirmed,collected_but_unavailable_or_unknown,none observed in univariate profile
raw_synthea,supplies,data/raw/synthea/supplies.csv,CODE,int64,0.0,20,277183007 | 1230220004 | 469020004,972002.0,972002.0,337388004.0,469020004.0,706226000.0,1230220004.0,1230220004.0,,,numeric_measure,baseline_or_source_dependent,UNKNOWN until source timing is confirmed,collected_but_unavailable_or_unknown,none observed in univariate profile
raw_synthea,supplies,data/raw/synthea/supplies.csv,DATE,str,0.0,383,2020-11-10 | 2022-11-29 | 2023-12-05,,,,,,,,1937-09-01,2026-07-03,temporal,event_time,CONDITIONAL: require date <= analysis/prediction cutoff,collected_but_unavailable_or_unknown,none observed in univariate profile
raw_synthea,supplies,data/raw/synthea/supplies.csv,DESCRIPTION,str,0.0,20,Dental equipment (physical object) | Conventional release periodontal gel (dose form) | Dental floss (physical object),,,,,,,,,,categorical_or_descriptive,baseline_or_source_dependent,UNKNOWN until source timing is confirmed,collected_but_unavailable_or_unknown,none observed in univariate profile
raw_synthea,supplies,data/raw/synthea/supplies.csv,ENCOUNTER,str,0.0,384,<direct/quasi-identifier values masked>,,,,,,,,,,identifier_or_foreign_key,baseline_or_source_dependent,UNKNOWN until source timing is confirmed,collected_but_unavailable_or_unknown,none observed in univariate profile
raw_synthea,supplies,data/raw/synthea/supplies.csv,PATIENT,str,0.0,29,<direct/quasi-identifier values masked>,,,,,,,,,,identifier_or_foreign_key,baseline_or_source_dependent,UNKNOWN until source timing is confirmed,collected_but_unavailable_or_unknown,none observed in univariate profile
raw_synthea,supplies,data/raw/synthea/supplies.csv,QUANTITY,int64,0.0,8,1 | 50 | 100,1.0,1.0,1.0,1.0,2.0,50.0,100.0,,,numeric_measure,baseline_or_source_dependent,UNKNOWN until source timing is confirmed,collected_but_unavailable_or_unknown,none observed in univariate profile
