analysis_type,target,feature_name,feature_type,level,n,event_n,event_rate,reference_n,reference_event_rate,positive_group_mean,negative_group_mean,standardized_mean_difference,log_odds_coefficient,odds_ratio,ci_lower,ci_upper,association_direction,magnitude,missingness,small_cell_flag,evidence_type,causal_interpretation_allowed,limitation,risk_difference
UNIVARIATE_ASSOCIATION,non_initiated_within_90_days,age_at_index,numeric,PER_SD,2281,581,0.25471284524331433,1700.0,0.0,69.35456110154905,69.32,0.004165614698021696,0.004165851421254904,1.0041745406420979,0.9139038115520672,1.1033617491552823,HIGHER_RISK,0.004165851421254904,0.0,False,OBSERVED DESCRIPTIVE,False,Univariate association; confounding and synthetic generation effects remain.,
UNIVARIATE_ASSOCIATION,non_initiated_within_90_days,comorbidity_score,numeric,PER_SD,2281,581,0.25471284524331433,1700.0,0.0,1.8881239242685026,1.65,0.17542212620482353,0.1707807570779943,1.1862306478366773,1.0819093259868253,1.3006109810390507,HIGHER_RISK,0.1707807570779943,0.0,False,ASSOCIATED,False,Univariate association; confounding and synthetic generation effects remain.,
UNIVARIATE_ASSOCIATION,non_initiated_within_90_days,frailty_proxy,numeric,PER_SD,2281,581,0.25471284524331433,1700.0,0.0,0.3108795180722892,0.31010764705882354,0.004722077234727774,0.004719697912180715,1.0047308532293762,0.914458358023302,1.1039147694085671,HIGHER_RISK,0.004719697912180715,0.0,False,OBSERVED DESCRIPTIVE,False,Univariate association; confounding and synthetic generation effects remain.,
UNIVARIATE_ASSOCIATION,non_initiated_within_90_days,access_index,numeric,PER_SD,2281,581,0.25471284524331433,1700.0,0.0,0.636342512908778,0.6778670588235293,-0.2529112464489143,-0.25193057802895935,0.7772986978036178,0.7072645902256814,0.8542676587476372,LOWER_RISK,0.25193057802895935,0.0,False,ASSOCIATED,False,Univariate association; confounding and synthetic generation effects remain.,
UNIVARIATE_ASSOCIATION,non_initiated_within_90_days,prior_healthcare_utilization_180d,numeric,PER_SD,2281,581,0.25471284524331433,,,,,,,1.0,1.0,1.0,NO_VARIATION,0.0,0.0,,NOT VERIFIED,,Feature has zero variance in this target risk set.,
UNIVARIATE_ASSOCIATION,non_initiated_within_90_days,prior_treatment_count,numeric,PER_SD,2281,581,0.25471284524331433,,,,,,,1.0,1.0,1.0,NO_VARIATION,0.0,0.0,,NOT VERIFIED,,Feature has zero variance in this target risk set.,
UNIVARIATE_ASSOCIATION,non_initiated_within_90_days,time_since_diagnosis_days,numeric,PER_SD,2281,581,0.25471284524331433,,,,,,,1.0,1.0,1.0,NO_VARIATION,0.0,0.0,,NOT VERIFIED,,Feature has zero variance in this target risk set.,
UNIVARIATE_ASSOCIATION,non_initiated_within_90_days,time_since_metastasis_days,numeric,PER_SD,2281,581,0.25471284524331433,,,,,,,1.0,1.0,1.0,NO_VARIATION,0.0,0.0,,NOT VERIFIED,,Feature has zero variance in this target risk set.,
UNIVARIATE_ASSOCIATION,non_initiated_within_90_days,prior_treatment_status,categorical,NO_PRIOR_TREATMENT,2281,581,0.25471284524331433,0.0,,,,,0.0,1.0,1.0,1.0,NO_VARIATION,0.0,0.0,False,NOT VERIFIED,False,Feature has one observed level and cannot estimate an association.,
UNIVARIATE_ASSOCIATION,non_initiated_within_90_days,disease_state,categorical,mHSPC,2281,581,0.25471284524331433,0.0,,,,,0.0,1.0,1.0,1.0,NO_VARIATION,0.0,0.0,False,NOT VERIFIED,False,Feature has one observed level and cannot estimate an association.,
UNIVARIATE_ASSOCIATION,non_initiated_within_90_days,metastatic_site,categorical,bone,1190,296,0.24873949579831933,1091.0,0.2612282309807516,,,,-0.06575581604179512,0.9363594803425095,0.7756211542186627,1.1304089266499249,LOWER_RISK,0.06575581604179512,0.0,False,OBSERVED DESCRIPTIVE,False,One-versus-rest descriptive odds ratio with 0.5 continuity correction; not adjusted or causal.,-0.012488735182432265
UNIVARIATE_ASSOCIATION,non_initiated_within_90_days,metastatic_site,categorical,lymph_node,421,112,0.2660332541567696,1860.0,0.2521505376344086,,,,0.07446441183745192,1.0773070034632795,0.8476111937916642,1.3692485283485933,HIGHER_RISK,0.07446441183745192,0.0,False,OBSERVED DESCRIPTIVE,False,One-versus-rest descriptive odds ratio with 0.5 continuity correction; not adjusted or causal.,0.013882716522361005
UNIVARIATE_ASSOCIATION,non_initiated_within_90_days,metastatic_site,categorical,multiple,415,103,0.24819277108433735,1866.0,0.25616291532690244,,,,-0.03970976061718708,0.9610683385579938,0.7519562060562048,1.2283326395069134,LOWER_RISK,0.03970976061718708,0.0,False,OBSERVED DESCRIPTIVE,False,One-versus-rest descriptive odds ratio with 0.5 continuity correction; not adjusted or causal.,-0.007970144242565091
UNIVARIATE_ASSOCIATION,non_initiated_within_90_days,metastatic_site,categorical,unknown,61,15,0.2459016393442623,2220.0,0.25495495495495496,,,,-0.026835241774503863,0.9735216240070609,0.5435922023550809,1.7434840829270526,LOWER_RISK,0.026835241774503863,0.0,False,OBSERVED DESCRIPTIVE,False,One-versus-rest descriptive odds ratio with 0.5 continuity correction; not adjusted or causal.,-0.00905331561069267
UNIVARIATE_ASSOCIATION,non_initiated_within_90_days,metastatic_site,categorical,visceral,194,55,0.28350515463917525,2087.0,0.2520364159080019,,,,0.16546926464007158,1.1799466960757283,0.8513822169500822,1.6353104138909427,HIGHER_RISK,0.16546926464007158,0.0,False,OBSERVED DESCRIPTIVE,False,One-versus-rest descriptive odds ratio with 0.5 continuity correction; not adjusted or causal.,0.03146873873117334
UNIVARIATE_ASSOCIATION,non_initiated_within_90_days,market_code,categorical,AU,113,23,0.20353982300884957,2168.0,0.257380073800738,,,,-0.28930407929376906,0.74878448092513,0.47086485392274485,1.1907412375405433,LOWER_RISK,0.28930407929376906,0.0,False,OBSERVED DESCRIPTIVE,False,One-versus-rest descriptive odds ratio with 0.5 continuity correction; not adjusted or causal.,-0.05384025079188845
UNIVARIATE_ASSOCIATION,non_initiated_within_90_days,market_code,categorical,CA,165,52,0.3151515151515151,2116.0,0.25,,,,0.32699289840150625,1.3867916287079907,0.9854925428559285,1.95150235828392,HIGHER_RISK,0.32699289840150625,0.0,False,OBSERVED DESCRIPTIVE,False,One-versus-rest descriptive odds ratio with 0.5 continuity correction; not adjusted or causal.,0.06515151515151513
UNIVARIATE_ASSOCIATION,non_initiated_within_90_days,market_code,categorical,CN,379,173,0.45646437994722955,1902.0,0.21451104100946372,,,,1.1229322544097615,3.073854324419642,2.4432381313890295,3.8672367979054214,HIGHER_RISK,1.1229322544097615,0.0,False,ASSOCIATED,False,One-versus-rest descriptive odds ratio with 0.5 continuity correction; not adjusted or causal.,0.24195333893776583
UNIVARIATE_ASSOCIATION,non_initiated_within_90_days,market_code,categorical,DE,385,76,0.1974025974025974,1896.0,0.26635021097046413,,,,-0.3850778087867413,0.6803976932258884,0.5193154624187467,0.891444708368457,LOWER_RISK,0.3850778087867413,0.0,False,ASSOCIATED,False,One-versus-rest descriptive odds ratio with 0.5 continuity correction; not adjusted or causal.,-0.06894761356786672
UNIVARIATE_ASSOCIATION,non_initiated_within_90_days,market_code,categorical,FR,222,39,0.17567567567567569,2059.0,0.263234579893152,,,,-0.5072825580685101,0.6021296098645136,0.42114463737970714,0.8608920425328948,LOWER_RISK,0.5072825580685101,0.0,False,ASSOCIATED,False,One-versus-rest descriptive odds ratio with 0.5 continuity correction; not adjusted or causal.,-0.08755890421747634
UNIVARIATE_ASSOCIATION,non_initiated_within_90_days,market_code,categorical,JP,342,54,0.15789473684210525,1939.0,0.2717895822588963,,,,-0.6815267866085813,0.5058440865072651,0.3723932757850727,0.6871183141396193,LOWER_RISK,0.6815267866085813,0.0,False,ASSOCIATED,False,One-versus-rest descriptive odds ratio with 0.5 continuity correction; not adjusted or causal.,-0.11389484541679107
UNIVARIATE_ASSOCIATION,non_initiated_within_90_days,market_code,categorical,US,675,164,0.24296296296296296,1606.0,0.25965130759651306,,,,-0.08743322973415243,0.9162800498709326,0.7441542298713315,1.128219253603712,LOWER_RISK,0.08743322973415243,0.0,False,OBSERVED DESCRIPTIVE,False,One-versus-rest descriptive odds ratio with 0.5 continuity correction; not adjusted or causal.,-0.016688344633550095
UNIVARIATE_ASSOCIATION,non_initiated_within_90_days,care_setting,categorical,academic_oncology,506,149,0.29446640316205536,1775.0,0.24338028169014084,,,,0.26161213238029074,1.2990225959012087,1.0430030775317232,1.6178856429218835,HIGHER_RISK,0.26161213238029074,0.0,False,ASSOCIATED,False,One-versus-rest descriptive odds ratio with 0.5 continuity correction; not adjusted or causal.,0.05108612147191452
UNIVARIATE_ASSOCIATION,non_initiated_within_90_days,care_setting,categorical,community_oncology,200,44,0.22,2081.0,0.2580490148966843,,,,-0.2020400684511948,0.8170621888699012,0.5774203064009495,1.156160621786848,LOWER_RISK,0.2020400684511948,0.0,False,OBSERVED DESCRIPTIVE,False,One-versus-rest descriptive odds ratio with 0.5 continuity correction; not adjusted or causal.,-0.0380490148966843
UNIVARIATE_ASSOCIATION,non_initiated_within_90_days,care_setting,categorical,community_urology,1185,285,0.24050632911392406,1096.0,0.27007299270072993,,,,-0.1555188215209566,0.8559709661018378,0.7090190380247213,1.033380283906801,LOWER_RISK,0.1555188215209566,0.0,False,OBSERVED DESCRIPTIVE,False,One-versus-rest descriptive odds ratio with 0.5 continuity correction; not adjusted or causal.,-0.029566663586805875
UNIVARIATE_ASSOCIATION,non_initiated_within_90_days,care_setting,categorical,mixed_pathway,390,103,0.2641025641025641,1891.0,0.2527763088313062,,,,0.06151671870865467,1.063448275862069,0.8303395492676218,1.3619997221997988,HIGHER_RISK,0.06151671870865467,0.0,False,OBSERVED DESCRIPTIVE,False,One-versus-rest descriptive odds ratio with 0.5 continuity correction; not adjusted or causal.,0.011326255271257912
UNIVARIATE_ASSOCIATION,non_initiated_within_90_days,provider_specialty,categorical,urology,2281,581,0.25471284524331433,0.0,,,,,0.0,1.0,1.0,1.0,NO_VARIATION,0.0,0.0,False,NOT VERIFIED,False,Feature has one observed level and cannot estimate an association.,
UNIVARIATE_ASSOCIATION,non_initiated_within_90_days,provider_volume_band,categorical,HIGH_GE_300,339,118,0.3480825958702065,1942.0,0.2384140061791967,,,,0.53514345792435,1.7076932068056134,1.3349281776418542,2.1845490547075905,HIGHER_RISK,0.53514345792435,0.0,False,ASSOCIATED,False,One-versus-rest descriptive odds ratio with 0.5 continuity correction; not adjusted or causal.,0.10966858969100982
UNIVARIATE_ASSOCIATION,non_initiated_within_90_days,provider_volume_band,categorical,LOW_LT_150,667,152,0.22788605697151423,1614.0,0.26579925650557623,,,,-0.20267454332839815,0.816543947860786,0.6607363288831005,1.009092416509219,LOWER_RISK,0.20267454332839815,0.0,False,OBSERVED DESCRIPTIVE,False,One-versus-rest descriptive odds ratio with 0.5 continuity correction; not adjusted or causal.,-0.037913199534062
UNIVARIATE_ASSOCIATION,non_initiated_within_90_days,provider_volume_band,categorical,MEDIUM_150_299,1275,311,0.24392156862745099,1006.0,0.268389662027833,,,,-0.12857335650212723,0.8793490540816356,0.7278893076766101,1.0623246567290041,LOWER_RISK,0.12857335650212723,0.0,False,OBSERVED DESCRIPTIVE,False,One-versus-rest descriptive odds ratio with 0.5 continuity correction; not adjusted or causal.,-0.024468093400382
UNIVARIATE_ASSOCIATION,non_initiated_within_90_days,referral_proxy,categorical,NO_PRE_INDEX_REFERRAL,2281,581,0.25471284524331433,0.0,,,,,0.0,1.0,1.0,1.0,NO_VARIATION,0.0,0.0,False,NOT VERIFIED,False,Feature has one observed level and cannot estimate an association.,
UNIVARIATE_ASSOCIATION,non_initiated_within_90_days,prior_hospitalization,categorical,NO,2281,581,0.25471284524331433,0.0,,,,,0.0,1.0,1.0,1.0,NO_VARIATION,0.0,0.0,False,NOT VERIFIED,False,Feature has one observed level and cannot estimate an association.,
UNIVARIATE_ASSOCIATION,non_initiated_within_90_days,insurance_type,categorical,MISSING,74,21,0.28378378378378377,2207.0,0.25373810602628,,,,0.16655630509610392,1.1812300432691105,0.7096224018766001,1.9662632005861922,HIGHER_RISK,0.16655630509610392,0.03244191144234985,False,OBSERVED DESCRIPTIVE,False,One-versus-rest descriptive odds ratio with 0.5 continuity correction; not adjusted or causal.,0.030045677757503775
UNIVARIATE_ASSOCIATION,non_initiated_within_90_days,insurance_type,categorical,commercial,162,35,0.21604938271604937,2119.0,0.25766871165644173,,,,-0.2210602592292424,0.8016683709165277,0.545786364691625,1.177515999856603,LOWER_RISK,0.2210602592292424,0.03244191144234985,False,OBSERVED DESCRIPTIVE,False,One-versus-rest descriptive odds ratio with 0.5 continuity correction; not adjusted or causal.,-0.04161932894039236
UNIVARIATE_ASSOCIATION,non_initiated_within_90_days,insurance_type,categorical,complementary,19,3,0.15789473684210525,2262.0,0.25552608311229,,,,-0.4818118961982906,0.6176632356407638,0.19415221432677107,1.964993672542485,LOWER_RISK,0.4818118961982906,0.03244191144234985,True,NOT VERIFIED,False,One-versus-rest descriptive odds ratio with 0.5 continuity correction; not adjusted or causal.,-0.09763134627018477
UNIVARIATE_ASSOCIATION,non_initiated_within_90_days,insurance_type,categorical,employee_health,131,18,0.13740458015267176,2150.0,0.2618604651162791,,,,-0.7782837075501625,0.45919344562188025,0.2783095736583221,0.7576405573491471,LOWER_RISK,0.7782837075501625,0.03244191144234985,False,ASSOCIATED,False,One-versus-rest descriptive odds ratio with 0.5 continuity correction; not adjusted or causal.,-0.12445588496360732
UNIVARIATE_ASSOCIATION,non_initiated_within_90_days,insurance_type,categorical,medicaid,70,25,0.35714285714285715,2211.0,0.2514699231117142,,,,0.5111573124791772,1.6672195728799502,1.0170280663974922,2.7330820023875577,HIGHER_RISK,0.5111573124791772,0.03244191144234985,False,ASSOCIATED,False,One-versus-rest descriptive odds ratio with 0.5 continuity correction; not adjusted or causal.,0.10567293403114297
UNIVARIATE_ASSOCIATION,non_initiated_within_90_days,insurance_type,categorical,medicare,384,87,0.2265625,1897.0,0.26041117554032683,,,,-0.18059818688294535,0.8347707131386427,0.6439948996357208,1.0820615876122166,LOWER_RISK,0.18059818688294535,0.03244191144234985,False,OBSERVED DESCRIPTIVE,False,One-versus-rest descriptive odds ratio with 0.5 continuity correction; not adjusted or causal.,-0.033848675540326834
UNIVARIATE_ASSOCIATION,non_initiated_within_90_days,insurance_type,categorical,medicare_public,76,17,0.2236842105263158,2205.0,0.25578231292517006,,,,-0.15635007827018502,0.855259730109936,0.49765036409597585,1.4698456159607085,LOWER_RISK,0.15635007827018502,0.03244191144234985,False,OBSERVED DESCRIPTIVE,False,One-versus-rest descriptive odds ratio with 0.5 continuity correction; not adjusted or causal.,-0.03209810239885427
UNIVARIATE_ASSOCIATION,non_initiated_within_90_days,insurance_type,categorical,national_health_insurance,183,28,0.15300546448087432,2098.0,0.2635843660629171,,,,-0.6699006349212047,0.5117594262759347,0.33928855953846054,0.771902567945519,LOWER_RISK,0.6699006349212047,0.03244191144234985,False,ASSOCIATED,False,One-versus-rest descriptive odds ratio with 0.5 continuity correction; not adjusted or causal.,-0.11057890158204275
UNIVARIATE_ASSOCIATION,non_initiated_within_90_days,insurance_type,categorical,other,91,23,0.25274725274725274,2190.0,0.2547945205479452,,,,0.0027799185232643357,1.0027837860797626,0.6215520757373639,1.61784564942772,HIGHER_RISK,0.0027799185232643357,0.03244191144234985,False,OBSERVED DESCRIPTIVE,False,One-versus-rest descriptive odds ratio with 0.5 continuity correction; not adjusted or causal.,-0.002047267800692476
UNIVARIATE_ASSOCIATION,non_initiated_within_90_days,insurance_type,categorical,private,81,16,0.19753086419753085,2200.0,0.25681818181818183,,,,-0.3166962103124079,0.7285520481098264,0.4210593307750318,1.2606016492450518,LOWER_RISK,0.3166962103124079,0.03244191144234985,False,OBSERVED DESCRIPTIVE,False,One-versus-rest descriptive odds ratio with 0.5 continuity correction; not adjusted or causal.,-0.05928731762065098
UNIVARIATE_ASSOCIATION,non_initiated_within_90_days,insurance_type,categorical,private_supplemental,19,4,0.21052631578947367,2262.0,0.2550839964633068,,,,-0.1656535348707601,0.8473397570171763,0.2953956174838363,2.430586716003716,LOWER_RISK,0.1656535348707601,0.03244191144234985,True,NOT VERIFIED,False,One-versus-rest descriptive odds ratio with 0.5 continuity correction; not adjusted or causal.,-0.044557680673833144
UNIVARIATE_ASSOCIATION,non_initiated_within_90_days,insurance_type,categorical,provincial_public,135,45,0.3333333333333333,2146.0,0.24976700838769805,,,,0.41159588195152463,1.5092244082527946,1.043142754110982,2.1835537902069952,HIGHER_RISK,0.41159588195152463,0.03244191144234985,False,ASSOCIATED,False,One-versus-rest descriptive odds ratio with 0.5 continuity correction; not adjusted or causal.,0.08356632494563526
UNIVARIATE_ASSOCIATION,non_initiated_within_90_days,insurance_type,categorical,public,188,31,0.16489361702127658,2093.0,0.26278069756330624,,,,-0.5784570246546211,0.5607629427792915,0.37787577753962814,0.8321652158863604,LOWER_RISK,0.5784570246546211,0.03244191144234985,False,ASSOCIATED,False,One-versus-rest descriptive odds ratio with 0.5 continuity correction; not adjusted or causal.,-0.09788708054202966
UNIVARIATE_ASSOCIATION,non_initiated_within_90_days,insurance_type,categorical,rural,75,28,0.37333333333333335,2206.0,0.25067996373526746,,,,0.5835621565071651,1.792411924119241,1.1154874786511104,2.8801224282766555,HIGHER_RISK,0.5835621565071651,0.03244191144234985,False,ASSOCIATED,False,One-versus-rest descriptive odds ratio with 0.5 continuity correction; not adjusted or causal.,0.12265336959806589
UNIVARIATE_ASSOCIATION,non_initiated_within_90_days,insurance_type,categorical,self_pay_other,35,16,0.45714285714285713,2246.0,0.25155832591273375,,,,0.922677150960983,2.5160171393593145,1.2971588532901162,4.880159611518309,HIGHER_RISK,0.922677150960983,0.03244191144234985,False,ASSOCIATED,False,One-versus-rest descriptive odds ratio with 0.5 continuity correction; not adjusted or causal.,0.20558453123012338
UNIVARIATE_ASSOCIATION,non_initiated_within_90_days,insurance_type,categorical,statutory,307,63,0.20521172638436483,1974.0,0.2624113475177305,,,,-0.31532385428637355,0.729552567280558,0.5438846346568285,0.9786026567223793,LOWER_RISK,0.31532385428637355,0.03244191144234985,False,ASSOCIATED,False,One-versus-rest descriptive odds ratio with 0.5 continuity correction; not adjusted or causal.,-0.05719962113336566
UNIVARIATE_ASSOCIATION,non_initiated_within_90_days,insurance_type,categorical,urban_employee,153,74,0.48366013071895425,2128.0,0.23825187969924813,,,,1.096652318556658,2.9941258481271493,2.149536762517384,4.170568166475181,HIGHER_RISK,1.096652318556658,0.03244191144234985,False,ASSOCIATED,False,One-versus-rest descriptive odds ratio with 0.5 continuity correction; not adjusted or causal.,0.24540825101970612
UNIVARIATE_ASSOCIATION,non_initiated_within_90_days,insurance_type,categorical,urban_resident,98,47,0.47959183673469385,2183.0,0.24461749885478698,,,,1.0460436635744412,2.846367624220077,1.896213005800367,4.272625821796098,HIGHER_RISK,1.0460436635744412,0.03244191144234985,False,ASSOCIATED,False,One-versus-rest descriptive odds ratio with 0.5 continuity correction; not adjusted or causal.,0.23497433787990687
UNIVARIATE_ASSOCIATION,non_initiated_within_90_days,calendar_period,categorical,2019_2020,818,219,0.26772616136919314,1463.0,0.24743677375256323,,,,0.10665994999532544,1.1125558655201173,0.915520603841973,1.351996392772466,HIGHER_RISK,0.10665994999532544,0.0,False,OBSERVED DESCRIPTIVE,False,One-versus-rest descriptive odds ratio with 0.5 continuity correction; not adjusted or causal.,0.020289387616629906
UNIVARIATE_ASSOCIATION,non_initiated_within_90_days,calendar_period,categorical,2021_2022,779,198,0.25417201540436457,1502.0,0.25499334221038616,,,,-0.0035240565999753223,0.9964821455997113,0.8170629166558202,1.2153001271471067,LOWER_RISK,0.0035240565999753223,0.0,False,OBSERVED DESCRIPTIVE,False,One-versus-rest descriptive odds ratio with 0.5 continuity correction; not adjusted or causal.,-0.0008213268060215939
UNIVARIATE_ASSOCIATION,non_initiated_within_90_days,calendar_period,categorical,2023_2024,684,164,0.23976608187134502,1597.0,0.26111458985597996,,,,-0.1124705056149396,0.8936237036014426,0.7259376176295258,1.1000440041197823,LOWER_RISK,0.1124705056149396,0.0,False,OBSERVED DESCRIPTIVE,False,One-versus-rest descriptive odds ratio with 0.5 continuity correction; not adjusted or causal.,-0.021348507984634946
UNIVARIATE_ASSOCIATION,non_initiated_within_90_days,age_band,categorical,65_74,1003,262,0.2612163509471585,1278.0,0.24960876369327073,,,,0.0612309620838568,1.0631444318868934,0.8797727350507634,1.2847364302405755,HIGHER_RISK,0.0612309620838568,0.0,False,OBSERVED DESCRIPTIVE,False,One-versus-rest descriptive odds ratio with 0.5 continuity correction; not adjusted or causal.,0.011607587253887774
UNIVARIATE_ASSOCIATION,non_initiated_within_90_days,age_band,categorical,GE_75,637,163,0.25588697017268447,1644.0,0.2542579075425791,,,,0.009794346056339444,1.009842467641849,0.8189454123512054,1.245237831573131,HIGHER_RISK,0.009794346056339444,0.0,False,OBSERVED DESCRIPTIVE,False,One-versus-rest descriptive odds ratio with 0.5 continuity correction; not adjusted or causal.,0.0016290626301053712
UNIVARIATE_ASSOCIATION,non_initiated_within_90_days,age_band,categorical,LT_65,641,156,0.24336973478939158,1640.0,0.25914634146341464,,,,-0.08247743200842243,0.9208322189560716,0.745440815718121,1.1374906734221504,LOWER_RISK,0.08247743200842243,0.0,False,OBSERVED DESCRIPTIVE,False,One-versus-rest descriptive odds ratio with 0.5 continuity correction; not adjusted or causal.,-0.015776606674023058
UNIVARIATE_ASSOCIATION,discontinued_within_12_months,age_at_index,numeric,PER_SD,1557,587,0.37700706486833657,970.0,0.0,69.41056218057922,69.11958762886599,0.035092950581496245,0.03511442656148069,1.0357382179820727,0.9347698510013943,1.1476125968755484,HIGHER_RISK,0.03511442656148069,0.0,False,OBSERVED DESCRIPTIVE,False,Univariate association; confounding and synthetic generation effects remain.,
UNIVARIATE_ASSOCIATION,discontinued_within_12_months,comorbidity_score,numeric,PER_SD,1557,587,0.37700706486833657,970.0,0.0,1.6541737649063033,1.6268041237113402,0.021083058846745422,0.021044060601431158,1.021267048286601,0.9219485389533424,1.131284816721001,HIGHER_RISK,0.021044060601431158,0.0,False,OBSERVED DESCRIPTIVE,False,Univariate association; confounding and synthetic generation effects remain.,
UNIVARIATE_ASSOCIATION,discontinued_within_12_months,frailty_proxy,numeric,PER_SD,1557,587,0.37700706486833657,970.0,0.0,0.30633901192504254,0.30871134020618557,-0.014503343015075821,-0.014516094283155877,0.9855887562602167,0.8894945970067374,1.0920641898617436,LOWER_RISK,0.014516094283155877,0.0,False,OBSERVED DESCRIPTIVE,False,Univariate association; confounding and synthetic generation effects remain.,
UNIVARIATE_ASSOCIATION,discontinued_within_12_months,access_index,numeric,PER_SD,1557,587,0.37700706486833657,970.0,0.0,0.6688756388415673,0.6756237113402062,-0.04139495965950807,-0.0413519003422226,0.9594914251711932,0.8660971973253875,1.0629566725536634,LOWER_RISK,0.0413519003422226,0.0,False,OBSERVED DESCRIPTIVE,False,Univariate association; confounding and synthetic generation effects remain.,
UNIVARIATE_ASSOCIATION,discontinued_within_12_months,prior_healthcare_utilization_180d,numeric,PER_SD,1557,587,0.37700706486833657,970.0,0.0,2.282793867120954,2.2938144329896906,-0.02136276407496042,-0.021378622438507574,0.9788482804763473,0.8834217065762894,1.0845827638815888,LOWER_RISK,0.021378622438507574,0.0,False,OBSERVED DESCRIPTIVE,False,Univariate association; confounding and synthetic generation effects remain.,
UNIVARIATE_ASSOCIATION,discontinued_within_12_months,prior_treatment_count,numeric,PER_SD,1557,587,0.37700706486833657,,,,,,,1.0,1.0,1.0,NO_VARIATION,0.0,0.0,,NOT VERIFIED,,Feature has zero variance in this target risk set.,
UNIVARIATE_ASSOCIATION,discontinued_within_12_months,time_since_diagnosis_days,numeric,PER_SD,1557,587,0.37700706486833657,970.0,0.0,49.86201022146508,48.95876288659794,0.04548550159849975,0.045431163348054915,1.0464789660261775,0.9446231583294543,1.1593175719637345,HIGHER_RISK,0.045431163348054915,0.0,False,OBSERVED DESCRIPTIVE,False,Univariate association; confounding and synthetic generation effects remain.,
UNIVARIATE_ASSOCIATION,discontinued_within_12_months,time_since_metastasis_days,numeric,PER_SD,1557,587,0.37700706486833657,970.0,0.0,49.86201022146508,48.95876288659794,0.04548550159849975,0.045431163348054915,1.0464789660261775,0.9446231583294543,1.1593175719637345,HIGHER_RISK,0.045431163348054915,0.0,False,OBSERVED DESCRIPTIVE,False,Univariate association; confounding and synthetic generation effects remain.,
UNIVARIATE_ASSOCIATION,discontinued_within_12_months,prior_treatment_status,categorical,NO_PRIOR_TREATMENT,1557,587,0.37700706486833657,0.0,,,,,0.0,1.0,1.0,1.0,NO_VARIATION,0.0,0.0,False,NOT VERIFIED,False,Feature has one observed level and cannot estimate an association.,
UNIVARIATE_ASSOCIATION,discontinued_within_12_months,disease_state,categorical,mHSPC,1557,587,0.37700706486833657,0.0,,,,,0.0,1.0,1.0,1.0,NO_VARIATION,0.0,0.0,False,NOT VERIFIED,False,Feature has one observed level and cannot estimate an association.,
UNIVARIATE_ASSOCIATION,discontinued_within_12_months,metastatic_site,categorical,bone,818,315,0.38508557457212717,739.0,0.3680649526387009,,,,0.07233570444809377,1.075016171205233,0.8755542082920263,1.3199180101105836,HIGHER_RISK,0.07233570444809377,0.0,False,OBSERVED DESCRIPTIVE,False,One-versus-rest descriptive odds ratio with 0.5 continuity correction; not adjusted or causal.,0.01702062193342624
UNIVARIATE_ASSOCIATION,discontinued_within_12_months,metastatic_site,categorical,lymph_node,289,110,0.3806228373702422,1268.0,0.37618296529968454,,,,0.020206032429755952,1.020411556242617,0.7845866640039876,1.3271188408935122,HIGHER_RISK,0.020206032429755952,0.0,False,OBSERVED DESCRIPTIVE,False,One-versus-rest descriptive odds ratio with 0.5 continuity correction; not adjusted or causal.,0.004439872070557682
UNIVARIATE_ASSOCIATION,discontinued_within_12_months,metastatic_site,categorical,multiple,285,100,0.3508771929824561,1272.0,0.3828616352201258,,,,-0.13586698729058538,0.8729587393738337,0.6678810603745703,1.1410069934035345,LOWER_RISK,0.13586698729058538,0.0,False,OBSERVED DESCRIPTIVE,False,One-versus-rest descriptive odds ratio with 0.5 continuity correction; not adjusted or causal.,-0.031984442237669664
UNIVARIATE_ASSOCIATION,discontinued_within_12_months,metastatic_site,categorical,unknown,42,18,0.42857142857142855,1515.0,0.37557755775577556,,,,0.22710980229573854,1.2549676587052732,0.6801284853296562,2.3156563184275756,HIGHER_RISK,0.22710980229573854,0.0,False,OBSERVED DESCRIPTIVE,False,One-versus-rest descriptive odds ratio with 0.5 continuity correction; not adjusted or causal.,0.05299387081565299
UNIVARIATE_ASSOCIATION,discontinued_within_12_months,metastatic_site,categorical,visceral,123,44,0.35772357723577236,1434.0,0.3786610878661088,,,,-0.08539210174616066,0.9181522047294209,0.6265494630876448,1.3454699440570315,LOWER_RISK,0.08539210174616066,0.0,False,OBSERVED DESCRIPTIVE,False,One-versus-rest descriptive odds ratio with 0.5 continuity correction; not adjusted or causal.,-0.020937510630336442
UNIVARIATE_ASSOCIATION,discontinued_within_12_months,market_code,categorical,AU,80,22,0.275,1477.0,0.3825321597833446,,,,-0.4770336551269649,0.620621641841801,0.3774050309117965,1.020577869330076,LOWER_RISK,0.4770336551269649,0.0,False,OBSERVED DESCRIPTIVE,False,One-versus-rest descriptive odds ratio with 0.5 continuity correction; not adjusted or causal.,-0.10753215978334457
UNIVARIATE_ASSOCIATION,discontinued_within_12_months,market_code,categorical,CA,105,39,0.37142857142857144,1452.0,0.3774104683195592,,,,-0.020706250634667356,0.9795066517707213,0.6515020366137808,1.4726481683001307,LOWER_RISK,0.020706250634667356,0.0,False,OBSERVED DESCRIPTIVE,False,One-versus-rest descriptive odds ratio with 0.5 continuity correction; not adjusted or causal.,-0.00598189689098777
UNIVARIATE_ASSOCIATION,discontinued_within_12_months,market_code,categorical,CN,220,89,0.40454545454545454,1337.0,0.3724756918474196,,,,0.1364346607786929,1.1461799848213843,0.8571736410156829,1.5326282735998324,HIGHER_RISK,0.1364346607786929,0.0,False,OBSERVED DESCRIPTIVE,False,One-versus-rest descriptive odds ratio with 0.5 continuity correction; not adjusted or causal.,0.032069762698034965
UNIVARIATE_ASSOCIATION,discontinued_within_12_months,market_code,categorical,DE,277,108,0.3898916967509025,1280.0,0.37421875,,,,0.06763832388612408,1.069978252912172,0.8198891653011262,1.3963514950029934,HIGHER_RISK,0.06763832388612408,0.0,False,OBSERVED DESCRIPTIVE,False,One-versus-rest descriptive odds ratio with 0.5 continuity correction; not adjusted or causal.,0.015672946750902528
UNIVARIATE_ASSOCIATION,discontinued_within_12_months,market_code,categorical,FR,160,61,0.38125,1397.0,0.376521116678597,,,,0.022844064033970532,1.0231069879311085,0.7312636642560185,1.4314233838193204,HIGHER_RISK,0.022844064033970532,0.0,False,OBSERVED DESCRIPTIVE,False,One-versus-rest descriptive odds ratio with 0.5 continuity correction; not adjusted or causal.,0.004728883321402977
UNIVARIATE_ASSOCIATION,discontinued_within_12_months,market_code,categorical,JP,263,100,0.38022813688212925,1294.0,0.37635239567233386,,,,0.01799750182073206,1.0181604328393319,0.7751567153289126,1.3373433352244217,HIGHER_RISK,0.01799750182073206,0.0,False,OBSERVED DESCRIPTIVE,False,One-versus-rest descriptive odds ratio with 0.5 continuity correction; not adjusted or causal.,0.0038757412097953914
UNIVARIATE_ASSOCIATION,discontinued_within_12_months,market_code,categorical,US,452,168,0.37168141592920356,1105.0,0.37918552036199094,,,,-0.03125480447320433,0.9692285778324267,0.7732066101260643,1.2149456869411748,LOWER_RISK,0.03125480447320433,0.0,False,OBSERVED DESCRIPTIVE,False,One-versus-rest descriptive odds ratio with 0.5 continuity correction; not adjusted or causal.,-0.007504104432787373
UNIVARIATE_ASSOCIATION,discontinued_within_12_months,care_setting,categorical,academic_oncology,511,190,0.37181996086105673,1046.0,0.3795411089866157,,,,-0.032337447094650765,0.9681798174829074,0.7782348404049915,1.2044849578996357,LOWER_RISK,0.032337447094650765,0.0,False,OBSERVED DESCRIPTIVE,False,One-versus-rest descriptive odds ratio with 0.5 continuity correction; not adjusted or causal.,-0.007721148125558963
UNIVARIATE_ASSOCIATION,discontinued_within_12_months,care_setting,categorical,community_oncology,661,253,0.3827534039334342,896.0,0.37276785714285715,,,,0.04262616324147232,1.0435477054300157,0.848376603576155,1.283618394139858,HIGHER_RISK,0.04262616324147232,0.0,False,OBSERVED DESCRIPTIVE,False,One-versus-rest descriptive odds ratio with 0.5 continuity correction; not adjusted or causal.,0.00998554679057706
UNIVARIATE_ASSOCIATION,discontinued_within_12_months,care_setting,categorical,community_urology,185,73,0.3945945945945946,1372.0,0.3746355685131195,,,,0.08632330963774204,1.09015873015873,0.7966867079942354,1.4917357664135829,HIGHER_RISK,0.08632330963774204,0.0,False,OBSERVED DESCRIPTIVE,False,One-versus-rest descriptive odds ratio with 0.5 continuity correction; not adjusted or causal.,0.019959026081475095
UNIVARIATE_ASSOCIATION,discontinued_within_12_months,care_setting,categorical,mixed_pathway,200,71,0.355,1357.0,0.3802505526897568,,,,-0.10587270636846305,0.8995391463929702,0.6605147005113933,1.2250608128280953,LOWER_RISK,0.10587270636846305,0.0,False,OBSERVED DESCRIPTIVE,False,One-versus-rest descriptive odds ratio with 0.5 continuity correction; not adjusted or causal.,-0.025250552689756844
UNIVARIATE_ASSOCIATION,discontinued_within_12_months,provider_specialty,categorical,medical_oncology,1210,458,0.3785123966942149,347.0,0.37175792507204614,,,,0.027664428469541202,1.0280506420041304,0.8035058954300932,1.3153458220233512,HIGHER_RISK,0.027664428469541202,0.0,False,OBSERVED DESCRIPTIVE,False,One-versus-rest descriptive odds ratio with 0.5 continuity correction; not adjusted or causal.,0.006754471622168745
UNIVARIATE_ASSOCIATION,discontinued_within_12_months,provider_specialty,categorical,urology,347,129,0.37175792507204614,1210.0,0.3785123966942149,,,,-0.02766442846954116,0.9727147274092965,0.7602563396306946,1.2445459400950996,LOWER_RISK,0.02766442846954116,0.0,False,OBSERVED DESCRIPTIVE,False,One-versus-rest descriptive odds ratio with 0.5 continuity correction; not adjusted or causal.,-0.006754471622168745
UNIVARIATE_ASSOCIATION,discontinued_within_12_months,provider_volume_band,categorical,HIGH_GE_300,425,151,0.3552941176470588,1132.0,0.38515901060070673,,,,-0.12708621805995798,0.8806577407219625,0.698548390932435,1.110242420368734,LOWER_RISK,0.12708621805995798,0.0,False,OBSERVED DESCRIPTIVE,False,One-versus-rest descriptive odds ratio with 0.5 continuity correction; not adjusted or causal.,-0.029864892953647915
UNIVARIATE_ASSOCIATION,discontinued_within_12_months,provider_volume_band,categorical,LOW_LT_150,531,201,0.3785310734463277,1026.0,0.3762183235867446,,,,0.01029997540430899,1.010353202740761,0.814134005908093,1.2538643354540726,HIGHER_RISK,0.01029997540430899,0.0,False,OBSERVED DESCRIPTIVE,False,One-versus-rest descriptive odds ratio with 0.5 continuity correction; not adjusted or causal.,0.0023127498595830742
UNIVARIATE_ASSOCIATION,discontinued_within_12_months,provider_volume_band,categorical,MEDIUM_150_299,601,235,0.3910149750415973,956.0,0.3682008368200837,,,,0.09706343993229036,1.1019302777858409,0.8933189248969088,1.359257375232824,HIGHER_RISK,0.09706343993229036,0.0,False,OBSERVED DESCRIPTIVE,False,One-versus-rest descriptive odds ratio with 0.5 continuity correction; not adjusted or causal.,0.022814138221513625
UNIVARIATE_ASSOCIATION,discontinued_within_12_months,referral_proxy,categorical,COMPLETED_BY_INDEX,1210,458,0.3785123966942149,347.0,0.37175792507204614,,,,0.027664428469541202,1.0280506420041304,0.8035058954300932,1.3153458220233512,HIGHER_RISK,0.027664428469541202,0.0,False,OBSERVED DESCRIPTIVE,False,One-versus-rest descriptive odds ratio with 0.5 continuity correction; not adjusted or causal.,0.006754471622168745
UNIVARIATE_ASSOCIATION,discontinued_within_12_months,referral_proxy,categorical,NO_PRE_INDEX_REFERRAL,44,12,0.2727272727272727,1513.0,0.380039656311963,,,,-0.46646781716281016,0.6272137940252623,0.3240045736341537,1.2141715748116704,LOWER_RISK,0.46646781716281016,0.0,False,OBSERVED DESCRIPTIVE,False,One-versus-rest descriptive odds ratio with 0.5 continuity correction; not adjusted or causal.,-0.10731238358469031
UNIVARIATE_ASSOCIATION,discontinued_within_12_months,referral_proxy,categorical,RECORDED_NOT_COMPLETED_BY_INDEX,303,117,0.38613861386138615,1254.0,0.3748006379585327,,,,0.04925770764799639,1.050491035433755,0.8119339458473973,1.359139399418695,HIGHER_RISK,0.04925770764799639,0.0,False,OBSERVED DESCRIPTIVE,False,One-versus-rest descriptive odds ratio with 0.5 continuity correction; not adjusted or causal.,0.011337975902853459
UNIVARIATE_ASSOCIATION,discontinued_within_12_months,prior_hospitalization,categorical,NO,1557,587,0.37700706486833657,0.0,,,,,0.0,1.0,1.0,1.0,NO_VARIATION,0.0,0.0,False,NOT VERIFIED,False,Feature has one observed level and cannot estimate an association.,
UNIVARIATE_ASSOCIATION,discontinued_within_12_months,insurance_type,categorical,MISSING,48,18,0.375,1509.0,0.3770709078860172,,,,0.0016969143247614704,1.0016983548986025,0.5569990231731824,1.8014386964096867,HIGHER_RISK,0.0016969143247614704,0.030828516377649325,False,OBSERVED DESCRIPTIVE,False,One-versus-rest descriptive odds ratio with 0.5 continuity correction; not adjusted or causal.,-0.0020709078860172148
UNIVARIATE_ASSOCIATION,discontinued_within_12_months,insurance_type,categorical,commercial,107,34,0.3177570093457944,1450.0,0.3813793103448276,,,,-0.27297471396773454,0.7611120328890364,0.5010189286223112,1.1562268279990984,LOWER_RISK,0.27297471396773454,0.030828516377649325,False,OBSERVED DESCRIPTIVE,False,One-versus-rest descriptive odds ratio with 0.5 continuity correction; not adjusted or causal.,-0.06362230099903321
UNIVARIATE_ASSOCIATION,discontinued_within_12_months,insurance_type,categorical,complementary,13,6,0.46153846153846156,1544.0,0.37629533678756477,,,,0.3618606722550286,1.4359988535396961,0.49981508185307133,4.125711252493791,HIGHER_RISK,0.3618606722550286,0.030828516377649325,True,NOT VERIFIED,False,One-versus-rest descriptive odds ratio with 0.5 continuity correction; not adjusted or causal.,0.08524312475089679
UNIVARIATE_ASSOCIATION,discontinued_within_12_months,insurance_type,categorical,employee_health,104,42,0.40384615384615385,1453.0,0.3750860289057123,,,,0.1244296017511157,1.1325022914757104,0.7561917569245399,1.6960796364852748,HIGHER_RISK,0.1244296017511157,0.030828516377649325,False,OBSERVED DESCRIPTIVE,False,One-versus-rest descriptive odds ratio with 0.5 continuity correction; not adjusted or causal.,0.028760124940441556
UNIVARIATE_ASSOCIATION,discontinued_within_12_months,insurance_type,categorical,medicaid,40,15,0.375,1517.0,0.3770599868160844,,,,0.0038627244309379933,1.003870194365956,0.5294699121826607,1.9033288652456595,HIGHER_RISK,0.0038627244309379933,0.030828516377649325,False,OBSERVED DESCRIPTIVE,False,One-versus-rest descriptive odds ratio with 0.5 continuity correction; not adjusted or causal.,-0.0020599868160843804
UNIVARIATE_ASSOCIATION,discontinued_within_12_months,insurance_type,categorical,medicare,266,102,0.38345864661654133,1291.0,0.3756777691711851,,,,0.034476838206920206,1.0350780538347644,0.7892697844547282,1.357440255071385,HIGHER_RISK,0.034476838206920206,0.030828516377649325,False,OBSERVED DESCRIPTIVE,False,One-versus-rest descriptive odds ratio with 0.5 continuity correction; not adjusted or causal.,0.007780877445356216
UNIVARIATE_ASSOCIATION,discontinued_within_12_months,insurance_type,categorical,medicare_public,51,15,0.29411764705882354,1506.0,0.3798140770252324,,,,-0.36647334519602215,0.6931746126697373,0.37918635833065034,1.2671633171751722,LOWER_RISK,0.36647334519602215,0.030828516377649325,False,OBSERVED DESCRIPTIVE,False,One-versus-rest descriptive odds ratio with 0.5 continuity correction; not adjusted or causal.,-0.08569642996640886
UNIVARIATE_ASSOCIATION,discontinued_within_12_months,insurance_type,categorical,national_health_insurance,140,52,0.37142857142857144,1417.0,0.37755822159491886,,,,-0.022631483496657376,0.9776226874930763,0.6834829803613964,1.3983466253919412,LOWER_RISK,0.022631483496657376,0.030828516377649325,False,OBSERVED DESCRIPTIVE,False,One-versus-rest descriptive odds ratio with 0.5 continuity correction; not adjusted or causal.,-0.006129650166347422
UNIVARIATE_ASSOCIATION,discontinued_within_12_months,insurance_type,categorical,other,63,24,0.38095238095238093,1494.0,0.3768406961178046,,,,0.025001302205417186,1.0253164556962024,0.6127627346617333,1.7156295167031708,HIGHER_RISK,0.025001302205417186,0.030828516377649325,False,OBSERVED DESCRIPTIVE,False,One-versus-rest descriptive odds ratio with 0.5 continuity correction; not adjusted or causal.,0.004111684834576357
UNIVARIATE_ASSOCIATION,discontinued_within_12_months,insurance_type,categorical,private,62,15,0.24193548387096775,1495.0,0.3826086956521739,,,,-0.6417316229044946,0.526380142495978,0.29391167302011906,0.9427187820305439,LOWER_RISK,0.6417316229044946,0.030828516377649325,False,ASSOCIATED,False,One-versus-rest descriptive odds ratio with 0.5 continuity correction; not adjusted or causal.,-0.14067321178120618
UNIVARIATE_ASSOCIATION,discontinued_within_12_months,insurance_type,categorical,private_supplemental,15,8,0.5333333333333333,1542.0,0.3754863813229572,,,,0.6335699680286208,1.8843255680184068,0.7020569115328826,5.057542754668239,HIGHER_RISK,0.6335699680286208,0.030828516377649325,True,NOT VERIFIED,False,One-versus-rest descriptive odds ratio with 0.5 continuity correction; not adjusted or causal.,0.15784695201037613
UNIVARIATE_ASSOCIATION,discontinued_within_12_months,insurance_type,categorical,provincial_public,84,30,0.35714285714285715,1473.0,0.3781398506449423,,,,-0.08337445411034652,0.9200065824659563,0.5833761751857025,1.4508856339758056,LOWER_RISK,0.08337445411034652,0.030828516377649325,False,OBSERVED DESCRIPTIVE,False,One-versus-rest descriptive odds ratio with 0.5 continuity correction; not adjusted or causal.,-0.02099699350208517
UNIVARIATE_ASSOCIATION,discontinued_within_12_months,insurance_type,categorical,public,138,51,0.3695652173913043,1419.0,0.3777307963354475,,,,-0.031232256004880332,0.9692504326987086,0.6758414031360143,1.3900397296280598,LOWER_RISK,0.031232256004880332,0.030828516377649325,False,OBSERVED DESCRIPTIVE,False,One-versus-rest descriptive odds ratio with 0.5 continuity correction; not adjusted or causal.,-0.00816557894414316
UNIVARIATE_ASSOCIATION,discontinued_within_12_months,insurance_type,categorical,rural,52,22,0.4230769230769231,1505.0,0.3754152823920266,,,,0.2044899787819185,1.2268991607600992,0.7046177847168005,2.136309334398702,HIGHER_RISK,0.2044899787819185,0.030828516377649325,False,OBSERVED DESCRIPTIVE,False,One-versus-rest descriptive odds ratio with 0.5 continuity correction; not adjusted or causal.,0.04766164068489648
UNIVARIATE_ASSOCIATION,discontinued_within_12_months,insurance_type,categorical,self_pay_other,23,10,0.43478260869565216,1534.0,0.37614080834419816,,,,0.25430285037794637,1.2895622895622896,0.5719098304032032,2.9077501561543713,HIGHER_RISK,0.25430285037794637,0.030828516377649325,True,NOT VERIFIED,False,One-versus-rest descriptive odds ratio with 0.5 continuity correction; not adjusted or causal.,0.058641800351454
UNIVARIATE_ASSOCIATION,discontinued_within_12_months,insurance_type,categorical,statutory,216,91,0.4212962962962963,1341.0,0.3698732289336316,,,,0.21637789856304485,1.2415714784367065,0.9277834118308496,1.6614866319129127,HIGHER_RISK,0.21637789856304485,0.030828516377649325,False,OBSERVED DESCRIPTIVE,False,One-versus-rest descriptive odds ratio with 0.5 continuity correction; not adjusted or causal.,0.051423067362664665
UNIVARIATE_ASSOCIATION,discontinued_within_12_months,insurance_type,categorical,urban_employee,81,32,0.3950617283950617,1476.0,0.37601626016260165,,,,0.08540158779124053,1.0891543699824529,0.6911100713603535,1.7164519673644638,HIGHER_RISK,0.08540158779124053,0.030828516377649325,False,OBSERVED DESCRIPTIVE,False,One-versus-rest descriptive odds ratio with 0.5 continuity correction; not adjusted or causal.,0.01904546823246006
UNIVARIATE_ASSOCIATION,discontinued_within_12_months,insurance_type,categorical,urban_resident,54,20,0.37037037037037035,1503.0,0.3772455089820359,,,,-0.019625665364366062,0.9805656643044117,0.5621096777281144,1.7105363243324598,LOWER_RISK,0.019625665364366062,0.030828516377649325,False,OBSERVED DESCRIPTIVE,False,One-versus-rest descriptive odds ratio with 0.5 continuity correction; not adjusted or causal.,-0.006875138611665554
UNIVARIATE_ASSOCIATION,discontinued_within_12_months,calendar_period,categorical,2019_2020,527,209,0.396584440227704,1030.0,0.36699029126213595,,,,0.12569633066931948,1.1339377738698366,0.9141205436635746,1.406614131934553,HIGHER_RISK,0.12569633066931948,0.0,False,OBSERVED DESCRIPTIVE,False,One-versus-rest descriptive odds ratio with 0.5 continuity correction; not adjusted or causal.,0.029594148965568057
UNIVARIATE_ASSOCIATION,discontinued_within_12_months,calendar_period,categorical,2021_2022,529,188,0.3553875236294896,1028.0,0.38813229571984437,,,,-0.13953758384470683,0.8697603336527907,0.6996795763082503,1.081184964676657,LOWER_RISK,0.13953758384470683,0.0,False,OBSERVED DESCRIPTIVE,False,One-versus-rest descriptive odds ratio with 0.5 continuity correction; not adjusted or causal.,-0.03274477209035476
UNIVARIATE_ASSOCIATION,discontinued_within_12_months,calendar_period,categorical,2023_2024,501,190,0.37924151696606784,1056.0,0.3759469696969697,,,,0.014539894402230453,1.01464611284412,0.8150372361263208,1.2631407360020563,HIGHER_RISK,0.014539894402230453,0.0,False,OBSERVED DESCRIPTIVE,False,One-versus-rest descriptive odds ratio with 0.5 continuity correction; not adjusted or causal.,0.0032945472690981137
UNIVARIATE_ASSOCIATION,discontinued_within_12_months,age_band,categorical,65_74,685,267,0.3897810218978102,872.0,0.3669724770642202,,,,0.09701383343771433,1.1018756162432877,0.896647158685698,1.3540776457165067,HIGHER_RISK,0.09701383343771433,0.0,False,OBSERVED DESCRIPTIVE,False,One-versus-rest descriptive odds ratio with 0.5 continuity correction; not adjusted or causal.,0.022808544833590016
UNIVARIATE_ASSOCIATION,discontinued_within_12_months,age_band,categorical,GE_75,429,164,0.3822843822843823,1128.0,0.375,,,,0.031648986724192564,1.032155141554217,0.8210857509203329,1.2974823092992296,HIGHER_RISK,0.031648986724192564,0.0,False,OBSERVED DESCRIPTIVE,False,One-versus-rest descriptive odds ratio with 0.5 continuity correction; not adjusted or causal.,0.007284382284382274
UNIVARIATE_ASSOCIATION,discontinued_within_12_months,age_band,categorical,LT_65,443,156,0.35214446952595935,1114.0,0.3868940754039497,,,,-0.14820770461667565,0.8622520026197793,0.6857864512160073,1.0841254077031057,LOWER_RISK,0.14820770461667565,0.0,False,OBSERVED DESCRIPTIVE,False,One-versus-rest descriptive odds ratio with 0.5 continuity correction; not adjusted or causal.,-0.034749605877990364
UNIVARIATE_ASSOCIATION,switched_treatment,age_at_index,numeric,PER_SD,1074,104,0.09683426443202979,970.0,0.0,69.61538461538461,69.11958762886599,0.060040487850966134,0.060181114257523954,1.0620288776995304,0.8671259569369408,1.3007399075584904,HIGHER_RISK,0.060181114257523954,0.0,False,OBSERVED DESCRIPTIVE,False,Univariate association; confounding and synthetic generation effects remain.,
UNIVARIATE_ASSOCIATION,switched_treatment,comorbidity_score,numeric,PER_SD,1074,104,0.09683426443202979,970.0,0.0,1.8076923076923077,1.6268041237113402,0.1370807272338216,0.13206720295681626,1.1411850076971533,0.9388894860225085,1.3870676380771942,HIGHER_RISK,0.13206720295681626,0.0,False,OBSERVED DESCRIPTIVE,False,Univariate association; confounding and synthetic generation effects remain.,
UNIVARIATE_ASSOCIATION,switched_treatment,frailty_proxy,numeric,PER_SD,1074,104,0.09683426443202979,970.0,0.0,0.31606730769230773,0.30871134020618557,0.044269655448170186,0.04389268971668062,1.0448702235524072,0.8550041050400029,1.2768988799362289,HIGHER_RISK,0.04389268971668062,0.0,False,OBSERVED DESCRIPTIVE,False,Univariate association; confounding and synthetic generation effects remain.,
UNIVARIATE_ASSOCIATION,switched_treatment,access_index,numeric,PER_SD,1074,104,0.09683426443202979,970.0,0.0,0.6878076923076922,0.6756237113402062,0.0760938636616391,0.07684207945524477,1.0798715290263587,0.8803467236174323,1.3246173216957207,HIGHER_RISK,0.07684207945524477,0.0,False,OBSERVED DESCRIPTIVE,False,Univariate association; confounding and synthetic generation effects remain.,
UNIVARIATE_ASSOCIATION,switched_treatment,prior_healthcare_utilization_180d,numeric,PER_SD,1074,104,0.09683426443202979,970.0,0.0,2.3076923076923075,2.2938144329896906,0.02637115771184793,0.026327210220929452,1.0266768326713156,0.8389700149125511,1.2563802043078662,HIGHER_RISK,0.026327210220929452,0.0,False,OBSERVED DESCRIPTIVE,False,Univariate association; confounding and synthetic generation effects remain.,
UNIVARIATE_ASSOCIATION,switched_treatment,prior_treatment_count,numeric,PER_SD,1074,104,0.09683426443202979,,,,,,,1.0,1.0,1.0,NO_VARIATION,0.0,0.0,,NOT VERIFIED,,Feature has zero variance in this target risk set.,
UNIVARIATE_ASSOCIATION,switched_treatment,time_since_diagnosis_days,numeric,PER_SD,1074,104,0.09683426443202979,970.0,0.0,52.20192307692308,48.95876288659794,0.1582638611136941,0.15460068238807925,1.1671917877983566,0.9577564370529493,1.4224249681848993,HIGHER_RISK,0.15460068238807925,0.0,False,OBSERVED DESCRIPTIVE,False,Univariate association; confounding and synthetic generation effects remain.,
UNIVARIATE_ASSOCIATION,switched_treatment,time_since_metastasis_days,numeric,PER_SD,1074,104,0.09683426443202979,970.0,0.0,52.20192307692308,48.95876288659794,0.1582638611136941,0.15460068238807925,1.1671917877983566,0.9577564370529493,1.4224249681848993,HIGHER_RISK,0.15460068238807925,0.0,False,OBSERVED DESCRIPTIVE,False,Univariate association; confounding and synthetic generation effects remain.,
UNIVARIATE_ASSOCIATION,switched_treatment,prior_treatment_status,categorical,NO_PRIOR_TREATMENT,1074,104,0.09683426443202979,0.0,,,,,0.0,1.0,1.0,1.0,NO_VARIATION,0.0,0.0,False,NOT VERIFIED,False,Feature has one observed level and cannot estimate an association.,
UNIVARIATE_ASSOCIATION,switched_treatment,disease_state,categorical,mHSPC,1074,104,0.09683426443202979,0.0,,,,,0.0,1.0,1.0,1.0,NO_VARIATION,0.0,0.0,False,NOT VERIFIED,False,Feature has one observed level and cannot estimate an association.,
UNIVARIATE_ASSOCIATION,switched_treatment,metastatic_site,categorical,bone,562,59,0.10498220640569395,512.0,0.087890625,,,,0.1940796231648041,1.2141929569933543,0.8090225438977693,1.8222786842372074,HIGHER_RISK,0.1940796231648041,0.0,False,OBSERVED DESCRIPTIVE,False,One-versus-rest descriptive odds ratio with 0.5 continuity correction; not adjusted or causal.,0.017091581405693945
UNIVARIATE_ASSOCIATION,switched_treatment,metastatic_site,categorical,lymph_node,194,15,0.07731958762886598,880.0,0.10113636363636364,,,,-0.2696439299628755,0.7636513593003532,0.4348769516245514,1.3409848380852982,LOWER_RISK,0.2696439299628755,0.0,False,OBSERVED DESCRIPTIVE,False,One-versus-rest descriptive odds ratio with 0.5 continuity correction; not adjusted or causal.,-0.023816776007497653
UNIVARIATE_ASSOCIATION,switched_treatment,metastatic_site,categorical,multiple,203,18,0.08866995073891626,871.0,0.09873708381171067,,,,-0.09910810620536846,0.9056447969088388,0.5347007481148712,1.5339280916656726,LOWER_RISK,0.09910810620536846,0.0,False,OBSERVED DESCRIPTIVE,False,One-versus-rest descriptive odds ratio with 0.5 continuity correction; not adjusted or causal.,-0.010067133072794415
UNIVARIATE_ASSOCIATION,switched_treatment,metastatic_site,categorical,unknown,26,2,0.07692307692307693,1048.0,0.09732824427480916,,,,-0.05947421360561155,0.9422598307615729,0.25242029049127357,3.517362201504646,LOWER_RISK,0.05947421360561155,0.0,True,NOT VERIFIED,False,One-versus-rest descriptive odds ratio with 0.5 continuity correction; not adjusted or causal.,-0.02040516735173223
UNIVARIATE_ASSOCIATION,switched_treatment,metastatic_site,categorical,visceral,89,10,0.11235955056179775,985.0,0.09543147208121827,,,,0.2199238383066895,1.2459818308874913,0.6327486578776108,2.4535345963578967,HIGHER_RISK,0.2199238383066895,0.0,False,OBSERVED DESCRIPTIVE,False,One-versus-rest descriptive odds ratio with 0.5 continuity correction; not adjusted or causal.,0.016928078480579478
UNIVARIATE_ASSOCIATION,switched_treatment,market_code,categorical,AU,63,5,0.07936507936507936,1011.0,0.09792284866468842,,,,-0.1482482207072861,0.862217068247219,0.351144376283851,2.11712994137739,LOWER_RISK,0.1482482207072861,0.0,False,OBSERVED DESCRIPTIVE,False,One-versus-rest descriptive odds ratio with 0.5 continuity correction; not adjusted or causal.,-0.01855776929960906
UNIVARIATE_ASSOCIATION,switched_treatment,market_code,categorical,CA,73,7,0.0958904109589041,1001.0,0.0969030969030969,,,,0.04523099971200457,1.0462695199537304,0.4780144184229915,2.290056253942397,HIGHER_RISK,0.04523099971200457,0.0,False,OBSERVED DESCRIPTIVE,False,One-versus-rest descriptive odds ratio with 0.5 continuity correction; not adjusted or causal.,-0.0010126859441927927
UNIVARIATE_ASSOCIATION,switched_treatment,market_code,categorical,CN,146,15,0.10273972602739725,928.0,0.09590517241379311,,,,0.10040102354416762,1.1056142065127346,0.6254407159578307,1.9544342772292438,HIGHER_RISK,0.10040102354416762,0.0,False,OBSERVED DESCRIPTIVE,False,One-versus-rest descriptive odds ratio with 0.5 continuity correction; not adjusted or causal.,0.006834553613604147
UNIVARIATE_ASSOCIATION,switched_treatment,market_code,categorical,DE,187,18,0.0962566844919786,887.0,0.09695603156708005,,,,0.011258363375548235,1.0113219772537385,0.5960439206529674,1.7159341891382132,HIGHER_RISK,0.011258363375548235,0.0,False,OBSERVED DESCRIPTIVE,False,One-versus-rest descriptive odds ratio with 0.5 continuity correction; not adjusted or causal.,-0.0006993470751014419
UNIVARIATE_ASSOCIATION,switched_treatment,market_code,categorical,FR,109,10,0.09174311926605505,965.0,0.09740932642487046,,,,-0.0271663565406909,0.9731993299832495,0.4977583732203097,1.9027644472404452,LOWER_RISK,0.0271663565406909,0.0,False,OBSERVED DESCRIPTIVE,False,One-versus-rest descriptive odds ratio with 0.5 continuity correction; not adjusted or causal.,-0.005666207158815412
UNIVARIATE_ASSOCIATION,switched_treatment,market_code,categorical,JP,175,12,0.06857142857142857,899.0,0.10233592880978866,,,,-0.40434993545062053,0.6674105297958509,0.3611562525358597,1.2333631555725326,LOWER_RISK,0.40434993545062053,0.0,False,OBSERVED DESCRIPTIVE,False,One-versus-rest descriptive odds ratio with 0.5 continuity correction; not adjusted or causal.,-0.033764500238360085
UNIVARIATE_ASSOCIATION,switched_treatment,market_code,categorical,US,321,37,0.11526479750778816,753.0,0.08897742363877822,,,,0.2930863067395211,1.3405584846709626,0.8786645740499021,2.0452594811467213,HIGHER_RISK,0.2930863067395211,0.0,False,OBSERVED DESCRIPTIVE,False,One-versus-rest descriptive odds ratio with 0.5 continuity correction; not adjusted or causal.,0.026287373869009936
UNIVARIATE_ASSOCIATION,switched_treatment,care_setting,categorical,academic_oncology,357,36,0.10084033613445378,717.0,0.09483960948396095,,,,0.07368380775324641,1.0764663813556437,0.7049487228503567,1.64377894820996,HIGHER_RISK,0.07368380775324641,0.0,False,OBSERVED DESCRIPTIVE,False,One-versus-rest descriptive odds ratio with 0.5 continuity correction; not adjusted or causal.,0.006000726650492838
UNIVARIATE_ASSOCIATION,switched_treatment,care_setting,categorical,community_oncology,446,38,0.08520179372197309,628.0,0.10509554140127389,,,,-0.22664448658955227,0.7972041486826,0.5254404253507564,1.20952713954679,LOWER_RISK,0.22664448658955227,0.0,False,OBSERVED DESCRIPTIVE,False,One-versus-rest descriptive odds ratio with 0.5 continuity correction; not adjusted or causal.,-0.0198937476793008
UNIVARIATE_ASSOCIATION,switched_treatment,care_setting,categorical,community_urology,122,10,0.08196721311475409,952.0,0.09873949579831932,,,,-0.164991118643164,0.8479012345679012,0.4350997824374431,1.6523485706066445,LOWER_RISK,0.164991118643164,0.0,False,OBSERVED DESCRIPTIVE,False,One-versus-rest descriptive odds ratio with 0.5 continuity correction; not adjusted or causal.,-0.01677228268356523
UNIVARIATE_ASSOCIATION,switched_treatment,care_setting,categorical,mixed_pathway,149,20,0.1342281879194631,925.0,0.09081081081081081,,,,0.4551784842725026,1.5764547303008842,0.9402335454550249,2.64318320559954,HIGHER_RISK,0.4551784842725026,0.0,False,OBSERVED DESCRIPTIVE,False,One-versus-rest descriptive odds ratio with 0.5 continuity correction; not adjusted or causal.,0.043417377108652275
UNIVARIATE_ASSOCIATION,switched_treatment,provider_specialty,categorical,medical_oncology,829,77,0.09288299155609167,245.0,0.11020408163265306,,,,-0.20052305040061022,0.8183026276049532,0.5163844417849092,1.2967454790671031,LOWER_RISK,0.20052305040061022,0.0,False,OBSERVED DESCRIPTIVE,False,One-versus-rest descriptive odds ratio with 0.5 continuity correction; not adjusted or causal.,-0.017321090076561393
UNIVARIATE_ASSOCIATION,switched_treatment,provider_specialty,categorical,urology,245,27,0.11020408163265306,829.0,0.09288299155609167,,,,0.20052305040061033,1.2220417804680004,0.7711613544389714,1.936541690805883,HIGHER_RISK,0.20052305040061033,0.0,False,OBSERVED DESCRIPTIVE,False,One-versus-rest descriptive odds ratio with 0.5 continuity correction; not adjusted or causal.,0.017321090076561393
UNIVARIATE_ASSOCIATION,switched_treatment,provider_volume_band,categorical,HIGH_GE_300,302,28,0.09271523178807947,772.0,0.09844559585492228,,,,-0.05627012128761026,0.9452837601342905,0.6013912861817774,1.4858236354683956,LOWER_RISK,0.05627012128761026,0.0,False,OBSERVED DESCRIPTIVE,False,One-versus-rest descriptive odds ratio with 0.5 continuity correction; not adjusted or causal.,-0.005730364066842811
UNIVARIATE_ASSOCIATION,switched_treatment,provider_volume_band,categorical,LOW_LT_150,359,29,0.0807799442896936,715.0,0.1048951048951049,,,,-0.2780999308641569,0.7572211479696627,0.48486329590160254,1.182568100697924,LOWER_RISK,0.2780999308641569,0.0,False,OBSERVED DESCRIPTIVE,False,One-versus-rest descriptive odds ratio with 0.5 continuity correction; not adjusted or causal.,-0.0241151606054113
UNIVARIATE_ASSOCIATION,switched_treatment,provider_volume_band,categorical,MEDIUM_150_299,413,47,0.11380145278450363,661.0,0.08623298033282904,,,,0.309347911965432,1.3625363307432232,0.9082219061832785,2.0441097489015694,HIGHER_RISK,0.309347911965432,0.0,False,OBSERVED DESCRIPTIVE,False,One-versus-rest descriptive odds ratio with 0.5 continuity correction; not adjusted or causal.,0.027568472451674583
UNIVARIATE_ASSOCIATION,switched_treatment,referral_proxy,categorical,COMPLETED_BY_INDEX,829,77,0.09288299155609167,245.0,0.11020408163265306,,,,-0.20052305040061022,0.8183026276049532,0.5163844417849092,1.2967454790671031,LOWER_RISK,0.20052305040061022,0.0,False,OBSERVED DESCRIPTIVE,False,One-versus-rest descriptive odds ratio with 0.5 continuity correction; not adjusted or causal.,-0.017321090076561393
UNIVARIATE_ASSOCIATION,switched_treatment,referral_proxy,categorical,NO_PRE_INDEX_REFERRAL,35,3,0.08571428571428572,1039.0,0.09720885466794996,,,,-0.0042530632956022845,0.9957559681697613,0.32441061481312966,3.056404146075337,LOWER_RISK,0.0042530632956022845,0.0,True,NOT VERIFIED,False,One-versus-rest descriptive odds ratio with 0.5 continuity correction; not adjusted or causal.,-0.011494568953664241
UNIVARIATE_ASSOCIATION,switched_treatment,referral_proxy,categorical,RECORDED_NOT_COMPLETED_BY_INDEX,210,24,0.11428571428571428,864.0,0.09259259259259259,,,,0.24703126621538066,1.2802191397598788,0.7924945760322325,2.06810380206421,HIGHER_RISK,0.24703126621538066,0.0,False,OBSERVED DESCRIPTIVE,False,One-versus-rest descriptive odds ratio with 0.5 continuity correction; not adjusted or causal.,0.021693121693121695
UNIVARIATE_ASSOCIATION,switched_treatment,prior_hospitalization,categorical,NO,1074,104,0.09683426443202979,0.0,,,,,0.0,1.0,1.0,1.0,NO_VARIATION,0.0,0.0,False,NOT VERIFIED,False,Feature has one observed level and cannot estimate an association.,
UNIVARIATE_ASSOCIATION,switched_treatment,insurance_type,categorical,MISSING,36,6,0.16666666666666666,1038.0,0.09441233140655106,,,,0.7104305938512673,2.0348672713655653,0.8509679473369864,4.865852850313074,HIGHER_RISK,0.7104305938512673,0.0335195530726257,False,OBSERVED DESCRIPTIVE,False,One-versus-rest descriptive odds ratio with 0.5 continuity correction; not adjusted or causal.,0.0722543352601156
UNIVARIATE_ASSOCIATION,switched_treatment,insurance_type,categorical,commercial,84,11,0.13095238095238096,990.0,0.09393939393939393,,,,0.406713313218206,1.5018734766633925,0.7785557355708499,2.89719006212333,HIGHER_RISK,0.406713313218206,0.0335195530726257,False,OBSERVED DESCRIPTIVE,False,One-versus-rest descriptive odds ratio with 0.5 continuity correction; not adjusted or causal.,0.037012987012987025
UNIVARIATE_ASSOCIATION,switched_treatment,insurance_type,categorical,complementary,8,1,0.125,1066.0,0.09662288930581614,,,,0.621562962714897,1.8618357487922705,0.3187976229053354,10.873457348551828,HIGHER_RISK,0.621562962714897,0.0335195530726257,True,NOT VERIFIED,False,One-versus-rest descriptive odds ratio with 0.5 continuity correction; not adjusted or causal.,0.02837711069418386
UNIVARIATE_ASSOCIATION,switched_treatment,insurance_type,categorical,employee_health,69,7,0.10144927536231885,1005.0,0.09651741293532339,,,,0.11167897363233324,1.118153846153846,0.5096603120489076,2.4531398543519742,HIGHER_RISK,0.11167897363233324,0.0335195530726257,False,OBSERVED DESCRIPTIVE,False,One-versus-rest descriptive odds ratio with 0.5 continuity correction; not adjusted or causal.,0.004931862426995462
UNIVARIATE_ASSOCIATION,switched_treatment,insurance_type,categorical,medicaid,30,5,0.16666666666666666,1044.0,0.09482758620689655,,,,0.7176258840080099,2.049561533155976,0.797141149009053,5.269709741386048,HIGHER_RISK,0.7176258840080099,0.0335195530726257,False,OBSERVED DESCRIPTIVE,False,One-versus-rest descriptive odds ratio with 0.5 continuity correction; not adjusted or causal.,0.07183908045977011
UNIVARIATE_ASSOCIATION,switched_treatment,insurance_type,categorical,medicare,180,16,0.08888888888888889,894.0,0.09843400447427293,,,,-0.08984884374751195,0.9140693421255989,0.526487932791611,1.5869741929007004,LOWER_RISK,0.08984884374751195,0.0335195530726257,False,OBSERVED DESCRIPTIVE,False,One-versus-rest descriptive odds ratio with 0.5 continuity correction; not adjusted or causal.,-0.00954511558538404
UNIVARIATE_ASSOCIATION,switched_treatment,insurance_type,categorical,medicare_public,39,3,0.07692307692307693,1035.0,0.09758454106280193,,,,-0.12459646367930237,0.8828530940009447,0.28929559137761557,2.6942325041160293,LOWER_RISK,0.12459646367930237,0.0335195530726257,True,NOT VERIFIED,False,One-versus-rest descriptive odds ratio with 0.5 continuity correction; not adjusted or causal.,-0.020661464139725
UNIVARIATE_ASSOCIATION,switched_treatment,insurance_type,categorical,national_health_insurance,92,4,0.043478260869565216,982.0,0.10183299389002037,,,,-0.8063240939292884,0.4464963318998229,0.16936615295711557,1.177088638545599,LOWER_RISK,0.8063240939292884,0.0335195530726257,True,NOT VERIFIED,False,One-versus-rest descriptive odds ratio with 0.5 continuity correction; not adjusted or causal.,-0.05835473302045516
UNIVARIATE_ASSOCIATION,switched_treatment,insurance_type,categorical,other,43,4,0.09302325581395349,1031.0,0.09699321047526673,,,,0.05441518741171052,1.0559229170602682,0.3897592834153,2.860671327705181,HIGHER_RISK,0.05441518741171052,0.0335195530726257,True,NOT VERIFIED,False,One-versus-rest descriptive odds ratio with 0.5 continuity correction; not adjusted or causal.,-0.003969954661313238
UNIVARIATE_ASSOCIATION,switched_treatment,insurance_type,categorical,private,50,3,0.06,1024.0,0.0986328125,,,,-0.39985474138777494,0.6704174228675136,0.22210392654908406,2.023645092042035,LOWER_RISK,0.39985474138777494,0.0335195530726257,True,NOT VERIFIED,False,One-versus-rest descriptive odds ratio with 0.5 continuity correction; not adjusted or causal.,-0.0386328125
UNIVARIATE_ASSOCIATION,switched_treatment,insurance_type,categorical,private_supplemental,7,0,0.0,1067.0,0.09746954076850985,,,,-0.4866647846526547,0.6146730462519936,0.03485578206019956,10.839606270665968,LOWER_RISK,0.4866647846526547,0.0335195530726257,True,NOT VERIFIED,False,One-versus-rest descriptive odds ratio with 0.5 continuity correction; not adjusted or causal.,-0.09746954076850985
UNIVARIATE_ASSOCIATION,switched_treatment,insurance_type,categorical,provincial_public,60,6,0.1,1014.0,0.09664694280078895,,,,0.10410699433410948,1.1097191822288455,0.4793353698757808,2.5691337230669906,HIGHER_RISK,0.10410699433410948,0.0335195530726257,False,OBSERVED DESCRIPTIVE,False,One-versus-rest descriptive odds ratio with 0.5 continuity correction; not adjusted or causal.,0.003353057199211057
UNIVARIATE_ASSOCIATION,switched_treatment,insurance_type,categorical,public,96,9,0.09375,978.0,0.09713701431492842,,,,0.004418049515992972,1.0044278234854151,0.49776863288068834,2.0267955551017387,HIGHER_RISK,0.004418049515992972,0.0335195530726257,False,OBSERVED DESCRIPTIVE,False,One-versus-rest descriptive odds ratio with 0.5 continuity correction; not adjusted or causal.,-0.0033870143149284243
UNIVARIATE_ASSOCIATION,switched_treatment,insurance_type,categorical,rural,32,2,0.0625,1042.0,0.09788867562380038,,,,-0.28488710157658864,0.7520991603358657,0.20386015466676946,2.774711654185355,LOWER_RISK,0.28488710157658864,0.0335195530726257,True,NOT VERIFIED,False,One-versus-rest descriptive odds ratio with 0.5 continuity correction; not adjusted or causal.,-0.03538867562380038
UNIVARIATE_ASSOCIATION,switched_treatment,insurance_type,categorical,self_pay_other,13,0,0.0,1061.0,0.09802073515551367,,,,-1.0806982163543937,0.3393584972532341,0.02002779848808927,5.750217115798452,LOWER_RISK,1.0806982163543937,0.0335195530726257,True,NOT VERIFIED,False,One-versus-rest descriptive odds ratio with 0.5 continuity correction; not adjusted or causal.,-0.09802073515551367
UNIVARIATE_ASSOCIATION,switched_treatment,insurance_type,categorical,statutory,140,15,0.10714285714285714,934.0,0.09528907922912205,,,,0.15422380841118774,1.1667519864675377,0.6592371232085622,2.0649780632806825,HIGHER_RISK,0.15422380841118774,0.0335195530726257,False,OBSERVED DESCRIPTIVE,False,One-versus-rest descriptive odds ratio with 0.5 continuity correction; not adjusted or causal.,0.011853777913735083
UNIVARIATE_ASSOCIATION,switched_treatment,insurance_type,categorical,urban_employee,55,6,0.10909090909090909,1019.0,0.09617271835132483,,,,0.20577573625878165,1.2284776701020357,0.528399464935235,2.856091813272939,HIGHER_RISK,0.20577573625878165,0.0335195530726257,False,OBSERVED DESCRIPTIVE,False,One-versus-rest descriptive odds ratio with 0.5 continuity correction; not adjusted or causal.,0.012918190739584251
UNIVARIATE_ASSOCIATION,switched_treatment,insurance_type,categorical,urban_resident,40,6,0.15,1034.0,0.09477756286266925,,,,0.5829358265703773,1.791289634370632,0.7554287879589141,4.24754603656723,HIGHER_RISK,0.5829358265703773,0.0335195530726257,False,OBSERVED DESCRIPTIVE,False,One-versus-rest descriptive odds ratio with 0.5 continuity correction; not adjusted or causal.,0.05522243713733074
UNIVARIATE_ASSOCIATION,switched_treatment,calendar_period,categorical,2019_2020,348,30,0.08620689655172414,726.0,0.10192837465564739,,,,-0.1758837775875175,0.8387154552063468,0.5390204929868749,1.305040576294227,LOWER_RISK,0.1758837775875175,0.0,False,OBSERVED DESCRIPTIVE,False,One-versus-rest descriptive odds ratio with 0.5 continuity correction; not adjusted or causal.,-0.015721478103923242
UNIVARIATE_ASSOCIATION,switched_treatment,calendar_period,categorical,2021_2022,374,33,0.08823529411764706,700.0,0.10142857142857142,,,,-0.1465738363953841,0.863661960294464,0.5612622532489391,1.328990106392989,LOWER_RISK,0.1465738363953841,0.0,False,OBSERVED DESCRIPTIVE,False,One-versus-rest descriptive odds ratio with 0.5 continuity correction; not adjusted or causal.,-0.013193277310924359
UNIVARIATE_ASSOCIATION,switched_treatment,calendar_period,categorical,2023_2024,352,41,0.11647727272727272,722.0,0.08725761772853186,,,,0.3247361552678681,1.383665524955448,0.9147943790772646,2.092853135894194,HIGHER_RISK,0.3247361552678681,0.0,False,OBSERVED DESCRIPTIVE,False,One-versus-rest descriptive odds ratio with 0.5 continuity correction; not adjusted or causal.,0.029219654998740865
UNIVARIATE_ASSOCIATION,switched_treatment,age_band,categorical,65_74,463,45,0.09719222462203024,611.0,0.09656301145662848,,,,0.009512556867698469,1.009557945041816,0.6724369351556232,1.5156919424141648,HIGHER_RISK,0.009512556867698469,0.0,False,OBSERVED DESCRIPTIVE,False,One-versus-rest descriptive odds ratio with 0.5 continuity correction; not adjusted or causal.,0.0006292131654017652
UNIVARIATE_ASSOCIATION,switched_treatment,age_band,categorical,GE_75,295,30,0.1016949152542373,779.0,0.09499358151476252,,,,0.08421948883872724,1.0878676424120628,0.6975956422830559,1.6964784979648446,HIGHER_RISK,0.08421948883872724,0.0,False,OBSERVED DESCRIPTIVE,False,One-versus-rest descriptive odds ratio with 0.5 continuity correction; not adjusted or causal.,0.006701333739474777
UNIVARIATE_ASSOCIATION,switched_treatment,age_band,categorical,LT_65,316,29,0.09177215189873418,758.0,0.09894459102902374,,,,-0.07373859698260579,0.9289144831557731,0.5938960139422853,1.4529178454806257,LOWER_RISK,0.07373859698260579,0.0,False,OBSERVED DESCRIPTIVE,False,One-versus-rest descriptive odds ratio with 0.5 continuity correction; not adjusted or causal.,-0.00717243913028956
UNIVARIATE_ASSOCIATION,restarted_after_gap,age_at_index,numeric,PER_SD,587,217,0.3696763202725724,370.0,0.0,69.67281105990783,69.25675675675676,0.050555385932121395,0.05061826171108412,1.0519212580071937,0.8893847459034151,1.244161582649411,HIGHER_RISK,0.05061826171108412,0.0,False,OBSERVED DESCRIPTIVE,False,Univariate association; confounding and synthetic generation effects remain.,
UNIVARIATE_ASSOCIATION,restarted_after_gap,comorbidity_score,numeric,PER_SD,587,217,0.3696763202725724,370.0,0.0,1.847926267281106,1.5405405405405406,0.23828709818369612,0.2362469636192537,1.2664870477729409,1.0711470039680921,1.4974503371008816,HIGHER_RISK,0.2362469636192537,0.0,False,ASSOCIATED,False,Univariate association; confounding and synthetic generation effects remain.,
UNIVARIATE_ASSOCIATION,restarted_after_gap,frailty_proxy,numeric,PER_SD,587,217,0.3696763202725724,370.0,0.0,0.30068663594470046,0.30965405405405405,-0.057110061425591885,-0.05730926587405875,0.9443019838244033,0.7980870497847257,1.117304480626807,LOWER_RISK,0.05730926587405875,0.0,False,OBSERVED DESCRIPTIVE,False,Univariate association; confounding and synthetic generation effects remain.,
UNIVARIATE_ASSOCIATION,restarted_after_gap,access_index,numeric,PER_SD,587,217,0.3696763202725724,370.0,0.0,0.6751198156682029,0.6652135135135135,0.05885392202723578,0.05902000978417564,1.0607964668361491,0.8966394377163969,1.2550074162675646,HIGHER_RISK,0.05902000978417564,0.0,False,OBSERVED DESCRIPTIVE,False,Univariate association; confounding and synthetic generation effects remain.,
UNIVARIATE_ASSOCIATION,restarted_after_gap,prior_healthcare_utilization_180d,numeric,PER_SD,587,217,0.3696763202725724,370.0,0.0,2.3179723502304146,2.2621621621621624,0.11227016515161187,0.11186149257503476,1.1183579490373783,0.946194034728289,1.3218477989393074,HIGHER_RISK,0.11186149257503476,0.0,False,OBSERVED DESCRIPTIVE,False,Univariate association; confounding and synthetic generation effects remain.,
UNIVARIATE_ASSOCIATION,restarted_after_gap,prior_treatment_count,numeric,PER_SD,587,217,0.3696763202725724,,,,,,,1.0,1.0,1.0,NO_VARIATION,0.0,0.0,,NOT VERIFIED,,Feature has zero variance in this target risk set.,
UNIVARIATE_ASSOCIATION,restarted_after_gap,time_since_diagnosis_days,numeric,PER_SD,587,217,0.3696763202725724,370.0,0.0,49.294930875576036,50.1945945945946,-0.04722599242537431,-0.04733620766784903,0.9537666800083793,0.8062443024748515,1.128281932786224,LOWER_RISK,0.04733620766784903,0.0,False,OBSERVED DESCRIPTIVE,False,Univariate association; confounding and synthetic generation effects remain.,
UNIVARIATE_ASSOCIATION,restarted_after_gap,time_since_metastasis_days,numeric,PER_SD,587,217,0.3696763202725724,370.0,0.0,49.294930875576036,50.1945945945946,-0.04722599242537431,-0.04733620766784903,0.9537666800083793,0.8062443024748515,1.128281932786224,LOWER_RISK,0.04733620766784903,0.0,False,OBSERVED DESCRIPTIVE,False,Univariate association; confounding and synthetic generation effects remain.,
UNIVARIATE_ASSOCIATION,restarted_after_gap,prior_treatment_status,categorical,NO_PRIOR_TREATMENT,587,217,0.3696763202725724,0.0,,,,,0.0,1.0,1.0,1.0,NO_VARIATION,0.0,0.0,False,NOT VERIFIED,False,Feature has one observed level and cannot estimate an association.,
UNIVARIATE_ASSOCIATION,restarted_after_gap,disease_state,categorical,mHSPC,587,217,0.3696763202725724,0.0,,,,,0.0,1.0,1.0,1.0,NO_VARIATION,0.0,0.0,False,NOT VERIFIED,False,Feature has one observed level and cannot estimate an association.,
UNIVARIATE_ASSOCIATION,restarted_after_gap,metastatic_site,categorical,bone,315,117,0.37142857142857144,272.0,0.36764705882352944,,,,0.015888742429252603,1.0160156396857025,0.7264504456277325,1.4210023358082435,HIGHER_RISK,0.015888742429252603,0.0,False,OBSERVED DESCRIPTIVE,False,One-versus-rest descriptive odds ratio with 0.5 continuity correction; not adjusted or causal.,0.0037815126050420034
UNIVARIATE_ASSOCIATION,restarted_after_gap,metastatic_site,categorical,lymph_node,110,43,0.39090909090909093,477.0,0.36477987421383645,,,,0.11409020907322535,1.1208532314549506,0.7334077950995362,1.712978747781787,HIGHER_RISK,0.11409020907322535,0.0,False,OBSERVED DESCRIPTIVE,False,One-versus-rest descriptive odds ratio with 0.5 continuity correction; not adjusted or causal.,0.026129216695254476
UNIVARIATE_ASSOCIATION,restarted_after_gap,metastatic_site,categorical,multiple,100,30,0.3,487.0,0.3839835728952772,,,,-0.3662171176400603,0.6933522458628841,0.43669819490416384,1.1008457155372628,LOWER_RISK,0.3662171176400603,0.0,False,OBSERVED DESCRIPTIVE,False,One-versus-rest descriptive odds ratio with 0.5 continuity correction; not adjusted or causal.,-0.08398357289527719
UNIVARIATE_ASSOCIATION,restarted_after_gap,metastatic_site,categorical,unknown,18,9,0.5,569.0,0.3655536028119508,,,,0.5503230003599633,1.7338129496402879,0.6941991261944298,4.330324298763826,HIGHER_RISK,0.5503230003599633,0.0,True,NOT VERIFIED,False,One-versus-rest descriptive odds ratio with 0.5 continuity correction; not adjusted or causal.,0.13444639718804918
UNIVARIATE_ASSOCIATION,restarted_after_gap,metastatic_site,categorical,visceral,44,18,0.4090909090909091,543.0,0.3664825046040516,,,,0.1869058532158978,1.205513784461153,0.6492182874360013,2.2384820524161704,HIGHER_RISK,0.1869058532158978,0.0,False,OBSERVED DESCRIPTIVE,False,One-versus-rest descriptive odds ratio with 0.5 continuity correction; not adjusted or causal.,0.04260840448685754
UNIVARIATE_ASSOCIATION,restarted_after_gap,market_code,categorical,AU,22,5,0.22727272727272727,565.0,0.3752212389380531,,,,-0.6485112917188872,0.5228235294117647,0.19757860500736085,1.3834718738721272,LOWER_RISK,0.6485112917188872,0.0,True,NOT VERIFIED,False,One-versus-rest descriptive odds ratio with 0.5 continuity correction; not adjusted or causal.,-0.14794851166532583
UNIVARIATE_ASSOCIATION,restarted_after_gap,market_code,categorical,CA,39,10,0.2564102564102564,548.0,0.3777372262773723,,,,-0.5347986668422046,0.5857872166632633,0.28366647482613117,1.2096835321002217,LOWER_RISK,0.5347986668422046,0.0,False,OBSERVED DESCRIPTIVE,False,One-versus-rest descriptive odds ratio with 0.5 continuity correction; not adjusted or causal.,-0.12132696986711589
UNIVARIATE_ASSOCIATION,restarted_after_gap,market_code,categorical,CN,89,31,0.34831460674157305,498.0,0.37349397590361444,,,,-0.10286597831363747,0.9022478861620953,0.5641378192479938,1.4430006645700773,LOWER_RISK,0.10286597831363747,0.0,False,OBSERVED DESCRIPTIVE,False,One-versus-rest descriptive odds ratio with 0.5 continuity correction; not adjusted or causal.,-0.025179369162041387
UNIVARIATE_ASSOCIATION,restarted_after_gap,market_code,categorical,DE,108,41,0.37962962962962965,479.0,0.3674321503131524,,,,0.055626563484370034,1.057202811877033,0.6885177633728963,1.6233100217566627,HIGHER_RISK,0.055626563484370034,0.0,False,OBSERVED DESCRIPTIVE,False,One-versus-rest descriptive odds ratio with 0.5 continuity correction; not adjusted or causal.,0.012197479316477244
UNIVARIATE_ASSOCIATION,restarted_after_gap,market_code,categorical,FR,61,22,0.36065573770491804,526.0,0.37072243346007605,,,,-0.034717932496204966,0.9658778205833792,0.5589255031717809,1.6691311435974567,LOWER_RISK,0.034717932496204966,0.0,False,OBSERVED DESCRIPTIVE,False,One-versus-rest descriptive odds ratio with 0.5 continuity correction; not adjusted or causal.,-0.010066695755158006
UNIVARIATE_ASSOCIATION,restarted_after_gap,market_code,categorical,JP,100,43,0.43,487.0,0.35728952772073924,,,,0.3068506087218271,1.359137909555251,0.8795532493496269,2.100220604671911,HIGHER_RISK,0.3068506087218271,0.0,False,OBSERVED DESCRIPTIVE,False,One-versus-rest descriptive odds ratio with 0.5 continuity correction; not adjusted or causal.,0.07271047227926075
UNIVARIATE_ASSOCIATION,restarted_after_gap,market_code,categorical,US,168,65,0.3869047619047619,419.0,0.3627684964200477,,,,0.10443350022437733,1.1100815712362397,0.7684159252230944,1.6036641802296723,HIGHER_RISK,0.10443350022437733,0.0,False,OBSERVED DESCRIPTIVE,False,One-versus-rest descriptive odds ratio with 0.5 continuity correction; not adjusted or causal.,0.024136265484714203
UNIVARIATE_ASSOCIATION,restarted_after_gap,care_setting,categorical,academic_oncology,190,66,0.3473684210526316,397.0,0.380352644836272,,,,-0.1403273997096329,0.8690736543533871,0.6063604747105705,1.2456105702662545,LOWER_RISK,0.1403273997096329,0.0,False,OBSERVED DESCRIPTIVE,False,One-versus-rest descriptive odds ratio with 0.5 continuity correction; not adjusted or causal.,-0.03298422378364041
UNIVARIATE_ASSOCIATION,restarted_after_gap,care_setting,categorical,community_oncology,253,101,0.39920948616600793,334.0,0.3473053892215569,,,,0.22178894396426538,1.248307887145571,0.8911424756123666,1.748623394972887,HIGHER_RISK,0.22178894396426538,0.0,False,OBSERVED DESCRIPTIVE,False,One-versus-rest descriptive odds ratio with 0.5 continuity correction; not adjusted or causal.,0.05190409694445103
UNIVARIATE_ASSOCIATION,restarted_after_gap,care_setting,categorical,community_urology,73,24,0.3287671232876712,514.0,0.3754863813229572,,,,-0.19557952081612578,0.8223579463889541,0.49088998674802015,1.3776459293234615,LOWER_RISK,0.19557952081612578,0.0,False,OBSERVED DESCRIPTIVE,False,One-versus-rest descriptive odds ratio with 0.5 continuity correction; not adjusted or causal.,-0.04671925803528598
UNIVARIATE_ASSOCIATION,restarted_after_gap,care_setting,categorical,mixed_pathway,71,26,0.36619718309859156,516.0,0.3701550387596899,,,,-0.010092939936804927,0.9899578228559952,0.5937906446765585,1.6504411105493302,LOWER_RISK,0.010092939936804927,0.0,False,OBSERVED DESCRIPTIVE,False,One-versus-rest descriptive odds ratio with 0.5 continuity correction; not adjusted or causal.,-0.003957855661098353
UNIVARIATE_ASSOCIATION,restarted_after_gap,provider_specialty,categorical,medical_oncology,458,174,0.3799126637554585,129.0,0.3333333333333333,,,,0.19857496391929153,1.2196634547401168,0.8092897384164415,1.8381290064784237,HIGHER_RISK,0.19857496391929153,0.0,False,OBSERVED DESCRIPTIVE,False,One-versus-rest descriptive odds ratio with 0.5 continuity correction; not adjusted or causal.,0.0465793304221252
UNIVARIATE_ASSOCIATION,restarted_after_gap,provider_specialty,categorical,urology,129,43,0.3333333333333333,458.0,0.3799126637554585,,,,-0.19857496391929141,0.8198983056461898,0.5440314561576113,1.2356514021254321,LOWER_RISK,0.19857496391929141,0.0,False,OBSERVED DESCRIPTIVE,False,One-versus-rest descriptive odds ratio with 0.5 continuity correction; not adjusted or causal.,-0.0465793304221252
UNIVARIATE_ASSOCIATION,restarted_after_gap,provider_volume_band,categorical,HIGH_GE_300,151,54,0.3576158940397351,436.0,0.3738532110091743,,,,-0.06716304480987528,0.935042735042735,0.6369075657632497,1.372734386203215,LOWER_RISK,0.06716304480987528,0.0,False,OBSERVED DESCRIPTIVE,False,One-versus-rest descriptive odds ratio with 0.5 continuity correction; not adjusted or causal.,-0.016237316969439197
UNIVARIATE_ASSOCIATION,restarted_after_gap,provider_volume_band,categorical,LOW_LT_150,201,83,0.4129353233830846,386.0,0.3471502590673575,,,,0.2797807209551446,1.3228397095038664,0.9325864400917951,1.8763996792276214,HIGHER_RISK,0.2797807209551446,0.0,False,OBSERVED DESCRIPTIVE,False,One-versus-rest descriptive odds ratio with 0.5 continuity correction; not adjusted or causal.,0.06578506431572706
UNIVARIATE_ASSOCIATION,restarted_after_gap,provider_volume_band,categorical,MEDIUM_150_299,235,80,0.3404255319148936,352.0,0.38920454545454547,,,,-0.20905155475759463,0.8113534054370067,0.5753124039344617,1.1442380592044723,LOWER_RISK,0.20905155475759463,0.0,False,OBSERVED DESCRIPTIVE,False,One-versus-rest descriptive odds ratio with 0.5 continuity correction; not adjusted or causal.,-0.04877901353965186
UNIVARIATE_ASSOCIATION,restarted_after_gap,referral_proxy,categorical,COMPLETED_BY_INDEX,458,174,0.3799126637554585,129.0,0.3333333333333333,,,,0.19857496391929153,1.2196634547401168,0.8092897384164415,1.8381290064784237,HIGHER_RISK,0.19857496391929153,0.0,False,OBSERVED DESCRIPTIVE,False,One-versus-rest descriptive odds ratio with 0.5 continuity correction; not adjusted or causal.,0.0465793304221252
UNIVARIATE_ASSOCIATION,restarted_after_gap,referral_proxy,categorical,NO_PRE_INDEX_REFERRAL,12,5,0.4166666666666667,575.0,0.36869565217391304,,,,0.22668238030526308,1.2544313725490197,0.41206640964775143,3.818797241397044,HIGHER_RISK,0.22668238030526308,0.0,True,NOT VERIFIED,False,One-versus-rest descriptive odds ratio with 0.5 continuity correction; not adjusted or causal.,0.04797101449275365
UNIVARIATE_ASSOCIATION,restarted_after_gap,referral_proxy,categorical,RECORDED_NOT_COMPLETED_BY_INDEX,117,38,0.3247863247863248,470.0,0.38085106382978723,,,,-0.24023398250433411,0.78644382544104,0.5129126385539624,1.2058464621149447,LOWER_RISK,0.24023398250433411,0.0,False,OBSERVED DESCRIPTIVE,False,One-versus-rest descriptive odds ratio with 0.5 continuity correction; not adjusted or causal.,-0.05606473904346243
UNIVARIATE_ASSOCIATION,restarted_after_gap,prior_hospitalization,categorical,NO,587,217,0.3696763202725724,0.0,,,,,0.0,1.0,1.0,1.0,NO_VARIATION,0.0,0.0,False,NOT VERIFIED,False,Feature has one observed level and cannot estimate an association.,
UNIVARIATE_ASSOCIATION,restarted_after_gap,insurance_type,categorical,MISSING,18,7,0.3888888888888889,569.0,0.36906854130052724,,,,0.10778450921172572,1.1138077042238976,0.43703698539952174,2.8385872212953145,HIGHER_RISK,0.10778450921172572,0.030664395229982964,True,NOT VERIFIED,False,One-versus-rest descriptive odds ratio with 0.5 continuity correction; not adjusted or causal.,0.019820347588361653
UNIVARIATE_ASSOCIATION,restarted_after_gap,insurance_type,categorical,commercial,34,12,0.35294117647058826,553.0,0.3707052441229656,,,,-0.05959446863782979,0.9421465260881319,0.46200324384520375,1.9212853772025522,LOWER_RISK,0.05959446863782979,0.030664395229982964,False,OBSERVED DESCRIPTIVE,False,One-versus-rest descriptive odds ratio with 0.5 continuity correction; not adjusted or causal.,-0.01776406765237737
UNIVARIATE_ASSOCIATION,restarted_after_gap,insurance_type,categorical,complementary,6,3,0.5,581.0,0.3683304647160069,,,,0.5384135802848198,1.7132867132867133,0.38567971389493166,7.610852363172121,HIGHER_RISK,0.5384135802848198,0.030664395229982964,True,NOT VERIFIED,False,One-versus-rest descriptive odds ratio with 0.5 continuity correction; not adjusted or causal.,0.1316695352839931
UNIVARIATE_ASSOCIATION,restarted_after_gap,insurance_type,categorical,employee_health,42,16,0.38095238095238093,545.0,0.3688073394495413,,,,0.06252035698133393,1.064516129032258,0.5620111842325226,2.0163203522671944,HIGHER_RISK,0.06252035698133393,0.030664395229982964,False,OBSERVED DESCRIPTIVE,False,One-versus-rest descriptive odds ratio with 0.5 continuity correction; not adjusted or causal.,0.012145041502839626
UNIVARIATE_ASSOCIATION,restarted_after_gap,insurance_type,categorical,medicaid,15,8,0.5333333333333333,572.0,0.36538461538461536,,,,0.6762187005653876,1.9664280031821797,0.7259231719531356,5.326788344963717,HIGHER_RISK,0.6762187005653876,0.030664395229982964,True,NOT VERIFIED,False,One-versus-rest descriptive odds ratio with 0.5 continuity correction; not adjusted or causal.,0.16794871794871796
UNIVARIATE_ASSOCIATION,restarted_after_gap,insurance_type,categorical,medicare,102,38,0.37254901960784315,485.0,0.36907216494845363,,,,0.01903556493994416,1.0192178963961045,0.656654563715932,1.5819658885116443,HIGHER_RISK,0.01903556493994416,0.030664395229982964,False,OBSERVED DESCRIPTIVE,False,One-versus-rest descriptive odds ratio with 0.5 continuity correction; not adjusted or causal.,0.0034768546593895167
UNIVARIATE_ASSOCIATION,restarted_after_gap,insurance_type,categorical,medicare_public,15,3,0.2,572.0,0.3741258741258741,,,,-0.759346754141284,0.46797202797202797,0.14133001051200023,1.5495493007527767,LOWER_RISK,0.759346754141284,0.030664395229982964,True,NOT VERIFIED,False,One-versus-rest descriptive odds ratio with 0.5 continuity correction; not adjusted or causal.,-0.1741258741258741
UNIVARIATE_ASSOCIATION,restarted_after_gap,insurance_type,categorical,national_health_insurance,52,25,0.4807692307692308,535.0,0.35887850467289717,,,,0.50358340542642,1.6546399055489964,0.9385552214060315,2.917072064160164,HIGHER_RISK,0.50358340542642,0.030664395229982964,False,OBSERVED DESCRIPTIVE,False,One-versus-rest descriptive odds ratio with 0.5 continuity correction; not adjusted or causal.,0.12189072609633361
UNIVARIATE_ASSOCIATION,restarted_after_gap,insurance_type,categorical,other,24,8,0.3333333333333333,563.0,0.37122557726465366,,,,-0.13730961080027443,0.8717002965212989,0.3744617068611779,2.0292099112741044,LOWER_RISK,0.13730961080027443,0.030664395229982964,True,NOT VERIFIED,False,One-versus-rest descriptive odds ratio with 0.5 continuity correction; not adjusted or causal.,-0.037892243931320346
UNIVARIATE_ASSOCIATION,restarted_after_gap,insurance_type,categorical,private,15,8,0.5333333333333333,572.0,0.36538461538461536,,,,0.6762187005653876,1.9664280031821797,0.7259231719531356,5.326788344963717,HIGHER_RISK,0.6762187005653876,0.030664395229982964,True,NOT VERIFIED,False,One-versus-rest descriptive odds ratio with 0.5 continuity correction; not adjusted or causal.,0.16794871794871796
UNIVARIATE_ASSOCIATION,restarted_after_gap,insurance_type,categorical,private_supplemental,8,1,0.125,579.0,0.37305699481865284,,,,-1.091249162903071,0.33579676674364894,0.05770664062722859,1.9540120050288214,LOWER_RISK,1.091249162903071,0.030664395229982964,True,NOT VERIFIED,False,One-versus-rest descriptive odds ratio with 0.5 continuity correction; not adjusted or causal.,-0.24805699481865284
UNIVARIATE_ASSOCIATION,restarted_after_gap,insurance_type,categorical,provincial_public,30,9,0.3,557.0,0.3734290843806104,,,,-0.3001966160921132,0.7406725782164966,0.33864455951265465,1.619975436520698,LOWER_RISK,0.3001966160921132,0.030664395229982964,False,OBSERVED DESCRIPTIVE,False,One-versus-rest descriptive odds ratio with 0.5 continuity correction; not adjusted or causal.,-0.07342908438061041
UNIVARIATE_ASSOCIATION,restarted_after_gap,insurance_type,categorical,public,51,17,0.3333333333333333,536.0,0.373134328358209,,,,-0.1609745407696871,0.8513137446239474,0.46664834875623074,1.5530647300420148,LOWER_RISK,0.1609745407696871,0.030664395229982964,False,OBSERVED DESCRIPTIVE,False,One-versus-rest descriptive odds ratio with 0.5 continuity correction; not adjusted or causal.,-0.03980099502487566
UNIVARIATE_ASSOCIATION,restarted_after_gap,insurance_type,categorical,rural,22,9,0.4090909090909091,565.0,0.368141592920354,,,,0.18779843405731755,1.2065902833288924,0.5170494281268395,2.8157078078549844,HIGHER_RISK,0.18779843405731755,0.030664395229982964,True,NOT VERIFIED,False,One-versus-rest descriptive odds ratio with 0.5 continuity correction; not adjusted or causal.,0.04094931617055514
UNIVARIATE_ASSOCIATION,restarted_after_gap,insurance_type,categorical,self_pay_other,10,3,0.3,577.0,0.3708838821490468,,,,-0.23467049344139432,0.7908313908313909,0.2198899656984019,2.844214772319906,LOWER_RISK,0.23467049344139432,0.030664395229982964,True,NOT VERIFIED,False,One-versus-rest descriptive odds ratio with 0.5 continuity correction; not adjusted or causal.,-0.07088388214904678
UNIVARIATE_ASSOCIATION,restarted_after_gap,insurance_type,categorical,statutory,91,34,0.37362637362637363,496.0,0.3689516129032258,,,,0.024759068812359668,1.025068119891008,0.6472845076517679,1.6233428082944112,HIGHER_RISK,0.024759068812359668,0.030664395229982964,False,OBSERVED DESCRIPTIVE,False,One-versus-rest descriptive odds ratio with 0.5 continuity correction; not adjusted or causal.,0.004674760723147819
UNIVARIATE_ASSOCIATION,restarted_after_gap,insurance_type,categorical,urban_employee,32,11,0.34375,555.0,0.37117117117117115,,,,-0.09950275049163518,0.9052874598794978,0.4334708001707181,1.8906588049121271,LOWER_RISK,0.09950275049163518,0.030664395229982964,False,OBSERVED DESCRIPTIVE,False,One-versus-rest descriptive odds ratio with 0.5 continuity correction; not adjusted or causal.,-0.027421171171171155
UNIVARIATE_ASSOCIATION,restarted_after_gap,insurance_type,categorical,urban_resident,20,5,0.25,567.0,0.37389770723104054,,,,-0.5215086708079516,0.5936242884250474,0.22112393701943653,1.5936302535042566,LOWER_RISK,0.5215086708079516,0.030664395229982964,True,NOT VERIFIED,False,One-versus-rest descriptive odds ratio with 0.5 continuity correction; not adjusted or causal.,-0.12389770723104054
UNIVARIATE_ASSOCIATION,restarted_after_gap,calendar_period,categorical,2019_2020,209,74,0.35406698564593303,378.0,0.3783068783068783,,,,-0.10279663667744508,0.9023104516759454,0.635394192790377,1.2813528364623399,LOWER_RISK,0.10279663667744508,0.0,False,OBSERVED DESCRIPTIVE,False,One-versus-rest descriptive odds ratio with 0.5 continuity correction; not adjusted or causal.,-0.024239892660945284
UNIVARIATE_ASSOCIATION,restarted_after_gap,calendar_period,categorical,2021_2022,188,69,0.3670212765957447,399.0,0.37092731829573933,,,,-0.01513158750377929,0.9849823197103532,0.6881882244595041,1.4097744420197915,LOWER_RISK,0.01513158750377929,0.0,False,OBSERVED DESCRIPTIVE,False,One-versus-rest descriptive odds ratio with 0.5 continuity correction; not adjusted or causal.,-0.0039060416999946446
UNIVARIATE_ASSOCIATION,restarted_after_gap,calendar_period,categorical,2023_2024,190,74,0.3894736842105263,397.0,0.3602015113350126,,,,0.12587365317066013,1.1341388643806731,0.7948021617108214,1.6183536302039854,HIGHER_RISK,0.12587365317066013,0.0,False,OBSERVED DESCRIPTIVE,False,One-versus-rest descriptive odds ratio with 0.5 continuity correction; not adjusted or causal.,0.029272172875513702
UNIVARIATE_ASSOCIATION,restarted_after_gap,age_band,categorical,65_74,267,98,0.36704119850187267,320.0,0.371875,,,,-0.02032336862728949,0.9798817590501228,0.7002653050584654,1.371149269831379,LOWER_RISK,0.02032336862728949,0.0,False,OBSERVED DESCRIPTIVE,False,One-versus-rest descriptive odds ratio with 0.5 continuity correction; not adjusted or causal.,-0.004833801498127344
UNIVARIATE_ASSOCIATION,restarted_after_gap,age_band,categorical,GE_75,164,63,0.38414634146341464,423.0,0.3640661938534279,,,,0.0873554014280557,1.0912844548599487,0.7532127352792352,1.5810961573525144,HIGHER_RISK,0.0873554014280557,0.0,False,OBSERVED DESCRIPTIVE,False,One-versus-rest descriptive odds ratio with 0.5 continuity correction; not adjusted or causal.,0.02008014760998672
UNIVARIATE_ASSOCIATION,restarted_after_gap,age_band,categorical,LT_65,156,56,0.358974358974359,431.0,0.37354988399071926,,,,-0.06015013372291023,0.9416231535819355,0.6441036432099856,1.376570638450075,LOWER_RISK,0.06015013372291023,0.0,False,OBSERVED DESCRIPTIVE,False,One-versus-rest descriptive odds ratio with 0.5 continuity correction; not adjusted or causal.,-0.01457552501636028
MULTIVARIABLE_LOGISTIC_COEFFICIENT,non_initiated_within_90_days,age_at_index,standardized_numeric_or_reference_coded_category,age_at_index (per SD),1716,442,,,,,,,-0.0028578176587006183,0.9971462620149381,0.8860624066774272,1.122156476064491,LOWER_PREDICTED_RISK,0.0028578176587006183,,,PREDICTIVE,False,Penalized multivariable coefficient; Hessian interval is approximate and not a causal confidence interval.,
MULTIVARIABLE_LOGISTIC_COEFFICIENT,non_initiated_within_90_days,comorbidity_score,standardized_numeric_or_reference_coded_category,comorbidity_score (per SD),1716,442,,,,,,,0.2484685849430572,1.2820605457316188,1.145414337390258,1.4350084412830535,HIGHER_PREDICTED_RISK,0.2484685849430572,,,PREDICTIVE,False,Penalized multivariable coefficient; Hessian interval is approximate and not a causal confidence interval.,
MULTIVARIABLE_LOGISTIC_COEFFICIENT,non_initiated_within_90_days,frailty_proxy,standardized_numeric_or_reference_coded_category,frailty_proxy (per SD),1716,442,,,,,,,0.030322528345602083,1.0307869383516097,0.9200844454287517,1.1548089064598406,HIGHER_PREDICTED_RISK,0.030322528345602083,,,PREDICTIVE,False,Penalized multivariable coefficient; Hessian interval is approximate and not a causal confidence interval.,
MULTIVARIABLE_LOGISTIC_COEFFICIENT,non_initiated_within_90_days,access_index,standardized_numeric_or_reference_coded_category,access_index (per SD),1716,442,,,,,,,-0.04833198580176154,0.9528174127118203,0.8416841106353367,1.0786244037345052,LOWER_PREDICTED_RISK,0.04833198580176154,,,PREDICTIVE,False,Penalized multivariable coefficient; Hessian interval is approximate and not a causal confidence interval.,
MULTIVARIABLE_LOGISTIC_COEFFICIENT,non_initiated_within_90_days,metastatic_site,standardized_numeric_or_reference_coded_category,metastatic_site=lymph_node vs bone,1716,442,,,,,,,0.19982849146436488,1.2211932951245599,0.9061923409984421,1.6456915343315002,HIGHER_PREDICTED_RISK,0.19982849146436488,,,PREDICTIVE,False,Penalized multivariable coefficient; Hessian interval is approximate and not a causal confidence interval.,
MULTIVARIABLE_LOGISTIC_COEFFICIENT,non_initiated_within_90_days,metastatic_site,standardized_numeric_or_reference_coded_category,metastatic_site=multiple vs bone,1716,442,,,,,,,0.06503164164910433,1.067192791589803,0.7907931436386635,1.440200213649846,HIGHER_PREDICTED_RISK,0.06503164164910433,,,PREDICTIVE,False,Penalized multivariable coefficient; Hessian interval is approximate and not a causal confidence interval.,
MULTIVARIABLE_LOGISTIC_COEFFICIENT,non_initiated_within_90_days,metastatic_site,standardized_numeric_or_reference_coded_category,metastatic_site=unknown vs bone,1716,442,,,,,,,0.2933247147908507,1.3408781227076132,0.7205980931224779,2.4950858975563515,HIGHER_PREDICTED_RISK,0.2933247147908507,,,PREDICTIVE,False,Penalized multivariable coefficient; Hessian interval is approximate and not a causal confidence interval.,
MULTIVARIABLE_LOGISTIC_COEFFICIENT,non_initiated_within_90_days,metastatic_site,standardized_numeric_or_reference_coded_category,metastatic_site=visceral vs bone,1716,442,,,,,,,0.10998071473458391,1.1162565429475868,0.7517964478234316,1.6574016454596798,HIGHER_PREDICTED_RISK,0.10998071473458391,,,PREDICTIVE,False,Penalized multivariable coefficient; Hessian interval is approximate and not a causal confidence interval.,
MULTIVARIABLE_LOGISTIC_COEFFICIENT,non_initiated_within_90_days,market_code,standardized_numeric_or_reference_coded_category,market_code=CA vs AU,1716,442,,,,,,,0.4669584502363799,1.5951351245527072,0.5059779665420934,5.0287882750524915,HIGHER_PREDICTED_RISK,0.4669584502363799,,,PREDICTIVE,False,Penalized multivariable coefficient; Hessian interval is approximate and not a causal confidence interval.,
MULTIVARIABLE_LOGISTIC_COEFFICIENT,non_initiated_within_90_days,market_code,standardized_numeric_or_reference_coded_category,market_code=CN vs AU,1716,442,,,,,,,0.8462739792707734,2.3309455000323127,0.9069797070047222,5.990549603435175,HIGHER_PREDICTED_RISK,0.8462739792707734,,,PREDICTIVE,False,Penalized multivariable coefficient; Hessian interval is approximate and not a causal confidence interval.,
MULTIVARIABLE_LOGISTIC_COEFFICIENT,non_initiated_within_90_days,market_code,standardized_numeric_or_reference_coded_category,market_code=DE vs AU,1716,442,,,,,,,-0.3853116126612911,0.6802386322042436,0.28442344462742974,1.626886269341227,LOWER_PREDICTED_RISK,0.3853116126612911,,,PREDICTIVE,False,Penalized multivariable coefficient; Hessian interval is approximate and not a causal confidence interval.,
MULTIVARIABLE_LOGISTIC_COEFFICIENT,non_initiated_within_90_days,market_code,standardized_numeric_or_reference_coded_category,market_code=FR vs AU,1716,442,,,,,,,0.18182899678425274,1.199409073533678,0.4197225961886636,3.4274593237012176,HIGHER_PREDICTED_RISK,0.18182899678425274,,,PREDICTIVE,False,Penalized multivariable coefficient; Hessian interval is approximate and not a causal confidence interval.,
MULTIVARIABLE_LOGISTIC_COEFFICIENT,non_initiated_within_90_days,market_code,standardized_numeric_or_reference_coded_category,market_code=JP vs AU,1716,442,,,,,,,0.03622000777530783,1.0368839439281547,0.4054443494124907,2.6517284424703913,HIGHER_PREDICTED_RISK,0.03622000777530783,,,PREDICTIVE,False,Penalized multivariable coefficient; Hessian interval is approximate and not a causal confidence interval.,
MULTIVARIABLE_LOGISTIC_COEFFICIENT,non_initiated_within_90_days,market_code,standardized_numeric_or_reference_coded_category,market_code=US vs AU,1716,442,,,,,,,0.24450654049191625,1.2769910143464274,0.5527498219706112,2.9501701961800353,HIGHER_PREDICTED_RISK,0.24450654049191625,,,PREDICTIVE,False,Penalized multivariable coefficient; Hessian interval is approximate and not a causal confidence interval.,
MULTIVARIABLE_LOGISTIC_COEFFICIENT,non_initiated_within_90_days,care_setting,standardized_numeric_or_reference_coded_category,care_setting=community_oncology vs academic_oncology,1716,442,,,,,,,0.154335371457374,1.1668821601344423,0.6951429471628545,1.958753924206945,HIGHER_PREDICTED_RISK,0.154335371457374,,,PREDICTIVE,False,Penalized multivariable coefficient; Hessian interval is approximate and not a causal confidence interval.,
MULTIVARIABLE_LOGISTIC_COEFFICIENT,non_initiated_within_90_days,care_setting,standardized_numeric_or_reference_coded_category,care_setting=community_urology vs academic_oncology,1716,442,,,,,,,0.14390012600064836,1.154768771389894,0.8008468058822147,1.6651011224404504,HIGHER_PREDICTED_RISK,0.14390012600064836,,,PREDICTIVE,False,Penalized multivariable coefficient; Hessian interval is approximate and not a causal confidence interval.,
MULTIVARIABLE_LOGISTIC_COEFFICIENT,non_initiated_within_90_days,care_setting,standardized_numeric_or_reference_coded_category,care_setting=mixed_pathway vs academic_oncology,1716,442,,,,,,,0.1504791379917076,1.1623910550383547,0.7125246919601984,1.8962893217301366,HIGHER_PREDICTED_RISK,0.1504791379917076,,,PREDICTIVE,False,Penalized multivariable coefficient; Hessian interval is approximate and not a causal confidence interval.,
MULTIVARIABLE_LOGISTIC_COEFFICIENT,non_initiated_within_90_days,provider_volume_band,standardized_numeric_or_reference_coded_category,provider_volume_band=LOW_LT_150 vs HIGH_GE_300,1716,442,,,,,,,-0.14804320552480368,0.8623938539580633,0.5139966932574934,1.4469415253067857,LOWER_PREDICTED_RISK,0.14804320552480368,,,PREDICTIVE,False,Penalized multivariable coefficient; Hessian interval is approximate and not a causal confidence interval.,
MULTIVARIABLE_LOGISTIC_COEFFICIENT,non_initiated_within_90_days,provider_volume_band,standardized_numeric_or_reference_coded_category,provider_volume_band=MEDIUM_150_299 vs HIGH_GE_300,1716,442,,,,,,,0.009273075369360506,1.0093162035399423,0.6628849628589328,1.5367963610679667,HIGHER_PREDICTED_RISK,0.009273075369360506,,,PREDICTIVE,False,Penalized multivariable coefficient; Hessian interval is approximate and not a causal confidence interval.,
MULTIVARIABLE_LOGISTIC_COEFFICIENT,non_initiated_within_90_days,insurance_type,standardized_numeric_or_reference_coded_category,insurance_type=commercial vs MISSING,1716,442,,,,,,,-0.10342893270560409,0.9017401046942519,0.43859384317036143,1.8539594868370217,LOWER_PREDICTED_RISK,0.10342893270560409,,,PREDICTIVE,False,Penalized multivariable coefficient; Hessian interval is approximate and not a causal confidence interval.,
MULTIVARIABLE_LOGISTIC_COEFFICIENT,non_initiated_within_90_days,insurance_type,standardized_numeric_or_reference_coded_category,insurance_type=complementary vs MISSING,1716,442,,,,,,,-0.3398239784909691,0.7118956206761462,0.20821282090870866,2.4340257844164213,LOWER_PREDICTED_RISK,0.3398239784909691,,,PREDICTIVE,False,Penalized multivariable coefficient; Hessian interval is approximate and not a causal confidence interval.,
MULTIVARIABLE_LOGISTIC_COEFFICIENT,non_initiated_within_90_days,insurance_type,standardized_numeric_or_reference_coded_category,insurance_type=employee_health vs MISSING,1716,442,,,,,,,-0.42564746071408155,0.6533466318802571,0.26613267611516855,1.6039436705793777,LOWER_PREDICTED_RISK,0.42564746071408155,,,PREDICTIVE,False,Penalized multivariable coefficient; Hessian interval is approximate and not a causal confidence interval.,
MULTIVARIABLE_LOGISTIC_COEFFICIENT,non_initiated_within_90_days,insurance_type,standardized_numeric_or_reference_coded_category,insurance_type=medicaid vs MISSING,1716,442,,,,,,,0.3700088176096293,1.4477473802782843,0.6467482020919527,3.2407859354275197,HIGHER_PREDICTED_RISK,0.3700088176096293,,,PREDICTIVE,False,Penalized multivariable coefficient; Hessian interval is approximate and not a causal confidence interval.,
MULTIVARIABLE_LOGISTIC_COEFFICIENT,non_initiated_within_90_days,insurance_type,standardized_numeric_or_reference_coded_category,insurance_type=medicare vs MISSING,1716,442,,,,,,,-0.16798406643333613,0.8453673042936474,0.4346315990319969,1.6442566089542359,LOWER_PREDICTED_RISK,0.16798406643333613,,,PREDICTIVE,False,Penalized multivariable coefficient; Hessian interval is approximate and not a causal confidence interval.,
MULTIVARIABLE_LOGISTIC_COEFFICIENT,non_initiated_within_90_days,insurance_type,standardized_numeric_or_reference_coded_category,insurance_type=medicare_public vs MISSING,1716,442,,,,,,,0.18018029309844535,1.1974332326090247,0.49230511104494595,2.912515662315748,HIGHER_PREDICTED_RISK,0.18018029309844535,,,PREDICTIVE,False,Penalized multivariable coefficient; Hessian interval is approximate and not a causal confidence interval.,
MULTIVARIABLE_LOGISTIC_COEFFICIENT,non_initiated_within_90_days,insurance_type,standardized_numeric_or_reference_coded_category,insurance_type=national_health_insurance vs MISSING,1716,442,,,,,,,-0.37820850840998366,0.6850876392381263,0.28565090924030867,1.643072219462199,LOWER_PREDICTED_RISK,0.37820850840998366,,,PREDICTIVE,False,Penalized multivariable coefficient; Hessian interval is approximate and not a causal confidence interval.,
MULTIVARIABLE_LOGISTIC_COEFFICIENT,non_initiated_within_90_days,insurance_type,standardized_numeric_or_reference_coded_category,insurance_type=other vs MISSING,1716,442,,,,,,,0.23741430256332133,1.2679663306702484,0.6592798080958983,2.4386286307732843,HIGHER_PREDICTED_RISK,0.23741430256332133,,,PREDICTIVE,False,Penalized multivariable coefficient; Hessian interval is approximate and not a causal confidence interval.,
MULTIVARIABLE_LOGISTIC_COEFFICIENT,non_initiated_within_90_days,insurance_type,standardized_numeric_or_reference_coded_category,insurance_type=private vs MISSING,1716,442,,,,,,,-0.11758094444206801,0.8890685436765516,0.3602820798570529,2.193955568561067,LOWER_PREDICTED_RISK,0.11758094444206801,,,PREDICTIVE,False,Penalized multivariable coefficient; Hessian interval is approximate and not a causal confidence interval.,
MULTIVARIABLE_LOGISTIC_COEFFICIENT,non_initiated_within_90_days,insurance_type,standardized_numeric_or_reference_coded_category,insurance_type=private_supplemental vs MISSING,1716,442,,,,,,,-0.1446906692097886,0.8652899125295489,0.2410841481740602,3.105665131432953,LOWER_PREDICTED_RISK,0.1446906692097886,,,PREDICTIVE,False,Penalized multivariable coefficient; Hessian interval is approximate and not a causal confidence interval.,
MULTIVARIABLE_LOGISTIC_COEFFICIENT,non_initiated_within_90_days,insurance_type,standardized_numeric_or_reference_coded_category,insurance_type=provincial_public vs MISSING,1716,442,,,,,,,0.20640272337958912,1.229248151295041,0.44292251905906066,3.4115470594548567,HIGHER_PREDICTED_RISK,0.20640272337958912,,,PREDICTIVE,False,Penalized multivariable coefficient; Hessian interval is approximate and not a causal confidence interval.,
MULTIVARIABLE_LOGISTIC_COEFFICIENT,non_initiated_within_90_days,insurance_type,standardized_numeric_or_reference_coded_category,insurance_type=public vs MISSING,1716,442,,,,,,,-0.39678172850384036,0.6724807930033353,0.2545475845381876,1.7766046288706792,LOWER_PREDICTED_RISK,0.39678172850384036,,,PREDICTIVE,False,Penalized multivariable coefficient; Hessian interval is approximate and not a causal confidence interval.,
MULTIVARIABLE_LOGISTIC_COEFFICIENT,non_initiated_within_90_days,insurance_type,standardized_numeric_or_reference_coded_category,insurance_type=rural vs MISSING,1716,442,,,,,,,-0.22754138375168328,0.7964894590934491,0.3493771689533296,1.8157896818143802,LOWER_PREDICTED_RISK,0.22754138375168328,,,PREDICTIVE,False,Penalized multivariable coefficient; Hessian interval is approximate and not a causal confidence interval.,
MULTIVARIABLE_LOGISTIC_COEFFICIENT,non_initiated_within_90_days,insurance_type,standardized_numeric_or_reference_coded_category,insurance_type=self_pay_other vs MISSING,1716,442,,,,,,,-0.059799593862619266,0.9419532878898754,0.36829946553734905,2.4091156235375215,LOWER_PREDICTED_RISK,0.059799593862619266,,,PREDICTIVE,False,Penalized multivariable coefficient; Hessian interval is approximate and not a causal confidence interval.,
MULTIVARIABLE_LOGISTIC_COEFFICIENT,non_initiated_within_90_days,insurance_type,standardized_numeric_or_reference_coded_category,insurance_type=statutory vs MISSING,1716,442,,,,,,,0.33311837293514035,1.3953124559253702,0.5761251035871393,3.379295291141603,HIGHER_PREDICTED_RISK,0.33311837293514035,,,PREDICTIVE,False,Penalized multivariable coefficient; Hessian interval is approximate and not a causal confidence interval.,
MULTIVARIABLE_LOGISTIC_COEFFICIENT,non_initiated_within_90_days,insurance_type,standardized_numeric_or_reference_coded_category,insurance_type=urban_employee vs MISSING,1716,442,,,,,,,0.23202626414304947,1.2611528514922572,0.5958305865007184,2.6693938694352903,HIGHER_PREDICTED_RISK,0.23202626414304947,,,PREDICTIVE,False,Penalized multivariable coefficient; Hessian interval is approximate and not a causal confidence interval.,
MULTIVARIABLE_LOGISTIC_COEFFICIENT,non_initiated_within_90_days,insurance_type,standardized_numeric_or_reference_coded_category,insurance_type=urban_resident vs MISSING,1716,442,,,,,,,0.2615262475682776,1.2989110343805477,0.596642674677441,2.827772713622383,HIGHER_PREDICTED_RISK,0.2615262475682776,,,PREDICTIVE,False,Penalized multivariable coefficient; Hessian interval is approximate and not a causal confidence interval.,
MULTIVARIABLE_LOGISTIC_COEFFICIENT,non_initiated_within_90_days,calendar_period,standardized_numeric_or_reference_coded_category,calendar_period=2021_2022 vs 2019_2020,1716,442,,,,,,,-0.104405078047982,0.9008603047671803,0.7157677243995654,1.1338165455644142,LOWER_PREDICTED_RISK,0.104405078047982,,,PREDICTIVE,False,Penalized multivariable coefficient; Hessian interval is approximate and not a causal confidence interval.,
MULTIVARIABLE_LOGISTIC_COEFFICIENT,non_initiated_within_90_days,calendar_period,standardized_numeric_or_reference_coded_category,calendar_period=2023_2024 vs 2019_2020,1716,442,,,,,,,-0.35771132154179747,0.6992749114755081,0.43688031217076034,1.1192662800239745,LOWER_PREDICTED_RISK,0.35771132154179747,,,PREDICTIVE,False,Penalized multivariable coefficient; Hessian interval is approximate and not a causal confidence interval.,
MULTIVARIABLE_LOGISTIC_COEFFICIENT,discontinued_within_12_months,age_at_index,standardized_numeric_or_reference_coded_category,age_at_index (per SD),1165,436,,,,,,,0.03199395090962876,1.0325112595323096,0.9081637036612443,1.173884726688721,HIGHER_PREDICTED_RISK,0.03199395090962876,,,PREDICTIVE,False,Penalized multivariable coefficient; Hessian interval is approximate and not a causal confidence interval.,
MULTIVARIABLE_LOGISTIC_COEFFICIENT,discontinued_within_12_months,comorbidity_score,standardized_numeric_or_reference_coded_category,comorbidity_score (per SD),1165,436,,,,,,,-0.03668424533966282,0.9639804686246422,0.850598228783651,1.0924762272531616,LOWER_PREDICTED_RISK,0.03668424533966282,,,PREDICTIVE,False,Penalized multivariable coefficient; Hessian interval is approximate and not a causal confidence interval.,
MULTIVARIABLE_LOGISTIC_COEFFICIENT,discontinued_within_12_months,frailty_proxy,standardized_numeric_or_reference_coded_category,frailty_proxy (per SD),1165,436,,,,,,,-0.010267642768719531,0.9897848895272772,0.8757004679244768,1.1187319904698447,LOWER_PREDICTED_RISK,0.010267642768719531,,,PREDICTIVE,False,Penalized multivariable coefficient; Hessian interval is approximate and not a causal confidence interval.,
MULTIVARIABLE_LOGISTIC_COEFFICIENT,discontinued_within_12_months,access_index,standardized_numeric_or_reference_coded_category,access_index (per SD),1165,436,,,,,,,-0.07723691566675658,0.9256705217770842,0.8102487582550983,1.0575343759024733,LOWER_PREDICTED_RISK,0.07723691566675658,,,PREDICTIVE,False,Penalized multivariable coefficient; Hessian interval is approximate and not a causal confidence interval.,
MULTIVARIABLE_LOGISTIC_COEFFICIENT,discontinued_within_12_months,prior_healthcare_utilization_180d,standardized_numeric_or_reference_coded_category,prior_healthcare_utilization_180d (per SD),1165,436,,,,,,,-0.05603906897311806,0.9455021953689329,0.8205437211589559,1.0894902713834682,LOWER_PREDICTED_RISK,0.05603906897311806,,,PREDICTIVE,False,Penalized multivariable coefficient; Hessian interval is approximate and not a causal confidence interval.,
MULTIVARIABLE_LOGISTIC_COEFFICIENT,discontinued_within_12_months,time_since_diagnosis_days,standardized_numeric_or_reference_coded_category,time_since_diagnosis_days (per SD),1165,436,,,,,,,-0.0017432151406236228,0.9982583033763942,0.2492166543988955,3.998607728137183,LOWER_PREDICTED_RISK,0.0017432151406236228,,,PREDICTIVE,False,Penalized multivariable coefficient; Hessian interval is approximate and not a causal confidence interval.,
MULTIVARIABLE_LOGISTIC_COEFFICIENT,discontinued_within_12_months,time_since_metastasis_days,standardized_numeric_or_reference_coded_category,time_since_metastasis_days (per SD),1165,436,,,,,,,-0.0017432151406236228,0.9982583033763942,0.2492166543988954,3.9986077281371846,LOWER_PREDICTED_RISK,0.0017432151406236228,,,PREDICTIVE,False,Penalized multivariable coefficient; Hessian interval is approximate and not a causal confidence interval.,
MULTIVARIABLE_LOGISTIC_COEFFICIENT,discontinued_within_12_months,metastatic_site,standardized_numeric_or_reference_coded_category,metastatic_site=lymph_node vs bone,1165,436,,,,,,,-0.017894173755132938,0.98226497627211,0.711982464205245,1.355152032694882,LOWER_PREDICTED_RISK,0.017894173755132938,,,PREDICTIVE,False,Penalized multivariable coefficient; Hessian interval is approximate and not a causal confidence interval.,
MULTIVARIABLE_LOGISTIC_COEFFICIENT,discontinued_within_12_months,metastatic_site,standardized_numeric_or_reference_coded_category,metastatic_site=multiple vs bone,1165,436,,,,,,,-0.2855551051020486,0.7515969232120265,0.5408108654871424,1.0445388046576056,LOWER_PREDICTED_RISK,0.2855551051020486,,,PREDICTIVE,False,Penalized multivariable coefficient; Hessian interval is approximate and not a causal confidence interval.,
MULTIVARIABLE_LOGISTIC_COEFFICIENT,discontinued_within_12_months,metastatic_site,standardized_numeric_or_reference_coded_category,metastatic_site=unknown vs bone,1165,436,,,,,,,0.13506291173169918,1.1446087914074319,0.5695003301266193,2.3004890709648858,HIGHER_PREDICTED_RISK,0.13506291173169918,,,PREDICTIVE,False,Penalized multivariable coefficient; Hessian interval is approximate and not a causal confidence interval.,
MULTIVARIABLE_LOGISTIC_COEFFICIENT,discontinued_within_12_months,metastatic_site,standardized_numeric_or_reference_coded_category,metastatic_site=visceral vs bone,1165,436,,,,,,,-0.09605806625967585,0.9084112664927431,0.5808286352490009,1.4207478402596008,LOWER_PREDICTED_RISK,0.09605806625967585,,,PREDICTIVE,False,Penalized multivariable coefficient; Hessian interval is approximate and not a causal confidence interval.,
MULTIVARIABLE_LOGISTIC_COEFFICIENT,discontinued_within_12_months,market_code,standardized_numeric_or_reference_coded_category,market_code=CA vs AU,1165,436,,,,,,,0.30379054020195423,1.3549852114349452,0.4210277965812044,4.360721401569727,HIGHER_PREDICTED_RISK,0.30379054020195423,,,PREDICTIVE,False,Penalized multivariable coefficient; Hessian interval is approximate and not a causal confidence interval.,
MULTIVARIABLE_LOGISTIC_COEFFICIENT,discontinued_within_12_months,market_code,standardized_numeric_or_reference_coded_category,market_code=CN vs AU,1165,436,,,,,,,0.37940718560667297,1.4614179829762377,0.5398126191517957,3.9564516374630405,HIGHER_PREDICTED_RISK,0.37940718560667297,,,PREDICTIVE,False,Penalized multivariable coefficient; Hessian interval is approximate and not a causal confidence interval.,
MULTIVARIABLE_LOGISTIC_COEFFICIENT,discontinued_within_12_months,market_code,standardized_numeric_or_reference_coded_category,market_code=DE vs AU,1165,436,,,,,,,-0.04332445653141524,0.9576006398751972,0.40267953311492893,2.277242596354322,LOWER_PREDICTED_RISK,0.04332445653141524,,,PREDICTIVE,False,Penalized multivariable coefficient; Hessian interval is approximate and not a causal confidence interval.,
MULTIVARIABLE_LOGISTIC_COEFFICIENT,discontinued_within_12_months,market_code,standardized_numeric_or_reference_coded_category,market_code=FR vs AU,1165,436,,,,,,,0.45904194125495074,1.5825570758204306,0.5138858978275205,4.873624492941256,HIGHER_PREDICTED_RISK,0.45904194125495074,,,PREDICTIVE,False,Penalized multivariable coefficient; Hessian interval is approximate and not a causal confidence interval.,
MULTIVARIABLE_LOGISTIC_COEFFICIENT,discontinued_within_12_months,market_code,standardized_numeric_or_reference_coded_category,market_code=JP vs AU,1165,436,,,,,,,0.2738939300594323,1.3150753048811863,0.4999089101484184,3.4594763613933086,HIGHER_PREDICTED_RISK,0.2738939300594323,,,PREDICTIVE,False,Penalized multivariable coefficient; Hessian interval is approximate and not a causal confidence interval.,
MULTIVARIABLE_LOGISTIC_COEFFICIENT,discontinued_within_12_months,market_code,standardized_numeric_or_reference_coded_category,market_code=US vs AU,1165,436,,,,,,,0.30946519772886527,1.3626961462288374,0.5695780380440038,3.2602043318311087,HIGHER_PREDICTED_RISK,0.30946519772886527,,,PREDICTIVE,False,Penalized multivariable coefficient; Hessian interval is approximate and not a causal confidence interval.,
MULTIVARIABLE_LOGISTIC_COEFFICIENT,discontinued_within_12_months,care_setting,standardized_numeric_or_reference_coded_category,care_setting=community_oncology vs academic_oncology,1165,436,,,,,,,0.0318595116161995,1.032372458778467,0.7146019331557966,1.491449776713569,HIGHER_PREDICTED_RISK,0.0318595116161995,,,PREDICTIVE,False,Penalized multivariable coefficient; Hessian interval is approximate and not a causal confidence interval.,
MULTIVARIABLE_LOGISTIC_COEFFICIENT,discontinued_within_12_months,care_setting,standardized_numeric_or_reference_coded_category,care_setting=community_urology vs academic_oncology,1165,436,,,,,,,0.2485151307786745,1.2821202216998548,0.7406848333117255,2.219341059734998,HIGHER_PREDICTED_RISK,0.2485151307786745,,,PREDICTIVE,False,Penalized multivariable coefficient; Hessian interval is approximate and not a causal confidence interval.,
MULTIVARIABLE_LOGISTIC_COEFFICIENT,discontinued_within_12_months,care_setting,standardized_numeric_or_reference_coded_category,care_setting=mixed_pathway vs academic_oncology,1165,436,,,,,,,-0.06253255278280759,0.9393824828018104,0.588537154462704,1.4993776387839153,LOWER_PREDICTED_RISK,0.06253255278280759,,,PREDICTIVE,False,Penalized multivariable coefficient; Hessian interval is approximate and not a causal confidence interval.,
MULTIVARIABLE_LOGISTIC_COEFFICIENT,discontinued_within_12_months,provider_specialty,standardized_numeric_or_reference_coded_category,provider_specialty=urology vs medical_oncology,1165,436,,,,,,,-0.3654933180171722,0.6938542756195254,0.20902438031930304,2.3032421149153226,LOWER_PREDICTED_RISK,0.3654933180171722,,,PREDICTIVE,False,Penalized multivariable coefficient; Hessian interval is approximate and not a causal confidence interval.,
MULTIVARIABLE_LOGISTIC_COEFFICIENT,discontinued_within_12_months,provider_volume_band,standardized_numeric_or_reference_coded_category,provider_volume_band=LOW_LT_150 vs HIGH_GE_300,1165,436,,,,,,,0.19361546889008163,1.2136295149141683,0.8344188636291163,1.7651765362359721,HIGHER_PREDICTED_RISK,0.19361546889008163,,,PREDICTIVE,False,Penalized multivariable coefficient; Hessian interval is approximate and not a causal confidence interval.,
MULTIVARIABLE_LOGISTIC_COEFFICIENT,discontinued_within_12_months,provider_volume_band,standardized_numeric_or_reference_coded_category,provider_volume_band=MEDIUM_150_299 vs HIGH_GE_300,1165,436,,,,,,,0.32552353797784966,1.384755428295409,0.9754028302610327,1.965903252177807,HIGHER_PREDICTED_RISK,0.32552353797784966,,,PREDICTIVE,False,Penalized multivariable coefficient; Hessian interval is approximate and not a causal confidence interval.,
MULTIVARIABLE_LOGISTIC_COEFFICIENT,discontinued_within_12_months,referral_proxy,standardized_numeric_or_reference_coded_category,referral_proxy=NO_PRE_INDEX_REFERRAL vs COMPLETED_BY_INDEX,1165,436,,,,,,,-0.6213784865978538,0.5372033992701046,0.14952203205663547,1.9300666812637035,LOWER_PREDICTED_RISK,0.6213784865978538,,,PREDICTIVE,False,Penalized multivariable coefficient; Hessian interval is approximate and not a causal confidence interval.,
MULTIVARIABLE_LOGISTIC_COEFFICIENT,discontinued_within_12_months,referral_proxy,standardized_numeric_or_reference_coded_category,referral_proxy=RECORDED_NOT_COMPLETED_BY_INDEX vs COMPLETED_BY_INDEX,1165,436,,,,,,,0.2558851685806807,1.2916044026569096,0.39671774329012316,4.2051104624849405,HIGHER_PREDICTED_RISK,0.2558851685806807,,,PREDICTIVE,False,Penalized multivariable coefficient; Hessian interval is approximate and not a causal confidence interval.,
MULTIVARIABLE_LOGISTIC_COEFFICIENT,discontinued_within_12_months,insurance_type,standardized_numeric_or_reference_coded_category,insurance_type=commercial vs MISSING,1165,436,,,,,,,-0.3281130346545924,0.7202815983219935,0.33375090859044987,1.5544694187422232,LOWER_PREDICTED_RISK,0.3281130346545924,,,PREDICTIVE,False,Penalized multivariable coefficient; Hessian interval is approximate and not a causal confidence interval.,
MULTIVARIABLE_LOGISTIC_COEFFICIENT,discontinued_within_12_months,insurance_type,standardized_numeric_or_reference_coded_category,insurance_type=complementary vs MISSING,1165,436,,,,,,,0.3295203615262419,1.3903011266062615,0.39886628340821545,4.846078254913302,HIGHER_PREDICTED_RISK,0.3295203615262419,,,PREDICTIVE,False,Penalized multivariable coefficient; Hessian interval is approximate and not a causal confidence interval.,
MULTIVARIABLE_LOGISTIC_COEFFICIENT,discontinued_within_12_months,insurance_type,standardized_numeric_or_reference_coded_category,insurance_type=employee_health vs MISSING,1165,436,,,,,,,0.4374377806231713,1.5487339343760318,0.6383638214585036,3.757382105407709,HIGHER_PREDICTED_RISK,0.4374377806231713,,,PREDICTIVE,False,Penalized multivariable coefficient; Hessian interval is approximate and not a causal confidence interval.,
MULTIVARIABLE_LOGISTIC_COEFFICIENT,discontinued_within_12_months,insurance_type,standardized_numeric_or_reference_coded_category,insurance_type=medicaid vs MISSING,1165,436,,,,,,,-0.04414654777550045,0.9568137282747121,0.38398897953734795,2.3841635031244723,LOWER_PREDICTED_RISK,0.04414654777550045,,,PREDICTIVE,False,Penalized multivariable coefficient; Hessian interval is approximate and not a causal confidence interval.,
MULTIVARIABLE_LOGISTIC_COEFFICIENT,discontinued_within_12_months,insurance_type,standardized_numeric_or_reference_coded_category,insurance_type=medicare vs MISSING,1165,436,,,,,,,-0.10968609024077743,0.8961153905163122,0.44420009201882327,1.8077951975889595,LOWER_PREDICTED_RISK,0.10968609024077743,,,PREDICTIVE,False,Penalized multivariable coefficient; Hessian interval is approximate and not a causal confidence interval.,
MULTIVARIABLE_LOGISTIC_COEFFICIENT,discontinued_within_12_months,insurance_type,standardized_numeric_or_reference_coded_category,insurance_type=medicare_public vs MISSING,1165,436,,,,,,,-0.18318552893361773,0.8326136674806701,0.3214056087344793,2.156917926868906,LOWER_PREDICTED_RISK,0.18318552893361773,,,PREDICTIVE,False,Penalized multivariable coefficient; Hessian interval is approximate and not a causal confidence interval.,
MULTIVARIABLE_LOGISTIC_COEFFICIENT,discontinued_within_12_months,insurance_type,standardized_numeric_or_reference_coded_category,insurance_type=national_health_insurance vs MISSING,1165,436,,,,,,,-0.09161962506638227,0.9124521574731759,0.3788928205567631,2.1973732266925436,LOWER_PREDICTED_RISK,0.09161962506638227,,,PREDICTIVE,False,Penalized multivariable coefficient; Hessian interval is approximate and not a causal confidence interval.,
MULTIVARIABLE_LOGISTIC_COEFFICIENT,discontinued_within_12_months,insurance_type,standardized_numeric_or_reference_coded_category,insurance_type=other vs MISSING,1165,436,,,,,,,0.08507107161470036,1.088794446327996,0.5361101926179997,2.2112494085696013,HIGHER_PREDICTED_RISK,0.08507107161470036,,,PREDICTIVE,False,Penalized multivariable coefficient; Hessian interval is approximate and not a causal confidence interval.,
MULTIVARIABLE_LOGISTIC_COEFFICIENT,discontinued_within_12_months,insurance_type,standardized_numeric_or_reference_coded_category,insurance_type=private vs MISSING,1165,436,,,,,,,-0.2773651391314946,0.7577777522780665,0.3083203123517765,1.862436884120814,LOWER_PREDICTED_RISK,0.2773651391314946,,,PREDICTIVE,False,Penalized multivariable coefficient; Hessian interval is approximate and not a causal confidence interval.,
MULTIVARIABLE_LOGISTIC_COEFFICIENT,discontinued_within_12_months,insurance_type,standardized_numeric_or_reference_coded_category,insurance_type=private_supplemental vs MISSING,1165,436,,,,,,,0.460505406763486,1.5848747890492068,0.4267689110815048,5.885686683686422,HIGHER_PREDICTED_RISK,0.460505406763486,,,PREDICTIVE,False,Penalized multivariable coefficient; Hessian interval is approximate and not a causal confidence interval.,
MULTIVARIABLE_LOGISTIC_COEFFICIENT,discontinued_within_12_months,insurance_type,standardized_numeric_or_reference_coded_category,insurance_type=provincial_public vs MISSING,1165,436,,,,,,,0.15343770567274223,1.165835159943023,0.3726658292431601,3.6471592335677507,HIGHER_PREDICTED_RISK,0.15343770567274223,,,PREDICTIVE,False,Penalized multivariable coefficient; Hessian interval is approximate and not a causal confidence interval.,
MULTIVARIABLE_LOGISTIC_COEFFICIENT,discontinued_within_12_months,insurance_type,standardized_numeric_or_reference_coded_category,insurance_type=public vs MISSING,1165,436,,,,,,,-0.3365517723309057,0.7142289053237056,0.2546104953289152,2.003542424835643,LOWER_PREDICTED_RISK,0.3365517723309057,,,PREDICTIVE,False,Penalized multivariable coefficient; Hessian interval is approximate and not a causal confidence interval.,
MULTIVARIABLE_LOGISTIC_COEFFICIENT,discontinued_within_12_months,insurance_type,standardized_numeric_or_reference_coded_category,insurance_type=rural vs MISSING,1165,436,,,,,,,-0.06845850775803283,0.9338322060915402,0.3785406727862666,2.3036958821758358,LOWER_PREDICTED_RISK,0.06845850775803283,,,PREDICTIVE,False,Penalized multivariable coefficient; Hessian interval is approximate and not a causal confidence interval.,
MULTIVARIABLE_LOGISTIC_COEFFICIENT,discontinued_within_12_months,insurance_type,standardized_numeric_or_reference_coded_category,insurance_type=self_pay_other vs MISSING,1165,436,,,,,,,-0.06940053975732342,0.9329529204940434,0.32897535291940033,2.6457944163118357,LOWER_PREDICTED_RISK,0.06940053975732342,,,PREDICTIVE,False,Penalized multivariable coefficient; Hessian interval is approximate and not a causal confidence interval.,
MULTIVARIABLE_LOGISTIC_COEFFICIENT,discontinued_within_12_months,insurance_type,standardized_numeric_or_reference_coded_category,insurance_type=statutory vs MISSING,1165,436,,,,,,,0.4763117899674977,1.610124958512526,0.6724707414041445,3.8551898579434396,HIGHER_PREDICTED_RISK,0.4763117899674977,,,PREDICTIVE,False,Penalized multivariable coefficient; Hessian interval is approximate and not a causal confidence interval.,
MULTIVARIABLE_LOGISTIC_COEFFICIENT,discontinued_within_12_months,insurance_type,standardized_numeric_or_reference_coded_category,insurance_type=urban_employee vs MISSING,1165,436,,,,,,,-0.2881457432409073,0.7496523275171713,0.312088911033758,1.8007003526348433,LOWER_PREDICTED_RISK,0.2881457432409073,,,PREDICTIVE,False,Penalized multivariable coefficient; Hessian interval is approximate and not a causal confidence interval.,
MULTIVARIABLE_LOGISTIC_COEFFICIENT,discontinued_within_12_months,insurance_type,standardized_numeric_or_reference_coded_category,insurance_type=urban_resident vs MISSING,1165,436,,,,,,,-0.18367359974723949,0.8322073922041676,0.3347025100182888,2.0692080964717534,LOWER_PREDICTED_RISK,0.18367359974723949,,,PREDICTIVE,False,Penalized multivariable coefficient; Hessian interval is approximate and not a causal confidence interval.,
MULTIVARIABLE_LOGISTIC_COEFFICIENT,discontinued_within_12_months,calendar_period,standardized_numeric_or_reference_coded_category,calendar_period=2021_2022 vs 2019_2020,1165,436,,,,,,,-0.19855540087891768,0.8199143455067393,0.6373569739725193,1.054761399687344,LOWER_PREDICTED_RISK,0.19855540087891768,,,PREDICTIVE,False,Penalized multivariable coefficient; Hessian interval is approximate and not a causal confidence interval.,
MULTIVARIABLE_LOGISTIC_COEFFICIENT,discontinued_within_12_months,calendar_period,standardized_numeric_or_reference_coded_category,calendar_period=2023_2024 vs 2019_2020,1165,436,,,,,,,-0.14730226185180112,0.8630330760123139,0.5615186033107804,1.326449535063831,LOWER_PREDICTED_RISK,0.14730226185180112,,,PREDICTIVE,False,Penalized multivariable coefficient; Hessian interval is approximate and not a causal confidence interval.,
MULTIVARIABLE_LOGISTIC_COEFFICIENT,switched_treatment,age_at_index,standardized_numeric_or_reference_coded_category,age_at_index (per SD),803,75,,,,,,,0.08270250811858064,1.086218619256851,0.8415939622069446,1.4019479010118352,HIGHER_PREDICTED_RISK,0.08270250811858064,,,PREDICTIVE,False,Penalized multivariable coefficient; Hessian interval is approximate and not a causal confidence interval.,
MULTIVARIABLE_LOGISTIC_COEFFICIENT,switched_treatment,comorbidity_score,standardized_numeric_or_reference_coded_category,comorbidity_score (per SD),803,75,,,,,,,0.06451434401428653,1.0666408780469117,0.8322820190667896,1.366991880944848,HIGHER_PREDICTED_RISK,0.06451434401428653,,,PREDICTIVE,False,Penalized multivariable coefficient; Hessian interval is approximate and not a causal confidence interval.,
MULTIVARIABLE_LOGISTIC_COEFFICIENT,switched_treatment,frailty_proxy,standardized_numeric_or_reference_coded_category,frailty_proxy (per SD),803,75,,,,,,,0.05877831334720945,1.060540107091635,0.8301755225225159,1.354828332365619,HIGHER_PREDICTED_RISK,0.05877831334720945,,,PREDICTIVE,False,Penalized multivariable coefficient; Hessian interval is approximate and not a causal confidence interval.,
MULTIVARIABLE_LOGISTIC_COEFFICIENT,switched_treatment,access_index,standardized_numeric_or_reference_coded_category,access_index (per SD),803,75,,,,,,,0.11515043400173858,1.1220422181774492,0.8547875309192372,1.472855761031828,HIGHER_PREDICTED_RISK,0.11515043400173858,,,PREDICTIVE,False,Penalized multivariable coefficient; Hessian interval is approximate and not a causal confidence interval.,
MULTIVARIABLE_LOGISTIC_COEFFICIENT,switched_treatment,prior_healthcare_utilization_180d,standardized_numeric_or_reference_coded_category,prior_healthcare_utilization_180d (per SD),803,75,,,,,,,0.08252375319668437,1.0860244696855161,0.8144215488363258,1.4482047416856112,HIGHER_PREDICTED_RISK,0.08252375319668437,,,PREDICTIVE,False,Penalized multivariable coefficient; Hessian interval is approximate and not a causal confidence interval.,
MULTIVARIABLE_LOGISTIC_COEFFICIENT,switched_treatment,time_since_diagnosis_days,standardized_numeric_or_reference_coded_category,time_since_diagnosis_days (per SD),803,75,,,,,,,0.09176123006472568,1.0961030743731968,0.2722874978671937,4.412402181742361,HIGHER_PREDICTED_RISK,0.09176123006472568,,,PREDICTIVE,False,Penalized multivariable coefficient; Hessian interval is approximate and not a causal confidence interval.,
MULTIVARIABLE_LOGISTIC_COEFFICIENT,switched_treatment,time_since_metastasis_days,standardized_numeric_or_reference_coded_category,time_since_metastasis_days (per SD),803,75,,,,,,,0.09176123006472568,1.0961030743731968,0.27228749786719386,4.412402181742358,HIGHER_PREDICTED_RISK,0.09176123006472568,,,PREDICTIVE,False,Penalized multivariable coefficient; Hessian interval is approximate and not a causal confidence interval.,
MULTIVARIABLE_LOGISTIC_COEFFICIENT,switched_treatment,metastatic_site,standardized_numeric_or_reference_coded_category,metastatic_site=lymph_node vs bone,803,75,,,,,,,-0.2725382575341367,0.7614442976367484,0.39200899880437995,1.479041093882774,LOWER_PREDICTED_RISK,0.2725382575341367,,,PREDICTIVE,False,Penalized multivariable coefficient; Hessian interval is approximate and not a causal confidence interval.,
MULTIVARIABLE_LOGISTIC_COEFFICIENT,switched_treatment,metastatic_site,standardized_numeric_or_reference_coded_category,metastatic_site=multiple vs bone,803,75,,,,,,,-0.018069676002207782,0.9820926016880571,0.5396270186878311,1.7873565349558118,LOWER_PREDICTED_RISK,0.018069676002207782,,,PREDICTIVE,False,Penalized multivariable coefficient; Hessian interval is approximate and not a causal confidence interval.,
MULTIVARIABLE_LOGISTIC_COEFFICIENT,switched_treatment,metastatic_site,standardized_numeric_or_reference_coded_category,metastatic_site=unknown vs bone,803,75,,,,,,,-0.014001407615122459,0.9860961562180233,0.29097274889434566,3.3418443239199713,LOWER_PREDICTED_RISK,0.014001407615122459,,,PREDICTIVE,False,Penalized multivariable coefficient; Hessian interval is approximate and not a causal confidence interval.,
MULTIVARIABLE_LOGISTIC_COEFFICIENT,switched_treatment,metastatic_site,standardized_numeric_or_reference_coded_category,metastatic_site=visceral vs bone,803,75,,,,,,,-0.05349755383795067,0.9479082597381784,0.41214078413031235,2.1801532473324965,LOWER_PREDICTED_RISK,0.05349755383795067,,,PREDICTIVE,False,Penalized multivariable coefficient; Hessian interval is approximate and not a causal confidence interval.,
MULTIVARIABLE_LOGISTIC_COEFFICIENT,switched_treatment,market_code,standardized_numeric_or_reference_coded_category,market_code=CA vs AU,803,75,,,,,,,0.0854151632596443,1.0891691558635517,0.272626167203901,4.3513411139191165,HIGHER_PREDICTED_RISK,0.0854151632596443,,,PREDICTIVE,False,Penalized multivariable coefficient; Hessian interval is approximate and not a causal confidence interval.,
MULTIVARIABLE_LOGISTIC_COEFFICIENT,switched_treatment,market_code,standardized_numeric_or_reference_coded_category,market_code=CN vs AU,803,75,,,,,,,-0.0499965970767668,0.9512326614669303,0.2778131581068388,3.257022030228976,LOWER_PREDICTED_RISK,0.0499965970767668,,,PREDICTIVE,False,Penalized multivariable coefficient; Hessian interval is approximate and not a causal confidence interval.,
MULTIVARIABLE_LOGISTIC_COEFFICIENT,switched_treatment,market_code,standardized_numeric_or_reference_coded_category,market_code=DE vs AU,803,75,,,,,,,-0.22060150283082522,0.8020362257825295,0.2318863469384886,2.7740404554224134,LOWER_PREDICTED_RISK,0.22060150283082522,,,PREDICTIVE,False,Penalized multivariable coefficient; Hessian interval is approximate and not a causal confidence interval.,
MULTIVARIABLE_LOGISTIC_COEFFICIENT,switched_treatment,market_code,standardized_numeric_or_reference_coded_category,market_code=FR vs AU,803,75,,,,,,,-0.3550721997848849,0.7011228204643033,0.1720729949538375,2.856771392325074,LOWER_PREDICTED_RISK,0.3550721997848849,,,PREDICTIVE,False,Penalized multivariable coefficient; Hessian interval is approximate and not a causal confidence interval.,
MULTIVARIABLE_LOGISTIC_COEFFICIENT,switched_treatment,market_code,standardized_numeric_or_reference_coded_category,market_code=JP vs AU,803,75,,,,,,,-0.05562143935777345,0.9458971475532163,0.27083678680003626,3.3035446340969195,LOWER_PREDICTED_RISK,0.05562143935777345,,,PREDICTIVE,False,Penalized multivariable coefficient; Hessian interval is approximate and not a causal confidence interval.,
MULTIVARIABLE_LOGISTIC_COEFFICIENT,switched_treatment,market_code,standardized_numeric_or_reference_coded_category,market_code=US vs AU,803,75,,,,,,,0.5418853564932421,1.7192451986149937,0.5650538926049323,5.231012637280092,HIGHER_PREDICTED_RISK,0.5418853564932421,,,PREDICTIVE,False,Penalized multivariable coefficient; Hessian interval is approximate and not a causal confidence interval.,
MULTIVARIABLE_LOGISTIC_COEFFICIENT,switched_treatment,care_setting,standardized_numeric_or_reference_coded_category,care_setting=community_oncology vs academic_oncology,803,75,,,,,,,-0.08579384064027663,0.9177834213603342,0.46491314691584984,1.8117930501895303,LOWER_PREDICTED_RISK,0.08579384064027663,,,PREDICTIVE,False,Penalized multivariable coefficient; Hessian interval is approximate and not a causal confidence interval.,
MULTIVARIABLE_LOGISTIC_COEFFICIENT,switched_treatment,care_setting,standardized_numeric_or_reference_coded_category,care_setting=community_urology vs academic_oncology,803,75,,,,,,,-0.30274386442890994,0.7387883021019627,0.28755461445004815,1.8981025791102881,LOWER_PREDICTED_RISK,0.30274386442890994,,,PREDICTIVE,False,Penalized multivariable coefficient; Hessian interval is approximate and not a causal confidence interval.,
MULTIVARIABLE_LOGISTIC_COEFFICIENT,switched_treatment,care_setting,standardized_numeric_or_reference_coded_category,care_setting=mixed_pathway vs academic_oncology,803,75,,,,,,,0.5502555086001342,1.7336959355018915,0.78371612719524,3.83519171352588,HIGHER_PREDICTED_RISK,0.5502555086001342,,,PREDICTIVE,False,Penalized multivariable coefficient; Hessian interval is approximate and not a causal confidence interval.,
MULTIVARIABLE_LOGISTIC_COEFFICIENT,switched_treatment,provider_specialty,standardized_numeric_or_reference_coded_category,provider_specialty=urology vs medical_oncology,803,75,,,,,,,0.3625263642386964,1.436955104714111,0.392387145700133,5.262251823462937,HIGHER_PREDICTED_RISK,0.3625263642386964,,,PREDICTIVE,False,Penalized multivariable coefficient; Hessian interval is approximate and not a causal confidence interval.,
MULTIVARIABLE_LOGISTIC_COEFFICIENT,switched_treatment,provider_volume_band,standardized_numeric_or_reference_coded_category,provider_volume_band=LOW_LT_150 vs HIGH_GE_300,803,75,,,,,,,-0.14140540733355889,0.8681372911222709,0.4396119849649176,1.714380822209065,LOWER_PREDICTED_RISK,0.14140540733355889,,,PREDICTIVE,False,Penalized multivariable coefficient; Hessian interval is approximate and not a causal confidence interval.,
MULTIVARIABLE_LOGISTIC_COEFFICIENT,switched_treatment,provider_volume_band,standardized_numeric_or_reference_coded_category,provider_volume_band=MEDIUM_150_299 vs HIGH_GE_300,803,75,,,,,,,0.059489215392868826,1.061294315275577,0.5677937361271788,1.9837232290001319,HIGHER_PREDICTED_RISK,0.059489215392868826,,,PREDICTIVE,False,Penalized multivariable coefficient; Hessian interval is approximate and not a causal confidence interval.,
MULTIVARIABLE_LOGISTIC_COEFFICIENT,switched_treatment,referral_proxy,standardized_numeric_or_reference_coded_category,referral_proxy=NO_PRE_INDEX_REFERRAL vs COMPLETED_BY_INDEX,803,75,,,,,,,0.3216491567993055,1.379400737681594,0.3268242293225206,5.821925746021833,HIGHER_PREDICTED_RISK,0.3216491567993055,,,PREDICTIVE,False,Penalized multivariable coefficient; Hessian interval is approximate and not a causal confidence interval.,
MULTIVARIABLE_LOGISTIC_COEFFICIENT,switched_treatment,referral_proxy,standardized_numeric_or_reference_coded_category,referral_proxy=RECORDED_NOT_COMPLETED_BY_INDEX vs COMPLETED_BY_INDEX,803,75,,,,,,,0.04087720743939101,1.041724181711872,0.2983301124153986,3.6375452078140817,HIGHER_PREDICTED_RISK,0.04087720743939101,,,PREDICTIVE,False,Penalized multivariable coefficient; Hessian interval is approximate and not a causal confidence interval.,
MULTIVARIABLE_LOGISTIC_COEFFICIENT,switched_treatment,insurance_type,standardized_numeric_or_reference_coded_category,insurance_type=commercial vs MISSING,803,75,,,,,,,-0.017889369782759967,0.9822696950572534,0.3510453171935889,2.7485162358562025,LOWER_PREDICTED_RISK,0.017889369782759967,,,PREDICTIVE,False,Penalized multivariable coefficient; Hessian interval is approximate and not a causal confidence interval.,
MULTIVARIABLE_LOGISTIC_COEFFICIENT,switched_treatment,insurance_type,standardized_numeric_or_reference_coded_category,insurance_type=complementary vs MISSING,803,75,,,,,,,-0.28542604561235674,0.751693930187091,0.12862155951554072,4.393071945390645,LOWER_PREDICTED_RISK,0.28542604561235674,,,PREDICTIVE,False,Penalized multivariable coefficient; Hessian interval is approximate and not a causal confidence interval.,
MULTIVARIABLE_LOGISTIC_COEFFICIENT,switched_treatment,insurance_type,standardized_numeric_or_reference_coded_category,insurance_type=employee_health vs MISSING,803,75,,,,,,,0.22877636799076867,1.2570608885216603,0.35756836151738536,4.4193006079874735,HIGHER_PREDICTED_RISK,0.22877636799076867,,,PREDICTIVE,False,Penalized multivariable coefficient; Hessian interval is approximate and not a causal confidence interval.,
MULTIVARIABLE_LOGISTIC_COEFFICIENT,switched_treatment,insurance_type,standardized_numeric_or_reference_coded_category,insurance_type=medicaid vs MISSING,803,75,,,,,,,0.4634886933507365,1.5896099844603921,0.48431525524394137,5.21738655831403,HIGHER_PREDICTED_RISK,0.4634886933507365,,,PREDICTIVE,False,Penalized multivariable coefficient; Hessian interval is approximate and not a causal confidence interval.,
MULTIVARIABLE_LOGISTIC_COEFFICIENT,switched_treatment,insurance_type,standardized_numeric_or_reference_coded_category,insurance_type=medicare vs MISSING,803,75,,,,,,,-0.3254430830352171,0.7222072849429348,0.2752751448256266,1.8947710035900376,LOWER_PREDICTED_RISK,0.3254430830352171,,,PREDICTIVE,False,Penalized multivariable coefficient; Hessian interval is approximate and not a causal confidence interval.,
MULTIVARIABLE_LOGISTIC_COEFFICIENT,switched_treatment,insurance_type,standardized_numeric_or_reference_coded_category,insurance_type=medicare_public vs MISSING,803,75,,,,,,,-0.11849383652852108,0.8882572903884081,0.24273358779436247,3.2504814067865118,LOWER_PREDICTED_RISK,0.11849383652852108,,,PREDICTIVE,False,Penalized multivariable coefficient; Hessian interval is approximate and not a causal confidence interval.,
MULTIVARIABLE_LOGISTIC_COEFFICIENT,switched_treatment,insurance_type,standardized_numeric_or_reference_coded_category,insurance_type=national_health_insurance vs MISSING,803,75,,,,,,,-0.5017657416312306,0.6054606282537238,0.16761849570555779,2.1870055021215604,LOWER_PREDICTED_RISK,0.5017657416312306,,,PREDICTIVE,False,Penalized multivariable coefficient; Hessian interval is approximate and not a causal confidence interval.,
MULTIVARIABLE_LOGISTIC_COEFFICIENT,switched_treatment,insurance_type,standardized_numeric_or_reference_coded_category,insurance_type=other vs MISSING,803,75,,,,,,,-0.34057690132684576,0.7113598199401951,0.21735808468441165,2.3281066087791036,LOWER_PREDICTED_RISK,0.34057690132684576,,,PREDICTIVE,False,Penalized multivariable coefficient; Hessian interval is approximate and not a causal confidence interval.,
MULTIVARIABLE_LOGISTIC_COEFFICIENT,switched_treatment,insurance_type,standardized_numeric_or_reference_coded_category,insurance_type=private vs MISSING,803,75,,,,,,,-0.5820494621610381,0.5587520511154075,0.14439045840935902,2.1622194296284514,LOWER_PREDICTED_RISK,0.5820494621610381,,,PREDICTIVE,False,Penalized multivariable coefficient; Hessian interval is approximate and not a causal confidence interval.,
MULTIVARIABLE_LOGISTIC_COEFFICIENT,switched_treatment,insurance_type,standardized_numeric_or_reference_coded_category,insurance_type=private_supplemental vs MISSING,803,75,,,,,,,-0.44034102598630903,0.6438168253734725,0.11673422723871828,3.550801803710364,LOWER_PREDICTED_RISK,0.44034102598630903,,,PREDICTIVE,False,Penalized multivariable coefficient; Hessian interval is approximate and not a causal confidence interval.,
MULTIVARIABLE_LOGISTIC_COEFFICIENT,switched_treatment,insurance_type,standardized_numeric_or_reference_coded_category,insurance_type=provincial_public vs MISSING,803,75,,,,,,,-0.15626523466218495,0.8553322965095697,0.21195772267795762,3.4516002918369533,LOWER_PREDICTED_RISK,0.15626523466218495,,,PREDICTIVE,False,Penalized multivariable coefficient; Hessian interval is approximate and not a causal confidence interval.,
MULTIVARIABLE_LOGISTIC_COEFFICIENT,switched_treatment,insurance_type,standardized_numeric_or_reference_coded_category,insurance_type=public vs MISSING,803,75,,,,,,,0.1686451654301577,1.1837000466998622,0.2949522352072468,4.750415943017851,HIGHER_PREDICTED_RISK,0.1686451654301577,,,PREDICTIVE,False,Penalized multivariable coefficient; Hessian interval is approximate and not a causal confidence interval.,
MULTIVARIABLE_LOGISTIC_COEFFICIENT,switched_treatment,insurance_type,standardized_numeric_or_reference_coded_category,insurance_type=rural vs MISSING,803,75,,,,,,,-0.904353936591762,0.4048033292577405,0.08899154746715161,1.8413629163897443,LOWER_PREDICTED_RISK,0.904353936591762,,,PREDICTIVE,False,Penalized multivariable coefficient; Hessian interval is approximate and not a causal confidence interval.,
MULTIVARIABLE_LOGISTIC_COEFFICIENT,switched_treatment,insurance_type,standardized_numeric_or_reference_coded_category,insurance_type=self_pay_other vs MISSING,803,75,,,,,,,-0.5345665656464132,0.5859231943564123,0.1139557918343179,3.012624318244043,LOWER_PREDICTED_RISK,0.5345665656464132,,,PREDICTIVE,False,Penalized multivariable coefficient; Hessian interval is approximate and not a causal confidence interval.,
MULTIVARIABLE_LOGISTIC_COEFFICIENT,switched_treatment,insurance_type,standardized_numeric_or_reference_coded_category,insurance_type=statutory vs MISSING,803,75,,,,,,,0.4854428436943109,1.624894423787782,0.47214272093009013,5.592126641824418,HIGHER_PREDICTED_RISK,0.4854428436943109,,,PREDICTIVE,False,Penalized multivariable coefficient; Hessian interval is approximate and not a causal confidence interval.,
MULTIVARIABLE_LOGISTIC_COEFFICIENT,switched_treatment,insurance_type,standardized_numeric_or_reference_coded_category,insurance_type=urban_employee vs MISSING,803,75,,,,,,,0.31878480625412164,1.3754553036771366,0.41398450128102376,4.569922996052712,HIGHER_PREDICTED_RISK,0.31878480625412164,,,PREDICTIVE,False,Penalized multivariable coefficient; Hessian interval is approximate and not a causal confidence interval.,
MULTIVARIABLE_LOGISTIC_COEFFICIENT,switched_treatment,insurance_type,standardized_numeric_or_reference_coded_category,insurance_type=urban_resident vs MISSING,803,75,,,,,,,0.606178892616036,1.8334123316191222,0.5547288351429976,6.05953857954142,HIGHER_PREDICTED_RISK,0.606178892616036,,,PREDICTIVE,False,Penalized multivariable coefficient; Hessian interval is approximate and not a causal confidence interval.,
MULTIVARIABLE_LOGISTIC_COEFFICIENT,switched_treatment,calendar_period,standardized_numeric_or_reference_coded_category,calendar_period=2021_2022 vs 2019_2020,803,75,,,,,,,0.0283640173440772,1.0287701064310468,0.618019212319427,1.7125162305457964,HIGHER_PREDICTED_RISK,0.0283640173440772,,,PREDICTIVE,False,Penalized multivariable coefficient; Hessian interval is approximate and not a causal confidence interval.,
MULTIVARIABLE_LOGISTIC_COEFFICIENT,switched_treatment,calendar_period,standardized_numeric_or_reference_coded_category,calendar_period=2023_2024 vs 2019_2020,803,75,,,,,,,0.4884858776744752,1.629846563677103,0.8082615748081248,3.2865595791321267,HIGHER_PREDICTED_RISK,0.4884858776744752,,,PREDICTIVE,False,Penalized multivariable coefficient; Hessian interval is approximate and not a causal confidence interval.,
MULTIVARIABLE_LOGISTIC_COEFFICIENT,restarted_after_gap,age_at_index,standardized_numeric_or_reference_coded_category,age_at_index (per SD),435,160,,,,,,,-0.05764967024578429,0.9439805940052335,0.7609415476989355,1.1710483736275556,LOWER_PREDICTED_RISK,0.05764967024578429,,,PREDICTIVE,False,Penalized multivariable coefficient; Hessian interval is approximate and not a causal confidence interval.,
MULTIVARIABLE_LOGISTIC_COEFFICIENT,restarted_after_gap,comorbidity_score,standardized_numeric_or_reference_coded_category,comorbidity_score (per SD),435,160,,,,,,,0.1967773291850487,1.2174729148349919,0.9854696270794281,1.5040953649171616,HIGHER_PREDICTED_RISK,0.1967773291850487,,,PREDICTIVE,False,Penalized multivariable coefficient; Hessian interval is approximate and not a causal confidence interval.,
MULTIVARIABLE_LOGISTIC_COEFFICIENT,restarted_after_gap,frailty_proxy,standardized_numeric_or_reference_coded_category,frailty_proxy (per SD),435,160,,,,,,,-0.0879140528186993,0.9158395871718477,0.7423589358220868,1.1298606495552677,LOWER_PREDICTED_RISK,0.0879140528186993,,,PREDICTIVE,False,Penalized multivariable coefficient; Hessian interval is approximate and not a causal confidence interval.,
MULTIVARIABLE_LOGISTIC_COEFFICIENT,restarted_after_gap,access_index,standardized_numeric_or_reference_coded_category,access_index (per SD),435,160,,,,,,,0.022336592100536436,1.0225879215667784,0.8164224728457227,1.2808148870393288,HIGHER_PREDICTED_RISK,0.022336592100536436,,,PREDICTIVE,False,Penalized multivariable coefficient; Hessian interval is approximate and not a causal confidence interval.,
MULTIVARIABLE_LOGISTIC_COEFFICIENT,restarted_after_gap,prior_healthcare_utilization_180d,standardized_numeric_or_reference_coded_category,prior_healthcare_utilization_180d (per SD),435,160,,,,,,,0.1070482388303503,1.11298794242093,0.8890434105088061,1.3933427157009508,HIGHER_PREDICTED_RISK,0.1070482388303503,,,PREDICTIVE,False,Penalized multivariable coefficient; Hessian interval is approximate and not a causal confidence interval.,
MULTIVARIABLE_LOGISTIC_COEFFICIENT,restarted_after_gap,time_since_diagnosis_days,standardized_numeric_or_reference_coded_category,time_since_diagnosis_days (per SD),435,160,,,,,,,0.013696011265714564,1.0137902312827598,0.2523391797119666,4.072972870156366,HIGHER_PREDICTED_RISK,0.013696011265714564,,,PREDICTIVE,False,Penalized multivariable coefficient; Hessian interval is approximate and not a causal confidence interval.,
MULTIVARIABLE_LOGISTIC_COEFFICIENT,restarted_after_gap,time_since_metastasis_days,standardized_numeric_or_reference_coded_category,time_since_metastasis_days (per SD),435,160,,,,,,,0.013696011265714564,1.0137902312827598,0.25233917971196657,4.0729728701563666,HIGHER_PREDICTED_RISK,0.013696011265714564,,,PREDICTIVE,False,Penalized multivariable coefficient; Hessian interval is approximate and not a causal confidence interval.,
MULTIVARIABLE_LOGISTIC_COEFFICIENT,restarted_after_gap,metastatic_site,standardized_numeric_or_reference_coded_category,metastatic_site=lymph_node vs bone,435,160,,,,,,,-0.038144237185549046,0.9625740918999484,0.5670807740553213,1.6338922509593337,LOWER_PREDICTED_RISK,0.038144237185549046,,,PREDICTIVE,False,Penalized multivariable coefficient; Hessian interval is approximate and not a causal confidence interval.,
MULTIVARIABLE_LOGISTIC_COEFFICIENT,restarted_after_gap,metastatic_site,standardized_numeric_or_reference_coded_category,metastatic_site=multiple vs bone,435,160,,,,,,,-0.3117621217051229,0.7321556714577552,0.4125885937206694,1.2992407822371213,LOWER_PREDICTED_RISK,0.3117621217051229,,,PREDICTIVE,False,Penalized multivariable coefficient; Hessian interval is approximate and not a causal confidence interval.,
MULTIVARIABLE_LOGISTIC_COEFFICIENT,restarted_after_gap,metastatic_site,standardized_numeric_or_reference_coded_category,metastatic_site=unknown vs bone,435,160,,,,,,,0.44653530454083623,1.5628878636204062,0.5649378519545339,4.323694129896148,HIGHER_PREDICTED_RISK,0.44653530454083623,,,PREDICTIVE,False,Penalized multivariable coefficient; Hessian interval is approximate and not a causal confidence interval.,
MULTIVARIABLE_LOGISTIC_COEFFICIENT,restarted_after_gap,metastatic_site,standardized_numeric_or_reference_coded_category,metastatic_site=visceral vs bone,435,160,,,,,,,0.4348824823825861,1.5447815092415116,0.7564461516155728,3.154685771350489,HIGHER_PREDICTED_RISK,0.4348824823825861,,,PREDICTIVE,False,Penalized multivariable coefficient; Hessian interval is approximate and not a causal confidence interval.,
MULTIVARIABLE_LOGISTIC_COEFFICIENT,restarted_after_gap,market_code,standardized_numeric_or_reference_coded_category,market_code=CA vs AU,435,160,,,,,,,-0.305303383317933,0.736899777376096,0.19184385964551542,2.8305377242739063,LOWER_PREDICTED_RISK,0.305303383317933,,,PREDICTIVE,False,Penalized multivariable coefficient; Hessian interval is approximate and not a causal confidence interval.,
MULTIVARIABLE_LOGISTIC_COEFFICIENT,restarted_after_gap,market_code,standardized_numeric_or_reference_coded_category,market_code=CN vs AU,435,160,,,,,,,0.4421527342558588,1.5560533849412428,0.497882843170468,4.86319657325103,HIGHER_PREDICTED_RISK,0.4421527342558588,,,PREDICTIVE,False,Penalized multivariable coefficient; Hessian interval is approximate and not a causal confidence interval.,
MULTIVARIABLE_LOGISTIC_COEFFICIENT,restarted_after_gap,market_code,standardized_numeric_or_reference_coded_category,market_code=DE vs AU,435,160,,,,,,,0.07304418716230382,1.0757780714447336,0.32049696308729353,3.610949844433121,HIGHER_PREDICTED_RISK,0.07304418716230382,,,PREDICTIVE,False,Penalized multivariable coefficient; Hessian interval is approximate and not a causal confidence interval.,
MULTIVARIABLE_LOGISTIC_COEFFICIENT,restarted_after_gap,market_code,standardized_numeric_or_reference_coded_category,market_code=FR vs AU,435,160,,,,,,,0.22222432306360188,1.248851492637819,0.35257187825225694,4.423580401236169,HIGHER_PREDICTED_RISK,0.22222432306360188,,,PREDICTIVE,False,Penalized multivariable coefficient; Hessian interval is approximate and not a causal confidence interval.,
MULTIVARIABLE_LOGISTIC_COEFFICIENT,restarted_after_gap,market_code,standardized_numeric_or_reference_coded_category,market_code=JP vs AU,435,160,,,,,,,0.35084133822579544,1.4202619667512457,0.4403208232536756,4.581078040540475,HIGHER_PREDICTED_RISK,0.35084133822579544,,,PREDICTIVE,False,Penalized multivariable coefficient; Hessian interval is approximate and not a causal confidence interval.,
MULTIVARIABLE_LOGISTIC_COEFFICIENT,restarted_after_gap,market_code,standardized_numeric_or_reference_coded_category,market_code=US vs AU,435,160,,,,,,,0.48660451318020703,1.6267831108603745,0.5556792915875313,4.762501194204913,HIGHER_PREDICTED_RISK,0.48660451318020703,,,PREDICTIVE,False,Penalized multivariable coefficient; Hessian interval is approximate and not a causal confidence interval.,
MULTIVARIABLE_LOGISTIC_COEFFICIENT,restarted_after_gap,care_setting,standardized_numeric_or_reference_coded_category,care_setting=community_oncology vs academic_oncology,435,160,,,,,,,-0.13655275642301865,0.8723602964367831,0.47904451411896526,1.5886049508340332,LOWER_PREDICTED_RISK,0.13655275642301865,,,PREDICTIVE,False,Penalized multivariable coefficient; Hessian interval is approximate and not a causal confidence interval.,
MULTIVARIABLE_LOGISTIC_COEFFICIENT,restarted_after_gap,care_setting,standardized_numeric_or_reference_coded_category,care_setting=community_urology vs academic_oncology,435,160,,,,,,,-0.2064897900151689,0.8134345665691493,0.3404858793272986,1.9433281503386253,LOWER_PREDICTED_RISK,0.2064897900151689,,,PREDICTIVE,False,Penalized multivariable coefficient; Hessian interval is approximate and not a causal confidence interval.,
MULTIVARIABLE_LOGISTIC_COEFFICIENT,restarted_after_gap,care_setting,standardized_numeric_or_reference_coded_category,care_setting=mixed_pathway vs academic_oncology,435,160,,,,,,,-0.12881387929736013,0.8791375760228288,0.4186788022770915,1.846004319711852,LOWER_PREDICTED_RISK,0.12881387929736013,,,PREDICTIVE,False,Penalized multivariable coefficient; Hessian interval is approximate and not a causal confidence interval.,
MULTIVARIABLE_LOGISTIC_COEFFICIENT,restarted_after_gap,provider_specialty,standardized_numeric_or_reference_coded_category,provider_specialty=urology vs medical_oncology,435,160,,,,,,,0.12171241995553175,1.1294292537576338,0.3070522134133338,4.154376303180662,HIGHER_PREDICTED_RISK,0.12171241995553175,,,PREDICTIVE,False,Penalized multivariable coefficient; Hessian interval is approximate and not a causal confidence interval.,
MULTIVARIABLE_LOGISTIC_COEFFICIENT,restarted_after_gap,provider_volume_band,standardized_numeric_or_reference_coded_category,provider_volume_band=LOW_LT_150 vs HIGH_GE_300,435,160,,,,,,,-0.06476316686404279,0.9372894182854595,0.5155445742000438,1.7040455813021733,LOWER_PREDICTED_RISK,0.06476316686404279,,,PREDICTIVE,False,Penalized multivariable coefficient; Hessian interval is approximate and not a causal confidence interval.,
MULTIVARIABLE_LOGISTIC_COEFFICIENT,restarted_after_gap,provider_volume_band,standardized_numeric_or_reference_coded_category,provider_volume_band=MEDIUM_150_299 vs HIGH_GE_300,435,160,,,,,,,-0.33964609323139955,0.7120222676774,0.398840674819459,1.2711233875480652,LOWER_PREDICTED_RISK,0.33964609323139955,,,PREDICTIVE,False,Penalized multivariable coefficient; Hessian interval is approximate and not a causal confidence interval.,
MULTIVARIABLE_LOGISTIC_COEFFICIENT,restarted_after_gap,referral_proxy,standardized_numeric_or_reference_coded_category,referral_proxy=NO_PRE_INDEX_REFERRAL vs COMPLETED_BY_INDEX,435,160,,,,,,,0.4114344036672702,1.5089807209604273,0.33893250698661664,6.7182190238251875,HIGHER_PREDICTED_RISK,0.4114344036672702,,,PREDICTIVE,False,Penalized multivariable coefficient; Hessian interval is approximate and not a causal confidence interval.,
MULTIVARIABLE_LOGISTIC_COEFFICIENT,restarted_after_gap,referral_proxy,standardized_numeric_or_reference_coded_category,referral_proxy=RECORDED_NOT_COMPLETED_BY_INDEX vs COMPLETED_BY_INDEX,435,160,,,,,,,-0.2897219837117395,0.7484716259587332,0.2121755589520929,2.6403124734635406,LOWER_PREDICTED_RISK,0.2897219837117395,,,PREDICTIVE,False,Penalized multivariable coefficient; Hessian interval is approximate and not a causal confidence interval.,
MULTIVARIABLE_LOGISTIC_COEFFICIENT,restarted_after_gap,insurance_type,standardized_numeric_or_reference_coded_category,insurance_type=commercial vs MISSING,435,160,,,,,,,-0.04816977127988454,0.9529719860695421,0.3306513036672304,2.7465659326336764,LOWER_PREDICTED_RISK,0.04816977127988454,,,PREDICTIVE,False,Penalized multivariable coefficient; Hessian interval is approximate and not a causal confidence interval.,
MULTIVARIABLE_LOGISTIC_COEFFICIENT,restarted_after_gap,insurance_type,standardized_numeric_or_reference_coded_category,insurance_type=complementary vs MISSING,435,160,,,,,,,0.47150622163621975,1.6024059549569025,0.38360950013082723,6.69353820383918,HIGHER_PREDICTED_RISK,0.47150622163621975,,,PREDICTIVE,False,Penalized multivariable coefficient; Hessian interval is approximate and not a causal confidence interval.,
MULTIVARIABLE_LOGISTIC_COEFFICIENT,restarted_after_gap,insurance_type,standardized_numeric_or_reference_coded_category,insurance_type=employee_health vs MISSING,435,160,,,,,,,0.19700704021506926,1.2177526139160328,0.395881082462369,3.7458759571829034,HIGHER_PREDICTED_RISK,0.19700704021506926,,,PREDICTIVE,False,Penalized multivariable coefficient; Hessian interval is approximate and not a causal confidence interval.,
MULTIVARIABLE_LOGISTIC_COEFFICIENT,restarted_after_gap,insurance_type,standardized_numeric_or_reference_coded_category,insurance_type=medicaid vs MISSING,435,160,,,,,,,0.643736618801848,1.9035805615583372,0.563096171955693,6.4351688660172215,HIGHER_PREDICTED_RISK,0.643736618801848,,,PREDICTIVE,False,Penalized multivariable coefficient; Hessian interval is approximate and not a causal confidence interval.,
MULTIVARIABLE_LOGISTIC_COEFFICIENT,restarted_after_gap,insurance_type,standardized_numeric_or_reference_coded_category,insurance_type=medicare vs MISSING,435,160,,,,,,,0.0793711674104751,1.082606075600439,0.4308723820506779,2.7201462979568087,HIGHER_PREDICTED_RISK,0.0793711674104751,,,PREDICTIVE,False,Penalized multivariable coefficient; Hessian interval is approximate and not a causal confidence interval.,
MULTIVARIABLE_LOGISTIC_COEFFICIENT,restarted_after_gap,insurance_type,standardized_numeric_or_reference_coded_category,insurance_type=medicare_public vs MISSING,435,160,,,,,,,-0.8482369728782534,0.4281691407158911,0.10965100157612014,1.6719301276433571,LOWER_PREDICTED_RISK,0.8482369728782534,,,PREDICTIVE,False,Penalized multivariable coefficient; Hessian interval is approximate and not a causal confidence interval.,
MULTIVARIABLE_LOGISTIC_COEFFICIENT,restarted_after_gap,insurance_type,standardized_numeric_or_reference_coded_category,insurance_type=national_health_insurance vs MISSING,435,160,,,,,,,0.1914574831196197,1.2110133435359458,0.39070862591385824,3.753572920976282,HIGHER_PREDICTED_RISK,0.1914574831196197,,,PREDICTIVE,False,Penalized multivariable coefficient; Hessian interval is approximate and not a causal confidence interval.,
MULTIVARIABLE_LOGISTIC_COEFFICIENT,restarted_after_gap,insurance_type,standardized_numeric_or_reference_coded_category,insurance_type=other vs MISSING,435,160,,,,,,,-0.31575463960960365,0.7292383544260509,0.2689697052422774,1.9771318747105742,LOWER_PREDICTED_RISK,0.31575463960960365,,,PREDICTIVE,False,Penalized multivariable coefficient; Hessian interval is approximate and not a causal confidence interval.,
MULTIVARIABLE_LOGISTIC_COEFFICIENT,restarted_after_gap,insurance_type,standardized_numeric_or_reference_coded_category,insurance_type=private vs MISSING,435,160,,,,,,,0.7416458761306842,2.0993880051357197,0.5983660906714957,7.365775007674068,HIGHER_PREDICTED_RISK,0.7416458761306842,,,PREDICTIVE,False,Penalized multivariable coefficient; Hessian interval is approximate and not a causal confidence interval.,
MULTIVARIABLE_LOGISTIC_COEFFICIENT,restarted_after_gap,insurance_type,standardized_numeric_or_reference_coded_category,insurance_type=private_supplemental vs MISSING,435,160,,,,,,,-0.11808135831357777,0.888623752743631,0.18689689691737357,4.225068403833779,LOWER_PREDICTED_RISK,0.11808135831357777,,,PREDICTIVE,False,Penalized multivariable coefficient; Hessian interval is approximate and not a causal confidence interval.,
MULTIVARIABLE_LOGISTIC_COEFFICIENT,restarted_after_gap,insurance_type,standardized_numeric_or_reference_coded_category,insurance_type=provincial_public vs MISSING,435,160,,,,,,,0.17518650926824111,1.1914684157929727,0.3106229025593392,4.570162000726995,HIGHER_PREDICTED_RISK,0.17518650926824111,,,PREDICTIVE,False,Penalized multivariable coefficient; Hessian interval is approximate and not a causal confidence interval.,
MULTIVARIABLE_LOGISTIC_COEFFICIENT,restarted_after_gap,insurance_type,standardized_numeric_or_reference_coded_category,insurance_type=public vs MISSING,435,160,,,,,,,0.08568803804019146,1.0894664032117447,0.3201365104478197,3.7075966189136036,HIGHER_PREDICTED_RISK,0.08568803804019146,,,PREDICTIVE,False,Penalized multivariable coefficient; Hessian interval is approximate and not a causal confidence interval.,
MULTIVARIABLE_LOGISTIC_COEFFICIENT,restarted_after_gap,insurance_type,standardized_numeric_or_reference_coded_category,insurance_type=rural vs MISSING,435,160,,,,,,,0.05996973509217088,1.0618044106464464,0.34511512211271517,3.266818908329456,HIGHER_PREDICTED_RISK,0.05996973509217088,,,PREDICTIVE,False,Penalized multivariable coefficient; Hessian interval is approximate and not a causal confidence interval.,
MULTIVARIABLE_LOGISTIC_COEFFICIENT,restarted_after_gap,insurance_type,standardized_numeric_or_reference_coded_category,insurance_type=self_pay_other vs MISSING,435,160,,,,,,,-0.3772331792337625,0.6857561511575391,0.17969097324112077,2.617056885875814,LOWER_PREDICTED_RISK,0.3772331792337625,,,PREDICTIVE,False,Penalized multivariable coefficient; Hessian interval is approximate and not a causal confidence interval.,
MULTIVARIABLE_LOGISTIC_COEFFICIENT,restarted_after_gap,insurance_type,standardized_numeric_or_reference_coded_category,insurance_type=statutory vs MISSING,435,160,,,,,,,0.10394833373419445,1.109543127484501,0.3424263610528062,3.595184517812982,HIGHER_PREDICTED_RISK,0.10394833373419445,,,PREDICTIVE,False,Penalized multivariable coefficient; Hessian interval is approximate and not a causal confidence interval.,
MULTIVARIABLE_LOGISTIC_COEFFICIENT,restarted_after_gap,insurance_type,standardized_numeric_or_reference_coded_category,insurance_type=urban_employee vs MISSING,435,160,,,,,,,0.2674966738387313,1.3066892835695747,0.4364572925687732,3.9120365563064223,HIGHER_PREDICTED_RISK,0.2674966738387313,,,PREDICTIVE,False,Penalized multivariable coefficient; Hessian interval is approximate and not a causal confidence interval.,
MULTIVARIABLE_LOGISTIC_COEFFICIENT,restarted_after_gap,insurance_type,standardized_numeric_or_reference_coded_category,insurance_type=urban_resident vs MISSING,435,160,,,,,,,-0.28644162115139354,0.7509309157337386,0.224059581098434,2.5167289764635394,LOWER_PREDICTED_RISK,0.28644162115139354,,,PREDICTIVE,False,Penalized multivariable coefficient; Hessian interval is approximate and not a causal confidence interval.,
MULTIVARIABLE_LOGISTIC_COEFFICIENT,restarted_after_gap,calendar_period,standardized_numeric_or_reference_coded_category,calendar_period=2021_2022 vs 2019_2020,435,160,,,,,,,0.11930474291018581,1.126713223842508,0.7393680419463325,1.7169834463493394,HIGHER_PREDICTED_RISK,0.11930474291018581,,,PREDICTIVE,False,Penalized multivariable coefficient; Hessian interval is approximate and not a causal confidence interval.,
MULTIVARIABLE_LOGISTIC_COEFFICIENT,restarted_after_gap,calendar_period,standardized_numeric_or_reference_coded_category,calendar_period=2023_2024 vs 2019_2020,435,160,,,,,,,0.42476527039883155,1.5292314216495986,0.7663710527064165,3.051457557930897,HIGHER_PREDICTED_RISK,0.42476527039883155,,,PREDICTIVE,False,Penalized multivariable coefficient; Hessian interval is approximate and not a causal confidence interval.,
