month,market_code,domain,record_count
2019-01,AU,patient,13
2019-01,CA,patient,9
2019-01,CN,patient,13
2019-01,DE,patient,21
2019-01,FR,patient,16
2019-01,JP,patient,23
2019-01,US,patient,40
2019-02,AU,patient,7
2019-02,CA,patient,12
2019-02,CN,patient,15
2019-02,DE,patient,24
2019-02,FR,patient,16
2019-02,JP,patient,23
2019-02,US,patient,33
2019-03,AU,patient,12
2019-03,CA,patient,18
2019-03,CN,patient,20
2019-03,DE,patient,25
2019-03,FR,patient,13
2019-03,JP,patient,26
2019-03,US,patient,43
2019-04,AU,patient,10
2019-04,CA,patient,10
2019-04,CN,patient,14
2019-04,DE,patient,20
2019-04,FR,patient,14
2019-04,JP,patient,20
2019-04,US,patient,28
2019-05,AU,patient,12
2019-05,CA,patient,14
2019-05,CN,patient,24
2019-05,DE,patient,34
2019-05,FR,patient,16
2019-05,JP,patient,19
2019-05,US,patient,48
2019-06,AU,patient,9
2019-06,CA,patient,6
2019-06,CN,patient,12
2019-06,DE,patient,32
2019-06,FR,patient,15
2019-06,JP,patient,25
2019-06,US,patient,38
2019-07,AU,patient,10
2019-07,CA,patient,9
2019-07,CN,patient,17
2019-07,DE,patient,21
2019-07,FR,patient,23
2019-07,JP,patient,17
2019-07,US,patient,44
2019-08,AU,patient,22
2019-08,CA,patient,11
2019-08,CN,patient,16
2019-08,DE,patient,34
2019-08,FR,patient,11
2019-08,JP,patient,26
2019-08,US,patient,36
2019-09,AU,patient,13
2019-09,CA,patient,14
2019-09,CN,patient,21
2019-09,DE,patient,24
2019-09,FR,patient,13
2019-09,JP,patient,26
2019-09,US,patient,32
2019-10,AU,patient,12
2019-10,CA,patient,13
2019-10,CN,patient,21
2019-10,DE,patient,23
2019-10,FR,patient,12
2019-10,JP,patient,33
2019-10,US,patient,46
2019-11,AU,patient,9
2019-11,CA,patient,10
2019-11,CN,patient,11
2019-11,DE,patient,27
2019-11,FR,patient,15
2019-11,JP,patient,27
2019-11,US,patient,42
2019-12,AU,patient,15
2019-12,CA,patient,13
2019-12,CN,patient,24
2019-12,DE,patient,28
2019-12,FR,patient,19
2019-12,JP,patient,18
2019-12,US,patient,37
2020-01,AU,patient,15
2020-01,CA,patient,12
2020-01,CN,patient,16
2020-01,DE,patient,20
2020-01,FR,patient,15
2020-01,JP,patient,18
2020-01,US,patient,39
2020-02,AU,patient,5
2020-02,CA,patient,8
2020-02,CN,patient,16
2020-02,DE,patient,21
2020-02,FR,patient,11
2020-02,JP,patient,20
2020-02,US,patient,34
2020-03,AU,patient,13
2020-03,CA,patient,7
2020-03,CN,patient,21
2020-03,DE,patient,22
2020-03,FR,patient,14
2020-03,JP,patient,18
2020-03,US,patient,36
2020-04,AU,patient,10
2020-04,CA,patient,18
2020-04,CN,patient,19
2020-04,DE,patient,15
2020-04,FR,patient,14
2020-04,JP,patient,26
2020-04,US,patient,42
2020-05,AU,patient,11
2020-05,CA,patient,19
2020-05,CN,patient,17
2020-05,DE,patient,25
2020-05,FR,patient,15
2020-05,JP,patient,24
2020-05,US,patient,43
2020-06,AU,patient,15
2020-06,CA,patient,11
2020-06,CN,patient,21
2020-06,DE,patient,21
2020-06,FR,patient,19
2020-06,JP,patient,24
2020-06,US,patient,45
2020-07,AU,patient,17
2020-07,CA,patient,12
2020-07,CN,patient,22
2020-07,DE,patient,25
2020-07,FR,patient,27
2020-07,JP,patient,18
2020-07,US,patient,35
2020-08,AU,patient,16
2020-08,CA,patient,14
2020-08,CN,patient,18
2020-08,DE,patient,22
2020-08,FR,patient,17
2020-08,JP,patient,19
2020-08,US,patient,49
2020-09,AU,patient,11
2020-09,CA,patient,15
2020-09,CN,patient,20
2020-09,DE,patient,27
2020-09,FR,patient,14
2020-09,JP,patient,34
2020-09,US,patient,44
2020-10,AU,patient,10
2020-10,CA,patient,20
2020-10,CN,patient,9
2020-10,DE,patient,18
2020-10,FR,patient,15
2020-10,JP,patient,12
2020-10,US,patient,40
2020-11,AU,patient,9
2020-11,CA,patient,10
2020-11,CN,patient,12
2020-11,DE,patient,24
2020-11,FR,patient,19
2020-11,JP,patient,26
2020-11,US,patient,47
2020-12,AU,patient,16
2020-12,CA,patient,8
2020-12,CN,patient,19
2020-12,DE,patient,28
2020-12,FR,patient,16
2020-12,JP,patient,19
2020-12,US,patient,35
2021-01,AU,patient,10
2021-01,CA,patient,16
2021-01,CN,patient,23
2021-01,DE,patient,25
2021-01,FR,patient,22
2021-01,JP,patient,31
2021-01,US,patient,29
2021-02,AU,patient,15
2021-02,CA,patient,9
2021-02,CN,patient,11
2021-02,DE,patient,26
2021-02,FR,patient,14
2021-02,JP,patient,16
2021-02,US,patient,27
2021-03,AU,patient,10
2021-03,CA,patient,15
2021-03,CN,patient,12
2021-03,DE,patient,23
2021-03,FR,patient,21
2021-03,JP,patient,18
2021-03,US,patient,38
2021-04,AU,patient,16
2021-04,CA,patient,12
2021-04,CN,patient,17
2021-04,DE,patient,21
2021-04,FR,patient,17
2021-04,JP,patient,25
2021-04,US,patient,33
2021-05,AU,patient,9
2021-05,CA,patient,16
2021-05,CN,patient,16
2021-05,DE,patient,28
2021-05,FR,patient,14
2021-05,JP,patient,37
2021-05,US,patient,33
2021-06,AU,patient,8
2021-06,CA,patient,12
2021-06,CN,patient,16
2021-06,DE,patient,16
2021-06,FR,patient,11
2021-06,JP,patient,22
2021-06,US,patient,36
2021-07,AU,patient,13
2021-07,CA,patient,11
2021-07,CN,patient,26
2021-07,DE,patient,20
2021-07,FR,patient,11
2021-07,JP,patient,29
2021-07,US,patient,46
2021-08,AU,patient,17
2021-08,CA,patient,13
2021-08,CN,patient,16
2021-08,DE,patient,21
2021-08,FR,patient,23
2021-08,JP,patient,22
2021-08,US,patient,27
2021-09,AU,patient,7
2021-09,CA,patient,10
2021-09,CN,patient,17
2021-09,DE,patient,23
2021-09,FR,patient,15
2021-09,JP,patient,23
2021-09,US,patient,50
2021-10,AU,patient,16
2021-10,CA,patient,14
2021-10,CN,patient,14
2021-10,DE,patient,35
2021-10,FR,patient,21
2021-10,JP,patient,26
2021-10,US,patient,35
2021-11,AU,patient,8
2021-11,CA,patient,8
2021-11,CN,patient,16
2021-11,DE,patient,34
2021-11,FR,patient,11
2021-11,JP,patient,32
2021-11,US,patient,37
2021-12,AU,patient,16
2021-12,CA,patient,10
2021-12,CN,patient,14
2021-12,DE,patient,21
2021-12,FR,patient,19
2021-12,JP,patient,24
2021-12,US,patient,40
2022-01,AU,patient,5
2022-01,CA,patient,17
2022-01,CN,patient,16
2022-01,DE,patient,33
2022-01,FR,patient,14
2022-01,JP,patient,30
2022-01,US,patient,46
2022-02,AU,patient,12
2022-02,CA,patient,12
2022-02,CN,patient,16
2022-02,DE,patient,25
2022-02,FR,patient,18
2022-02,JP,patient,21
2022-02,US,patient,41
2022-03,AU,patient,14
2022-03,CA,patient,21
2022-03,CN,patient,10
2022-03,DE,patient,20
2022-03,FR,patient,16
2022-03,JP,patient,18
2022-03,US,patient,45
2022-04,AU,patient,6
2022-04,CA,patient,13
2022-04,CN,patient,10
2022-04,DE,patient,22
2022-04,FR,patient,18
2022-04,JP,patient,17
2022-04,US,patient,39
2022-05,AU,patient,11
2022-05,CA,patient,15
2022-05,CN,patient,21
2022-05,DE,patient,29
2022-05,FR,patient,15
2022-05,JP,patient,22
2022-05,US,patient,33
2022-06,AU,patient,9
2022-06,CA,patient,10
2022-06,CN,patient,22
2022-06,DE,patient,39
2022-06,FR,patient,11
2022-06,JP,patient,15
2022-06,US,patient,38
2022-07,AU,patient,9
2022-07,CA,patient,17
2022-07,CN,patient,16
2022-07,DE,patient,38
2022-07,FR,patient,18
2022-07,JP,patient,23
2022-07,US,patient,48
2022-08,AU,patient,9
2022-08,CA,patient,14
2022-08,CN,patient,20
2022-08,DE,patient,18
2022-08,FR,patient,17
2022-08,JP,patient,24
2022-08,US,patient,24
2022-09,AU,patient,9
2022-09,CA,patient,11
2022-09,CN,patient,30
2022-09,DE,patient,25
2022-09,FR,patient,12
2022-09,JP,patient,17
2022-09,US,patient,40
2022-10,AU,patient,11
2022-10,CA,patient,19
2022-10,CN,patient,23
2022-10,DE,patient,29
2022-10,FR,patient,11
2022-10,JP,patient,26
2022-10,US,patient,36
2022-11,AU,patient,12
2022-11,CA,patient,14
2022-11,CN,patient,16
2022-11,DE,patient,31
2022-11,FR,patient,15
2022-11,JP,patient,26
2022-11,US,patient,42
2022-12,AU,patient,9
2022-12,CA,patient,12
2022-12,CN,patient,17
2022-12,DE,patient,33
2022-12,FR,patient,15
2022-12,JP,patient,17
2022-12,US,patient,37
2023-01,AU,patient,19
2023-01,CA,patient,15
2023-01,CN,patient,13
2023-01,DE,patient,26
2023-01,FR,patient,14
2023-01,JP,patient,25
2023-01,US,patient,36
2023-02,AU,patient,12
2023-02,CA,patient,17
2023-02,CN,patient,15
2023-02,DE,patient,26
2023-02,FR,patient,16
2023-02,JP,patient,28
2023-02,US,patient,35
2023-03,AU,patient,13
2023-03,CA,patient,14
2023-03,CN,patient,20
2023-03,DE,patient,18
2023-03,FR,patient,17
2023-03,JP,patient,24
2023-03,US,patient,28
2023-04,AU,patient,10
2023-04,CA,patient,13
2023-04,CN,patient,16
2023-04,DE,patient,24
2023-04,FR,patient,17
2023-04,JP,patient,27
2023-04,US,patient,41
2023-05,AU,patient,13
2023-05,CA,patient,11
2023-05,CN,patient,20
2023-05,DE,patient,20
2023-05,FR,patient,12
2023-05,JP,patient,31
2023-05,US,patient,46
2023-06,AU,patient,9
2023-06,CA,patient,15
2023-06,CN,patient,8
2023-06,DE,patient,39
2023-06,FR,patient,10
2023-06,JP,patient,24
2023-06,US,patient,20
2023-07,AU,patient,4
2023-07,CA,patient,11
2023-07,CN,patient,20
2023-07,DE,patient,30
2023-07,FR,patient,17
2023-07,JP,patient,21
2023-07,US,patient,43
2023-08,AU,patient,10
2023-08,CA,patient,16
2023-08,CN,patient,17
2023-08,DE,patient,29
2023-08,FR,patient,20
2023-08,JP,patient,22
2023-08,US,patient,48
2023-09,AU,patient,11
2023-09,CA,patient,12
2023-09,CN,patient,16
2023-09,DE,patient,25
2023-09,FR,patient,17
2023-09,JP,patient,22
2023-09,US,patient,41
2023-10,AU,patient,12
2023-10,CA,patient,14
2023-10,CN,patient,20
2023-10,DE,patient,29
2023-10,FR,patient,18
2023-10,JP,patient,28
2023-10,US,patient,30
2023-11,AU,patient,14
2023-11,CA,patient,11
2023-11,CN,patient,14
2023-11,DE,patient,29
2023-11,FR,patient,13
2023-11,JP,patient,18
2023-11,US,patient,37
2023-12,AU,patient,12
2023-12,CA,patient,14
2023-12,CN,patient,17
2023-12,DE,patient,37
2023-12,FR,patient,18
2023-12,JP,patient,32
2023-12,US,patient,37
2024-01,AU,patient,8
2024-01,CA,patient,16
2024-01,CN,patient,18
2024-01,DE,patient,27
2024-01,FR,patient,19
2024-01,JP,patient,24
2024-01,US,patient,45
2024-02,AU,patient,15
2024-02,CA,patient,8
2024-02,CN,patient,20
2024-02,DE,patient,21
2024-02,FR,patient,15
2024-02,JP,patient,18
2024-02,US,patient,26
2024-03,AU,patient,16
2024-03,CA,patient,12
2024-03,CN,patient,17
2024-03,DE,patient,40
2024-03,FR,patient,13
2024-03,JP,patient,22
2024-03,US,patient,24
2024-04,AU,patient,10
2024-04,CA,patient,10
2024-04,CN,patient,16
2024-04,DE,patient,21
2024-04,FR,patient,17
2024-04,JP,patient,25
2024-04,US,patient,41
2024-05,AU,patient,13
2024-05,CA,patient,13
2024-05,CN,patient,18
2024-05,DE,patient,29
2024-05,FR,patient,11
2024-05,JP,patient,20
2024-05,US,patient,43
2024-06,AU,patient,8
2024-06,CA,patient,15
2024-06,CN,patient,23
2024-06,DE,patient,29
2024-06,FR,patient,16
2024-06,JP,patient,20
2024-06,US,patient,27
2024-07,AU,patient,9
2024-07,CA,patient,20
2024-07,CN,patient,21
2024-07,DE,patient,19
2024-07,FR,patient,25
2024-07,JP,patient,21
2024-07,US,patient,32
2024-08,AU,patient,17
2024-08,CA,patient,13
2024-08,CN,patient,26
2024-08,DE,patient,33
2024-08,FR,patient,13
2024-08,JP,patient,21
2024-08,US,patient,26
2024-09,AU,patient,12
2024-09,CA,patient,16
2024-09,CN,patient,12
2024-09,DE,patient,33
2024-09,FR,patient,24
2024-09,JP,patient,25
2024-09,US,patient,38
2019-01,AU,diagnosis,13
2019-01,CA,diagnosis,9
2019-01,CN,diagnosis,13
2019-01,DE,diagnosis,21
2019-01,FR,diagnosis,16
2019-01,JP,diagnosis,23
2019-01,US,diagnosis,40
2019-02,AU,diagnosis,7
2019-02,CA,diagnosis,12
2019-02,CN,diagnosis,15
2019-02,DE,diagnosis,24
2019-02,FR,diagnosis,16
2019-02,JP,diagnosis,23
2019-02,US,diagnosis,33
2019-03,AU,diagnosis,12
2019-03,CA,diagnosis,18
2019-03,CN,diagnosis,20
2019-03,DE,diagnosis,25
2019-03,FR,diagnosis,13
2019-03,JP,diagnosis,26
2019-03,US,diagnosis,43
2019-04,AU,diagnosis,10
2019-04,CA,diagnosis,10
2019-04,CN,diagnosis,14
2019-04,DE,diagnosis,20
2019-04,FR,diagnosis,14
2019-04,JP,diagnosis,20
2019-04,US,diagnosis,28
2019-05,AU,diagnosis,12
2019-05,CA,diagnosis,14
2019-05,CN,diagnosis,24
2019-05,DE,diagnosis,34
2019-05,FR,diagnosis,16
2019-05,JP,diagnosis,19
2019-05,US,diagnosis,48
2019-06,AU,diagnosis,9
2019-06,CA,diagnosis,6
2019-06,CN,diagnosis,12
2019-06,DE,diagnosis,32
2019-06,FR,diagnosis,15
2019-06,JP,diagnosis,25
2019-06,US,diagnosis,38
2019-07,AU,diagnosis,10
2019-07,CA,diagnosis,9
2019-07,CN,diagnosis,17
2019-07,DE,diagnosis,21
2019-07,FR,diagnosis,23
2019-07,JP,diagnosis,17
2019-07,US,diagnosis,44
2019-08,AU,diagnosis,22
2019-08,CA,diagnosis,11
2019-08,CN,diagnosis,16
2019-08,DE,diagnosis,34
2019-08,FR,diagnosis,11
2019-08,JP,diagnosis,26
2019-08,US,diagnosis,36
2019-09,AU,diagnosis,13
2019-09,CA,diagnosis,14
2019-09,CN,diagnosis,21
2019-09,DE,diagnosis,24
2019-09,FR,diagnosis,13
2019-09,JP,diagnosis,26
2019-09,US,diagnosis,32
2019-10,AU,diagnosis,12
2019-10,CA,diagnosis,13
2019-10,CN,diagnosis,21
2019-10,DE,diagnosis,23
2019-10,FR,diagnosis,12
2019-10,JP,diagnosis,33
2019-10,US,diagnosis,46
2019-11,AU,diagnosis,9
2019-11,CA,diagnosis,10
2019-11,CN,diagnosis,11
2019-11,DE,diagnosis,27
2019-11,FR,diagnosis,15
2019-11,JP,diagnosis,27
2019-11,US,diagnosis,42
2019-12,AU,diagnosis,15
2019-12,CA,diagnosis,13
2019-12,CN,diagnosis,24
2019-12,DE,diagnosis,28
2019-12,FR,diagnosis,19
2019-12,JP,diagnosis,18
2019-12,US,diagnosis,37
2020-01,AU,diagnosis,15
2020-01,CA,diagnosis,12
2020-01,CN,diagnosis,16
2020-01,DE,diagnosis,20
2020-01,FR,diagnosis,15
2020-01,JP,diagnosis,18
2020-01,US,diagnosis,39
2020-02,AU,diagnosis,5
2020-02,CA,diagnosis,8
2020-02,CN,diagnosis,16
2020-02,DE,diagnosis,21
2020-02,FR,diagnosis,11
2020-02,JP,diagnosis,20
2020-02,US,diagnosis,34
2020-03,AU,diagnosis,13
2020-03,CA,diagnosis,7
2020-03,CN,diagnosis,21
2020-03,DE,diagnosis,22
2020-03,FR,diagnosis,14
2020-03,JP,diagnosis,18
2020-03,US,diagnosis,36
2020-04,AU,diagnosis,10
2020-04,CA,diagnosis,18
2020-04,CN,diagnosis,19
2020-04,DE,diagnosis,15
2020-04,FR,diagnosis,14
2020-04,JP,diagnosis,26
2020-04,US,diagnosis,42
2020-05,AU,diagnosis,11
2020-05,CA,diagnosis,19
2020-05,CN,diagnosis,17
2020-05,DE,diagnosis,25
2020-05,FR,diagnosis,15
2020-05,JP,diagnosis,24
2020-05,US,diagnosis,43
2020-06,AU,diagnosis,15
2020-06,CA,diagnosis,11
2020-06,CN,diagnosis,21
2020-06,DE,diagnosis,21
2020-06,FR,diagnosis,19
2020-06,JP,diagnosis,24
2020-06,US,diagnosis,45
2020-07,AU,diagnosis,17
2020-07,CA,diagnosis,12
2020-07,CN,diagnosis,22
2020-07,DE,diagnosis,25
2020-07,FR,diagnosis,27
2020-07,JP,diagnosis,18
2020-07,US,diagnosis,35
2020-08,AU,diagnosis,16
2020-08,CA,diagnosis,14
2020-08,CN,diagnosis,18
2020-08,DE,diagnosis,22
2020-08,FR,diagnosis,17
2020-08,JP,diagnosis,19
2020-08,US,diagnosis,49
2020-09,AU,diagnosis,11
2020-09,CA,diagnosis,15
2020-09,CN,diagnosis,20
2020-09,DE,diagnosis,27
2020-09,FR,diagnosis,14
2020-09,JP,diagnosis,34
2020-09,US,diagnosis,44
2020-10,AU,diagnosis,10
2020-10,CA,diagnosis,20
2020-10,CN,diagnosis,9
2020-10,DE,diagnosis,18
2020-10,FR,diagnosis,15
2020-10,JP,diagnosis,12
2020-10,US,diagnosis,40
2020-11,AU,diagnosis,9
2020-11,CA,diagnosis,10
2020-11,CN,diagnosis,12
2020-11,DE,diagnosis,24
2020-11,FR,diagnosis,19
2020-11,JP,diagnosis,26
2020-11,US,diagnosis,47
2020-12,AU,diagnosis,16
2020-12,CA,diagnosis,8
2020-12,CN,diagnosis,19
2020-12,DE,diagnosis,28
2020-12,FR,diagnosis,16
2020-12,JP,diagnosis,19
2020-12,US,diagnosis,35
2021-01,AU,diagnosis,10
2021-01,CA,diagnosis,16
2021-01,CN,diagnosis,23
2021-01,DE,diagnosis,25
2021-01,FR,diagnosis,22
2021-01,JP,diagnosis,31
2021-01,US,diagnosis,29
2021-02,AU,diagnosis,15
2021-02,CA,diagnosis,9
2021-02,CN,diagnosis,11
2021-02,DE,diagnosis,26
2021-02,FR,diagnosis,14
2021-02,JP,diagnosis,16
2021-02,US,diagnosis,27
2021-03,AU,diagnosis,10
2021-03,CA,diagnosis,15
2021-03,CN,diagnosis,12
2021-03,DE,diagnosis,23
2021-03,FR,diagnosis,21
2021-03,JP,diagnosis,18
2021-03,US,diagnosis,38
2021-04,AU,diagnosis,16
2021-04,CA,diagnosis,12
2021-04,CN,diagnosis,17
2021-04,DE,diagnosis,21
2021-04,FR,diagnosis,17
2021-04,JP,diagnosis,25
2021-04,US,diagnosis,33
2021-05,AU,diagnosis,9
2021-05,CA,diagnosis,16
2021-05,CN,diagnosis,16
2021-05,DE,diagnosis,28
2021-05,FR,diagnosis,14
2021-05,JP,diagnosis,37
2021-05,US,diagnosis,33
2021-06,AU,diagnosis,8
2021-06,CA,diagnosis,12
2021-06,CN,diagnosis,16
2021-06,DE,diagnosis,16
2021-06,FR,diagnosis,11
2021-06,JP,diagnosis,22
2021-06,US,diagnosis,36
2021-07,AU,diagnosis,13
2021-07,CA,diagnosis,11
2021-07,CN,diagnosis,26
2021-07,DE,diagnosis,20
2021-07,FR,diagnosis,11
2021-07,JP,diagnosis,29
2021-07,US,diagnosis,46
2021-08,AU,diagnosis,17
2021-08,CA,diagnosis,13
2021-08,CN,diagnosis,16
2021-08,DE,diagnosis,21
2021-08,FR,diagnosis,23
2021-08,JP,diagnosis,22
2021-08,US,diagnosis,27
2021-09,AU,diagnosis,7
2021-09,CA,diagnosis,10
2021-09,CN,diagnosis,17
2021-09,DE,diagnosis,23
2021-09,FR,diagnosis,15
2021-09,JP,diagnosis,23
2021-09,US,diagnosis,50
2021-10,AU,diagnosis,16
2021-10,CA,diagnosis,14
2021-10,CN,diagnosis,14
2021-10,DE,diagnosis,35
2021-10,FR,diagnosis,21
2021-10,JP,diagnosis,26
2021-10,US,diagnosis,35
2021-11,AU,diagnosis,8
2021-11,CA,diagnosis,8
2021-11,CN,diagnosis,16
2021-11,DE,diagnosis,34
2021-11,FR,diagnosis,11
2021-11,JP,diagnosis,32
2021-11,US,diagnosis,37
2021-12,AU,diagnosis,16
2021-12,CA,diagnosis,10
2021-12,CN,diagnosis,14
2021-12,DE,diagnosis,21
2021-12,FR,diagnosis,19
2021-12,JP,diagnosis,24
2021-12,US,diagnosis,40
2022-01,AU,diagnosis,5
2022-01,CA,diagnosis,17
2022-01,CN,diagnosis,16
2022-01,DE,diagnosis,33
2022-01,FR,diagnosis,14
2022-01,JP,diagnosis,30
2022-01,US,diagnosis,46
2022-02,AU,diagnosis,12
2022-02,CA,diagnosis,12
2022-02,CN,diagnosis,16
2022-02,DE,diagnosis,25
2022-02,FR,diagnosis,18
2022-02,JP,diagnosis,21
2022-02,US,diagnosis,41
2022-03,AU,diagnosis,14
2022-03,CA,diagnosis,21
2022-03,CN,diagnosis,10
2022-03,DE,diagnosis,20
2022-03,FR,diagnosis,16
2022-03,JP,diagnosis,18
2022-03,US,diagnosis,45
2022-04,AU,diagnosis,6
2022-04,CA,diagnosis,13
2022-04,CN,diagnosis,10
2022-04,DE,diagnosis,22
2022-04,FR,diagnosis,18
2022-04,JP,diagnosis,17
2022-04,US,diagnosis,39
2022-05,AU,diagnosis,11
2022-05,CA,diagnosis,15
2022-05,CN,diagnosis,21
2022-05,DE,diagnosis,29
2022-05,FR,diagnosis,15
2022-05,JP,diagnosis,22
2022-05,US,diagnosis,33
2022-06,AU,diagnosis,9
2022-06,CA,diagnosis,10
2022-06,CN,diagnosis,22
2022-06,DE,diagnosis,39
2022-06,FR,diagnosis,11
2022-06,JP,diagnosis,15
2022-06,US,diagnosis,38
2022-07,AU,diagnosis,9
2022-07,CA,diagnosis,17
2022-07,CN,diagnosis,16
2022-07,DE,diagnosis,38
2022-07,FR,diagnosis,18
2022-07,JP,diagnosis,23
2022-07,US,diagnosis,48
2022-08,AU,diagnosis,9
2022-08,CA,diagnosis,14
2022-08,CN,diagnosis,20
2022-08,DE,diagnosis,18
2022-08,FR,diagnosis,17
2022-08,JP,diagnosis,24
2022-08,US,diagnosis,24
2022-09,AU,diagnosis,9
2022-09,CA,diagnosis,11
2022-09,CN,diagnosis,30
2022-09,DE,diagnosis,25
2022-09,FR,diagnosis,12
2022-09,JP,diagnosis,17
2022-09,US,diagnosis,40
2022-10,AU,diagnosis,11
2022-10,CA,diagnosis,19
2022-10,CN,diagnosis,23
2022-10,DE,diagnosis,29
2022-10,FR,diagnosis,11
2022-10,JP,diagnosis,26
2022-10,US,diagnosis,36
2022-11,AU,diagnosis,12
2022-11,CA,diagnosis,14
2022-11,CN,diagnosis,16
2022-11,DE,diagnosis,31
2022-11,FR,diagnosis,15
2022-11,JP,diagnosis,26
2022-11,US,diagnosis,42
2022-12,AU,diagnosis,9
2022-12,CA,diagnosis,12
2022-12,CN,diagnosis,17
2022-12,DE,diagnosis,33
2022-12,FR,diagnosis,15
2022-12,JP,diagnosis,17
2022-12,US,diagnosis,37
2023-01,AU,diagnosis,19
2023-01,CA,diagnosis,15
2023-01,CN,diagnosis,13
2023-01,DE,diagnosis,26
2023-01,FR,diagnosis,14
2023-01,JP,diagnosis,25
2023-01,US,diagnosis,36
2023-02,AU,diagnosis,12
2023-02,CA,diagnosis,17
2023-02,CN,diagnosis,15
2023-02,DE,diagnosis,26
2023-02,FR,diagnosis,16
2023-02,JP,diagnosis,28
2023-02,US,diagnosis,35
2023-03,AU,diagnosis,13
2023-03,CA,diagnosis,14
2023-03,CN,diagnosis,20
2023-03,DE,diagnosis,18
2023-03,FR,diagnosis,17
2023-03,JP,diagnosis,24
2023-03,US,diagnosis,28
2023-04,AU,diagnosis,10
2023-04,CA,diagnosis,13
2023-04,CN,diagnosis,16
2023-04,DE,diagnosis,24
2023-04,FR,diagnosis,17
2023-04,JP,diagnosis,27
2023-04,US,diagnosis,41
2023-05,AU,diagnosis,13
2023-05,CA,diagnosis,11
2023-05,CN,diagnosis,20
2023-05,DE,diagnosis,20
2023-05,FR,diagnosis,12
2023-05,JP,diagnosis,31
2023-05,US,diagnosis,46
2023-06,AU,diagnosis,9
2023-06,CA,diagnosis,15
2023-06,CN,diagnosis,8
2023-06,DE,diagnosis,39
2023-06,FR,diagnosis,10
2023-06,JP,diagnosis,24
2023-06,US,diagnosis,20
2023-07,AU,diagnosis,4
2023-07,CA,diagnosis,11
2023-07,CN,diagnosis,20
2023-07,DE,diagnosis,30
2023-07,FR,diagnosis,17
2023-07,JP,diagnosis,21
2023-07,US,diagnosis,43
2023-08,AU,diagnosis,10
2023-08,CA,diagnosis,16
2023-08,CN,diagnosis,17
2023-08,DE,diagnosis,29
2023-08,FR,diagnosis,20
2023-08,JP,diagnosis,22
2023-08,US,diagnosis,48
2023-09,AU,diagnosis,11
2023-09,CA,diagnosis,12
2023-09,CN,diagnosis,16
2023-09,DE,diagnosis,25
2023-09,FR,diagnosis,17
2023-09,JP,diagnosis,22
2023-09,US,diagnosis,41
2023-10,AU,diagnosis,12
2023-10,CA,diagnosis,14
2023-10,CN,diagnosis,20
2023-10,DE,diagnosis,29
2023-10,FR,diagnosis,18
2023-10,JP,diagnosis,28
2023-10,US,diagnosis,30
2023-11,AU,diagnosis,14
2023-11,CA,diagnosis,11
2023-11,CN,diagnosis,14
2023-11,DE,diagnosis,29
2023-11,FR,diagnosis,13
2023-11,JP,diagnosis,18
2023-11,US,diagnosis,37
2023-12,AU,diagnosis,12
2023-12,CA,diagnosis,14
2023-12,CN,diagnosis,17
2023-12,DE,diagnosis,37
2023-12,FR,diagnosis,18
2023-12,JP,diagnosis,32
2023-12,US,diagnosis,37
2024-01,AU,diagnosis,8
2024-01,CA,diagnosis,16
2024-01,CN,diagnosis,18
2024-01,DE,diagnosis,27
2024-01,FR,diagnosis,19
2024-01,JP,diagnosis,24
2024-01,US,diagnosis,45
2024-02,AU,diagnosis,15
2024-02,CA,diagnosis,8
2024-02,CN,diagnosis,20
2024-02,DE,diagnosis,21
2024-02,FR,diagnosis,15
2024-02,JP,diagnosis,18
2024-02,US,diagnosis,26
2024-03,AU,diagnosis,16
2024-03,CA,diagnosis,12
2024-03,CN,diagnosis,17
2024-03,DE,diagnosis,40
2024-03,FR,diagnosis,13
2024-03,JP,diagnosis,22
2024-03,US,diagnosis,24
2024-04,AU,diagnosis,10
2024-04,CA,diagnosis,10
2024-04,CN,diagnosis,16
2024-04,DE,diagnosis,21
2024-04,FR,diagnosis,17
2024-04,JP,diagnosis,25
2024-04,US,diagnosis,41
2024-05,AU,diagnosis,13
2024-05,CA,diagnosis,13
2024-05,CN,diagnosis,18
2024-05,DE,diagnosis,29
2024-05,FR,diagnosis,11
2024-05,JP,diagnosis,20
2024-05,US,diagnosis,43
2024-06,AU,diagnosis,8
2024-06,CA,diagnosis,15
2024-06,CN,diagnosis,23
2024-06,DE,diagnosis,29
2024-06,FR,diagnosis,16
2024-06,JP,diagnosis,20
2024-06,US,diagnosis,27
2024-07,AU,diagnosis,9
2024-07,CA,diagnosis,20
2024-07,CN,diagnosis,21
2024-07,DE,diagnosis,19
2024-07,FR,diagnosis,25
2024-07,JP,diagnosis,21
2024-07,US,diagnosis,32
2024-08,AU,diagnosis,17
2024-08,CA,diagnosis,13
2024-08,CN,diagnosis,26
2024-08,DE,diagnosis,33
2024-08,FR,diagnosis,13
2024-08,JP,diagnosis,21
2024-08,US,diagnosis,26
2024-09,AU,diagnosis,12
2024-09,CA,diagnosis,16
2024-09,CN,diagnosis,12
2024-09,DE,diagnosis,33
2024-09,FR,diagnosis,24
2024-09,JP,diagnosis,25
2024-09,US,diagnosis,38
2019-01,AU,disease_state_event,13
2019-01,CA,disease_state_event,9
2019-01,CN,disease_state_event,13
2019-01,DE,disease_state_event,21
2019-01,FR,disease_state_event,16
2019-01,JP,disease_state_event,23
2019-01,US,disease_state_event,40
2019-02,AU,disease_state_event,7
2019-02,CA,disease_state_event,12
2019-02,CN,disease_state_event,15
2019-02,DE,disease_state_event,24
2019-02,FR,disease_state_event,16
2019-02,JP,disease_state_event,23
2019-02,US,disease_state_event,33
2019-03,AU,disease_state_event,12
2019-03,CA,disease_state_event,18
2019-03,CN,disease_state_event,20
2019-03,DE,disease_state_event,25
2019-03,FR,disease_state_event,13
2019-03,JP,disease_state_event,26
2019-03,US,disease_state_event,43
2019-04,AU,disease_state_event,10
2019-04,CA,disease_state_event,10
2019-04,CN,disease_state_event,14
2019-04,DE,disease_state_event,20
2019-04,FR,disease_state_event,14
2019-04,JP,disease_state_event,20
2019-04,US,disease_state_event,28
2019-05,AU,disease_state_event,12
2019-05,CA,disease_state_event,14
2019-05,CN,disease_state_event,24
2019-05,DE,disease_state_event,34
2019-05,FR,disease_state_event,16
2019-05,JP,disease_state_event,19
2019-05,US,disease_state_event,48
2019-06,AU,disease_state_event,9
2019-06,CA,disease_state_event,6
2019-06,CN,disease_state_event,12
2019-06,DE,disease_state_event,32
2019-06,FR,disease_state_event,15
2019-06,JP,disease_state_event,25
2019-06,US,disease_state_event,38
2019-07,AU,disease_state_event,10
2019-07,CA,disease_state_event,9
2019-07,CN,disease_state_event,17
2019-07,DE,disease_state_event,21
2019-07,FR,disease_state_event,23
2019-07,JP,disease_state_event,17
2019-07,US,disease_state_event,44
2019-08,AU,disease_state_event,22
2019-08,CA,disease_state_event,11
2019-08,CN,disease_state_event,16
2019-08,DE,disease_state_event,34
2019-08,FR,disease_state_event,11
2019-08,JP,disease_state_event,26
2019-08,US,disease_state_event,37
2019-09,AU,disease_state_event,13
2019-09,CA,disease_state_event,14
2019-09,CN,disease_state_event,21
2019-09,DE,disease_state_event,24
2019-09,FR,disease_state_event,13
2019-09,JP,disease_state_event,26
2019-09,US,disease_state_event,32
2019-10,AU,disease_state_event,12
2019-10,CA,disease_state_event,13
2019-10,CN,disease_state_event,21
2019-10,DE,disease_state_event,23
2019-10,FR,disease_state_event,12
2019-10,JP,disease_state_event,33
2019-10,US,disease_state_event,46
2019-11,AU,disease_state_event,9
2019-11,CA,disease_state_event,10
2019-11,CN,disease_state_event,11
2019-11,DE,disease_state_event,27
2019-11,FR,disease_state_event,15
2019-11,JP,disease_state_event,27
2019-11,US,disease_state_event,42
2019-12,AU,disease_state_event,15
2019-12,CA,disease_state_event,13
2019-12,CN,disease_state_event,24
2019-12,DE,disease_state_event,28
2019-12,FR,disease_state_event,19
2019-12,JP,disease_state_event,18
2019-12,US,disease_state_event,37
2020-01,AU,disease_state_event,15
2020-01,CA,disease_state_event,12
2020-01,CN,disease_state_event,16
2020-01,DE,disease_state_event,20
2020-01,FR,disease_state_event,15
2020-01,JP,disease_state_event,18
2020-01,US,disease_state_event,39
2020-02,AU,disease_state_event,5
2020-02,CA,disease_state_event,8
2020-02,CN,disease_state_event,16
2020-02,DE,disease_state_event,21
2020-02,FR,disease_state_event,11
2020-02,JP,disease_state_event,20
2020-02,US,disease_state_event,34
2020-03,AU,disease_state_event,13
2020-03,CA,disease_state_event,7
2020-03,CN,disease_state_event,21
2020-03,DE,disease_state_event,22
2020-03,FR,disease_state_event,14
2020-03,JP,disease_state_event,18
2020-03,US,disease_state_event,36
2020-04,AU,disease_state_event,10
2020-04,CA,disease_state_event,18
2020-04,CN,disease_state_event,20
2020-04,DE,disease_state_event,16
2020-04,FR,disease_state_event,14
2020-04,JP,disease_state_event,26
2020-04,US,disease_state_event,42
2020-05,AU,disease_state_event,11
2020-05,CA,disease_state_event,19
2020-05,CN,disease_state_event,17
2020-05,DE,disease_state_event,25
2020-05,FR,disease_state_event,15
2020-05,JP,disease_state_event,24
2020-05,US,disease_state_event,43
2020-06,AU,disease_state_event,15
2020-06,CA,disease_state_event,11
2020-06,CN,disease_state_event,21
2020-06,DE,disease_state_event,21
2020-06,FR,disease_state_event,19
2020-06,JP,disease_state_event,24
2020-06,US,disease_state_event,45
2020-07,AU,disease_state_event,17
2020-07,CA,disease_state_event,12
2020-07,CN,disease_state_event,22
2020-07,DE,disease_state_event,25
2020-07,FR,disease_state_event,27
2020-07,JP,disease_state_event,18
2020-07,US,disease_state_event,35
2020-08,AU,disease_state_event,17
2020-08,CA,disease_state_event,14
2020-08,CN,disease_state_event,18
2020-08,DE,disease_state_event,22
2020-08,FR,disease_state_event,17
2020-08,JP,disease_state_event,19
2020-08,US,disease_state_event,49
2020-09,AU,disease_state_event,11
2020-09,CA,disease_state_event,15
2020-09,CN,disease_state_event,20
2020-09,DE,disease_state_event,27
2020-09,FR,disease_state_event,14
2020-09,JP,disease_state_event,34
2020-09,US,disease_state_event,44
2020-10,AU,disease_state_event,10
2020-10,CA,disease_state_event,20
2020-10,CN,disease_state_event,10
2020-10,DE,disease_state_event,18
2020-10,FR,disease_state_event,15
2020-10,JP,disease_state_event,12
2020-10,US,disease_state_event,40
2020-11,AU,disease_state_event,9
2020-11,CA,disease_state_event,10
2020-11,CN,disease_state_event,13
2020-11,DE,disease_state_event,24
2020-11,FR,disease_state_event,19
2020-11,JP,disease_state_event,26
2020-11,US,disease_state_event,47
2020-12,AU,disease_state_event,16
2020-12,CA,disease_state_event,8
2020-12,CN,disease_state_event,19
2020-12,DE,disease_state_event,28
2020-12,FR,disease_state_event,16
2020-12,JP,disease_state_event,19
2020-12,US,disease_state_event,37
2021-01,AU,disease_state_event,10
2021-01,CA,disease_state_event,16
2021-01,CN,disease_state_event,24
2021-01,DE,disease_state_event,25
2021-01,FR,disease_state_event,23
2021-01,JP,disease_state_event,31
2021-01,US,disease_state_event,30
2021-02,AU,disease_state_event,15
2021-02,CA,disease_state_event,9
2021-02,CN,disease_state_event,11
2021-02,DE,disease_state_event,26
2021-02,FR,disease_state_event,14
2021-02,JP,disease_state_event,18
2021-02,US,disease_state_event,27
2021-03,AU,disease_state_event,10
2021-03,CA,disease_state_event,15
2021-03,CN,disease_state_event,12
2021-03,DE,disease_state_event,23
2021-03,FR,disease_state_event,21
2021-03,JP,disease_state_event,18
2021-03,US,disease_state_event,38
2021-04,AU,disease_state_event,16
2021-04,CA,disease_state_event,14
2021-04,CN,disease_state_event,17
2021-04,DE,disease_state_event,21
2021-04,FR,disease_state_event,17
2021-04,JP,disease_state_event,25
2021-04,US,disease_state_event,33
2021-05,AU,disease_state_event,9
2021-05,CA,disease_state_event,16
2021-05,CN,disease_state_event,18
2021-05,DE,disease_state_event,28
2021-05,FR,disease_state_event,14
2021-05,JP,disease_state_event,37
2021-05,US,disease_state_event,33
2021-06,AU,disease_state_event,8
2021-06,CA,disease_state_event,12
2021-06,CN,disease_state_event,16
2021-06,DE,disease_state_event,17
2021-06,FR,disease_state_event,11
2021-06,JP,disease_state_event,23
2021-06,US,disease_state_event,36
2021-07,AU,disease_state_event,13
2021-07,CA,disease_state_event,11
2021-07,CN,disease_state_event,26
2021-07,DE,disease_state_event,20
2021-07,FR,disease_state_event,11
2021-07,JP,disease_state_event,30
2021-07,US,disease_state_event,46
2021-08,AU,disease_state_event,17
2021-08,CA,disease_state_event,13
2021-08,CN,disease_state_event,16
2021-08,DE,disease_state_event,21
2021-08,FR,disease_state_event,23
2021-08,JP,disease_state_event,22
2021-08,US,disease_state_event,29
2021-09,AU,disease_state_event,7
2021-09,CA,disease_state_event,10
2021-09,CN,disease_state_event,17
2021-09,DE,disease_state_event,23
2021-09,FR,disease_state_event,15
2021-09,JP,disease_state_event,23
2021-09,US,disease_state_event,51
2021-10,AU,disease_state_event,16
2021-10,CA,disease_state_event,14
2021-10,CN,disease_state_event,15
2021-10,DE,disease_state_event,35
2021-10,FR,disease_state_event,21
2021-10,JP,disease_state_event,26
2021-10,US,disease_state_event,35
2021-11,AU,disease_state_event,8
2021-11,CA,disease_state_event,8
2021-11,CN,disease_state_event,16
2021-11,DE,disease_state_event,34
2021-11,FR,disease_state_event,11
2021-11,JP,disease_state_event,32
2021-11,US,disease_state_event,37
2021-12,AU,disease_state_event,16
2021-12,CA,disease_state_event,10
2021-12,CN,disease_state_event,16
2021-12,DE,disease_state_event,21
2021-12,FR,disease_state_event,19
2021-12,JP,disease_state_event,24
2021-12,US,disease_state_event,40
2022-01,AU,disease_state_event,5
2022-01,CA,disease_state_event,17
2022-01,CN,disease_state_event,16
2022-01,DE,disease_state_event,33
2022-01,FR,disease_state_event,14
2022-01,JP,disease_state_event,31
2022-01,US,disease_state_event,46
2022-02,AU,disease_state_event,12
2022-02,CA,disease_state_event,12
2022-02,CN,disease_state_event,16
2022-02,DE,disease_state_event,25
2022-02,FR,disease_state_event,18
2022-02,JP,disease_state_event,23
2022-02,US,disease_state_event,42
2022-03,AU,disease_state_event,15
2022-03,CA,disease_state_event,22
2022-03,CN,disease_state_event,10
2022-03,DE,disease_state_event,21
2022-03,FR,disease_state_event,16
2022-03,JP,disease_state_event,18
2022-03,US,disease_state_event,45
2022-04,AU,disease_state_event,7
2022-04,CA,disease_state_event,13
2022-04,CN,disease_state_event,11
2022-04,DE,disease_state_event,22
2022-04,FR,disease_state_event,18
2022-04,JP,disease_state_event,17
2022-04,US,disease_state_event,39
2022-05,AU,disease_state_event,11
2022-05,CA,disease_state_event,15
2022-05,CN,disease_state_event,21
2022-05,DE,disease_state_event,29
2022-05,FR,disease_state_event,15
2022-05,JP,disease_state_event,22
2022-05,US,disease_state_event,34
2022-06,AU,disease_state_event,9
2022-06,CA,disease_state_event,10
2022-06,CN,disease_state_event,22
2022-06,DE,disease_state_event,39
2022-06,FR,disease_state_event,11
2022-06,JP,disease_state_event,17
2022-06,US,disease_state_event,38
2022-07,AU,disease_state_event,9
2022-07,CA,disease_state_event,17
2022-07,CN,disease_state_event,17
2022-07,DE,disease_state_event,38
2022-07,FR,disease_state_event,18
2022-07,JP,disease_state_event,23
2022-07,US,disease_state_event,50
2022-08,AU,disease_state_event,9
2022-08,CA,disease_state_event,14
2022-08,CN,disease_state_event,20
2022-08,DE,disease_state_event,18
2022-08,FR,disease_state_event,17
2022-08,JP,disease_state_event,24
2022-08,US,disease_state_event,25
2022-09,AU,disease_state_event,9
2022-09,CA,disease_state_event,11
2022-09,CN,disease_state_event,30
2022-09,DE,disease_state_event,25
2022-09,FR,disease_state_event,12
2022-09,JP,disease_state_event,17
2022-09,US,disease_state_event,41
2022-10,AU,disease_state_event,11
2022-10,CA,disease_state_event,19
2022-10,CN,disease_state_event,23
2022-10,DE,disease_state_event,29
2022-10,FR,disease_state_event,11
2022-10,JP,disease_state_event,26
2022-10,US,disease_state_event,37
2022-11,AU,disease_state_event,12
2022-11,CA,disease_state_event,14
2022-11,CN,disease_state_event,17
2022-11,DE,disease_state_event,32
2022-11,FR,disease_state_event,16
2022-11,JP,disease_state_event,26
2022-11,US,disease_state_event,42
2022-12,AU,disease_state_event,9
2022-12,CA,disease_state_event,12
2022-12,CN,disease_state_event,17
2022-12,DE,disease_state_event,33
2022-12,FR,disease_state_event,15
2022-12,JP,disease_state_event,17
2022-12,US,disease_state_event,38
2023-01,AU,disease_state_event,19
2023-01,CA,disease_state_event,15
2023-01,CN,disease_state_event,13
2023-01,DE,disease_state_event,26
2023-01,FR,disease_state_event,14
2023-01,JP,disease_state_event,25
2023-01,US,disease_state_event,37
2023-02,AU,disease_state_event,12
2023-02,CA,disease_state_event,17
2023-02,CN,disease_state_event,15
2023-02,DE,disease_state_event,26
2023-02,FR,disease_state_event,16
2023-02,JP,disease_state_event,28
2023-02,US,disease_state_event,37
2023-03,AU,disease_state_event,13
2023-03,CA,disease_state_event,14
2023-03,CN,disease_state_event,21
2023-03,DE,disease_state_event,18
2023-03,FR,disease_state_event,17
2023-03,JP,disease_state_event,24
2023-03,US,disease_state_event,28
2023-04,AU,disease_state_event,10
2023-04,CA,disease_state_event,13
2023-04,CN,disease_state_event,16
2023-04,DE,disease_state_event,24
2023-04,FR,disease_state_event,17
2023-04,JP,disease_state_event,27
2023-04,US,disease_state_event,42
2023-05,AU,disease_state_event,13
2023-05,CA,disease_state_event,11
2023-05,CN,disease_state_event,20
2023-05,DE,disease_state_event,20
2023-05,FR,disease_state_event,12
2023-05,JP,disease_state_event,32
2023-05,US,disease_state_event,47
2023-06,AU,disease_state_event,9
2023-06,CA,disease_state_event,15
2023-06,CN,disease_state_event,8
2023-06,DE,disease_state_event,40
2023-06,FR,disease_state_event,10
2023-06,JP,disease_state_event,24
2023-06,US,disease_state_event,21
2023-07,AU,disease_state_event,4
2023-07,CA,disease_state_event,11
2023-07,CN,disease_state_event,22
2023-07,DE,disease_state_event,31
2023-07,FR,disease_state_event,17
2023-07,JP,disease_state_event,21
2023-07,US,disease_state_event,45
2023-08,AU,disease_state_event,10
2023-08,CA,disease_state_event,16
2023-08,CN,disease_state_event,17
2023-08,DE,disease_state_event,30
2023-08,FR,disease_state_event,21
2023-08,JP,disease_state_event,22
2023-08,US,disease_state_event,48
2023-09,AU,disease_state_event,11
2023-09,CA,disease_state_event,12
2023-09,CN,disease_state_event,16
2023-09,DE,disease_state_event,25
2023-09,FR,disease_state_event,17
2023-09,JP,disease_state_event,22
2023-09,US,disease_state_event,46
2023-10,AU,disease_state_event,12
2023-10,CA,disease_state_event,14
2023-10,CN,disease_state_event,20
2023-10,DE,disease_state_event,29
2023-10,FR,disease_state_event,20
2023-10,JP,disease_state_event,28
2023-10,US,disease_state_event,30
2023-11,AU,disease_state_event,14
2023-11,CA,disease_state_event,12
2023-11,CN,disease_state_event,14
2023-11,DE,disease_state_event,31
2023-11,FR,disease_state_event,13
2023-11,JP,disease_state_event,18
2023-11,US,disease_state_event,38
2023-12,AU,disease_state_event,12
2023-12,CA,disease_state_event,14
2023-12,CN,disease_state_event,17
2023-12,DE,disease_state_event,37
2023-12,FR,disease_state_event,18
2023-12,JP,disease_state_event,33
2023-12,US,disease_state_event,38
2024-01,AU,disease_state_event,8
2024-01,CA,disease_state_event,16
2024-01,CN,disease_state_event,18
2024-01,DE,disease_state_event,27
2024-01,FR,disease_state_event,19
2024-01,JP,disease_state_event,25
2024-01,US,disease_state_event,45
2024-02,AU,disease_state_event,16
2024-02,CA,disease_state_event,8
2024-02,CN,disease_state_event,20
2024-02,DE,disease_state_event,21
2024-02,FR,disease_state_event,15
2024-02,JP,disease_state_event,18
2024-02,US,disease_state_event,28
2024-03,AU,disease_state_event,17
2024-03,CA,disease_state_event,12
2024-03,CN,disease_state_event,17
2024-03,DE,disease_state_event,41
2024-03,FR,disease_state_event,15
2024-03,JP,disease_state_event,22
2024-03,US,disease_state_event,25
2024-04,AU,disease_state_event,11
2024-04,CA,disease_state_event,10
2024-04,CN,disease_state_event,17
2024-04,DE,disease_state_event,21
2024-04,FR,disease_state_event,17
2024-04,JP,disease_state_event,25
2024-04,US,disease_state_event,41
2024-05,AU,disease_state_event,14
2024-05,CA,disease_state_event,13
2024-05,CN,disease_state_event,19
2024-05,DE,disease_state_event,29
2024-05,FR,disease_state_event,11
2024-05,JP,disease_state_event,20
2024-05,US,disease_state_event,44
2024-06,AU,disease_state_event,8
2024-06,CA,disease_state_event,16
2024-06,CN,disease_state_event,23
2024-06,DE,disease_state_event,29
2024-06,FR,disease_state_event,18
2024-06,JP,disease_state_event,20
2024-06,US,disease_state_event,28
2024-07,AU,disease_state_event,9
2024-07,CA,disease_state_event,20
2024-07,CN,disease_state_event,21
2024-07,DE,disease_state_event,19
2024-07,FR,disease_state_event,25
2024-07,JP,disease_state_event,22
2024-07,US,disease_state_event,32
2024-08,AU,disease_state_event,17
2024-08,CA,disease_state_event,13
2024-08,CN,disease_state_event,26
2024-08,DE,disease_state_event,33
2024-08,FR,disease_state_event,14
2024-08,JP,disease_state_event,21
2024-08,US,disease_state_event,26
2024-09,AU,disease_state_event,12
2024-09,CA,disease_state_event,16
2024-09,CN,disease_state_event,12
2024-09,DE,disease_state_event,33
2024-09,FR,disease_state_event,24
2024-09,JP,disease_state_event,27
2024-09,US,disease_state_event,40
2024-10,CN,disease_state_event,1
2024-10,DE,disease_state_event,2
2024-10,JP,disease_state_event,1
2024-10,US,disease_state_event,2
2024-11,DE,disease_state_event,1
2024-11,US,disease_state_event,1
2024-12,CA,disease_state_event,1
2024-12,CN,disease_state_event,1
2024-12,DE,disease_state_event,1
2024-12,US,disease_state_event,1
2025-01,CN,disease_state_event,2
2025-01,FR,disease_state_event,1
2025-01,JP,disease_state_event,3
2025-01,US,disease_state_event,2
2025-02,CN,disease_state_event,1
2025-02,DE,disease_state_event,1
2025-02,FR,disease_state_event,1
2025-02,JP,disease_state_event,1
2025-02,US,disease_state_event,1
2025-03,AU,disease_state_event,1
2025-03,CN,disease_state_event,1
2025-03,DE,disease_state_event,1
2025-03,US,disease_state_event,2
2025-04,CN,disease_state_event,1
2025-04,DE,disease_state_event,1
2025-04,FR,disease_state_event,1
2025-04,JP,disease_state_event,2
2025-04,US,disease_state_event,2
2025-05,FR,disease_state_event,2
2025-05,JP,disease_state_event,1
2025-05,US,disease_state_event,2
2025-06,CA,disease_state_event,1
2025-06,CN,disease_state_event,1
2025-06,DE,disease_state_event,2
2025-06,JP,disease_state_event,1
2025-06,US,disease_state_event,6
2025-07,CA,disease_state_event,2
2025-07,CN,disease_state_event,1
2025-07,DE,disease_state_event,1
2025-07,US,disease_state_event,1
2025-08,CN,disease_state_event,1
2025-09,CA,disease_state_event,1
2025-09,DE,disease_state_event,2
2025-09,JP,disease_state_event,1
2025-09,US,disease_state_event,3
2025-10,AU,disease_state_event,1
2025-10,CA,disease_state_event,1
2025-10,DE,disease_state_event,1
2025-10,US,disease_state_event,1
2025-11,DE,disease_state_event,2
2025-11,JP,disease_state_event,1
2025-12,DE,disease_state_event,1
2025-12,US,disease_state_event,2
2019-01,AU,eligibility,1
2019-01,CA,eligibility,2
2019-01,CN,eligibility,2
2019-01,DE,eligibility,7
2019-01,FR,eligibility,5
2019-01,JP,eligibility,5
2019-01,US,eligibility,8
2019-02,AU,eligibility,1
2019-02,CA,eligibility,4
2019-02,CN,eligibility,5
2019-02,DE,eligibility,3
2019-02,FR,eligibility,5
2019-02,JP,eligibility,4
2019-02,US,eligibility,10
2019-03,AU,eligibility,1
2019-03,CA,eligibility,5
2019-03,CN,eligibility,7
2019-03,DE,eligibility,4
2019-03,FR,eligibility,3
2019-03,JP,eligibility,5
2019-03,US,eligibility,13
2019-04,AU,eligibility,1
2019-04,CA,eligibility,3
2019-04,CN,eligibility,5
2019-04,DE,eligibility,5
2019-04,FR,eligibility,2
2019-04,JP,eligibility,5
2019-04,US,eligibility,10
2019-05,AU,eligibility,2
2019-05,CA,eligibility,3
2019-05,CN,eligibility,8
2019-05,DE,eligibility,8
2019-05,FR,eligibility,4
2019-05,JP,eligibility,3
2019-05,US,eligibility,11
2019-06,AU,eligibility,2
2019-06,CA,eligibility,4
2019-06,CN,eligibility,2
2019-06,DE,eligibility,6
2019-06,FR,eligibility,5
2019-06,JP,eligibility,6
2019-06,US,eligibility,10
2019-07,CA,eligibility,1
2019-07,CN,eligibility,5
2019-07,DE,eligibility,5
2019-07,FR,eligibility,3
2019-07,JP,eligibility,4
2019-07,US,eligibility,9
2019-08,AU,eligibility,4
2019-08,CA,eligibility,1
2019-08,CN,eligibility,3
2019-08,DE,eligibility,6
2019-08,FR,eligibility,1
2019-08,JP,eligibility,6
2019-08,US,eligibility,7
2019-09,AU,eligibility,2
2019-09,CA,eligibility,2
2019-09,CN,eligibility,7
2019-09,DE,eligibility,7
2019-09,FR,eligibility,3
2019-09,JP,eligibility,7
2019-09,US,eligibility,10
2019-10,AU,eligibility,1
2019-10,CA,eligibility,4
2019-10,CN,eligibility,12
2019-10,DE,eligibility,6
2019-10,FR,eligibility,2
2019-10,JP,eligibility,7
2019-10,US,eligibility,17
2019-11,AU,eligibility,2
2019-11,CA,eligibility,3
2019-11,CN,eligibility,5
2019-11,DE,eligibility,6
2019-11,FR,eligibility,3
2019-11,JP,eligibility,11
2019-11,US,eligibility,12
2019-12,AU,eligibility,3
2019-12,CA,eligibility,3
2019-12,CN,eligibility,9
2019-12,DE,eligibility,7
2019-12,FR,eligibility,1
2019-12,JP,eligibility,4
2019-12,US,eligibility,7
2020-01,AU,eligibility,3
2020-01,CA,eligibility,1
2020-01,CN,eligibility,6
2020-01,DE,eligibility,5
2020-01,FR,eligibility,4
2020-01,JP,eligibility,2
2020-01,US,eligibility,10
2020-02,AU,eligibility,1
2020-02,CA,eligibility,1
2020-02,CN,eligibility,5
2020-02,DE,eligibility,4
2020-02,FR,eligibility,1
2020-02,JP,eligibility,4
2020-02,US,eligibility,12
2020-03,CA,eligibility,1
2020-03,CN,eligibility,8
2020-03,DE,eligibility,3
2020-03,FR,eligibility,2
2020-03,JP,eligibility,5
2020-03,US,eligibility,11
2020-04,AU,eligibility,2
2020-04,CA,eligibility,1
2020-04,CN,eligibility,7
2020-04,DE,eligibility,5
2020-04,FR,eligibility,3
2020-04,JP,eligibility,5
2020-04,US,eligibility,10
2020-05,AU,eligibility,3
2020-05,CA,eligibility,5
2020-05,CN,eligibility,2
2020-05,DE,eligibility,8
2020-05,FR,eligibility,2
2020-05,JP,eligibility,4
2020-05,US,eligibility,11
2020-06,AU,eligibility,2
2020-06,CA,eligibility,2
2020-06,CN,eligibility,3
2020-06,DE,eligibility,4
2020-06,FR,eligibility,4
2020-06,JP,eligibility,5
2020-06,US,eligibility,13
2020-07,AU,eligibility,5
2020-07,CA,eligibility,1
2020-07,CN,eligibility,5
2020-07,DE,eligibility,4
2020-07,FR,eligibility,10
2020-07,JP,eligibility,2
2020-07,US,eligibility,10
2020-08,CA,eligibility,3
2020-08,CN,eligibility,3
2020-08,DE,eligibility,9
2020-08,FR,eligibility,3
2020-08,JP,eligibility,2
2020-08,US,eligibility,14
2020-09,AU,eligibility,3
2020-09,CA,eligibility,3
2020-09,CN,eligibility,2
2020-09,DE,eligibility,7
2020-09,FR,eligibility,1
2020-09,JP,eligibility,8
2020-09,US,eligibility,11
2020-10,AU,eligibility,1
2020-10,CA,eligibility,2
2020-10,CN,eligibility,5
2020-10,DE,eligibility,4
2020-10,FR,eligibility,2
2020-10,JP,eligibility,3
2020-10,US,eligibility,14
2020-11,AU,eligibility,2
2020-11,CA,eligibility,2
2020-11,CN,eligibility,5
2020-11,FR,eligibility,1
2020-11,JP,eligibility,6
2020-11,US,eligibility,18
2020-12,AU,eligibility,2
2020-12,CA,eligibility,1
2020-12,CN,eligibility,6
2020-12,DE,eligibility,6
2020-12,FR,eligibility,3
2020-12,JP,eligibility,4
2020-12,US,eligibility,12
2021-01,CA,eligibility,4
2021-01,CN,eligibility,10
2021-01,DE,eligibility,2
2021-01,FR,eligibility,7
2021-01,JP,eligibility,8
2021-01,US,eligibility,6
2021-02,AU,eligibility,2
2021-02,CA,eligibility,2
2021-02,CN,eligibility,6
2021-02,DE,eligibility,4
2021-02,FR,eligibility,2
2021-02,JP,eligibility,5
2021-02,US,eligibility,8
2021-03,AU,eligibility,1
2021-03,CA,eligibility,4
2021-03,CN,eligibility,4
2021-03,DE,eligibility,5
2021-03,FR,eligibility,2
2021-03,JP,eligibility,1
2021-03,US,eligibility,10
2021-04,AU,eligibility,1
2021-04,CA,eligibility,3
2021-04,CN,eligibility,11
2021-04,DE,eligibility,1
2021-04,FR,eligibility,2
2021-04,JP,eligibility,7
2021-04,US,eligibility,9
2021-05,CA,eligibility,2
2021-05,CN,eligibility,3
2021-05,DE,eligibility,3
2021-05,JP,eligibility,14
2021-05,US,eligibility,9
2021-06,CA,eligibility,3
2021-06,CN,eligibility,7
2021-06,DE,eligibility,4
2021-06,JP,eligibility,6
2021-06,US,eligibility,10
2021-07,AU,eligibility,2
2021-07,CA,eligibility,1
2021-07,CN,eligibility,5
2021-07,DE,eligibility,6
2021-07,FR,eligibility,2
2021-07,JP,eligibility,7
2021-07,US,eligibility,11
2021-08,AU,eligibility,3
2021-08,CA,eligibility,3
2021-08,CN,eligibility,2
2021-08,DE,eligibility,2
2021-08,FR,eligibility,2
2021-08,JP,eligibility,3
2021-08,US,eligibility,7
2021-09,CA,eligibility,1
2021-09,CN,eligibility,6
2021-09,DE,eligibility,2
2021-09,FR,eligibility,5
2021-09,JP,eligibility,4
2021-09,US,eligibility,10
2021-10,AU,eligibility,2
2021-10,CA,eligibility,2
2021-10,CN,eligibility,1
2021-10,DE,eligibility,8
2021-10,FR,eligibility,5
2021-10,JP,eligibility,3
2021-10,US,eligibility,6
2021-11,AU,eligibility,1
2021-11,CA,eligibility,1
2021-11,CN,eligibility,7
2021-11,DE,eligibility,6
2021-11,FR,eligibility,3
2021-11,JP,eligibility,7
2021-11,US,eligibility,7
2021-12,AU,eligibility,2
2021-12,CA,eligibility,1
2021-12,CN,eligibility,9
2021-12,DE,eligibility,5
2021-12,FR,eligibility,4
2021-12,JP,eligibility,5
2021-12,US,eligibility,7
2022-01,CA,eligibility,2
2022-01,CN,eligibility,3
2022-01,DE,eligibility,9
2022-01,FR,eligibility,4
2022-01,JP,eligibility,3
2022-01,US,eligibility,11
2022-02,CA,eligibility,3
2022-02,CN,eligibility,4
2022-02,DE,eligibility,5
2022-02,FR,eligibility,5
2022-02,US,eligibility,9
2022-03,AU,eligibility,1
2022-03,CA,eligibility,5
2022-03,CN,eligibility,5
2022-03,DE,eligibility,8
2022-03,FR,eligibility,2
2022-03,JP,eligibility,5
2022-03,US,eligibility,13
2022-04,AU,eligibility,1
2022-04,CA,eligibility,2
2022-04,CN,eligibility,5
2022-04,DE,eligibility,3
2022-04,FR,eligibility,4
2022-04,JP,eligibility,4
2022-04,US,eligibility,8
2022-05,AU,eligibility,1
2022-05,CN,eligibility,4
2022-05,DE,eligibility,12
2022-05,JP,eligibility,4
2022-05,US,eligibility,7
2022-06,AU,eligibility,3
2022-06,CA,eligibility,2
2022-06,CN,eligibility,5
2022-06,DE,eligibility,9
2022-06,FR,eligibility,1
2022-06,JP,eligibility,4
2022-06,US,eligibility,6
2022-07,AU,eligibility,3
2022-07,CA,eligibility,5
2022-07,CN,eligibility,6
2022-07,DE,eligibility,7
2022-07,FR,eligibility,3
2022-07,JP,eligibility,2
2022-07,US,eligibility,13
2022-08,AU,eligibility,3
2022-08,CA,eligibility,4
2022-08,CN,eligibility,6
2022-08,DE,eligibility,7
2022-08,FR,eligibility,6
2022-08,JP,eligibility,6
2022-08,US,eligibility,2
2022-09,CA,eligibility,1
2022-09,CN,eligibility,9
2022-09,DE,eligibility,9
2022-09,FR,eligibility,7
2022-09,JP,eligibility,1
2022-09,US,eligibility,11
2022-10,AU,eligibility,3
2022-10,CA,eligibility,4
2022-10,CN,eligibility,9
2022-10,DE,eligibility,5
2022-10,FR,eligibility,2
2022-10,JP,eligibility,9
2022-10,US,eligibility,8
2022-11,AU,eligibility,1
2022-11,CA,eligibility,2
2022-11,CN,eligibility,6
2022-11,DE,eligibility,6
2022-11,FR,eligibility,2
2022-11,JP,eligibility,9
2022-11,US,eligibility,14
2022-12,AU,eligibility,1
2022-12,CA,eligibility,2
2022-12,CN,eligibility,8
2022-12,DE,eligibility,8
2022-12,FR,eligibility,7
2022-12,JP,eligibility,2
2022-12,US,eligibility,14
2023-01,AU,eligibility,2
2023-01,CA,eligibility,6
2023-01,CN,eligibility,5
2023-01,DE,eligibility,5
2023-01,FR,eligibility,2
2023-01,JP,eligibility,6
2023-01,US,eligibility,8
2023-02,AU,eligibility,1
2023-02,CA,eligibility,3
2023-02,CN,eligibility,5
2023-02,DE,eligibility,6
2023-02,FR,eligibility,5
2023-02,JP,eligibility,8
2023-02,US,eligibility,8
2023-03,AU,eligibility,3
2023-03,CN,eligibility,7
2023-03,DE,eligibility,2
2023-03,FR,eligibility,4
2023-03,JP,eligibility,3
2023-03,US,eligibility,7
2023-04,AU,eligibility,2
2023-04,CA,eligibility,2
2023-04,CN,eligibility,4
2023-04,DE,eligibility,7
2023-04,FR,eligibility,3
2023-04,JP,eligibility,5
2023-04,US,eligibility,7
2023-05,AU,eligibility,2
2023-05,CA,eligibility,2
2023-05,CN,eligibility,6
2023-05,DE,eligibility,3
2023-05,FR,eligibility,3
2023-05,JP,eligibility,8
2023-05,US,eligibility,15
2023-06,AU,eligibility,2
2023-06,CA,eligibility,4
2023-06,CN,eligibility,3
2023-06,DE,eligibility,8
2023-06,FR,eligibility,3
2023-06,JP,eligibility,4
2023-06,US,eligibility,5
2023-07,AU,eligibility,1
2023-07,CA,eligibility,3
2023-07,CN,eligibility,7
2023-07,DE,eligibility,6
2023-07,FR,eligibility,5
2023-07,JP,eligibility,3
2023-07,US,eligibility,10
2023-08,AU,eligibility,1
2023-08,CA,eligibility,2
2023-08,CN,eligibility,8
2023-08,DE,eligibility,12
2023-08,FR,eligibility,5
2023-08,JP,eligibility,6
2023-08,US,eligibility,11
2023-09,AU,eligibility,2
2023-09,CA,eligibility,1
2023-09,CN,eligibility,4
2023-09,DE,eligibility,4
2023-09,FR,eligibility,1
2023-09,JP,eligibility,4
2023-09,US,eligibility,10
2023-10,AU,eligibility,1
2023-10,CA,eligibility,1
2023-10,CN,eligibility,7
2023-10,DE,eligibility,6
2023-10,FR,eligibility,2
2023-10,JP,eligibility,6
2023-10,US,eligibility,8
2023-11,AU,eligibility,1
2023-11,CA,eligibility,2
2023-11,CN,eligibility,3
2023-11,DE,eligibility,5
2023-11,FR,eligibility,3
2023-11,JP,eligibility,3
2023-11,US,eligibility,11
2023-12,CA,eligibility,3
2023-12,CN,eligibility,4
2023-12,DE,eligibility,6
2023-12,FR,eligibility,4
2023-12,JP,eligibility,6
2023-12,US,eligibility,8
2024-01,AU,eligibility,2
2024-01,CA,eligibility,3
2024-01,CN,eligibility,7
2024-01,DE,eligibility,8
2024-01,FR,eligibility,3
2024-01,JP,eligibility,5
2024-01,US,eligibility,11
2024-02,CA,eligibility,1
2024-02,CN,eligibility,4
2024-02,DE,eligibility,4
2024-02,FR,eligibility,3
2024-02,JP,eligibility,3
2024-02,US,eligibility,8
2024-03,AU,eligibility,3
2024-03,CA,eligibility,2
2024-03,CN,eligibility,3
2024-03,DE,eligibility,10
2024-03,FR,eligibility,3
2024-03,JP,eligibility,5
2024-03,US,eligibility,8
2024-04,AU,eligibility,2
2024-04,CA,eligibility,4
2024-04,CN,eligibility,3
2024-04,DE,eligibility,1
2024-04,FR,eligibility,4
2024-04,JP,eligibility,6
2024-04,US,eligibility,12
2024-05,AU,eligibility,4
2024-05,CA,eligibility,1
2024-05,CN,eligibility,7
2024-05,DE,eligibility,6
2024-05,FR,eligibility,2
2024-05,JP,eligibility,2
2024-05,US,eligibility,12
2024-06,AU,eligibility,2
2024-06,CA,eligibility,2
2024-06,CN,eligibility,10
2024-06,DE,eligibility,7
2024-06,FR,eligibility,5
2024-06,JP,eligibility,4
2024-06,US,eligibility,6
2024-07,CA,eligibility,4
2024-07,CN,eligibility,5
2024-07,DE,eligibility,3
2024-07,FR,eligibility,5
2024-07,JP,eligibility,9
2024-07,US,eligibility,8
2024-08,AU,eligibility,4
2024-08,CA,eligibility,1
2024-08,CN,eligibility,6
2024-08,DE,eligibility,5
2024-08,FR,eligibility,3
2024-08,JP,eligibility,4
2024-08,US,eligibility,8
2024-09,AU,eligibility,3
2024-09,CA,eligibility,1
2024-09,CN,eligibility,3
2024-09,DE,eligibility,6
2024-09,FR,eligibility,4
2024-09,JP,eligibility,6
2024-09,US,eligibility,8
2019-01,AU,encounter,19
2019-01,CA,encounter,14
2019-01,CN,encounter,19
2019-01,DE,encounter,31
2019-01,FR,encounter,26
2019-01,JP,encounter,40
2019-01,US,encounter,66
2019-02,AU,encounter,21
2019-02,CA,encounter,24
2019-02,CN,encounter,30
2019-02,DE,encounter,55
2019-02,FR,encounter,35
2019-02,JP,encounter,47
2019-02,US,encounter,74
2019-03,AU,encounter,27
2019-03,CA,encounter,46
2019-03,CN,encounter,45
2019-03,DE,encounter,62
2019-03,FR,encounter,37
2019-03,JP,encounter,60
2019-03,US,encounter,94
2019-04,AU,encounter,23
2019-04,CA,encounter,20
2019-04,CN,encounter,31
2019-04,DE,encounter,44
2019-04,FR,encounter,31
2019-04,JP,encounter,51
2019-04,US,encounter,77
2019-05,AU,encounter,29
2019-05,CA,encounter,33
2019-05,CN,encounter,51
2019-05,DE,encounter,73
2019-05,FR,encounter,39
2019-05,JP,encounter,51
2019-05,US,encounter,105
2019-06,AU,encounter,22
2019-06,CA,encounter,25
2019-06,CN,encounter,32
2019-06,DE,encounter,83
2019-06,FR,encounter,29
2019-06,JP,encounter,53
2019-06,US,encounter,106
2019-07,AU,encounter,22
2019-07,CA,encounter,22
2019-07,CN,encounter,43
2019-07,DE,encounter,71
2019-07,FR,encounter,56
2019-07,JP,encounter,54
2019-07,US,encounter,98
2019-08,AU,encounter,44
2019-08,CA,encounter,21
2019-08,CN,encounter,41
2019-08,DE,encounter,82
2019-08,FR,encounter,33
2019-08,JP,encounter,71
2019-08,US,encounter,104
2019-09,AU,encounter,36
2019-09,CA,encounter,34
2019-09,CN,encounter,46
2019-09,DE,encounter,74
2019-09,FR,encounter,29
2019-09,JP,encounter,82
2019-09,US,encounter,87
2019-10,AU,encounter,33
2019-10,CA,encounter,31
2019-10,CN,encounter,50
2019-10,DE,encounter,58
2019-10,FR,encounter,28
2019-10,JP,encounter,86
2019-10,US,encounter,126
2019-11,AU,encounter,27
2019-11,CA,encounter,28
2019-11,CN,encounter,33
2019-11,DE,encounter,87
2019-11,FR,encounter,35
2019-11,JP,encounter,83
2019-11,US,encounter,120
2019-12,AU,encounter,36
2019-12,CA,encounter,41
2019-12,CN,encounter,50
2019-12,DE,encounter,90
2019-12,FR,encounter,51
2019-12,JP,encounter,79
2019-12,US,encounter,122
2020-01,AU,encounter,33
2020-01,CA,encounter,26
2020-01,CN,encounter,48
2020-01,DE,encounter,83
2020-01,FR,encounter,44
2020-01,JP,encounter,61
2020-01,US,encounter,124
2020-02,AU,encounter,25
2020-02,CA,encounter,25
2020-02,CN,encounter,39
2020-02,DE,encounter,67
2020-02,FR,encounter,30
2020-02,JP,encounter,65
2020-02,US,encounter,116
2020-03,AU,encounter,30
2020-03,CA,encounter,22
2020-03,CN,encounter,48
2020-03,DE,encounter,103
2020-03,FR,encounter,38
2020-03,JP,encounter,83
2020-03,US,encounter,106
2020-04,AU,encounter,34
2020-04,CA,encounter,36
2020-04,CN,encounter,48
2020-04,DE,encounter,76
2020-04,FR,encounter,43
2020-04,JP,encounter,100
2020-04,US,encounter,138
2020-05,AU,encounter,31
2020-05,CA,encounter,43
2020-05,CN,encounter,49
2020-05,DE,encounter,90
2020-05,FR,encounter,44
2020-05,JP,encounter,98
2020-05,US,encounter,151
2020-06,AU,encounter,43
2020-06,CA,encounter,42
2020-06,CN,encounter,52
2020-06,DE,encounter,102
2020-06,FR,encounter,40
2020-06,JP,encounter,105
2020-06,US,encounter,156
2020-07,AU,encounter,47
2020-07,CA,encounter,32
2020-07,CN,encounter,55
2020-07,DE,encounter,114
2020-07,FR,encounter,68
2020-07,JP,encounter,103
2020-07,US,encounter,151
2020-08,AU,encounter,51
2020-08,CA,encounter,38
2020-08,CN,encounter,45
2020-08,DE,encounter,108
2020-08,FR,encounter,54
2020-08,JP,encounter,98
2020-08,US,encounter,199
2020-09,AU,encounter,37
2020-09,CA,encounter,44
2020-09,CN,encounter,53
2020-09,DE,encounter,126
2020-09,FR,encounter,52
2020-09,JP,encounter,132
2020-09,US,encounter,182
2020-10,AU,encounter,40
2020-10,CA,encounter,55
2020-10,CN,encounter,31
2020-10,DE,encounter,109
2020-10,FR,encounter,42
2020-10,JP,encounter,100
2020-10,US,encounter,179
2020-11,AU,encounter,28
2020-11,CA,encounter,37
2020-11,CN,encounter,37
2020-11,DE,encounter,139
2020-11,FR,encounter,54
2020-11,JP,encounter,105
2020-11,US,encounter,190
2020-12,AU,encounter,51
2020-12,CA,encounter,38
2020-12,CN,encounter,56
2020-12,DE,encounter,133
2020-12,FR,encounter,47
2020-12,JP,encounter,131
2020-12,US,encounter,190
2021-01,AU,encounter,38
2021-01,CA,encounter,46
2021-01,CN,encounter,64
2021-01,DE,encounter,122
2021-01,FR,encounter,61
2021-01,JP,encounter,132
2021-01,US,encounter,196
2021-02,AU,encounter,46
2021-02,CA,encounter,43
2021-02,CN,encounter,42
2021-02,DE,encounter,110
2021-02,FR,encounter,50
2021-02,JP,encounter,102
2021-02,US,encounter,145
2021-03,AU,encounter,40
2021-03,CA,encounter,47
2021-03,CN,encounter,50
2021-03,DE,encounter,166
2021-03,FR,encounter,72
2021-03,JP,encounter,119
2021-03,US,encounter,199
2021-04,AU,encounter,43
2021-04,CA,encounter,41
2021-04,CN,encounter,41
2021-04,DE,encounter,136
2021-04,FR,encounter,54
2021-04,JP,encounter,126
2021-04,US,encounter,187
2021-05,AU,encounter,44
2021-05,CA,encounter,55
2021-05,CN,encounter,60
2021-05,DE,encounter,129
2021-05,FR,encounter,49
2021-05,JP,encounter,168
2021-05,US,encounter,206
2021-06,AU,encounter,56
2021-06,CA,encounter,47
2021-06,CN,encounter,50
2021-06,DE,encounter,121
2021-06,FR,encounter,33
2021-06,JP,encounter,143
2021-06,US,encounter,213
2021-07,AU,encounter,47
2021-07,CA,encounter,53
2021-07,CN,encounter,70
2021-07,DE,encounter,147
2021-07,FR,encounter,57
2021-07,JP,encounter,175
2021-07,US,encounter,244
2021-08,AU,encounter,57
2021-08,CA,encounter,42
2021-08,CN,encounter,70
2021-08,DE,encounter,159
2021-08,FR,encounter,69
2021-08,JP,encounter,149
2021-08,US,encounter,216
2021-09,AU,encounter,39
2021-09,CA,encounter,41
2021-09,CN,encounter,63
2021-09,DE,encounter,159
2021-09,FR,encounter,68
2021-09,JP,encounter,143
2021-09,US,encounter,245
2021-10,AU,encounter,57
2021-10,CA,encounter,54
2021-10,CN,encounter,64
2021-10,DE,encounter,180
2021-10,FR,encounter,72
2021-10,JP,encounter,148
2021-10,US,encounter,222
2021-11,AU,encounter,33
2021-11,CA,encounter,37
2021-11,CN,encounter,54
2021-11,DE,encounter,194
2021-11,FR,encounter,63
2021-11,JP,encounter,183
2021-11,US,encounter,253
2021-12,AU,encounter,53
2021-12,CA,encounter,44
2021-12,CN,encounter,52
2021-12,DE,encounter,172
2021-12,FR,encounter,77
2021-12,JP,encounter,170
2021-12,US,encounter,257
2022-01,AU,encounter,51
2022-01,CA,encounter,58
2022-01,CN,encounter,60
2022-01,DE,encounter,198
2022-01,FR,encounter,74
2022-01,JP,encounter,187
2022-01,US,encounter,261
2022-02,AU,encounter,66
2022-02,CA,encounter,57
2022-02,CN,encounter,66
2022-02,DE,encounter,184
2022-02,FR,encounter,52
2022-02,JP,encounter,169
2022-02,US,encounter,228
2022-03,AU,encounter,44
2022-03,CA,encounter,62
2022-03,CN,encounter,49
2022-03,DE,encounter,209
2022-03,FR,encounter,67
2022-03,JP,encounter,176
2022-03,US,encounter,273
2022-04,AU,encounter,47
2022-04,CA,encounter,54
2022-04,CN,encounter,42
2022-04,DE,encounter,202
2022-04,FR,encounter,67
2022-04,JP,encounter,173
2022-04,US,encounter,286
2022-05,AU,encounter,49
2022-05,CA,encounter,69
2022-05,CN,encounter,74
2022-05,DE,encounter,196
2022-05,FR,encounter,73
2022-05,JP,encounter,164
2022-05,US,encounter,279
2022-06,AU,encounter,43
2022-06,CA,encounter,48
2022-06,CN,encounter,69
2022-06,DE,encounter,221
2022-06,FR,encounter,58
2022-06,JP,encounter,160
2022-06,US,encounter,268
2022-07,AU,encounter,59
2022-07,CA,encounter,70
2022-07,CN,encounter,73
2022-07,DE,encounter,237
2022-07,FR,encounter,60
2022-07,JP,encounter,197
2022-07,US,encounter,303
2022-08,AU,encounter,55
2022-08,CA,encounter,72
2022-08,CN,encounter,76
2022-08,DE,encounter,199
2022-08,FR,encounter,96
2022-08,JP,encounter,214
2022-08,US,encounter,298
2022-09,AU,encounter,67
2022-09,CA,encounter,64
2022-09,CN,encounter,93
2022-09,DE,encounter,217
2022-09,FR,encounter,78
2022-09,JP,encounter,210
2022-09,US,encounter,320
2022-10,AU,encounter,66
2022-10,CA,encounter,80
2022-10,CN,encounter,103
2022-10,DE,encounter,243
2022-10,FR,encounter,78
2022-10,JP,encounter,212
2022-10,US,encounter,338
2022-11,AU,encounter,65
2022-11,CA,encounter,74
2022-11,CN,encounter,88
2022-11,DE,encounter,267
2022-11,FR,encounter,92
2022-11,JP,encounter,223
2022-11,US,encounter,310
2022-12,AU,encounter,78
2022-12,CA,encounter,75
2022-12,CN,encounter,76
2022-12,DE,encounter,237
2022-12,FR,encounter,77
2022-12,JP,encounter,210
2022-12,US,encounter,338
2023-01,AU,encounter,81
2023-01,CA,encounter,72
2023-01,CN,encounter,87
2023-01,DE,encounter,238
2023-01,FR,encounter,81
2023-01,JP,encounter,227
2023-01,US,encounter,330
2023-02,AU,encounter,61
2023-02,CA,encounter,79
2023-02,CN,encounter,73
2023-02,DE,encounter,218
2023-02,FR,encounter,77
2023-02,JP,encounter,210
2023-02,US,encounter,296
2023-03,AU,encounter,74
2023-03,CA,encounter,70
2023-03,CN,encounter,84
2023-03,DE,encounter,249
2023-03,FR,encounter,87
2023-03,JP,encounter,260
2023-03,US,encounter,328
2023-04,AU,encounter,68
2023-04,CA,encounter,82
2023-04,CN,encounter,94
2023-04,DE,encounter,241
2023-04,FR,encounter,90
2023-04,JP,encounter,237
2023-04,US,encounter,347
2023-05,AU,encounter,77
2023-05,CA,encounter,70
2023-05,CN,encounter,76
2023-05,DE,encounter,259
2023-05,FR,encounter,84
2023-05,JP,encounter,249
2023-05,US,encounter,391
2023-06,AU,encounter,57
2023-06,CA,encounter,88
2023-06,CN,encounter,66
2023-06,DE,encounter,270
2023-06,FR,encounter,62
2023-06,JP,encounter,215
2023-06,US,encounter,341
2023-07,AU,encounter,48
2023-07,CA,encounter,71
2023-07,CN,encounter,75
2023-07,DE,encounter,299
2023-07,FR,encounter,99
2023-07,JP,encounter,283
2023-07,US,encounter,378
2023-08,AU,encounter,67
2023-08,CA,encounter,77
2023-08,CN,encounter,78
2023-08,DE,encounter,308
2023-08,FR,encounter,92
2023-08,JP,encounter,260
2023-08,US,encounter,393
2023-09,AU,encounter,67
2023-09,CA,encounter,73
2023-09,CN,encounter,94
2023-09,DE,encounter,276
2023-09,FR,encounter,99
2023-09,JP,encounter,228
2023-09,US,encounter,414
2023-10,AU,encounter,86
2023-10,CA,encounter,90
2023-10,CN,encounter,91
2023-10,DE,encounter,308
2023-10,FR,encounter,100
2023-10,JP,encounter,295
2023-10,US,encounter,408
2023-11,AU,encounter,76
2023-11,CA,encounter,79
2023-11,CN,encounter,85
2023-11,DE,encounter,273
2023-11,FR,encounter,102
2023-11,JP,encounter,293
2023-11,US,encounter,399
2023-12,AU,encounter,85
2023-12,CA,encounter,80
2023-12,CN,encounter,101
2023-12,DE,encounter,324
2023-12,FR,encounter,114
2023-12,JP,encounter,286
2023-12,US,encounter,461
2024-01,AU,encounter,72
2024-01,CA,encounter,97
2024-01,CN,encounter,105
2024-01,DE,encounter,337
2024-01,FR,encounter,117
2024-01,JP,encounter,312
2024-01,US,encounter,418
2024-02,AU,encounter,82
2024-02,CA,encounter,79
2024-02,CN,encounter,95
2024-02,DE,encounter,297
2024-02,FR,encounter,87
2024-02,JP,encounter,281
2024-02,US,encounter,396
2024-03,AU,encounter,90
2024-03,CA,encounter,76
2024-03,CN,encounter,99
2024-03,DE,encounter,357
2024-03,FR,encounter,110
2024-03,JP,encounter,285
2024-03,US,encounter,431
2024-04,AU,encounter,79
2024-04,CA,encounter,98
2024-04,CN,encounter,99
2024-04,DE,encounter,321
2024-04,FR,encounter,126
2024-04,JP,encounter,307
2024-04,US,encounter,459
2024-05,AU,encounter,95
2024-05,CA,encounter,101
2024-05,CN,encounter,110
2024-05,DE,encounter,387
2024-05,FR,encounter,109
2024-05,JP,encounter,321
2024-05,US,encounter,475
2024-06,AU,encounter,86
2024-06,CA,encounter,111
2024-06,CN,encounter,134
2024-06,DE,encounter,373
2024-06,FR,encounter,109
2024-06,JP,encounter,316
2024-06,US,encounter,427
2024-07,AU,encounter,75
2024-07,CA,encounter,92
2024-07,CN,encounter,108
2024-07,DE,encounter,366
2024-07,FR,encounter,129
2024-07,JP,encounter,340
2024-07,US,encounter,485
2024-08,AU,encounter,104
2024-08,CA,encounter,98
2024-08,CN,encounter,125
2024-08,DE,encounter,382
2024-08,FR,encounter,126
2024-08,JP,encounter,333
2024-08,US,encounter,472
2024-09,AU,encounter,103
2024-09,CA,encounter,111
2024-09,CN,encounter,90
2024-09,DE,encounter,402
2024-09,FR,encounter,141
2024-09,JP,encounter,337
2024-09,US,encounter,499
2024-10,AU,encounter,82
2024-10,CA,encounter,80
2024-10,CN,encounter,78
2024-10,DE,encounter,368
2024-10,FR,encounter,96
2024-10,JP,encounter,317
2024-10,US,encounter,453
2024-11,AU,encounter,83
2024-11,CA,encounter,77
2024-11,CN,encounter,83
2024-11,DE,encounter,365
2024-11,FR,encounter,87
2024-11,JP,encounter,316
2024-11,US,encounter,488
2024-12,AU,encounter,70
2024-12,CA,encounter,93
2024-12,CN,encounter,77
2024-12,DE,encounter,343
2024-12,FR,encounter,99
2024-12,JP,encounter,360
2024-12,US,encounter,481
2025-01,AU,encounter,81
2025-01,CA,encounter,69
2025-01,CN,encounter,81
2025-01,DE,encounter,381
2025-01,FR,encounter,79
2025-01,JP,encounter,367
2025-01,US,encounter,478
2025-02,AU,encounter,62
2025-02,CA,encounter,83
2025-02,CN,encounter,69
2025-02,DE,encounter,379
2025-02,FR,encounter,89
2025-02,JP,encounter,298
2025-02,US,encounter,454
2025-03,AU,encounter,63
2025-03,CA,encounter,69
2025-03,CN,encounter,61
2025-03,DE,encounter,437
2025-03,FR,encounter,79
2025-03,JP,encounter,319
2025-03,US,encounter,441
2025-04,AU,encounter,67
2025-04,CA,encounter,70
2025-04,CN,encounter,61
2025-04,DE,encounter,314
2025-04,FR,encounter,92
2025-04,JP,encounter,316
2025-04,US,encounter,430
2025-05,AU,encounter,81
2025-05,CA,encounter,56
2025-05,CN,encounter,69
2025-05,DE,encounter,339
2025-05,FR,encounter,86
2025-05,JP,encounter,334
2025-05,US,encounter,457
2025-06,AU,encounter,47
2025-06,CA,encounter,60
2025-06,CN,encounter,43
2025-06,DE,encounter,363
2025-06,FR,encounter,67
2025-06,JP,encounter,311
2025-06,US,encounter,429
2025-07,AU,encounter,57
2025-07,CA,encounter,50
2025-07,CN,encounter,52
2025-07,DE,encounter,344
2025-07,FR,encounter,59
2025-07,JP,encounter,318
2025-07,US,encounter,376
2025-08,AU,encounter,32
2025-08,CA,encounter,53
2025-08,CN,encounter,25
2025-08,DE,encounter,273
2025-08,FR,encounter,56
2025-08,JP,encounter,243
2025-08,US,encounter,328
2025-09,AU,encounter,38
2025-09,CA,encounter,32
2025-09,CN,encounter,23
2025-09,DE,encounter,253
2025-09,FR,encounter,34
2025-09,JP,encounter,219
2025-09,US,encounter,285
2025-10,AU,encounter,20
2025-10,CA,encounter,24
2025-10,CN,encounter,11
2025-10,DE,encounter,205
2025-10,FR,encounter,29
2025-10,JP,encounter,165
2025-10,US,encounter,220
2025-11,AU,encounter,14
2025-11,CA,encounter,16
2025-11,CN,encounter,6
2025-11,DE,encounter,119
2025-11,FR,encounter,14
2025-11,JP,encounter,101
2025-11,US,encounter,115
2025-12,AU,encounter,20
2025-12,CA,encounter,6
2025-12,CN,encounter,7
2025-12,DE,encounter,56
2025-12,FR,encounter,23
2025-12,JP,encounter,47
2025-12,US,encounter,72
2019-01,AU,referral,5
2019-01,CA,referral,2
2019-01,CN,referral,2
2019-01,DE,referral,7
2019-01,FR,referral,6
2019-01,JP,referral,5
2019-01,US,referral,11
2019-02,AU,referral,5
2019-02,CA,referral,8
2019-02,CN,referral,9
2019-02,DE,referral,13
2019-02,FR,referral,8
2019-02,JP,referral,12
2019-02,US,referral,21
2019-03,AU,referral,4
2019-03,CA,referral,11
2019-03,CN,referral,13
2019-03,DE,referral,14
2019-03,FR,referral,8
2019-03,JP,referral,9
2019-03,US,referral,24
2019-04,AU,referral,2
2019-04,CA,referral,4
2019-04,CN,referral,8
2019-04,DE,referral,9
2019-04,FR,referral,5
2019-04,JP,referral,10
2019-04,US,referral,14
2019-05,AU,referral,5
2019-05,CA,referral,9
2019-05,CN,referral,17
2019-05,DE,referral,14
2019-05,FR,referral,10
2019-05,JP,referral,10
2019-05,US,referral,16
2019-06,AU,referral,3
2019-06,CA,referral,7
2019-06,CN,referral,9
2019-06,DE,referral,19
2019-06,FR,referral,7
2019-06,JP,referral,9
2019-06,US,referral,24
2019-07,AU,referral,5
2019-07,CA,referral,6
2019-07,CN,referral,9
2019-07,DE,referral,17
2019-07,FR,referral,11
2019-07,JP,referral,13
2019-07,US,referral,23
2019-08,AU,referral,11
2019-08,CA,referral,1
2019-08,CN,referral,9
2019-08,DE,referral,11
2019-08,FR,referral,6
2019-08,JP,referral,17
2019-08,US,referral,21
2019-09,AU,referral,7
2019-09,CA,referral,9
2019-09,CN,referral,10
2019-09,DE,referral,11
2019-09,FR,referral,6
2019-09,JP,referral,10
2019-09,US,referral,12
2019-10,AU,referral,5
2019-10,CA,referral,8
2019-10,CN,referral,17
2019-10,DE,referral,9
2019-10,FR,referral,4
2019-10,JP,referral,21
2019-10,US,referral,32
2019-11,AU,referral,6
2019-11,CA,referral,8
2019-11,CN,referral,10
2019-11,DE,referral,16
2019-11,FR,referral,9
2019-11,JP,referral,14
2019-11,US,referral,23
2019-12,AU,referral,7
2019-12,CA,referral,8
2019-12,CN,referral,11
2019-12,DE,referral,13
2019-12,FR,referral,8
2019-12,JP,referral,17
2019-12,US,referral,24
2020-01,AU,referral,8
2020-01,CA,referral,5
2020-01,CN,referral,11
2020-01,DE,referral,10
2020-01,FR,referral,9
2020-01,JP,referral,7
2020-01,US,referral,22
2020-02,AU,referral,4
2020-02,CA,referral,7
2020-02,CN,referral,14
2020-02,DE,referral,8
2020-02,FR,referral,4
2020-02,JP,referral,7
2020-02,US,referral,24
2020-03,AU,referral,2
2020-03,CA,referral,3
2020-03,CN,referral,8
2020-03,DE,referral,12
2020-03,FR,referral,8
2020-03,JP,referral,10
2020-03,US,referral,18
2020-04,AU,referral,6
2020-04,CA,referral,6
2020-04,CN,referral,13
2020-04,DE,referral,7
2020-04,FR,referral,6
2020-04,JP,referral,12
2020-04,US,referral,21
2020-05,AU,referral,4
2020-05,CA,referral,4
2020-05,CN,referral,8
2020-05,DE,referral,8
2020-05,FR,referral,11
2020-05,JP,referral,9
2020-05,US,referral,24
2020-06,AU,referral,8
2020-06,CA,referral,11
2020-06,CN,referral,10
2020-06,DE,referral,17
2020-06,FR,referral,6
2020-06,JP,referral,15
2020-06,US,referral,26
2020-07,AU,referral,11
2020-07,CA,referral,5
2020-07,CN,referral,11
2020-07,DE,referral,10
2020-07,FR,referral,17
2020-07,JP,referral,8
2020-07,US,referral,21
2020-08,AU,referral,5
2020-08,CA,referral,9
2020-08,CN,referral,10
2020-08,DE,referral,13
2020-08,FR,referral,9
2020-08,JP,referral,12
2020-08,US,referral,31
2020-09,AU,referral,5
2020-09,CA,referral,2
2020-09,CN,referral,11
2020-09,DE,referral,15
2020-09,FR,referral,7
2020-09,JP,referral,10
2020-09,US,referral,23
2020-10,AU,referral,6
2020-10,CA,referral,10
2020-10,CN,referral,9
2020-10,DE,referral,13
2020-10,FR,referral,4
2020-10,JP,referral,8
2020-10,US,referral,20
2020-11,AU,referral,2
2020-11,CA,referral,7
2020-11,CN,referral,5
2020-11,DE,referral,10
2020-11,FR,referral,8
2020-11,JP,referral,15
2020-11,US,referral,28
2020-12,AU,referral,7
2020-12,CA,referral,7
2020-12,CN,referral,11
2020-12,DE,referral,10
2020-12,FR,referral,5
2020-12,JP,referral,14
2020-12,US,referral,22
2021-01,AU,referral,5
2021-01,CA,referral,6
2021-01,CN,referral,14
2021-01,DE,referral,10
2021-01,FR,referral,7
2021-01,JP,referral,12
2021-01,US,referral,26
2021-02,AU,referral,6
2021-02,CA,referral,11
2021-02,CN,referral,12
2021-02,DE,referral,12
2021-02,FR,referral,12
2021-02,JP,referral,6
2021-02,US,referral,10
2021-03,AU,referral,4
2021-03,CA,referral,7
2021-03,CN,referral,10
2021-03,DE,referral,17
2021-03,FR,referral,9
2021-03,JP,referral,12
2021-03,US,referral,13
2021-04,AU,referral,6
2021-04,CA,referral,12
2021-04,CN,referral,12
2021-04,DE,referral,8
2021-04,FR,referral,7
2021-04,JP,referral,15
2021-04,US,referral,19
2021-05,AU,referral,4
2021-05,CA,referral,9
2021-05,CN,referral,14
2021-05,DE,referral,7
2021-05,FR,referral,4
2021-05,JP,referral,18
2021-05,US,referral,18
2021-06,AU,referral,4
2021-06,CA,referral,7
2021-06,CN,referral,8
2021-06,DE,referral,9
2021-06,FR,referral,4
2021-06,JP,referral,19
2021-06,US,referral,24
2021-07,AU,referral,7
2021-07,CA,referral,6
2021-07,CN,referral,10
2021-07,DE,referral,7
2021-07,FR,referral,9
2021-07,JP,referral,13
2021-07,US,referral,25
2021-08,AU,referral,9
2021-08,CA,referral,5
2021-08,CN,referral,13
2021-08,DE,referral,14
2021-08,FR,referral,4
2021-08,JP,referral,9
2021-08,US,referral,20
2021-09,AU,referral,6
2021-09,CA,referral,6
2021-09,CN,referral,11
2021-09,DE,referral,14
2021-09,FR,referral,11
2021-09,JP,referral,5
2021-09,US,referral,20
2021-10,AU,referral,4
2021-10,CA,referral,4
2021-10,CN,referral,9
2021-10,DE,referral,20
2021-10,FR,referral,13
2021-10,JP,referral,12
2021-10,US,referral,22
2021-11,AU,referral,3
2021-11,CA,referral,5
2021-11,CN,referral,8
2021-11,DE,referral,15
2021-11,FR,referral,8
2021-11,JP,referral,14
2021-11,US,referral,19
2021-12,AU,referral,5
2021-12,CA,referral,3
2021-12,CN,referral,10
2021-12,DE,referral,18
2021-12,FR,referral,9
2021-12,JP,referral,9
2021-12,US,referral,18
2022-01,AU,referral,6
2022-01,CA,referral,6
2022-01,CN,referral,13
2022-01,DE,referral,14
2022-01,FR,referral,9
2022-01,JP,referral,14
2022-01,US,referral,27
2022-02,AU,referral,4
2022-02,CA,referral,9
2022-02,CN,referral,7
2022-02,DE,referral,14
2022-02,FR,referral,10
2022-02,JP,referral,7
2022-02,US,referral,20
2022-03,AU,referral,4
2022-03,CA,referral,10
2022-03,CN,referral,8
2022-03,DE,referral,14
2022-03,FR,referral,6
2022-03,JP,referral,8
2022-03,US,referral,24
2022-04,AU,referral,4
2022-04,CA,referral,9
2022-04,CN,referral,5
2022-04,DE,referral,14
2022-04,FR,referral,8
2022-04,JP,referral,9
2022-04,US,referral,25
2022-05,AU,referral,4
2022-05,CA,referral,6
2022-05,CN,referral,12
2022-05,DE,referral,18
2022-05,FR,referral,7
2022-05,JP,referral,6
2022-05,US,referral,19
2022-06,AU,referral,3
2022-06,CA,referral,9
2022-06,CN,referral,9
2022-06,DE,referral,19
2022-06,FR,referral,2
2022-06,JP,referral,12
2022-06,US,referral,20
2022-07,AU,referral,7
2022-07,CA,referral,10
2022-07,CN,referral,12
2022-07,DE,referral,18
2022-07,FR,referral,7
2022-07,JP,referral,11
2022-07,US,referral,18
2022-08,AU,referral,7
2022-08,CA,referral,9
2022-08,CN,referral,7
2022-08,DE,referral,18
2022-08,FR,referral,13
2022-08,JP,referral,13
2022-08,US,referral,17
2022-09,AU,referral,3
2022-09,CA,referral,5
2022-09,CN,referral,20
2022-09,DE,referral,18
2022-09,FR,referral,7
2022-09,JP,referral,9
2022-09,US,referral,14
2022-10,AU,referral,7
2022-10,CA,referral,9
2022-10,CN,referral,16
2022-10,DE,referral,15
2022-10,FR,referral,9
2022-10,JP,referral,12
2022-10,US,referral,22
2022-11,AU,referral,3
2022-11,CA,referral,4
2022-11,CN,referral,14
2022-11,DE,referral,14
2022-11,FR,referral,9
2022-11,JP,referral,19
2022-11,US,referral,19
2022-12,AU,referral,10
2022-12,CA,referral,8
2022-12,CN,referral,10
2022-12,DE,referral,12
2022-12,FR,referral,11
2022-12,JP,referral,9
2022-12,US,referral,22
2023-01,AU,referral,2
2023-01,CA,referral,11
2023-01,CN,referral,9
2023-01,DE,referral,18
2023-01,FR,referral,4
2023-01,JP,referral,12
2023-01,US,referral,18
2023-02,AU,referral,8
2023-02,CA,referral,10
2023-02,CN,referral,11
2023-02,DE,referral,13
2023-02,FR,referral,12
2023-02,JP,referral,13
2023-02,US,referral,23
2023-03,AU,referral,5
2023-03,CA,referral,8
2023-03,CN,referral,11
2023-03,DE,referral,12
2023-03,FR,referral,14
2023-03,JP,referral,12
2023-03,US,referral,17
2023-04,AU,referral,6
2023-04,CA,referral,7
2023-04,CN,referral,13
2023-04,DE,referral,12
2023-04,FR,referral,10
2023-04,JP,referral,12
2023-04,US,referral,18
2023-05,AU,referral,5
2023-05,CA,referral,6
2023-05,CN,referral,10
2023-05,DE,referral,12
2023-05,FR,referral,3
2023-05,JP,referral,11
2023-05,US,referral,31
2023-06,AU,referral,5
2023-06,CA,referral,5
2023-06,CN,referral,7
2023-06,DE,referral,12
2023-06,FR,referral,6
2023-06,JP,referral,13
2023-06,US,referral,20
2023-07,AU,referral,3
2023-07,CA,referral,9
2023-07,CN,referral,10
2023-07,DE,referral,23
2023-07,FR,referral,6
2023-07,JP,referral,9
2023-07,US,referral,18
2023-08,AU,referral,3
2023-08,CA,referral,6
2023-08,CN,referral,9
2023-08,DE,referral,15
2023-08,FR,referral,8
2023-08,JP,referral,15
2023-08,US,referral,21
2023-09,AU,referral,3
2023-09,CA,referral,5
2023-09,CN,referral,7
2023-09,DE,referral,14
2023-09,FR,referral,7
2023-09,JP,referral,8
2023-09,US,referral,28
2023-10,AU,referral,8
2023-10,CA,referral,6
2023-10,CN,referral,13
2023-10,DE,referral,10
2023-10,FR,referral,7
2023-10,JP,referral,13
2023-10,US,referral,17
2023-11,AU,referral,5
2023-11,CA,referral,2
2023-11,CN,referral,14
2023-11,DE,referral,12
2023-11,FR,referral,9
2023-11,JP,referral,16
2023-11,US,referral,22
2023-12,AU,referral,4
2023-12,CA,referral,10
2023-12,CN,referral,5
2023-12,DE,referral,23
2023-12,FR,referral,5
2023-12,JP,referral,5
2023-12,US,referral,22
2024-01,AU,referral,2
2024-01,CA,referral,13
2024-01,CN,referral,11
2024-01,DE,referral,12
2024-01,FR,referral,14
2024-01,JP,referral,16
2024-01,US,referral,22
2024-02,AU,referral,5
2024-02,CA,referral,5
2024-02,CN,referral,10
2024-02,DE,referral,15
2024-02,FR,referral,11
2024-02,JP,referral,7
2024-02,US,referral,20
2024-03,AU,referral,8
2024-03,CA,referral,4
2024-03,CN,referral,7
2024-03,DE,referral,18
2024-03,FR,referral,7
2024-03,JP,referral,8
2024-03,US,referral,18
2024-04,AU,referral,4
2024-04,CA,referral,7
2024-04,CN,referral,8
2024-04,DE,referral,17
2024-04,FR,referral,6
2024-04,JP,referral,14
2024-04,US,referral,17
2024-05,AU,referral,9
2024-05,CA,referral,8
2024-05,CN,referral,18
2024-05,DE,referral,12
2024-05,FR,referral,8
2024-05,JP,referral,7
2024-05,US,referral,22
2024-06,AU,referral,5
2024-06,CA,referral,5
2024-06,CN,referral,15
2024-06,DE,referral,16
2024-06,FR,referral,12
2024-06,JP,referral,13
2024-06,US,referral,16
2024-07,AU,referral,2
2024-07,CA,referral,8
2024-07,CN,referral,12
2024-07,DE,referral,14
2024-07,FR,referral,10
2024-07,JP,referral,9
2024-07,US,referral,19
2024-08,AU,referral,10
2024-08,CA,referral,11
2024-08,CN,referral,17
2024-08,DE,referral,8
2024-08,FR,referral,9
2024-08,JP,referral,14
2024-08,US,referral,16
2024-09,AU,referral,5
2024-09,CA,referral,6
2024-09,CN,referral,14
2024-09,DE,referral,17
2024-09,FR,referral,11
2024-09,JP,referral,9
2024-09,US,referral,18
2024-10,AU,referral,3
2024-10,CA,referral,5
2024-10,CN,referral,2
2024-10,DE,referral,11
2024-10,FR,referral,5
2024-10,JP,referral,8
2024-10,US,referral,7
2024-11,AU,referral,1
2024-11,DE,referral,1
2024-11,FR,referral,1
2024-11,US,referral,2
2024-12,DE,referral,3
2024-12,FR,referral,1
2024-12,JP,referral,3
2024-12,US,referral,3
2025-01,CA,referral,1
2025-01,DE,referral,2
2025-01,JP,referral,1
2025-01,US,referral,2
2025-02,CA,referral,2
2025-02,DE,referral,1
2025-02,FR,referral,2
2025-03,DE,referral,2
2025-03,JP,referral,1
2025-03,US,referral,2
2025-04,AU,referral,1
2025-04,CA,referral,1
2025-04,DE,referral,2
2025-04,FR,referral,4
2025-04,US,referral,3
2025-05,AU,referral,1
2025-05,CA,referral,1
2025-05,CN,referral,1
2025-05,DE,referral,1
2025-05,FR,referral,1
2025-05,JP,referral,1
2025-05,US,referral,1
2025-06,DE,referral,3
2025-06,FR,referral,2
2025-06,JP,referral,3
2025-06,US,referral,4
2025-07,DE,referral,2
2025-07,JP,referral,1
2025-07,US,referral,2
2025-08,AU,referral,1
2025-08,CN,referral,1
2025-08,DE,referral,1
2025-08,FR,referral,2
2025-08,JP,referral,3
2025-08,US,referral,2
2025-09,CA,referral,1
2025-09,CN,referral,1
2025-09,JP,referral,1
2025-09,US,referral,2
2025-10,CA,referral,1
2025-10,DE,referral,3
2025-10,FR,referral,1
2025-10,US,referral,2
2025-11,DE,referral,1
2025-11,JP,referral,1
2025-12,DE,referral,1
2019-01,JP,active_surveillance,1
2019-01,US,active_surveillance,1
2019-02,AU,active_surveillance,1
2019-02,CA,active_surveillance,1
2019-02,FR,active_surveillance,1
2019-02,JP,active_surveillance,1
2019-02,US,active_surveillance,3
2019-03,AU,active_surveillance,4
2019-03,CA,active_surveillance,2
2019-03,CN,active_surveillance,2
2019-03,DE,active_surveillance,8
2019-03,FR,active_surveillance,1
2019-03,JP,active_surveillance,4
2019-03,US,active_surveillance,5
2019-04,AU,active_surveillance,3
2019-04,DE,active_surveillance,4
2019-04,FR,active_surveillance,4
2019-04,JP,active_surveillance,7
2019-04,US,active_surveillance,4
2019-05,AU,active_surveillance,2
2019-05,CA,active_surveillance,2
2019-05,CN,active_surveillance,2
2019-05,DE,active_surveillance,8
2019-05,FR,active_surveillance,6
2019-05,JP,active_surveillance,7
2019-05,US,active_surveillance,6
2019-06,AU,active_surveillance,6
2019-06,CA,active_surveillance,2
2019-06,DE,active_surveillance,5
2019-06,FR,active_surveillance,3
2019-06,JP,active_surveillance,3
2019-06,US,active_surveillance,7
2019-07,AU,active_surveillance,2
2019-07,CA,active_surveillance,2
2019-07,CN,active_surveillance,2
2019-07,DE,active_surveillance,12
2019-07,FR,active_surveillance,2
2019-07,JP,active_surveillance,5
2019-07,US,active_surveillance,3
2019-08,AU,active_surveillance,2
2019-08,CN,active_surveillance,1
2019-08,DE,active_surveillance,4
2019-08,FR,active_surveillance,5
2019-08,JP,active_surveillance,1
2019-08,US,active_surveillance,5
2019-09,AU,active_surveillance,4
2019-09,CA,active_surveillance,2
2019-09,CN,active_surveillance,4
2019-09,DE,active_surveillance,6
2019-09,FR,active_surveillance,4
2019-09,JP,active_surveillance,1
2019-09,US,active_surveillance,5
2019-10,AU,active_surveillance,3
2019-10,CA,active_surveillance,3
2019-10,CN,active_surveillance,1
2019-10,DE,active_surveillance,4
2019-10,FR,active_surveillance,1
2019-10,JP,active_surveillance,3
2019-10,US,active_surveillance,4
2019-11,AU,active_surveillance,2
2019-11,CA,active_surveillance,3
2019-11,CN,active_surveillance,1
2019-11,DE,active_surveillance,8
2019-11,FR,active_surveillance,2
2019-11,JP,active_surveillance,5
2019-11,US,active_surveillance,5
2019-12,CN,active_surveillance,1
2019-12,DE,active_surveillance,4
2019-12,FR,active_surveillance,1
2019-12,JP,active_surveillance,4
2019-12,US,active_surveillance,4
2020-01,AU,active_surveillance,1
2020-01,CA,active_surveillance,3
2020-01,CN,active_surveillance,2
2020-01,DE,active_surveillance,4
2020-01,FR,active_surveillance,2
2020-01,JP,active_surveillance,2
2020-01,US,active_surveillance,7
2020-02,AU,active_surveillance,6
2020-02,CA,active_surveillance,2
2020-02,CN,active_surveillance,1
2020-02,DE,active_surveillance,4
2020-02,JP,active_surveillance,1
2020-02,US,active_surveillance,3
2020-03,AU,active_surveillance,2
2020-03,CA,active_surveillance,2
2020-03,CN,active_surveillance,3
2020-03,DE,active_surveillance,4
2020-03,FR,active_surveillance,1
2020-03,JP,active_surveillance,2
2020-03,US,active_surveillance,4
2020-04,AU,active_surveillance,5
2020-04,CA,active_surveillance,1
2020-04,CN,active_surveillance,2
2020-04,DE,active_surveillance,7
2020-04,JP,active_surveillance,8
2020-04,US,active_surveillance,6
2020-05,AU,active_surveillance,2
2020-05,CA,active_surveillance,1
2020-05,CN,active_surveillance,1
2020-05,DE,active_surveillance,6
2020-05,FR,active_surveillance,6
2020-05,JP,active_surveillance,6
2020-05,US,active_surveillance,8
2020-06,AU,active_surveillance,1
2020-06,CA,active_surveillance,5
2020-06,CN,active_surveillance,2
2020-06,DE,active_surveillance,4
2020-06,FR,active_surveillance,1
2020-06,JP,active_surveillance,4
2020-06,US,active_surveillance,9
2020-07,AU,active_surveillance,1
2020-07,CA,active_surveillance,3
2020-07,CN,active_surveillance,1
2020-07,DE,active_surveillance,4
2020-07,FR,active_surveillance,4
2020-07,JP,active_surveillance,3
2020-07,US,active_surveillance,7
2020-08,AU,active_surveillance,2
2020-08,CA,active_surveillance,2
2020-08,CN,active_surveillance,2
2020-08,DE,active_surveillance,4
2020-08,JP,active_surveillance,4
2020-08,US,active_surveillance,5
2020-09,AU,active_surveillance,8
2020-09,CA,active_surveillance,4
2020-09,CN,active_surveillance,2
2020-09,DE,active_surveillance,4
2020-09,FR,active_surveillance,5
2020-09,JP,active_surveillance,1
2020-09,US,active_surveillance,7
2020-10,AU,active_surveillance,2
2020-10,CA,active_surveillance,1
2020-10,CN,active_surveillance,3
2020-10,DE,active_surveillance,5
2020-10,FR,active_surveillance,1
2020-10,JP,active_surveillance,7
2020-10,US,active_surveillance,7
2020-11,AU,active_surveillance,2
2020-11,CA,active_surveillance,3
2020-11,CN,active_surveillance,1
2020-11,DE,active_surveillance,7
2020-11,FR,active_surveillance,4
2020-11,JP,active_surveillance,1
2020-11,US,active_surveillance,5
2020-12,CA,active_surveillance,3
2020-12,CN,active_surveillance,1
2020-12,DE,active_surveillance,8
2020-12,FR,active_surveillance,6
2020-12,JP,active_surveillance,4
2020-12,US,active_surveillance,5
2021-01,AU,active_surveillance,1
2021-01,CA,active_surveillance,2
2021-01,CN,active_surveillance,1
2021-01,DE,active_surveillance,2
2021-01,FR,active_surveillance,4
2021-01,JP,active_surveillance,3
2021-01,US,active_surveillance,10
2021-02,AU,active_surveillance,5
2021-02,CA,active_surveillance,1
2021-02,CN,active_surveillance,1
2021-02,DE,active_surveillance,4
2021-02,FR,active_surveillance,2
2021-02,JP,active_surveillance,3
2021-02,US,active_surveillance,4
2021-03,CA,active_surveillance,2
2021-03,CN,active_surveillance,2
2021-03,DE,active_surveillance,8
2021-03,FR,active_surveillance,3
2021-03,JP,active_surveillance,7
2021-03,US,active_surveillance,7
2021-04,AU,active_surveillance,7
2021-04,CA,active_surveillance,2
2021-04,CN,active_surveillance,1
2021-04,DE,active_surveillance,5
2021-04,FR,active_surveillance,4
2021-04,JP,active_surveillance,2
2021-04,US,active_surveillance,11
2021-05,AU,active_surveillance,2
2021-05,DE,active_surveillance,10
2021-05,FR,active_surveillance,5
2021-05,JP,active_surveillance,1
2021-05,US,active_surveillance,9
2021-06,AU,active_surveillance,4
2021-06,CA,active_surveillance,4
2021-06,CN,active_surveillance,1
2021-06,DE,active_surveillance,1
2021-06,FR,active_surveillance,1
2021-06,JP,active_surveillance,5
2021-06,US,active_surveillance,5
2021-07,CA,active_surveillance,2
2021-07,CN,active_surveillance,1
2021-07,DE,active_surveillance,6
2021-07,FR,active_surveillance,4
2021-07,JP,active_surveillance,3
2021-07,US,active_surveillance,8
2021-08,AU,active_surveillance,2
2021-08,CA,active_surveillance,1
2021-08,CN,active_surveillance,1
2021-08,DE,active_surveillance,2
2021-08,JP,active_surveillance,4
2021-08,US,active_surveillance,8
2021-09,AU,active_surveillance,6
2021-09,DE,active_surveillance,3
2021-09,FR,active_surveillance,4
2021-09,JP,active_surveillance,7
2021-09,US,active_surveillance,6
2021-10,AU,active_surveillance,1
2021-10,CA,active_surveillance,2
2021-10,DE,active_surveillance,5
2021-10,FR,active_surveillance,4
2021-10,JP,active_surveillance,4
2021-10,US,active_surveillance,8
2021-11,AU,active_surveillance,8
2021-11,CA,active_surveillance,4
2021-11,CN,active_surveillance,1
2021-11,DE,active_surveillance,7
2021-11,FR,active_surveillance,1
2021-11,JP,active_surveillance,5
2021-11,US,active_surveillance,8
2021-12,AU,active_surveillance,5
2021-12,CA,active_surveillance,6
2021-12,CN,active_surveillance,1
2021-12,DE,active_surveillance,8
2021-12,FR,active_surveillance,5
2021-12,JP,active_surveillance,11
2021-12,US,active_surveillance,7
2022-01,AU,active_surveillance,3
2022-01,CA,active_surveillance,3
2022-01,CN,active_surveillance,1
2022-01,DE,active_surveillance,3
2022-01,FR,active_surveillance,5
2022-01,JP,active_surveillance,4
2022-01,US,active_surveillance,6
2022-02,AU,active_surveillance,1
2022-02,CA,active_surveillance,3
2022-02,DE,active_surveillance,3
2022-02,FR,active_surveillance,3
2022-02,JP,active_surveillance,9
2022-02,US,active_surveillance,9
2022-03,AU,active_surveillance,1
2022-03,CA,active_surveillance,3
2022-03,DE,active_surveillance,6
2022-03,FR,active_surveillance,8
2022-03,JP,active_surveillance,6
2022-03,US,active_surveillance,8
2022-04,AU,active_surveillance,6
2022-04,CA,active_surveillance,3
2022-04,CN,active_surveillance,2
2022-04,DE,active_surveillance,6
2022-04,FR,active_surveillance,3
2022-04,JP,active_surveillance,6
2022-04,US,active_surveillance,7
2022-05,AU,active_surveillance,3
2022-05,CA,active_surveillance,4
2022-05,CN,active_surveillance,2
2022-05,DE,active_surveillance,2
2022-05,FR,active_surveillance,3
2022-05,JP,active_surveillance,3
2022-05,US,active_surveillance,5
2022-06,AU,active_surveillance,1
2022-06,CA,active_surveillance,6
2022-06,CN,active_surveillance,2
2022-06,DE,active_surveillance,6
2022-06,FR,active_surveillance,7
2022-06,JP,active_surveillance,2
2022-06,US,active_surveillance,4
2022-07,AU,active_surveillance,1
2022-07,CN,active_surveillance,1
2022-07,DE,active_surveillance,7
2022-07,FR,active_surveillance,1
2022-07,JP,active_surveillance,1
2022-07,US,active_surveillance,7
2022-08,AU,active_surveillance,1
2022-08,CA,active_surveillance,1
2022-08,CN,active_surveillance,1
2022-08,DE,active_surveillance,9
2022-08,FR,active_surveillance,3
2022-08,JP,active_surveillance,1
2022-08,US,active_surveillance,11
2022-09,CA,active_surveillance,2
2022-09,CN,active_surveillance,1
2022-09,DE,active_surveillance,1
2022-09,FR,active_surveillance,3
2022-09,JP,active_surveillance,4
2022-09,US,active_surveillance,4
2022-10,AU,active_surveillance,1
2022-10,CA,active_surveillance,3
2022-10,CN,active_surveillance,2
2022-10,DE,active_surveillance,5
2022-10,FR,active_surveillance,2
2022-10,JP,active_surveillance,5
2022-10,US,active_surveillance,5
2022-11,AU,active_surveillance,3
2022-11,CA,active_surveillance,2
2022-11,CN,active_surveillance,2
2022-11,DE,active_surveillance,2
2022-11,FR,active_surveillance,1
2022-11,JP,active_surveillance,6
2022-11,US,active_surveillance,8
2022-12,AU,active_surveillance,3
2022-12,CA,active_surveillance,3
2022-12,CN,active_surveillance,2
2022-12,DE,active_surveillance,12
2022-12,FR,active_surveillance,1
2022-12,JP,active_surveillance,1
2022-12,US,active_surveillance,7
2023-01,AU,active_surveillance,1
2023-01,CA,active_surveillance,1
2023-01,CN,active_surveillance,1
2023-01,DE,active_surveillance,5
2023-01,FR,active_surveillance,2
2023-01,JP,active_surveillance,2
2023-01,US,active_surveillance,10
2023-02,AU,active_surveillance,2
2023-02,CA,active_surveillance,3
2023-02,CN,active_surveillance,1
2023-02,DE,active_surveillance,3
2023-02,FR,active_surveillance,3
2023-02,JP,active_surveillance,3
2023-02,US,active_surveillance,4
2023-03,AU,active_surveillance,2
2023-03,CA,active_surveillance,1
2023-03,CN,active_surveillance,1
2023-03,DE,active_surveillance,5
2023-03,FR,active_surveillance,3
2023-03,JP,active_surveillance,7
2023-03,US,active_surveillance,9
2023-04,AU,active_surveillance,4
2023-04,CA,active_surveillance,1
2023-04,CN,active_surveillance,2
2023-04,DE,active_surveillance,3
2023-04,FR,active_surveillance,2
2023-04,JP,active_surveillance,4
2023-04,US,active_surveillance,4
2023-05,AU,active_surveillance,5
2023-05,CN,active_surveillance,1
2023-05,DE,active_surveillance,3
2023-05,FR,active_surveillance,4
2023-05,JP,active_surveillance,6
2023-05,US,active_surveillance,8
2023-06,AU,active_surveillance,4
2023-06,CA,active_surveillance,6
2023-06,CN,active_surveillance,1
2023-06,DE,active_surveillance,7
2023-06,FR,active_surveillance,2
2023-06,JP,active_surveillance,7
2023-06,US,active_surveillance,2
2023-07,AU,active_surveillance,1
2023-07,CA,active_surveillance,2
2023-07,CN,active_surveillance,1
2023-07,DE,active_surveillance,9
2023-07,FR,active_surveillance,2
2023-07,JP,active_surveillance,3
2023-07,US,active_surveillance,3
2023-08,AU,active_surveillance,1
2023-08,CA,active_surveillance,6
2023-08,CN,active_surveillance,2
2023-08,DE,active_surveillance,7
2023-08,FR,active_surveillance,3
2023-08,JP,active_surveillance,4
2023-08,US,active_surveillance,6
2023-09,AU,active_surveillance,1
2023-09,CA,active_surveillance,3
2023-09,DE,active_surveillance,7
2023-09,FR,active_surveillance,3
2023-09,JP,active_surveillance,5
2023-09,US,active_surveillance,9
2023-10,AU,active_surveillance,2
2023-10,CA,active_surveillance,4
2023-10,CN,active_surveillance,3
2023-10,DE,active_surveillance,6
2023-10,FR,active_surveillance,6
2023-10,JP,active_surveillance,3
2023-10,US,active_surveillance,9
2023-11,AU,active_surveillance,3
2023-11,CA,active_surveillance,1
2023-11,CN,active_surveillance,2
2023-11,DE,active_surveillance,7
2023-11,FR,active_surveillance,5
2023-11,JP,active_surveillance,6
2023-11,US,active_surveillance,4
2023-12,AU,active_surveillance,1
2023-12,CA,active_surveillance,4
2023-12,CN,active_surveillance,1
2023-12,DE,active_surveillance,5
2023-12,FR,active_surveillance,1
2023-12,JP,active_surveillance,6
2023-12,US,active_surveillance,1
2024-01,AU,active_surveillance,4
2024-01,CA,active_surveillance,1
2024-01,CN,active_surveillance,4
2024-01,DE,active_surveillance,9
2024-01,FR,active_surveillance,5
2024-01,JP,active_surveillance,12
2024-01,US,active_surveillance,6
2024-02,AU,active_surveillance,3
2024-02,CA,active_surveillance,5
2024-02,CN,active_surveillance,1
2024-02,DE,active_surveillance,2
2024-02,FR,active_surveillance,3
2024-02,JP,active_surveillance,5
2024-02,US,active_surveillance,6
2024-03,AU,active_surveillance,3
2024-03,CA,active_surveillance,1
2024-03,CN,active_surveillance,2
2024-03,DE,active_surveillance,5
2024-03,FR,active_surveillance,1
2024-03,US,active_surveillance,6
2024-04,AU,active_surveillance,7
2024-04,CA,active_surveillance,7
2024-04,CN,active_surveillance,1
2024-04,DE,active_surveillance,7
2024-04,FR,active_surveillance,1
2024-04,JP,active_surveillance,6
2024-04,US,active_surveillance,3
2024-05,AU,active_surveillance,2
2024-05,CA,active_surveillance,4
2024-05,DE,active_surveillance,5
2024-05,FR,active_surveillance,2
2024-05,JP,active_surveillance,5
2024-05,US,active_surveillance,9
2024-06,AU,active_surveillance,1
2024-06,CA,active_surveillance,3
2024-06,DE,active_surveillance,8
2024-06,FR,active_surveillance,2
2024-06,JP,active_surveillance,1
2024-06,US,active_surveillance,9
2024-07,CA,active_surveillance,6
2024-07,DE,active_surveillance,6
2024-07,FR,active_surveillance,5
2024-07,JP,active_surveillance,8
2024-07,US,active_surveillance,7
2024-08,AU,active_surveillance,1
2024-08,CA,active_surveillance,2
2024-08,CN,active_surveillance,1
2024-08,DE,active_surveillance,6
2024-08,FR,active_surveillance,2
2024-08,JP,active_surveillance,2
2024-08,US,active_surveillance,4
2024-09,AU,active_surveillance,3
2024-09,CA,active_surveillance,4
2024-09,DE,active_surveillance,7
2024-09,FR,active_surveillance,6
2024-09,JP,active_surveillance,3
2024-09,US,active_surveillance,6
2024-10,CA,active_surveillance,1
2024-10,DE,active_surveillance,9
2024-10,FR,active_surveillance,3
2024-10,JP,active_surveillance,2
2024-10,US,active_surveillance,7
2024-11,AU,active_surveillance,1
2024-11,DE,active_surveillance,2
2024-11,JP,active_surveillance,2
2017-01,AU,observation,2
2017-01,DE,observation,1
2017-01,US,observation,1
2017-02,CA,observation,1
2017-02,JP,observation,3
2017-02,US,observation,4
2017-03,AU,observation,2
2017-03,CA,observation,2
2017-03,CN,observation,2
2017-03,DE,observation,7
2017-03,FR,observation,4
2017-03,JP,observation,1
2017-03,US,observation,6
2017-04,AU,observation,4
2017-04,CA,observation,5
2017-04,CN,observation,1
2017-04,DE,observation,2
2017-04,FR,observation,2
2017-04,JP,observation,7
2017-04,US,observation,9
2017-05,AU,observation,1
2017-05,CA,observation,4
2017-05,CN,observation,5
2017-05,DE,observation,5
2017-05,FR,observation,1
2017-05,JP,observation,8
2017-05,US,observation,7
2017-06,AU,observation,5
2017-06,CA,observation,4
2017-06,CN,observation,4
2017-06,DE,observation,10
2017-06,FR,observation,4
2017-06,JP,observation,3
2017-06,US,observation,12
2017-07,AU,observation,2
2017-07,CA,observation,5
2017-07,CN,observation,6
2017-07,DE,observation,9
2017-07,FR,observation,6
2017-07,JP,observation,5
2017-07,US,observation,5
2017-08,AU,observation,7
2017-08,CA,observation,5
2017-08,CN,observation,5
2017-08,DE,observation,11
2017-08,FR,observation,6
2017-08,JP,observation,9
2017-08,US,observation,13
2017-09,AU,observation,5
2017-09,CA,observation,3
2017-09,CN,observation,6
2017-09,DE,observation,11
2017-09,FR,observation,6
2017-09,JP,observation,15
2017-09,US,observation,19
2017-10,AU,observation,7
2017-10,CA,observation,4
2017-10,CN,observation,9
2017-10,DE,observation,16
2017-10,FR,observation,5
2017-10,JP,observation,15
2017-10,US,observation,30
2017-11,AU,observation,4
2017-11,CA,observation,8
2017-11,CN,observation,12
2017-11,DE,observation,14
2017-11,FR,observation,7
2017-11,JP,observation,7
2017-11,US,observation,15
2017-12,AU,observation,6
2017-12,CA,observation,5
2017-12,CN,observation,9
2017-12,DE,observation,14
2017-12,FR,observation,13
2017-12,JP,observation,12
2017-12,US,observation,26
2018-01,AU,observation,9
2018-01,CA,observation,6
2018-01,CN,observation,14
2018-01,DE,observation,16
2018-01,FR,observation,20
2018-01,JP,observation,14
2018-01,US,observation,26
2018-02,AU,observation,4
2018-02,CA,observation,11
2018-02,CN,observation,9
2018-02,DE,observation,22
2018-02,FR,observation,14
2018-02,JP,observation,22
2018-02,US,observation,22
2018-03,AU,observation,9
2018-03,CA,observation,4
2018-03,CN,observation,8
2018-03,DE,observation,20
2018-03,FR,observation,11
2018-03,JP,observation,23
2018-03,US,observation,32
2018-04,AU,observation,8
2018-04,CA,observation,9
2018-04,CN,observation,26
2018-04,DE,observation,17
2018-04,FR,observation,13
2018-04,JP,observation,20
2018-04,US,observation,33
2018-05,AU,observation,14
2018-05,CA,observation,10
2018-05,CN,observation,18
2018-05,DE,observation,26
2018-05,FR,observation,8
2018-05,JP,observation,23
2018-05,US,observation,37
2018-06,AU,observation,16
2018-06,CA,observation,12
2018-06,CN,observation,14
2018-06,DE,observation,19
2018-06,FR,observation,11
2018-06,JP,observation,24
2018-06,US,observation,36
2018-07,AU,observation,9
2018-07,CA,observation,16
2018-07,CN,observation,24
2018-07,DE,observation,23
2018-07,FR,observation,14
2018-07,JP,observation,21
2018-07,US,observation,46
2018-08,AU,observation,9
2018-08,CA,observation,14
2018-08,CN,observation,8
2018-08,DE,observation,26
2018-08,FR,observation,15
2018-08,JP,observation,19
2018-08,US,observation,47
2018-09,AU,observation,10
2018-09,CA,observation,8
2018-09,CN,observation,14
2018-09,DE,observation,24
2018-09,FR,observation,16
2018-09,JP,observation,22
2018-09,US,observation,37
2018-10,AU,observation,17
2018-10,CA,observation,14
2018-10,CN,observation,11
2018-10,DE,observation,29
2018-10,FR,observation,16
2018-10,JP,observation,15
2018-10,US,observation,43
2018-11,AU,observation,16
2018-11,CA,observation,14
2018-11,CN,observation,17
2018-11,DE,observation,28
2018-11,FR,observation,17
2018-11,JP,observation,22
2018-11,US,observation,38
2018-12,AU,observation,6
2018-12,CA,observation,15
2018-12,CN,observation,21
2018-12,DE,observation,31
2018-12,FR,observation,16
2018-12,JP,observation,26
2018-12,US,observation,46
2019-01,AU,observation,17
2019-01,CA,observation,14
2019-01,CN,observation,18
2019-01,DE,observation,18
2019-01,FR,observation,23
2019-01,JP,observation,23
2019-01,US,observation,36
2019-02,AU,observation,13
2019-02,CA,observation,13
2019-02,CN,observation,18
2019-02,DE,observation,18
2019-02,FR,observation,11
2019-02,JP,observation,21
2019-02,US,observation,43
2019-03,AU,observation,8
2019-03,CA,observation,20
2019-03,CN,observation,20
2019-03,DE,observation,23
2019-03,FR,observation,33
2019-03,JP,observation,23
2019-03,US,observation,42
2019-04,AU,observation,8
2019-04,CA,observation,9
2019-04,CN,observation,19
2019-04,DE,observation,27
2019-04,FR,observation,17
2019-04,JP,observation,24
2019-04,US,observation,39
2019-05,AU,observation,16
2019-05,CA,observation,12
2019-05,CN,observation,22
2019-05,DE,observation,16
2019-05,FR,observation,16
2019-05,JP,observation,14
2019-05,US,observation,34
2019-06,AU,observation,18
2019-06,CA,observation,7
2019-06,CN,observation,22
2019-06,DE,observation,25
2019-06,FR,observation,13
2019-06,JP,observation,24
2019-06,US,observation,28
2019-07,AU,observation,8
2019-07,CA,observation,12
2019-07,CN,observation,10
2019-07,DE,observation,20
2019-07,FR,observation,19
2019-07,JP,observation,24
2019-07,US,observation,45
2019-08,AU,observation,12
2019-08,CA,observation,8
2019-08,CN,observation,17
2019-08,DE,observation,23
2019-08,FR,observation,4
2019-08,JP,observation,31
2019-08,US,observation,46
2019-09,AU,observation,11
2019-09,CA,observation,18
2019-09,CN,observation,14
2019-09,DE,observation,20
2019-09,FR,observation,11
2019-09,JP,observation,19
2019-09,US,observation,34
2019-10,AU,observation,18
2019-10,CA,observation,12
2019-10,CN,observation,20
2019-10,DE,observation,23
2019-10,FR,observation,16
2019-10,JP,observation,34
2019-10,US,observation,43
2019-11,AU,observation,5
2019-11,CA,observation,16
2019-11,CN,observation,16
2019-11,DE,observation,28
2019-11,FR,observation,11
2019-11,JP,observation,18
2019-11,US,observation,39
2019-12,AU,observation,14
2019-12,CA,observation,15
2019-12,CN,observation,24
2019-12,DE,observation,34
2019-12,FR,observation,19
2019-12,JP,observation,24
2019-12,US,observation,27
2020-01,AU,observation,11
2020-01,CA,observation,13
2020-01,CN,observation,12
2020-01,DE,observation,30
2020-01,FR,observation,15
2020-01,JP,observation,17
2020-01,US,observation,44
2020-02,AU,observation,14
2020-02,CA,observation,15
2020-02,CN,observation,19
2020-02,DE,observation,24
2020-02,FR,observation,13
2020-02,JP,observation,31
2020-02,US,observation,28
2020-03,AU,observation,12
2020-03,CA,observation,11
2020-03,CN,observation,21
2020-03,DE,observation,26
2020-03,FR,observation,13
2020-03,JP,observation,19
2020-03,US,observation,40
2020-04,AU,observation,17
2020-04,CA,observation,10
2020-04,CN,observation,21
2020-04,DE,observation,25
2020-04,FR,observation,19
2020-04,JP,observation,27
2020-04,US,observation,39
2020-05,AU,observation,8
2020-05,CA,observation,13
2020-05,CN,observation,15
2020-05,DE,observation,26
2020-05,FR,observation,23
2020-05,JP,observation,27
2020-05,US,observation,36
2020-06,AU,observation,9
2020-06,CA,observation,14
2020-06,CN,observation,18
2020-06,DE,observation,25
2020-06,FR,observation,24
2020-06,JP,observation,27
2020-06,US,observation,39
2020-07,AU,observation,4
2020-07,CA,observation,12
2020-07,CN,observation,15
2020-07,DE,observation,28
2020-07,FR,observation,16
2020-07,JP,observation,32
2020-07,US,observation,48
2020-08,AU,observation,12
2020-08,CA,observation,21
2020-08,CN,observation,18
2020-08,DE,observation,29
2020-08,FR,observation,16
2020-08,JP,observation,25
2020-08,US,observation,44
2020-09,AU,observation,12
2020-09,CA,observation,13
2020-09,CN,observation,23
2020-09,DE,observation,30
2020-09,FR,observation,18
2020-09,JP,observation,21
2020-09,US,observation,35
2020-10,AU,observation,16
2020-10,CA,observation,12
2020-10,CN,observation,13
2020-10,DE,observation,20
2020-10,FR,observation,16
2020-10,JP,observation,29
2020-10,US,observation,26
2020-11,AU,observation,11
2020-11,CA,observation,13
2020-11,CN,observation,25
2020-11,DE,observation,19
2020-11,FR,observation,14
2020-11,JP,observation,17
2020-11,US,observation,33
2020-12,AU,observation,11
2020-12,CA,observation,16
2020-12,CN,observation,20
2020-12,DE,observation,19
2020-12,FR,observation,19
2020-12,JP,observation,16
2020-12,US,observation,37
2021-01,AU,observation,13
2021-01,CA,observation,12
2021-01,CN,observation,14
2021-01,DE,observation,31
2021-01,FR,observation,25
2021-01,JP,observation,31
2021-01,US,observation,45
2021-02,AU,observation,5
2021-02,CA,observation,8
2021-02,CN,observation,7
2021-02,DE,observation,22
2021-02,FR,observation,18
2021-02,JP,observation,19
2021-02,US,observation,32
2021-03,AU,observation,11
2021-03,CA,observation,15
2021-03,CN,observation,18
2021-03,DE,observation,32
2021-03,FR,observation,12
2021-03,JP,observation,28
2021-03,US,observation,42
2021-04,AU,observation,9
2021-04,CA,observation,17
2021-04,CN,observation,14
2021-04,DE,observation,26
2021-04,FR,observation,17
2021-04,JP,observation,19
2021-04,US,observation,46
2021-05,AU,observation,14
2021-05,CA,observation,19
2021-05,CN,observation,14
2021-05,DE,observation,24
2021-05,FR,observation,15
2021-05,JP,observation,21
2021-05,US,observation,31
2021-06,AU,observation,9
2021-06,CA,observation,9
2021-06,CN,observation,18
2021-06,DE,observation,30
2021-06,FR,observation,15
2021-06,JP,observation,29
2021-06,US,observation,41
2021-07,AU,observation,15
2021-07,CA,observation,15
2021-07,CN,observation,15
2021-07,DE,observation,36
2021-07,FR,observation,11
2021-07,JP,observation,24
2021-07,US,observation,33
2021-08,AU,observation,15
2021-08,CA,observation,15
2021-08,CN,observation,20
2021-08,DE,observation,24
2021-08,FR,observation,13
2021-08,JP,observation,26
2021-08,US,observation,40
2021-09,AU,observation,9
2021-09,CA,observation,12
2021-09,CN,observation,17
2021-09,DE,observation,23
2021-09,FR,observation,12
2021-09,JP,observation,19
2021-09,US,observation,33
2021-10,AU,observation,15
2021-10,CA,observation,11
2021-10,CN,observation,18
2021-10,DE,observation,34
2021-10,FR,observation,22
2021-10,JP,observation,25
2021-10,US,observation,43
2021-11,AU,observation,8
2021-11,CA,observation,13
2021-11,CN,observation,14
2021-11,DE,observation,22
2021-11,FR,observation,13
2021-11,JP,observation,22
2021-11,US,observation,43
2021-12,AU,observation,7
2021-12,CA,observation,10
2021-12,CN,observation,22
2021-12,DE,observation,24
2021-12,FR,observation,12
2021-12,JP,observation,26
2021-12,US,observation,38
2022-01,AU,observation,10
2022-01,CA,observation,12
2022-01,CN,observation,17
2022-01,DE,observation,32
2022-01,FR,observation,9
2022-01,JP,observation,25
2022-01,US,observation,38
2022-02,AU,observation,10
2022-02,CA,observation,10
2022-02,CN,observation,18
2022-02,DE,observation,24
2022-02,FR,observation,10
2022-02,JP,observation,15
2022-02,US,observation,32
2022-03,AU,observation,15
2022-03,CA,observation,14
2022-03,CN,observation,18
2022-03,DE,observation,22
2022-03,FR,observation,18
2022-03,JP,observation,24
2022-03,US,observation,35
2022-04,AU,observation,13
2022-04,CA,observation,10
2022-04,CN,observation,19
2022-04,DE,observation,28
2022-04,FR,observation,16
2022-04,JP,observation,22
2022-04,US,observation,47
2022-05,AU,observation,10
2022-05,CA,observation,19
2022-05,CN,observation,19
2022-05,DE,observation,37
2022-05,FR,observation,15
2022-05,JP,observation,22
2022-05,US,observation,43
2022-06,AU,observation,16
2022-06,CA,observation,15
2022-06,CN,observation,15
2022-06,DE,observation,23
2022-06,FR,observation,23
2022-06,JP,observation,27
2022-06,US,observation,33
2022-07,AU,observation,10
2022-07,CA,observation,18
2022-07,CN,observation,19
2022-07,DE,observation,28
2022-07,FR,observation,11
2022-07,JP,observation,23
2022-07,US,observation,36
2022-08,AU,observation,10
2022-08,CA,observation,7
2022-08,CN,observation,16
2022-08,DE,observation,25
2022-08,FR,observation,15
2022-08,JP,observation,29
2022-08,US,observation,28
2022-09,AU,observation,7
2022-09,CA,observation,11
2022-09,CN,observation,15
2022-09,DE,observation,25
2022-09,FR,observation,19
2022-09,JP,observation,19
2022-09,US,observation,38
2022-10,AU,observation,11
2022-10,CA,observation,10
2022-10,CN,observation,14
2022-10,DE,observation,30
2022-10,FR,observation,17
2022-10,JP,observation,17
2022-10,US,observation,27
2022-11,AU,observation,12
2022-11,CA,observation,14
2022-11,CN,observation,26
2022-11,DE,observation,28
2022-11,FR,observation,5
2022-11,JP,observation,23
2022-11,US,observation,33
2022-12,AU,observation,7
2022-12,CA,observation,9
2022-12,CN,observation,17
2022-12,DE,observation,25
2022-12,FR,observation,13
2022-12,JP,observation,14
2022-12,US,observation,30
2023-01,AU,observation,4
2023-01,CA,observation,12
2023-01,CN,observation,15
2023-01,DE,observation,30
2023-01,FR,observation,13
2023-01,JP,observation,26
2023-01,US,observation,31
2023-02,AU,observation,11
2023-02,CA,observation,17
2023-02,CN,observation,15
2023-02,DE,observation,24
2023-02,FR,observation,15
2023-02,JP,observation,20
2023-02,US,observation,22
2023-03,AU,observation,12
2023-03,CA,observation,13
2023-03,CN,observation,10
2023-03,DE,observation,26
2023-03,FR,observation,10
2023-03,JP,observation,16
2023-03,US,observation,23
2023-04,AU,observation,6
2023-04,CA,observation,9
2023-04,CN,observation,11
2023-04,DE,observation,22
2023-04,FR,observation,14
2023-04,JP,observation,14
2023-04,US,observation,16
2023-05,AU,observation,8
2023-05,CA,observation,6
2023-05,CN,observation,12
2023-05,DE,observation,14
2023-05,FR,observation,10
2023-05,JP,observation,16
2023-05,US,observation,22
2023-06,AU,observation,5
2023-06,CA,observation,6
2023-06,CN,observation,4
2023-06,DE,observation,12
2023-06,FR,observation,14
2023-06,JP,observation,7
2023-06,US,observation,18
2023-07,AU,observation,11
2023-07,CA,observation,12
2023-07,CN,observation,9
2023-07,DE,observation,19
2023-07,FR,observation,8
2023-07,JP,observation,10
2023-07,US,observation,20
2023-08,AU,observation,8
2023-08,CA,observation,3
2023-08,CN,observation,7
2023-08,DE,observation,10
2023-08,FR,observation,6
2023-08,JP,observation,6
2023-08,US,observation,16
2023-09,AU,observation,6
2023-09,CA,observation,5
2023-09,CN,observation,8
2023-09,DE,observation,9
2023-09,FR,observation,7
2023-09,JP,observation,5
2023-09,US,observation,10
2023-10,AU,observation,1
2023-10,CA,observation,4
2023-10,CN,observation,5
2023-10,DE,observation,1
2023-10,FR,observation,6
2023-10,JP,observation,6
2023-10,US,observation,14
2023-11,AU,observation,1
2023-11,CA,observation,4
2023-11,CN,observation,6
2023-11,DE,observation,6
2023-11,FR,observation,5
2023-11,JP,observation,9
2023-11,US,observation,10
2023-12,AU,observation,5
2023-12,CA,observation,3
2023-12,CN,observation,5
2023-12,DE,observation,4
2023-12,FR,observation,5
2023-12,JP,observation,8
2023-12,US,observation,5
2024-01,AU,observation,4
2024-01,CA,observation,2
2024-01,CN,observation,6
2024-01,DE,observation,6
2024-01,FR,observation,4
2024-01,JP,observation,3
2024-01,US,observation,4
2024-02,CA,observation,1
2024-02,DE,observation,5
2024-02,FR,observation,1
2024-02,JP,observation,1
2024-02,US,observation,5
2024-03,FR,observation,2
2024-03,JP,observation,1
2024-03,US,observation,2
2019-02,AU,treatment_episode,1
2019-02,DE,treatment_episode,2
2019-02,FR,treatment_episode,1
2019-02,JP,treatment_episode,2
2019-02,US,treatment_episode,2
2019-03,CA,treatment_episode,3
2019-03,CN,treatment_episode,1
2019-03,DE,treatment_episode,3
2019-03,FR,treatment_episode,3
2019-03,JP,treatment_episode,4
2019-03,US,treatment_episode,4
2019-04,AU,treatment_episode,1
2019-04,CA,treatment_episode,1
2019-04,CN,treatment_episode,4
2019-04,DE,treatment_episode,4
2019-04,FR,treatment_episode,4
2019-04,JP,treatment_episode,5
2019-04,US,treatment_episode,9
2019-05,AU,treatment_episode,1
2019-05,CA,treatment_episode,6
2019-05,CN,treatment_episode,3
2019-05,DE,treatment_episode,3
2019-05,FR,treatment_episode,2
2019-05,JP,treatment_episode,3
2019-05,US,treatment_episode,7
2019-06,CA,treatment_episode,1
2019-06,CN,treatment_episode,2
2019-06,DE,treatment_episode,6
2019-06,FR,treatment_episode,1
2019-06,JP,treatment_episode,4
2019-06,US,treatment_episode,10
2019-07,AU,treatment_episode,1
2019-07,CA,treatment_episode,2
2019-07,CN,treatment_episode,7
2019-07,DE,treatment_episode,4
2019-07,FR,treatment_episode,3
2019-07,JP,treatment_episode,4
2019-07,US,treatment_episode,5
2019-08,AU,treatment_episode,2
2019-08,CA,treatment_episode,1
2019-08,CN,treatment_episode,3
2019-08,DE,treatment_episode,10
2019-08,FR,treatment_episode,4
2019-08,JP,treatment_episode,3
2019-08,US,treatment_episode,8
2019-09,AU,treatment_episode,2
2019-09,CA,treatment_episode,1
2019-09,CN,treatment_episode,1
2019-09,DE,treatment_episode,7
2019-09,FR,treatment_episode,3
2019-09,JP,treatment_episode,6
2019-09,US,treatment_episode,7
2019-10,AU,treatment_episode,3
2019-10,CA,treatment_episode,1
2019-10,CN,treatment_episode,5
2019-10,DE,treatment_episode,2
2019-10,JP,treatment_episode,6
2019-10,US,treatment_episode,5
2019-11,CA,treatment_episode,2
2019-11,CN,treatment_episode,4
2019-11,DE,treatment_episode,4
2019-11,FR,treatment_episode,2
2019-11,JP,treatment_episode,3
2019-11,US,treatment_episode,8
2019-12,AU,treatment_episode,1
2019-12,CA,treatment_episode,3
2019-12,CN,treatment_episode,9
2019-12,DE,treatment_episode,8
2019-12,FR,treatment_episode,4
2019-12,JP,treatment_episode,10
2019-12,US,treatment_episode,18
2020-01,AU,treatment_episode,4
2020-01,CA,treatment_episode,4
2020-01,CN,treatment_episode,3
2020-01,DE,treatment_episode,7
2020-01,FR,treatment_episode,3
2020-01,JP,treatment_episode,10
2020-01,US,treatment_episode,4
2020-02,AU,treatment_episode,2
2020-02,CA,treatment_episode,1
2020-02,CN,treatment_episode,5
2020-02,DE,treatment_episode,2
2020-02,FR,treatment_episode,2
2020-02,JP,treatment_episode,2
2020-02,US,treatment_episode,9
2020-03,AU,treatment_episode,1
2020-03,CA,treatment_episode,2
2020-03,CN,treatment_episode,4
2020-03,DE,treatment_episode,2
2020-03,FR,treatment_episode,1
2020-03,JP,treatment_episode,4
2020-03,US,treatment_episode,6
2020-04,AU,treatment_episode,1
2020-04,CN,treatment_episode,8
2020-04,DE,treatment_episode,3
2020-04,FR,treatment_episode,2
2020-04,JP,treatment_episode,4
2020-04,US,treatment_episode,11
2020-05,CA,treatment_episode,2
2020-05,CN,treatment_episode,4
2020-05,DE,treatment_episode,4
2020-05,FR,treatment_episode,3
2020-05,JP,treatment_episode,4
2020-05,US,treatment_episode,5
2020-06,AU,treatment_episode,3
2020-06,CA,treatment_episode,2
2020-06,CN,treatment_episode,6
2020-06,DE,treatment_episode,5
2020-06,FR,treatment_episode,3
2020-06,JP,treatment_episode,2
2020-06,US,treatment_episode,11
2020-07,AU,treatment_episode,4
2020-07,CN,treatment_episode,3
2020-07,DE,treatment_episode,3
2020-07,FR,treatment_episode,4
2020-07,JP,treatment_episode,4
2020-07,US,treatment_episode,11
2020-08,AU,treatment_episode,2
2020-08,CA,treatment_episode,1
2020-08,CN,treatment_episode,3
2020-08,DE,treatment_episode,6
2020-08,FR,treatment_episode,4
2020-08,JP,treatment_episode,6
2020-08,US,treatment_episode,6
2020-09,AU,treatment_episode,4
2020-09,CA,treatment_episode,2
2020-09,CN,treatment_episode,6
2020-09,DE,treatment_episode,8
2020-09,FR,treatment_episode,6
2020-09,JP,treatment_episode,3
2020-09,US,treatment_episode,10
2020-10,AU,treatment_episode,1
2020-10,CA,treatment_episode,4
2020-10,DE,treatment_episode,10
2020-10,FR,treatment_episode,4
2020-10,JP,treatment_episode,5
2020-10,US,treatment_episode,11
2020-11,AU,treatment_episode,3
2020-11,CA,treatment_episode,2
2020-11,CN,treatment_episode,6
2020-11,DE,treatment_episode,3
2020-11,FR,treatment_episode,2
2020-11,JP,treatment_episode,2
2020-11,US,treatment_episode,12
2020-12,CA,treatment_episode,1
2020-12,CN,treatment_episode,5
2020-12,DE,treatment_episode,2
2020-12,FR,treatment_episode,2
2020-12,JP,treatment_episode,7
2020-12,US,treatment_episode,20
2021-01,AU,treatment_episode,2
2021-01,CA,treatment_episode,1
2021-01,CN,treatment_episode,3
2021-01,DE,treatment_episode,5
2021-01,FR,treatment_episode,2
2021-01,JP,treatment_episode,4
2021-01,US,treatment_episode,17
2021-02,CN,treatment_episode,2
2021-02,DE,treatment_episode,2
2021-02,FR,treatment_episode,4
2021-02,JP,treatment_episode,5
2021-02,US,treatment_episode,7
2021-03,AU,treatment_episode,1
2021-03,CA,treatment_episode,5
2021-03,CN,treatment_episode,8
2021-03,DE,treatment_episode,2
2021-03,FR,treatment_episode,6
2021-03,JP,treatment_episode,5
2021-03,US,treatment_episode,6
2021-04,AU,treatment_episode,1
2021-04,CA,treatment_episode,3
2021-04,CN,treatment_episode,4
2021-04,DE,treatment_episode,6
2021-04,JP,treatment_episode,5
2021-04,US,treatment_episode,7
2021-05,AU,treatment_episode,3
2021-05,CN,treatment_episode,3
2021-05,DE,treatment_episode,4
2021-05,FR,treatment_episode,1
2021-05,JP,treatment_episode,8
2021-05,US,treatment_episode,10
2021-06,CA,treatment_episode,2
2021-06,CN,treatment_episode,7
2021-06,DE,treatment_episode,3
2021-06,FR,treatment_episode,3
2021-06,JP,treatment_episode,7
2021-06,US,treatment_episode,9
2021-07,CA,treatment_episode,5
2021-07,CN,treatment_episode,2
2021-07,DE,treatment_episode,2
2021-07,JP,treatment_episode,9
2021-07,US,treatment_episode,8
2021-08,CA,treatment_episode,2
2021-08,CN,treatment_episode,4
2021-08,DE,treatment_episode,6
2021-08,FR,treatment_episode,1
2021-08,JP,treatment_episode,4
2021-08,US,treatment_episode,7
2021-09,AU,treatment_episode,1
2021-09,CA,treatment_episode,2
2021-09,CN,treatment_episode,3
2021-09,DE,treatment_episode,5
2021-09,FR,treatment_episode,1
2021-09,JP,treatment_episode,2
2021-09,US,treatment_episode,10
2021-10,AU,treatment_episode,1
2021-10,CN,treatment_episode,2
2021-10,DE,treatment_episode,1
2021-10,FR,treatment_episode,2
2021-10,JP,treatment_episode,8
2021-10,US,treatment_episode,9
2021-11,AU,treatment_episode,2
2021-11,CA,treatment_episode,6
2021-11,CN,treatment_episode,3
2021-11,DE,treatment_episode,2
2021-11,FR,treatment_episode,6
2021-11,JP,treatment_episode,6
2021-11,US,treatment_episode,13
2021-12,CA,treatment_episode,3
2021-12,CN,treatment_episode,2
2021-12,DE,treatment_episode,6
2021-12,FR,treatment_episode,6
2021-12,JP,treatment_episode,4
2021-12,US,treatment_episode,5
2022-01,AU,treatment_episode,5
2022-01,CA,treatment_episode,1
2022-01,CN,treatment_episode,5
2022-01,DE,treatment_episode,6
2022-01,FR,treatment_episode,4
2022-01,JP,treatment_episode,5
2022-01,US,treatment_episode,10
2022-02,AU,treatment_episode,3
2022-02,CA,treatment_episode,1
2022-02,CN,treatment_episode,6
2022-02,DE,treatment_episode,8
2022-02,FR,treatment_episode,2
2022-02,JP,treatment_episode,7
2022-02,US,treatment_episode,8
2022-03,CA,treatment_episode,3
2022-03,CN,treatment_episode,8
2022-03,DE,treatment_episode,3
2022-03,JP,treatment_episode,2
2022-03,US,treatment_episode,11
2022-04,CA,treatment_episode,3
2022-04,CN,treatment_episode,3
2022-04,DE,treatment_episode,9
2022-04,FR,treatment_episode,5
2022-04,JP,treatment_episode,2
2022-04,US,treatment_episode,7
2022-05,AU,treatment_episode,2
2022-05,CA,treatment_episode,1
2022-05,CN,treatment_episode,3
2022-05,DE,treatment_episode,4
2022-05,FR,treatment_episode,3
2022-05,JP,treatment_episode,5
2022-05,US,treatment_episode,13
2022-06,AU,treatment_episode,1
2022-06,CA,treatment_episode,2
2022-06,CN,treatment_episode,5
2022-06,DE,treatment_episode,9
2022-06,FR,treatment_episode,3
2022-06,JP,treatment_episode,4
2022-06,US,treatment_episode,7
2022-07,AU,treatment_episode,1
2022-07,CA,treatment_episode,2
2022-07,CN,treatment_episode,3
2022-07,DE,treatment_episode,10
2022-07,FR,treatment_episode,1
2022-07,JP,treatment_episode,6
2022-07,US,treatment_episode,6
2022-08,AU,treatment_episode,2
2022-08,CA,treatment_episode,5
2022-08,CN,treatment_episode,5
2022-08,DE,treatment_episode,5
2022-08,FR,treatment_episode,1
2022-08,JP,treatment_episode,3
2022-08,US,treatment_episode,5
2022-09,AU,treatment_episode,3
2022-09,CA,treatment_episode,1
2022-09,CN,treatment_episode,9
2022-09,DE,treatment_episode,7
2022-09,FR,treatment_episode,2
2022-09,JP,treatment_episode,5
2022-09,US,treatment_episode,11
2022-10,AU,treatment_episode,2
2022-10,CA,treatment_episode,2
2022-10,CN,treatment_episode,3
2022-10,DE,treatment_episode,5
2022-10,FR,treatment_episode,5
2022-10,JP,treatment_episode,4
2022-10,US,treatment_episode,9
2022-11,AU,treatment_episode,3
2022-11,CA,treatment_episode,4
2022-11,CN,treatment_episode,8
2022-11,DE,treatment_episode,9
2022-11,FR,treatment_episode,7
2022-11,JP,treatment_episode,4
2022-11,US,treatment_episode,12
2022-12,AU,treatment_episode,1
2022-12,CA,treatment_episode,2
2022-12,CN,treatment_episode,3
2022-12,DE,treatment_episode,6
2022-12,FR,treatment_episode,4
2022-12,JP,treatment_episode,11
2022-12,US,treatment_episode,8
2023-01,AU,treatment_episode,1
2023-01,CN,treatment_episode,4
2023-01,DE,treatment_episode,9
2023-01,FR,treatment_episode,4
2023-01,JP,treatment_episode,3
2023-01,US,treatment_episode,9
2023-02,AU,treatment_episode,3
2023-02,CA,treatment_episode,2
2023-02,CN,treatment_episode,3
2023-02,DE,treatment_episode,10
2023-02,FR,treatment_episode,9
2023-02,JP,treatment_episode,7
2023-02,US,treatment_episode,10
2023-03,AU,treatment_episode,4
2023-03,CA,treatment_episode,7
2023-03,CN,treatment_episode,6
2023-03,DE,treatment_episode,6
2023-03,FR,treatment_episode,3
2023-03,JP,treatment_episode,6
2023-03,US,treatment_episode,11
2023-04,AU,treatment_episode,3
2023-04,CA,treatment_episode,4
2023-04,CN,treatment_episode,5
2023-04,DE,treatment_episode,5
2023-04,FR,treatment_episode,8
2023-04,JP,treatment_episode,7
2023-04,US,treatment_episode,10
2023-05,AU,treatment_episode,3
2023-05,CA,treatment_episode,1
2023-05,CN,treatment_episode,5
2023-05,DE,treatment_episode,3
2023-05,FR,treatment_episode,4
2023-05,JP,treatment_episode,4
2023-05,US,treatment_episode,8
2023-06,AU,treatment_episode,1
2023-06,CA,treatment_episode,1
2023-06,CN,treatment_episode,4
2023-06,DE,treatment_episode,6
2023-06,FR,treatment_episode,2
2023-06,JP,treatment_episode,7
2023-06,US,treatment_episode,7
2023-07,CA,treatment_episode,4
2023-07,CN,treatment_episode,4
2023-07,DE,treatment_episode,2
2023-07,FR,treatment_episode,8
2023-07,JP,treatment_episode,6
2023-07,US,treatment_episode,11
2023-08,AU,treatment_episode,3
2023-08,CA,treatment_episode,3
2023-08,CN,treatment_episode,2
2023-08,DE,treatment_episode,13
2023-08,FR,treatment_episode,5
2023-08,JP,treatment_episode,6
2023-08,US,treatment_episode,9
2023-09,AU,treatment_episode,2
2023-09,CA,treatment_episode,5
2023-09,CN,treatment_episode,6
2023-09,DE,treatment_episode,7
2023-09,FR,treatment_episode,4
2023-09,JP,treatment_episode,5
2023-09,US,treatment_episode,10
2023-10,AU,treatment_episode,1
2023-10,CA,treatment_episode,3
2023-10,CN,treatment_episode,5
2023-10,DE,treatment_episode,10
2023-10,FR,treatment_episode,5
2023-10,JP,treatment_episode,5
2023-10,US,treatment_episode,12
2023-11,AU,treatment_episode,2
2023-11,CA,treatment_episode,1
2023-11,CN,treatment_episode,3
2023-11,DE,treatment_episode,8
2023-11,FR,treatment_episode,2
2023-11,JP,treatment_episode,7
2023-11,US,treatment_episode,7
2023-12,AU,treatment_episode,1
2023-12,CN,treatment_episode,3
2023-12,DE,treatment_episode,6
2023-12,FR,treatment_episode,2
2023-12,JP,treatment_episode,4
2023-12,US,treatment_episode,9
2024-01,AU,treatment_episode,1
2024-01,CA,treatment_episode,3
2024-01,CN,treatment_episode,4
2024-01,DE,treatment_episode,9
2024-01,FR,treatment_episode,4
2024-01,JP,treatment_episode,5
2024-01,US,treatment_episode,13
2024-02,CA,treatment_episode,2
2024-02,CN,treatment_episode,4
2024-02,DE,treatment_episode,5
2024-02,FR,treatment_episode,2
2024-02,JP,treatment_episode,7
2024-02,US,treatment_episode,10
2024-03,AU,treatment_episode,2
2024-03,CA,treatment_episode,4
2024-03,CN,treatment_episode,2
2024-03,DE,treatment_episode,9
2024-03,FR,treatment_episode,7
2024-03,JP,treatment_episode,6
2024-03,US,treatment_episode,13
2024-04,AU,treatment_episode,2
2024-04,CN,treatment_episode,2
2024-04,DE,treatment_episode,3
2024-04,FR,treatment_episode,6
2024-04,JP,treatment_episode,2
2024-04,US,treatment_episode,13
2024-05,AU,treatment_episode,3
2024-05,CA,treatment_episode,2
2024-05,CN,treatment_episode,2
2024-05,DE,treatment_episode,5
2024-05,FR,treatment_episode,2
2024-05,JP,treatment_episode,10
2024-05,US,treatment_episode,9
2024-06,AU,treatment_episode,3
2024-06,CA,treatment_episode,4
2024-06,CN,treatment_episode,7
2024-06,DE,treatment_episode,8
2024-06,FR,treatment_episode,6
2024-06,JP,treatment_episode,3
2024-06,US,treatment_episode,13
2024-07,AU,treatment_episode,3
2024-07,CA,treatment_episode,4
2024-07,CN,treatment_episode,5
2024-07,DE,treatment_episode,11
2024-07,FR,treatment_episode,7
2024-07,JP,treatment_episode,5
2024-07,US,treatment_episode,12
2024-08,AU,treatment_episode,1
2024-08,CA,treatment_episode,3
2024-08,CN,treatment_episode,3
2024-08,DE,treatment_episode,3
2024-08,FR,treatment_episode,4
2024-08,JP,treatment_episode,9
2024-08,US,treatment_episode,12
2024-09,AU,treatment_episode,2
2024-09,CA,treatment_episode,2
2024-09,CN,treatment_episode,4
2024-09,DE,treatment_episode,6
2024-09,FR,treatment_episode,6
2024-09,JP,treatment_episode,9
2024-09,US,treatment_episode,8
2024-10,AU,treatment_episode,1
2024-10,CA,treatment_episode,1
2024-10,CN,treatment_episode,5
2024-10,DE,treatment_episode,7
2024-10,FR,treatment_episode,3
2024-10,JP,treatment_episode,3
2024-10,US,treatment_episode,4
2024-11,AU,treatment_episode,2
2024-11,CA,treatment_episode,2
2024-11,CN,treatment_episode,3
2024-11,DE,treatment_episode,6
2024-11,FR,treatment_episode,4
2024-11,JP,treatment_episode,7
2024-11,US,treatment_episode,11
2024-12,AU,treatment_episode,3
2024-12,CA,treatment_episode,1
2024-12,CN,treatment_episode,2
2024-12,DE,treatment_episode,6
2024-12,JP,treatment_episode,2
2024-12,US,treatment_episode,5
2025-01,AU,treatment_episode,1
2025-01,DE,treatment_episode,2
2025-01,FR,treatment_episode,2
2025-01,JP,treatment_episode,1
2025-01,US,treatment_episode,4
2025-02,DE,treatment_episode,6
2025-02,JP,treatment_episode,2
2025-02,US,treatment_episode,4
2025-03,AU,treatment_episode,1
2025-03,CA,treatment_episode,4
2025-03,DE,treatment_episode,1
2025-03,FR,treatment_episode,2
2025-03,JP,treatment_episode,2
2025-03,US,treatment_episode,7
2025-04,CA,treatment_episode,2
2025-04,CN,treatment_episode,2
2025-04,DE,treatment_episode,4
2025-04,FR,treatment_episode,3
2025-04,JP,treatment_episode,3
2025-04,US,treatment_episode,2
2025-05,AU,treatment_episode,1
2025-05,CA,treatment_episode,2
2025-05,CN,treatment_episode,1
2025-05,DE,treatment_episode,3
2025-05,FR,treatment_episode,1
2025-05,JP,treatment_episode,2
2025-05,US,treatment_episode,5
2025-06,AU,treatment_episode,1
2025-06,CN,treatment_episode,1
2025-06,FR,treatment_episode,3
2025-06,US,treatment_episode,7
2025-07,AU,treatment_episode,1
2025-07,CA,treatment_episode,1
2025-07,DE,treatment_episode,4
2025-07,FR,treatment_episode,2
2025-07,JP,treatment_episode,3
2025-07,US,treatment_episode,3
2025-08,CA,treatment_episode,2
2025-08,CN,treatment_episode,2
2025-08,DE,treatment_episode,3
2025-08,FR,treatment_episode,1
2025-08,JP,treatment_episode,3
2025-08,US,treatment_episode,3
2025-09,CN,treatment_episode,1
2025-09,DE,treatment_episode,2
2025-09,FR,treatment_episode,2
2025-09,JP,treatment_episode,4
2025-09,US,treatment_episode,1
2025-10,AU,treatment_episode,1
2025-10,CN,treatment_episode,2
2025-10,DE,treatment_episode,2
2025-10,FR,treatment_episode,3
2025-10,JP,treatment_episode,2
2025-10,US,treatment_episode,6
2025-11,AU,treatment_episode,2
2025-11,CA,treatment_episode,2
2025-11,DE,treatment_episode,2
2025-11,JP,treatment_episode,1
2025-11,US,treatment_episode,5
2025-12,AU,treatment_episode,1
2025-12,CA,treatment_episode,1
2025-12,DE,treatment_episode,4
2025-12,JP,treatment_episode,2
2025-12,US,treatment_episode,1
2019-02,AU,treatment_regimen,1
2019-02,DE,treatment_regimen,2
2019-02,FR,treatment_regimen,1
2019-02,JP,treatment_regimen,2
2019-02,US,treatment_regimen,2
2019-03,CA,treatment_regimen,3
2019-03,CN,treatment_regimen,1
2019-03,DE,treatment_regimen,3
2019-03,FR,treatment_regimen,3
2019-03,JP,treatment_regimen,4
2019-03,US,treatment_regimen,4
2019-04,AU,treatment_regimen,1
2019-04,CA,treatment_regimen,1
2019-04,CN,treatment_regimen,4
2019-04,DE,treatment_regimen,4
2019-04,FR,treatment_regimen,4
2019-04,JP,treatment_regimen,5
2019-04,US,treatment_regimen,9
2019-05,AU,treatment_regimen,1
2019-05,CA,treatment_regimen,6
2019-05,CN,treatment_regimen,3
2019-05,DE,treatment_regimen,3
2019-05,FR,treatment_regimen,2
2019-05,JP,treatment_regimen,3
2019-05,US,treatment_regimen,7
2019-06,CA,treatment_regimen,1
2019-06,CN,treatment_regimen,2
2019-06,DE,treatment_regimen,6
2019-06,FR,treatment_regimen,1
2019-06,JP,treatment_regimen,4
2019-06,US,treatment_regimen,10
2019-07,AU,treatment_regimen,1
2019-07,CA,treatment_regimen,2
2019-07,CN,treatment_regimen,7
2019-07,DE,treatment_regimen,4
2019-07,FR,treatment_regimen,3
2019-07,JP,treatment_regimen,4
2019-07,US,treatment_regimen,5
2019-08,AU,treatment_regimen,2
2019-08,CA,treatment_regimen,1
2019-08,CN,treatment_regimen,3
2019-08,DE,treatment_regimen,10
2019-08,FR,treatment_regimen,4
2019-08,JP,treatment_regimen,3
2019-08,US,treatment_regimen,8
2019-09,AU,treatment_regimen,2
2019-09,CA,treatment_regimen,1
2019-09,CN,treatment_regimen,1
2019-09,DE,treatment_regimen,7
2019-09,FR,treatment_regimen,3
2019-09,JP,treatment_regimen,6
2019-09,US,treatment_regimen,7
2019-10,AU,treatment_regimen,3
2019-10,CA,treatment_regimen,1
2019-10,CN,treatment_regimen,5
2019-10,DE,treatment_regimen,2
2019-10,JP,treatment_regimen,6
2019-10,US,treatment_regimen,5
2019-11,CA,treatment_regimen,2
2019-11,CN,treatment_regimen,4
2019-11,DE,treatment_regimen,4
2019-11,FR,treatment_regimen,2
2019-11,JP,treatment_regimen,3
2019-11,US,treatment_regimen,8
2019-12,AU,treatment_regimen,1
2019-12,CA,treatment_regimen,3
2019-12,CN,treatment_regimen,9
2019-12,DE,treatment_regimen,8
2019-12,FR,treatment_regimen,4
2019-12,JP,treatment_regimen,10
2019-12,US,treatment_regimen,18
2020-01,AU,treatment_regimen,4
2020-01,CA,treatment_regimen,4
2020-01,CN,treatment_regimen,3
2020-01,DE,treatment_regimen,7
2020-01,FR,treatment_regimen,3
2020-01,JP,treatment_regimen,10
2020-01,US,treatment_regimen,4
2020-02,AU,treatment_regimen,2
2020-02,CA,treatment_regimen,1
2020-02,CN,treatment_regimen,5
2020-02,DE,treatment_regimen,2
2020-02,FR,treatment_regimen,2
2020-02,JP,treatment_regimen,2
2020-02,US,treatment_regimen,9
2020-03,AU,treatment_regimen,1
2020-03,CA,treatment_regimen,2
2020-03,CN,treatment_regimen,4
2020-03,DE,treatment_regimen,2
2020-03,FR,treatment_regimen,1
2020-03,JP,treatment_regimen,4
2020-03,US,treatment_regimen,6
2020-04,AU,treatment_regimen,1
2020-04,CN,treatment_regimen,8
2020-04,DE,treatment_regimen,3
2020-04,FR,treatment_regimen,2
2020-04,JP,treatment_regimen,4
2020-04,US,treatment_regimen,11
2020-05,CA,treatment_regimen,2
2020-05,CN,treatment_regimen,4
2020-05,DE,treatment_regimen,4
2020-05,FR,treatment_regimen,3
2020-05,JP,treatment_regimen,4
2020-05,US,treatment_regimen,5
2020-06,AU,treatment_regimen,3
2020-06,CA,treatment_regimen,2
2020-06,CN,treatment_regimen,6
2020-06,DE,treatment_regimen,5
2020-06,FR,treatment_regimen,3
2020-06,JP,treatment_regimen,2
2020-06,US,treatment_regimen,11
2020-07,AU,treatment_regimen,4
2020-07,CN,treatment_regimen,3
2020-07,DE,treatment_regimen,3
2020-07,FR,treatment_regimen,4
2020-07,JP,treatment_regimen,4
2020-07,US,treatment_regimen,11
2020-08,AU,treatment_regimen,2
2020-08,CA,treatment_regimen,1
2020-08,CN,treatment_regimen,3
2020-08,DE,treatment_regimen,6
2020-08,FR,treatment_regimen,4
2020-08,JP,treatment_regimen,6
2020-08,US,treatment_regimen,6
2020-09,AU,treatment_regimen,4
2020-09,CA,treatment_regimen,2
2020-09,CN,treatment_regimen,6
2020-09,DE,treatment_regimen,8
2020-09,FR,treatment_regimen,6
2020-09,JP,treatment_regimen,3
2020-09,US,treatment_regimen,10
2020-10,AU,treatment_regimen,1
2020-10,CA,treatment_regimen,4
2020-10,DE,treatment_regimen,10
2020-10,FR,treatment_regimen,4
2020-10,JP,treatment_regimen,5
2020-10,US,treatment_regimen,11
2020-11,AU,treatment_regimen,3
2020-11,CA,treatment_regimen,2
2020-11,CN,treatment_regimen,6
2020-11,DE,treatment_regimen,3
2020-11,FR,treatment_regimen,2
2020-11,JP,treatment_regimen,2
2020-11,US,treatment_regimen,12
2020-12,CA,treatment_regimen,1
2020-12,CN,treatment_regimen,5
2020-12,DE,treatment_regimen,2
2020-12,FR,treatment_regimen,2
2020-12,JP,treatment_regimen,7
2020-12,US,treatment_regimen,20
2021-01,AU,treatment_regimen,2
2021-01,CA,treatment_regimen,1
2021-01,CN,treatment_regimen,3
2021-01,DE,treatment_regimen,5
2021-01,FR,treatment_regimen,2
2021-01,JP,treatment_regimen,4
2021-01,US,treatment_regimen,17
2021-02,CN,treatment_regimen,2
2021-02,DE,treatment_regimen,2
2021-02,FR,treatment_regimen,4
2021-02,JP,treatment_regimen,5
2021-02,US,treatment_regimen,7
2021-03,AU,treatment_regimen,1
2021-03,CA,treatment_regimen,5
2021-03,CN,treatment_regimen,8
2021-03,DE,treatment_regimen,2
2021-03,FR,treatment_regimen,6
2021-03,JP,treatment_regimen,5
2021-03,US,treatment_regimen,6
2021-04,AU,treatment_regimen,1
2021-04,CA,treatment_regimen,3
2021-04,CN,treatment_regimen,4
2021-04,DE,treatment_regimen,6
2021-04,JP,treatment_regimen,5
2021-04,US,treatment_regimen,7
2021-05,AU,treatment_regimen,3
2021-05,CN,treatment_regimen,3
2021-05,DE,treatment_regimen,4
2021-05,FR,treatment_regimen,1
2021-05,JP,treatment_regimen,8
2021-05,US,treatment_regimen,10
2021-06,CA,treatment_regimen,2
2021-06,CN,treatment_regimen,7
2021-06,DE,treatment_regimen,3
2021-06,FR,treatment_regimen,3
2021-06,JP,treatment_regimen,7
2021-06,US,treatment_regimen,9
2021-07,CA,treatment_regimen,5
2021-07,CN,treatment_regimen,2
2021-07,DE,treatment_regimen,2
2021-07,JP,treatment_regimen,9
2021-07,US,treatment_regimen,8
2021-08,CA,treatment_regimen,2
2021-08,CN,treatment_regimen,4
2021-08,DE,treatment_regimen,6
2021-08,FR,treatment_regimen,1
2021-08,JP,treatment_regimen,4
2021-08,US,treatment_regimen,7
2021-09,AU,treatment_regimen,1
2021-09,CA,treatment_regimen,2
2021-09,CN,treatment_regimen,3
2021-09,DE,treatment_regimen,5
2021-09,FR,treatment_regimen,1
2021-09,JP,treatment_regimen,2
2021-09,US,treatment_regimen,10
2021-10,AU,treatment_regimen,1
2021-10,CN,treatment_regimen,2
2021-10,DE,treatment_regimen,1
2021-10,FR,treatment_regimen,2
2021-10,JP,treatment_regimen,8
2021-10,US,treatment_regimen,9
2021-11,AU,treatment_regimen,2
2021-11,CA,treatment_regimen,6
2021-11,CN,treatment_regimen,3
2021-11,DE,treatment_regimen,2
2021-11,FR,treatment_regimen,6
2021-11,JP,treatment_regimen,6
2021-11,US,treatment_regimen,13
2021-12,CA,treatment_regimen,3
2021-12,CN,treatment_regimen,2
2021-12,DE,treatment_regimen,6
2021-12,FR,treatment_regimen,6
2021-12,JP,treatment_regimen,4
2021-12,US,treatment_regimen,5
2022-01,AU,treatment_regimen,5
2022-01,CA,treatment_regimen,1
2022-01,CN,treatment_regimen,5
2022-01,DE,treatment_regimen,6
2022-01,FR,treatment_regimen,4
2022-01,JP,treatment_regimen,5
2022-01,US,treatment_regimen,10
2022-02,AU,treatment_regimen,3
2022-02,CA,treatment_regimen,1
2022-02,CN,treatment_regimen,6
2022-02,DE,treatment_regimen,8
2022-02,FR,treatment_regimen,2
2022-02,JP,treatment_regimen,7
2022-02,US,treatment_regimen,8
2022-03,CA,treatment_regimen,3
2022-03,CN,treatment_regimen,8
2022-03,DE,treatment_regimen,3
2022-03,JP,treatment_regimen,2
2022-03,US,treatment_regimen,11
2022-04,CA,treatment_regimen,3
2022-04,CN,treatment_regimen,3
2022-04,DE,treatment_regimen,9
2022-04,FR,treatment_regimen,5
2022-04,JP,treatment_regimen,2
2022-04,US,treatment_regimen,7
2022-05,AU,treatment_regimen,2
2022-05,CA,treatment_regimen,1
2022-05,CN,treatment_regimen,3
2022-05,DE,treatment_regimen,4
2022-05,FR,treatment_regimen,3
2022-05,JP,treatment_regimen,5
2022-05,US,treatment_regimen,13
2022-06,AU,treatment_regimen,1
2022-06,CA,treatment_regimen,2
2022-06,CN,treatment_regimen,5
2022-06,DE,treatment_regimen,9
2022-06,FR,treatment_regimen,3
2022-06,JP,treatment_regimen,4
2022-06,US,treatment_regimen,7
2022-07,AU,treatment_regimen,1
2022-07,CA,treatment_regimen,2
2022-07,CN,treatment_regimen,3
2022-07,DE,treatment_regimen,10
2022-07,FR,treatment_regimen,1
2022-07,JP,treatment_regimen,6
2022-07,US,treatment_regimen,6
2022-08,AU,treatment_regimen,2
2022-08,CA,treatment_regimen,5
2022-08,CN,treatment_regimen,5
2022-08,DE,treatment_regimen,5
2022-08,FR,treatment_regimen,1
2022-08,JP,treatment_regimen,3
2022-08,US,treatment_regimen,5
2022-09,AU,treatment_regimen,3
2022-09,CA,treatment_regimen,1
2022-09,CN,treatment_regimen,9
2022-09,DE,treatment_regimen,7
2022-09,FR,treatment_regimen,2
2022-09,JP,treatment_regimen,5
2022-09,US,treatment_regimen,11
2022-10,AU,treatment_regimen,2
2022-10,CA,treatment_regimen,2
2022-10,CN,treatment_regimen,3
2022-10,DE,treatment_regimen,5
2022-10,FR,treatment_regimen,5
2022-10,JP,treatment_regimen,4
2022-10,US,treatment_regimen,9
2022-11,AU,treatment_regimen,3
2022-11,CA,treatment_regimen,4
2022-11,CN,treatment_regimen,8
2022-11,DE,treatment_regimen,9
2022-11,FR,treatment_regimen,7
2022-11,JP,treatment_regimen,4
2022-11,US,treatment_regimen,12
2022-12,AU,treatment_regimen,1
2022-12,CA,treatment_regimen,2
2022-12,CN,treatment_regimen,3
2022-12,DE,treatment_regimen,6
2022-12,FR,treatment_regimen,4
2022-12,JP,treatment_regimen,11
2022-12,US,treatment_regimen,8
2023-01,AU,treatment_regimen,1
2023-01,CN,treatment_regimen,4
2023-01,DE,treatment_regimen,9
2023-01,FR,treatment_regimen,4
2023-01,JP,treatment_regimen,3
2023-01,US,treatment_regimen,9
2023-02,AU,treatment_regimen,3
2023-02,CA,treatment_regimen,2
2023-02,CN,treatment_regimen,3
2023-02,DE,treatment_regimen,10
2023-02,FR,treatment_regimen,9
2023-02,JP,treatment_regimen,7
2023-02,US,treatment_regimen,10
2023-03,AU,treatment_regimen,4
2023-03,CA,treatment_regimen,7
2023-03,CN,treatment_regimen,6
2023-03,DE,treatment_regimen,6
2023-03,FR,treatment_regimen,3
2023-03,JP,treatment_regimen,6
2023-03,US,treatment_regimen,11
2023-04,AU,treatment_regimen,3
2023-04,CA,treatment_regimen,4
2023-04,CN,treatment_regimen,5
2023-04,DE,treatment_regimen,5
2023-04,FR,treatment_regimen,8
2023-04,JP,treatment_regimen,7
2023-04,US,treatment_regimen,10
2023-05,AU,treatment_regimen,3
2023-05,CA,treatment_regimen,1
2023-05,CN,treatment_regimen,5
2023-05,DE,treatment_regimen,3
2023-05,FR,treatment_regimen,4
2023-05,JP,treatment_regimen,4
2023-05,US,treatment_regimen,8
2023-06,AU,treatment_regimen,1
2023-06,CA,treatment_regimen,1
2023-06,CN,treatment_regimen,4
2023-06,DE,treatment_regimen,6
2023-06,FR,treatment_regimen,2
2023-06,JP,treatment_regimen,7
2023-06,US,treatment_regimen,7
2023-07,CA,treatment_regimen,4
2023-07,CN,treatment_regimen,4
2023-07,DE,treatment_regimen,2
2023-07,FR,treatment_regimen,8
2023-07,JP,treatment_regimen,6
2023-07,US,treatment_regimen,11
2023-08,AU,treatment_regimen,3
2023-08,CA,treatment_regimen,3
2023-08,CN,treatment_regimen,2
2023-08,DE,treatment_regimen,13
2023-08,FR,treatment_regimen,5
2023-08,JP,treatment_regimen,6
2023-08,US,treatment_regimen,9
2023-09,AU,treatment_regimen,2
2023-09,CA,treatment_regimen,5
2023-09,CN,treatment_regimen,6
2023-09,DE,treatment_regimen,7
2023-09,FR,treatment_regimen,4
2023-09,JP,treatment_regimen,5
2023-09,US,treatment_regimen,10
2023-10,AU,treatment_regimen,1
2023-10,CA,treatment_regimen,3
2023-10,CN,treatment_regimen,5
2023-10,DE,treatment_regimen,10
2023-10,FR,treatment_regimen,5
2023-10,JP,treatment_regimen,5
2023-10,US,treatment_regimen,12
2023-11,AU,treatment_regimen,2
2023-11,CA,treatment_regimen,1
2023-11,CN,treatment_regimen,3
2023-11,DE,treatment_regimen,8
2023-11,FR,treatment_regimen,2
2023-11,JP,treatment_regimen,7
2023-11,US,treatment_regimen,7
2023-12,AU,treatment_regimen,1
2023-12,CN,treatment_regimen,3
2023-12,DE,treatment_regimen,6
2023-12,FR,treatment_regimen,2
2023-12,JP,treatment_regimen,4
2023-12,US,treatment_regimen,9
2024-01,AU,treatment_regimen,1
2024-01,CA,treatment_regimen,3
2024-01,CN,treatment_regimen,4
2024-01,DE,treatment_regimen,9
2024-01,FR,treatment_regimen,4
2024-01,JP,treatment_regimen,5
2024-01,US,treatment_regimen,13
2024-02,CA,treatment_regimen,2
2024-02,CN,treatment_regimen,4
2024-02,DE,treatment_regimen,5
2024-02,FR,treatment_regimen,2
2024-02,JP,treatment_regimen,7
2024-02,US,treatment_regimen,10
2024-03,AU,treatment_regimen,2
2024-03,CA,treatment_regimen,4
2024-03,CN,treatment_regimen,2
2024-03,DE,treatment_regimen,9
2024-03,FR,treatment_regimen,7
2024-03,JP,treatment_regimen,6
2024-03,US,treatment_regimen,13
2024-04,AU,treatment_regimen,2
2024-04,CN,treatment_regimen,2
2024-04,DE,treatment_regimen,3
2024-04,FR,treatment_regimen,6
2024-04,JP,treatment_regimen,2
2024-04,US,treatment_regimen,13
2024-05,AU,treatment_regimen,3
2024-05,CA,treatment_regimen,2
2024-05,CN,treatment_regimen,2
2024-05,DE,treatment_regimen,5
2024-05,FR,treatment_regimen,2
2024-05,JP,treatment_regimen,10
2024-05,US,treatment_regimen,9
2024-06,AU,treatment_regimen,3
2024-06,CA,treatment_regimen,4
2024-06,CN,treatment_regimen,7
2024-06,DE,treatment_regimen,8
2024-06,FR,treatment_regimen,6
2024-06,JP,treatment_regimen,3
2024-06,US,treatment_regimen,13
2024-07,AU,treatment_regimen,3
2024-07,CA,treatment_regimen,4
2024-07,CN,treatment_regimen,5
2024-07,DE,treatment_regimen,11
2024-07,FR,treatment_regimen,7
2024-07,JP,treatment_regimen,5
2024-07,US,treatment_regimen,12
2024-08,AU,treatment_regimen,1
2024-08,CA,treatment_regimen,3
2024-08,CN,treatment_regimen,3
2024-08,DE,treatment_regimen,3
2024-08,FR,treatment_regimen,4
2024-08,JP,treatment_regimen,9
2024-08,US,treatment_regimen,12
2024-09,AU,treatment_regimen,2
2024-09,CA,treatment_regimen,2
2024-09,CN,treatment_regimen,4
2024-09,DE,treatment_regimen,6
2024-09,FR,treatment_regimen,6
2024-09,JP,treatment_regimen,9
2024-09,US,treatment_regimen,8
2024-10,AU,treatment_regimen,1
2024-10,CA,treatment_regimen,1
2024-10,CN,treatment_regimen,5
2024-10,DE,treatment_regimen,7
2024-10,FR,treatment_regimen,3
2024-10,JP,treatment_regimen,3
2024-10,US,treatment_regimen,4
2024-11,AU,treatment_regimen,2
2024-11,CA,treatment_regimen,2
2024-11,CN,treatment_regimen,3
2024-11,DE,treatment_regimen,6
2024-11,FR,treatment_regimen,4
2024-11,JP,treatment_regimen,7
2024-11,US,treatment_regimen,11
2024-12,AU,treatment_regimen,3
2024-12,CA,treatment_regimen,1
2024-12,CN,treatment_regimen,2
2024-12,DE,treatment_regimen,6
2024-12,JP,treatment_regimen,2
2024-12,US,treatment_regimen,5
2025-01,AU,treatment_regimen,1
2025-01,DE,treatment_regimen,2
2025-01,FR,treatment_regimen,2
2025-01,JP,treatment_regimen,1
2025-01,US,treatment_regimen,4
2025-02,DE,treatment_regimen,6
2025-02,JP,treatment_regimen,2
2025-02,US,treatment_regimen,4
2025-03,AU,treatment_regimen,1
2025-03,CA,treatment_regimen,4
2025-03,DE,treatment_regimen,1
2025-03,FR,treatment_regimen,2
2025-03,JP,treatment_regimen,2
2025-03,US,treatment_regimen,7
2025-04,CA,treatment_regimen,2
2025-04,CN,treatment_regimen,2
2025-04,DE,treatment_regimen,4
2025-04,FR,treatment_regimen,3
2025-04,JP,treatment_regimen,3
2025-04,US,treatment_regimen,2
2025-05,AU,treatment_regimen,1
2025-05,CA,treatment_regimen,2
2025-05,CN,treatment_regimen,1
2025-05,DE,treatment_regimen,3
2025-05,FR,treatment_regimen,1
2025-05,JP,treatment_regimen,2
2025-05,US,treatment_regimen,5
2025-06,AU,treatment_regimen,1
2025-06,CN,treatment_regimen,1
2025-06,FR,treatment_regimen,3
2025-06,US,treatment_regimen,7
2025-07,AU,treatment_regimen,1
2025-07,CA,treatment_regimen,1
2025-07,DE,treatment_regimen,4
2025-07,FR,treatment_regimen,2
2025-07,JP,treatment_regimen,3
2025-07,US,treatment_regimen,3
2025-08,CA,treatment_regimen,2
2025-08,CN,treatment_regimen,2
2025-08,DE,treatment_regimen,3
2025-08,FR,treatment_regimen,1
2025-08,JP,treatment_regimen,3
2025-08,US,treatment_regimen,3
2025-09,CN,treatment_regimen,1
2025-09,DE,treatment_regimen,2
2025-09,FR,treatment_regimen,2
2025-09,JP,treatment_regimen,4
2025-09,US,treatment_regimen,1
2025-10,AU,treatment_regimen,1
2025-10,CN,treatment_regimen,2
2025-10,DE,treatment_regimen,2
2025-10,FR,treatment_regimen,3
2025-10,JP,treatment_regimen,2
2025-10,US,treatment_regimen,6
2025-11,AU,treatment_regimen,2
2025-11,CA,treatment_regimen,2
2025-11,DE,treatment_regimen,2
2025-11,JP,treatment_regimen,1
2025-11,US,treatment_regimen,5
2025-12,AU,treatment_regimen,1
2025-12,CA,treatment_regimen,1
2025-12,DE,treatment_regimen,4
2025-12,JP,treatment_regimen,2
2025-12,US,treatment_regimen,1
2019-02,AU,treatment_regimen_component,2
2019-02,DE,treatment_regimen_component,2
2019-02,FR,treatment_regimen_component,1
2019-02,JP,treatment_regimen_component,5
2019-02,US,treatment_regimen_component,6
2019-03,CA,treatment_regimen_component,6
2019-03,CN,treatment_regimen_component,2
2019-03,DE,treatment_regimen_component,5
2019-03,FR,treatment_regimen_component,6
2019-03,JP,treatment_regimen_component,8
2019-03,US,treatment_regimen_component,7
2019-04,AU,treatment_regimen_component,1
2019-04,CA,treatment_regimen_component,2
2019-04,CN,treatment_regimen_component,10
2019-04,DE,treatment_regimen_component,7
2019-04,FR,treatment_regimen_component,8
2019-04,JP,treatment_regimen_component,11
2019-04,US,treatment_regimen_component,18
2019-05,AU,treatment_regimen_component,1
2019-05,CA,treatment_regimen_component,11
2019-05,CN,treatment_regimen_component,6
2019-05,DE,treatment_regimen_component,5
2019-05,FR,treatment_regimen_component,4
2019-05,JP,treatment_regimen_component,7
2019-05,US,treatment_regimen_component,15
2019-06,CA,treatment_regimen_component,1
2019-06,CN,treatment_regimen_component,3
2019-06,DE,treatment_regimen_component,9
2019-06,FR,treatment_regimen_component,2
2019-06,JP,treatment_regimen_component,10
2019-06,US,treatment_regimen_component,21
2019-07,AU,treatment_regimen_component,1
2019-07,CA,treatment_regimen_component,4
2019-07,CN,treatment_regimen_component,11
2019-07,DE,treatment_regimen_component,10
2019-07,FR,treatment_regimen_component,7
2019-07,JP,treatment_regimen_component,8
2019-07,US,treatment_regimen_component,9
2019-08,AU,treatment_regimen_component,2
2019-08,CA,treatment_regimen_component,2
2019-08,CN,treatment_regimen_component,5
2019-08,DE,treatment_regimen_component,19
2019-08,FR,treatment_regimen_component,7
2019-08,JP,treatment_regimen_component,5
2019-08,US,treatment_regimen_component,17
2019-09,AU,treatment_regimen_component,4
2019-09,CA,treatment_regimen_component,2
2019-09,CN,treatment_regimen_component,3
2019-09,DE,treatment_regimen_component,14
2019-09,FR,treatment_regimen_component,5
2019-09,JP,treatment_regimen_component,13
2019-09,US,treatment_regimen_component,15
2019-10,AU,treatment_regimen_component,7
2019-10,CA,treatment_regimen_component,2
2019-10,CN,treatment_regimen_component,10
2019-10,DE,treatment_regimen_component,4
2019-10,JP,treatment_regimen_component,9
2019-10,US,treatment_regimen_component,9
2019-11,CA,treatment_regimen_component,4
2019-11,CN,treatment_regimen_component,8
2019-11,DE,treatment_regimen_component,7
2019-11,FR,treatment_regimen_component,4
2019-11,JP,treatment_regimen_component,4
2019-11,US,treatment_regimen_component,14
2019-12,AU,treatment_regimen_component,2
2019-12,CA,treatment_regimen_component,4
2019-12,CN,treatment_regimen_component,15
2019-12,DE,treatment_regimen_component,18
2019-12,FR,treatment_regimen_component,7
2019-12,JP,treatment_regimen_component,17
2019-12,US,treatment_regimen_component,37
2020-01,AU,treatment_regimen_component,6
2020-01,CA,treatment_regimen_component,6
2020-01,CN,treatment_regimen_component,5
2020-01,DE,treatment_regimen_component,15
2020-01,FR,treatment_regimen_component,8
2020-01,JP,treatment_regimen_component,19
2020-01,US,treatment_regimen_component,7
2020-02,AU,treatment_regimen_component,4
2020-02,CA,treatment_regimen_component,3
2020-02,CN,treatment_regimen_component,12
2020-02,DE,treatment_regimen_component,4
2020-02,FR,treatment_regimen_component,3
2020-02,JP,treatment_regimen_component,4
2020-02,US,treatment_regimen_component,18
2020-03,AU,treatment_regimen_component,3
2020-03,CA,treatment_regimen_component,3
2020-03,CN,treatment_regimen_component,8
2020-03,DE,treatment_regimen_component,4
2020-03,FR,treatment_regimen_component,1
2020-03,JP,treatment_regimen_component,7
2020-03,US,treatment_regimen_component,11
2020-04,AU,treatment_regimen_component,2
2020-04,CN,treatment_regimen_component,14
2020-04,DE,treatment_regimen_component,4
2020-04,FR,treatment_regimen_component,4
2020-04,JP,treatment_regimen_component,8
2020-04,US,treatment_regimen_component,23
2020-05,CA,treatment_regimen_component,4
2020-05,CN,treatment_regimen_component,10
2020-05,DE,treatment_regimen_component,10
2020-05,FR,treatment_regimen_component,7
2020-05,JP,treatment_regimen_component,6
2020-05,US,treatment_regimen_component,7
2020-06,AU,treatment_regimen_component,5
2020-06,CA,treatment_regimen_component,3
2020-06,CN,treatment_regimen_component,11
2020-06,DE,treatment_regimen_component,7
2020-06,FR,treatment_regimen_component,6
2020-06,JP,treatment_regimen_component,5
2020-06,US,treatment_regimen_component,22
2020-07,AU,treatment_regimen_component,8
2020-07,CN,treatment_regimen_component,7
2020-07,DE,treatment_regimen_component,4
2020-07,FR,treatment_regimen_component,7
2020-07,JP,treatment_regimen_component,8
2020-07,US,treatment_regimen_component,23
2020-08,AU,treatment_regimen_component,4
2020-08,CA,treatment_regimen_component,2
2020-08,CN,treatment_regimen_component,5
2020-08,DE,treatment_regimen_component,12
2020-08,FR,treatment_regimen_component,9
2020-08,JP,treatment_regimen_component,12
2020-08,US,treatment_regimen_component,10
2020-09,AU,treatment_regimen_component,7
2020-09,CA,treatment_regimen_component,4
2020-09,CN,treatment_regimen_component,10
2020-09,DE,treatment_regimen_component,14
2020-09,FR,treatment_regimen_component,10
2020-09,JP,treatment_regimen_component,5
2020-09,US,treatment_regimen_component,19
2020-10,AU,treatment_regimen_component,2
2020-10,CA,treatment_regimen_component,12
2020-10,DE,treatment_regimen_component,19
2020-10,FR,treatment_regimen_component,8
2020-10,JP,treatment_regimen_component,6
2020-10,US,treatment_regimen_component,19
2020-11,AU,treatment_regimen_component,5
2020-11,CA,treatment_regimen_component,4
2020-11,CN,treatment_regimen_component,11
2020-11,DE,treatment_regimen_component,6
2020-11,FR,treatment_regimen_component,3
2020-11,JP,treatment_regimen_component,2
2020-11,US,treatment_regimen_component,25
2020-12,CA,treatment_regimen_component,3
2020-12,CN,treatment_regimen_component,10
2020-12,DE,treatment_regimen_component,5
2020-12,FR,treatment_regimen_component,4
2020-12,JP,treatment_regimen_component,10
2020-12,US,treatment_regimen_component,37
2021-01,AU,treatment_regimen_component,4
2021-01,CA,treatment_regimen_component,2
2021-01,CN,treatment_regimen_component,6
2021-01,DE,treatment_regimen_component,8
2021-01,FR,treatment_regimen_component,3
2021-01,JP,treatment_regimen_component,7
2021-01,US,treatment_regimen_component,32
2021-02,AU,treatment_regimen_component,1
2021-02,CN,treatment_regimen_component,3
2021-02,DE,treatment_regimen_component,4
2021-02,FR,treatment_regimen_component,4
2021-02,JP,treatment_regimen_component,9
2021-02,US,treatment_regimen_component,14
2021-03,AU,treatment_regimen_component,2
2021-03,CA,treatment_regimen_component,8
2021-03,CN,treatment_regimen_component,12
2021-03,DE,treatment_regimen_component,4
2021-03,FR,treatment_regimen_component,12
2021-03,JP,treatment_regimen_component,13
2021-03,US,treatment_regimen_component,10
2021-04,AU,treatment_regimen_component,2
2021-04,CA,treatment_regimen_component,5
2021-04,CN,treatment_regimen_component,6
2021-04,DE,treatment_regimen_component,12
2021-04,JP,treatment_regimen_component,11
2021-04,US,treatment_regimen_component,16
2021-05,AU,treatment_regimen_component,3
2021-05,CN,treatment_regimen_component,6
2021-05,DE,treatment_regimen_component,8
2021-05,FR,treatment_regimen_component,1
2021-05,JP,treatment_regimen_component,17
2021-05,US,treatment_regimen_component,17
2021-06,CA,treatment_regimen_component,5
2021-06,CN,treatment_regimen_component,14
2021-06,DE,treatment_regimen_component,5
2021-06,FR,treatment_regimen_component,8
2021-06,JP,treatment_regimen_component,16
2021-06,US,treatment_regimen_component,19
2021-07,CA,treatment_regimen_component,9
2021-07,CN,treatment_regimen_component,3
2021-07,DE,treatment_regimen_component,4
2021-07,JP,treatment_regimen_component,19
2021-07,US,treatment_regimen_component,15
2021-08,CA,treatment_regimen_component,4
2021-08,CN,treatment_regimen_component,9
2021-08,DE,treatment_regimen_component,11
2021-08,FR,treatment_regimen_component,1
2021-08,JP,treatment_regimen_component,6
2021-08,US,treatment_regimen_component,13
2021-09,AU,treatment_regimen_component,2
2021-09,CA,treatment_regimen_component,5
2021-09,CN,treatment_regimen_component,6
2021-09,DE,treatment_regimen_component,9
2021-09,FR,treatment_regimen_component,2
2021-09,JP,treatment_regimen_component,4
2021-09,US,treatment_regimen_component,17
2021-10,AU,treatment_regimen_component,2
2021-10,CN,treatment_regimen_component,4
2021-10,DE,treatment_regimen_component,2
2021-10,FR,treatment_regimen_component,4
2021-10,JP,treatment_regimen_component,15
2021-10,US,treatment_regimen_component,16
2021-11,AU,treatment_regimen_component,4
2021-11,CA,treatment_regimen_component,11
2021-11,CN,treatment_regimen_component,5
2021-11,DE,treatment_regimen_component,4
2021-11,FR,treatment_regimen_component,12
2021-11,JP,treatment_regimen_component,14
2021-11,US,treatment_regimen_component,20
2021-12,CA,treatment_regimen_component,5
2021-12,CN,treatment_regimen_component,4
2021-12,DE,treatment_regimen_component,12
2021-12,FR,treatment_regimen_component,9
2021-12,JP,treatment_regimen_component,8
2021-12,US,treatment_regimen_component,7
2022-01,AU,treatment_regimen_component,7
2022-01,CA,treatment_regimen_component,1
2022-01,CN,treatment_regimen_component,9
2022-01,DE,treatment_regimen_component,12
2022-01,FR,treatment_regimen_component,7
2022-01,JP,treatment_regimen_component,9
2022-01,US,treatment_regimen_component,21
2022-02,AU,treatment_regimen_component,8
2022-02,CA,treatment_regimen_component,2
2022-02,CN,treatment_regimen_component,11
2022-02,DE,treatment_regimen_component,15
2022-02,FR,treatment_regimen_component,4
2022-02,JP,treatment_regimen_component,10
2022-02,US,treatment_regimen_component,12
2022-03,CA,treatment_regimen_component,5
2022-03,CN,treatment_regimen_component,14
2022-03,DE,treatment_regimen_component,6
2022-03,JP,treatment_regimen_component,5
2022-03,US,treatment_regimen_component,24
2022-04,CA,treatment_regimen_component,5
2022-04,CN,treatment_regimen_component,5
2022-04,DE,treatment_regimen_component,19
2022-04,FR,treatment_regimen_component,11
2022-04,JP,treatment_regimen_component,3
2022-04,US,treatment_regimen_component,13
2022-05,AU,treatment_regimen_component,3
2022-05,CA,treatment_regimen_component,2
2022-05,CN,treatment_regimen_component,6
2022-05,DE,treatment_regimen_component,10
2022-05,FR,treatment_regimen_component,5
2022-05,JP,treatment_regimen_component,9
2022-05,US,treatment_regimen_component,25
2022-06,AU,treatment_regimen_component,1
2022-06,CA,treatment_regimen_component,4
2022-06,CN,treatment_regimen_component,11
2022-06,DE,treatment_regimen_component,14
2022-06,FR,treatment_regimen_component,5
2022-06,JP,treatment_regimen_component,6
2022-06,US,treatment_regimen_component,12
2022-07,AU,treatment_regimen_component,1
2022-07,CA,treatment_regimen_component,2
2022-07,CN,treatment_regimen_component,5
2022-07,DE,treatment_regimen_component,18
2022-07,FR,treatment_regimen_component,2
2022-07,JP,treatment_regimen_component,11
2022-07,US,treatment_regimen_component,9
2022-08,AU,treatment_regimen_component,3
2022-08,CA,treatment_regimen_component,9
2022-08,CN,treatment_regimen_component,7
2022-08,DE,treatment_regimen_component,9
2022-08,FR,treatment_regimen_component,2
2022-08,JP,treatment_regimen_component,5
2022-08,US,treatment_regimen_component,7
2022-09,AU,treatment_regimen_component,4
2022-09,CA,treatment_regimen_component,2
2022-09,CN,treatment_regimen_component,14
2022-09,DE,treatment_regimen_component,12
2022-09,FR,treatment_regimen_component,3
2022-09,JP,treatment_regimen_component,9
2022-09,US,treatment_regimen_component,16
2022-10,AU,treatment_regimen_component,4
2022-10,CA,treatment_regimen_component,3
2022-10,CN,treatment_regimen_component,4
2022-10,DE,treatment_regimen_component,10
2022-10,FR,treatment_regimen_component,8
2022-10,JP,treatment_regimen_component,6
2022-10,US,treatment_regimen_component,15
2022-11,AU,treatment_regimen_component,3
2022-11,CA,treatment_regimen_component,8
2022-11,CN,treatment_regimen_component,14
2022-11,DE,treatment_regimen_component,15
2022-11,FR,treatment_regimen_component,12
2022-11,JP,treatment_regimen_component,8
2022-11,US,treatment_regimen_component,23
2022-12,AU,treatment_regimen_component,1
2022-12,CA,treatment_regimen_component,4
2022-12,CN,treatment_regimen_component,5
2022-12,DE,treatment_regimen_component,10
2022-12,FR,treatment_regimen_component,5
2022-12,JP,treatment_regimen_component,18
2022-12,US,treatment_regimen_component,17
2023-01,AU,treatment_regimen_component,1
2023-01,CN,treatment_regimen_component,7
2023-01,DE,treatment_regimen_component,14
2023-01,FR,treatment_regimen_component,7
2023-01,JP,treatment_regimen_component,9
2023-01,US,treatment_regimen_component,19
2023-02,AU,treatment_regimen_component,5
2023-02,CA,treatment_regimen_component,4
2023-02,CN,treatment_regimen_component,7
2023-02,DE,treatment_regimen_component,19
2023-02,FR,treatment_regimen_component,13
2023-02,JP,treatment_regimen_component,12
2023-02,US,treatment_regimen_component,17
2023-03,AU,treatment_regimen_component,4
2023-03,CA,treatment_regimen_component,16
2023-03,CN,treatment_regimen_component,12
2023-03,DE,treatment_regimen_component,8
2023-03,FR,treatment_regimen_component,7
2023-03,JP,treatment_regimen_component,12
2023-03,US,treatment_regimen_component,16
2023-04,AU,treatment_regimen_component,6
2023-04,CA,treatment_regimen_component,8
2023-04,CN,treatment_regimen_component,8
2023-04,DE,treatment_regimen_component,11
2023-04,FR,treatment_regimen_component,15
2023-04,JP,treatment_regimen_component,13
2023-04,US,treatment_regimen_component,19
2023-05,AU,treatment_regimen_component,7
2023-05,CA,treatment_regimen_component,1
2023-05,CN,treatment_regimen_component,7
2023-05,DE,treatment_regimen_component,4
2023-05,FR,treatment_regimen_component,9
2023-05,JP,treatment_regimen_component,8
2023-05,US,treatment_regimen_component,16
2023-06,AU,treatment_regimen_component,3
2023-06,CA,treatment_regimen_component,2
2023-06,CN,treatment_regimen_component,9
2023-06,DE,treatment_regimen_component,10
2023-06,FR,treatment_regimen_component,3
2023-06,JP,treatment_regimen_component,15
2023-06,US,treatment_regimen_component,11
2023-07,CA,treatment_regimen_component,7
2023-07,CN,treatment_regimen_component,8
2023-07,DE,treatment_regimen_component,4
2023-07,FR,treatment_regimen_component,12
2023-07,JP,treatment_regimen_component,9
2023-07,US,treatment_regimen_component,17
2023-08,AU,treatment_regimen_component,6
2023-08,CA,treatment_regimen_component,5
2023-08,CN,treatment_regimen_component,5
2023-08,DE,treatment_regimen_component,25
2023-08,FR,treatment_regimen_component,8
2023-08,JP,treatment_regimen_component,12
2023-08,US,treatment_regimen_component,17
2023-09,AU,treatment_regimen_component,4
2023-09,CA,treatment_regimen_component,9
2023-09,CN,treatment_regimen_component,9
2023-09,DE,treatment_regimen_component,13
2023-09,FR,treatment_regimen_component,8
2023-09,JP,treatment_regimen_component,6
2023-09,US,treatment_regimen_component,18
2023-10,AU,treatment_regimen_component,2
2023-10,CA,treatment_regimen_component,5
2023-10,CN,treatment_regimen_component,9
2023-10,DE,treatment_regimen_component,17
2023-10,FR,treatment_regimen_component,8
2023-10,JP,treatment_regimen_component,13
2023-10,US,treatment_regimen_component,23
2023-11,AU,treatment_regimen_component,3
2023-11,CA,treatment_regimen_component,1
2023-11,CN,treatment_regimen_component,4
2023-11,DE,treatment_regimen_component,16
2023-11,FR,treatment_regimen_component,3
2023-11,JP,treatment_regimen_component,12
2023-11,US,treatment_regimen_component,12
2023-12,AU,treatment_regimen_component,2
2023-12,CN,treatment_regimen_component,5
2023-12,DE,treatment_regimen_component,12
2023-12,FR,treatment_regimen_component,3
2023-12,JP,treatment_regimen_component,9
2023-12,US,treatment_regimen_component,15
2024-01,AU,treatment_regimen_component,2
2024-01,CA,treatment_regimen_component,5
2024-01,CN,treatment_regimen_component,7
2024-01,DE,treatment_regimen_component,17
2024-01,FR,treatment_regimen_component,10
2024-01,JP,treatment_regimen_component,8
2024-01,US,treatment_regimen_component,22
2024-02,CA,treatment_regimen_component,2
2024-02,CN,treatment_regimen_component,8
2024-02,DE,treatment_regimen_component,7
2024-02,FR,treatment_regimen_component,4
2024-02,JP,treatment_regimen_component,11
2024-02,US,treatment_regimen_component,16
2024-03,AU,treatment_regimen_component,4
2024-03,CA,treatment_regimen_component,9
2024-03,CN,treatment_regimen_component,3
2024-03,DE,treatment_regimen_component,15
2024-03,FR,treatment_regimen_component,13
2024-03,JP,treatment_regimen_component,10
2024-03,US,treatment_regimen_component,20
2024-04,AU,treatment_regimen_component,6
2024-04,CN,treatment_regimen_component,4
2024-04,DE,treatment_regimen_component,5
2024-04,FR,treatment_regimen_component,10
2024-04,JP,treatment_regimen_component,6
2024-04,US,treatment_regimen_component,23
2024-05,AU,treatment_regimen_component,5
2024-05,CA,treatment_regimen_component,4
2024-05,CN,treatment_regimen_component,3
2024-05,DE,treatment_regimen_component,11
2024-05,FR,treatment_regimen_component,2
2024-05,JP,treatment_regimen_component,22
2024-05,US,treatment_regimen_component,17
2024-06,AU,treatment_regimen_component,7
2024-06,CA,treatment_regimen_component,5
2024-06,CN,treatment_regimen_component,12
2024-06,DE,treatment_regimen_component,12
2024-06,FR,treatment_regimen_component,10
2024-06,JP,treatment_regimen_component,7
2024-06,US,treatment_regimen_component,24
2024-07,AU,treatment_regimen_component,4
2024-07,CA,treatment_regimen_component,8
2024-07,CN,treatment_regimen_component,9
2024-07,DE,treatment_regimen_component,22
2024-07,FR,treatment_regimen_component,10
2024-07,JP,treatment_regimen_component,8
2024-07,US,treatment_regimen_component,21
2024-08,AU,treatment_regimen_component,1
2024-08,CA,treatment_regimen_component,4
2024-08,CN,treatment_regimen_component,4
2024-08,DE,treatment_regimen_component,4
2024-08,FR,treatment_regimen_component,5
2024-08,JP,treatment_regimen_component,18
2024-08,US,treatment_regimen_component,17
2024-09,AU,treatment_regimen_component,4
2024-09,CA,treatment_regimen_component,3
2024-09,CN,treatment_regimen_component,7
2024-09,DE,treatment_regimen_component,12
2024-09,FR,treatment_regimen_component,11
2024-09,JP,treatment_regimen_component,18
2024-09,US,treatment_regimen_component,15
2024-10,AU,treatment_regimen_component,2
2024-10,CA,treatment_regimen_component,1
2024-10,CN,treatment_regimen_component,10
2024-10,DE,treatment_regimen_component,12
2024-10,FR,treatment_regimen_component,4
2024-10,JP,treatment_regimen_component,6
2024-10,US,treatment_regimen_component,8
2024-11,AU,treatment_regimen_component,4
2024-11,CA,treatment_regimen_component,4
2024-11,CN,treatment_regimen_component,6
2024-11,DE,treatment_regimen_component,9
2024-11,FR,treatment_regimen_component,6
2024-11,JP,treatment_regimen_component,11
2024-11,US,treatment_regimen_component,19
2024-12,AU,treatment_regimen_component,5
2024-12,CA,treatment_regimen_component,1
2024-12,CN,treatment_regimen_component,4
2024-12,DE,treatment_regimen_component,9
2024-12,FR,treatment_regimen_component,1
2024-12,JP,treatment_regimen_component,4
2024-12,US,treatment_regimen_component,8
2025-01,AU,treatment_regimen_component,1
2025-01,DE,treatment_regimen_component,3
2025-01,FR,treatment_regimen_component,2
2025-01,JP,treatment_regimen_component,1
2025-01,US,treatment_regimen_component,4
2025-02,DE,treatment_regimen_component,7
2025-02,JP,treatment_regimen_component,2
2025-02,US,treatment_regimen_component,5
2025-03,AU,treatment_regimen_component,2
2025-03,CA,treatment_regimen_component,4
2025-03,DE,treatment_regimen_component,1
2025-03,FR,treatment_regimen_component,3
2025-03,JP,treatment_regimen_component,2
2025-03,US,treatment_regimen_component,10
2025-04,CA,treatment_regimen_component,3
2025-04,CN,treatment_regimen_component,4
2025-04,DE,treatment_regimen_component,4
2025-04,FR,treatment_regimen_component,3
2025-04,JP,treatment_regimen_component,5
2025-04,US,treatment_regimen_component,2
2025-05,AU,treatment_regimen_component,1
2025-05,CA,treatment_regimen_component,3
2025-05,CN,treatment_regimen_component,2
2025-05,DE,treatment_regimen_component,4
2025-05,FR,treatment_regimen_component,1
2025-05,JP,treatment_regimen_component,4
2025-05,US,treatment_regimen_component,7
2025-06,AU,treatment_regimen_component,1
2025-06,CN,treatment_regimen_component,1
2025-06,FR,treatment_regimen_component,3
2025-06,US,treatment_regimen_component,8
2025-07,AU,treatment_regimen_component,1
2025-07,CA,treatment_regimen_component,1
2025-07,DE,treatment_regimen_component,5
2025-07,FR,treatment_regimen_component,2
2025-07,JP,treatment_regimen_component,3
2025-07,US,treatment_regimen_component,4
2025-08,CA,treatment_regimen_component,2
2025-08,CN,treatment_regimen_component,3
2025-08,DE,treatment_regimen_component,3
2025-08,FR,treatment_regimen_component,2
2025-08,JP,treatment_regimen_component,3
2025-08,US,treatment_regimen_component,3
2025-09,CN,treatment_regimen_component,1
2025-09,DE,treatment_regimen_component,2
2025-09,FR,treatment_regimen_component,2
2025-09,JP,treatment_regimen_component,4
2025-09,US,treatment_regimen_component,1
2025-10,AU,treatment_regimen_component,1
2025-10,CN,treatment_regimen_component,2
2025-10,DE,treatment_regimen_component,2
2025-10,FR,treatment_regimen_component,3
2025-10,JP,treatment_regimen_component,2
2025-10,US,treatment_regimen_component,6
2025-11,AU,treatment_regimen_component,3
2025-11,CA,treatment_regimen_component,2
2025-11,DE,treatment_regimen_component,3
2025-11,JP,treatment_regimen_component,3
2025-11,US,treatment_regimen_component,5
2025-12,AU,treatment_regimen_component,1
2025-12,CA,treatment_regimen_component,1
2025-12,DE,treatment_regimen_component,4
2025-12,JP,treatment_regimen_component,2
2025-12,US,treatment_regimen_component,1
2019-02,AU,prescription_event,2
2019-02,DE,prescription_event,2
2019-02,FR,prescription_event,1
2019-02,JP,prescription_event,5
2019-02,US,prescription_event,7
2019-03,CA,prescription_event,6
2019-03,CN,prescription_event,2
2019-03,DE,prescription_event,5
2019-03,FR,prescription_event,5
2019-03,JP,prescription_event,10
2019-03,US,prescription_event,11
2019-04,AU,prescription_event,2
2019-04,CA,prescription_event,2
2019-04,CN,prescription_event,9
2019-04,DE,prescription_event,8
2019-04,FR,prescription_event,8
2019-04,JP,prescription_event,14
2019-04,US,prescription_event,24
2019-05,AU,prescription_event,3
2019-05,CA,prescription_event,13
2019-05,CN,prescription_event,10
2019-05,DE,prescription_event,8
2019-05,FR,prescription_event,7
2019-05,JP,prescription_event,20
2019-05,US,prescription_event,35
2019-06,AU,prescription_event,1
2019-06,CA,prescription_event,5
2019-06,CN,prescription_event,7
2019-06,DE,prescription_event,19
2019-06,FR,prescription_event,7
2019-06,JP,prescription_event,28
2019-06,US,prescription_event,40
2019-07,AU,prescription_event,3
2019-07,CA,prescription_event,12
2019-07,CN,prescription_event,16
2019-07,DE,prescription_event,25
2019-07,FR,prescription_event,10
2019-07,JP,prescription_event,27
2019-07,US,prescription_event,36
2019-08,AU,prescription_event,3
2019-08,CA,prescription_event,10
2019-08,CN,prescription_event,14
2019-08,DE,prescription_event,32
2019-08,FR,prescription_event,16
2019-08,JP,prescription_event,27
2019-08,US,prescription_event,50
2019-09,AU,prescription_event,6
2019-09,CA,prescription_event,12
2019-09,CN,prescription_event,12
2019-09,DE,prescription_event,40
2019-09,FR,prescription_event,11
2019-09,JP,prescription_event,38
2019-09,US,prescription_event,45
2019-10,AU,prescription_event,8
2019-10,CA,prescription_event,12
2019-10,CN,prescription_event,25
2019-10,DE,prescription_event,30
2019-10,FR,prescription_event,10
2019-10,JP,prescription_event,35
2019-10,US,prescription_event,56
2019-11,AU,prescription_event,4
2019-11,CA,prescription_event,11
2019-11,CN,prescription_event,20
2019-11,DE,prescription_event,33
2019-11,FR,prescription_event,15
2019-11,JP,prescription_event,23
2019-11,US,prescription_event,47
2019-12,AU,prescription_event,9
2019-12,CA,prescription_event,11
2019-12,CN,prescription_event,31
2019-12,DE,prescription_event,59
2019-12,FR,prescription_event,18
2019-12,JP,prescription_event,44
2019-12,US,prescription_event,79
2020-01,AU,prescription_event,10
2020-01,CA,prescription_event,16
2020-01,CN,prescription_event,25
2020-01,DE,prescription_event,57
2020-01,FR,prescription_event,14
2020-01,JP,prescription_event,49
2020-01,US,prescription_event,63
2020-02,AU,prescription_event,12
2020-02,CA,prescription_event,14
2020-02,CN,prescription_event,29
2020-02,DE,prescription_event,46
2020-02,FR,prescription_event,15
2020-02,JP,prescription_event,30
2020-02,US,prescription_event,75
2020-03,AU,prescription_event,11
2020-03,CA,prescription_event,16
2020-03,CN,prescription_event,36
2020-03,DE,prescription_event,48
2020-03,FR,prescription_event,22
2020-03,JP,prescription_event,47
2020-03,US,prescription_event,77
2020-04,AU,prescription_event,8
2020-04,CA,prescription_event,9
2020-04,CN,prescription_event,43
2020-04,DE,prescription_event,36
2020-04,FR,prescription_event,13
2020-04,JP,prescription_event,42
2020-04,US,prescription_event,85
2020-05,AU,prescription_event,11
2020-05,CA,prescription_event,16
2020-05,CN,prescription_event,38
2020-05,DE,prescription_event,45
2020-05,FR,prescription_event,19
2020-05,JP,prescription_event,30
2020-05,US,prescription_event,81
2020-06,AU,prescription_event,11
2020-06,CA,prescription_event,14
2020-06,CN,prescription_event,47
2020-06,DE,prescription_event,49
2020-06,FR,prescription_event,27
2020-06,JP,prescription_event,38
2020-06,US,prescription_event,83
2020-07,AU,prescription_event,20
2020-07,CA,prescription_event,6
2020-07,CN,prescription_event,44
2020-07,DE,prescription_event,35
2020-07,FR,prescription_event,25
2020-07,JP,prescription_event,44
2020-07,US,prescription_event,105
2020-08,AU,prescription_event,11
2020-08,CA,prescription_event,15
2020-08,CN,prescription_event,45
2020-08,DE,prescription_event,57
2020-08,FR,prescription_event,21
2020-08,JP,prescription_event,37
2020-08,US,prescription_event,83
2020-09,AU,prescription_event,27
2020-09,CA,prescription_event,16
2020-09,CN,prescription_event,50
2020-09,DE,prescription_event,45
2020-09,FR,prescription_event,30
2020-09,JP,prescription_event,37
2020-09,US,prescription_event,98
2020-10,AU,prescription_event,17
2020-10,CA,prescription_event,19
2020-10,CN,prescription_event,40
2020-10,DE,prescription_event,55
2020-10,FR,prescription_event,26
2020-10,JP,prescription_event,50
2020-10,US,prescription_event,105
2020-11,AU,prescription_event,20
2020-11,CA,prescription_event,16
2020-11,CN,prescription_event,44
2020-11,DE,prescription_event,47
2020-11,FR,prescription_event,23
2020-11,JP,prescription_event,32
2020-11,US,prescription_event,110
2020-12,AU,prescription_event,8
2020-12,CA,prescription_event,16
2020-12,CN,prescription_event,51
2020-12,DE,prescription_event,46
2020-12,FR,prescription_event,36
2020-12,JP,prescription_event,47
2020-12,US,prescription_event,119
2021-01,AU,prescription_event,21
2021-01,CA,prescription_event,22
2021-01,CN,prescription_event,34
2021-01,DE,prescription_event,53
2021-01,FR,prescription_event,26
2021-01,JP,prescription_event,46
2021-01,US,prescription_event,123
2021-02,AU,prescription_event,18
2021-02,CA,prescription_event,8
2021-02,CN,prescription_event,41
2021-02,DE,prescription_event,40
2021-02,FR,prescription_event,23
2021-02,JP,prescription_event,47
2021-02,US,prescription_event,99
2021-03,AU,prescription_event,16
2021-03,CA,prescription_event,23
2021-03,CN,prescription_event,57
2021-03,DE,prescription_event,39
2021-03,FR,prescription_event,35
2021-03,JP,prescription_event,52
2021-03,US,prescription_event,115
2021-04,AU,prescription_event,22
2021-04,CA,prescription_event,18
2021-04,CN,prescription_event,45
2021-04,DE,prescription_event,45
2021-04,FR,prescription_event,24
2021-04,JP,prescription_event,61
2021-04,US,prescription_event,129
2021-05,AU,prescription_event,22
2021-05,CA,prescription_event,14
2021-05,CN,prescription_event,39
2021-05,DE,prescription_event,45
2021-05,FR,prescription_event,26
2021-05,JP,prescription_event,65
2021-05,US,prescription_event,118
2021-06,AU,prescription_event,14
2021-06,CA,prescription_event,18
2021-06,CN,prescription_event,55
2021-06,DE,prescription_event,42
2021-06,FR,prescription_event,31
2021-06,JP,prescription_event,64
2021-06,US,prescription_event,105
2021-07,AU,prescription_event,12
2021-07,CA,prescription_event,26
2021-07,CN,prescription_event,51
2021-07,DE,prescription_event,47
2021-07,FR,prescription_event,28
2021-07,JP,prescription_event,77
2021-07,US,prescription_event,126
2021-08,AU,prescription_event,18
2021-08,CA,prescription_event,21
2021-08,CN,prescription_event,52
2021-08,DE,prescription_event,48
2021-08,FR,prescription_event,26
2021-08,JP,prescription_event,77
2021-08,US,prescription_event,115
2021-09,AU,prescription_event,21
2021-09,CA,prescription_event,18
2021-09,CN,prescription_event,50
2021-09,DE,prescription_event,44
2021-09,FR,prescription_event,30
2021-09,JP,prescription_event,67
2021-09,US,prescription_event,108
2021-10,AU,prescription_event,19
2021-10,CA,prescription_event,20
2021-10,CN,prescription_event,51
2021-10,DE,prescription_event,43
2021-10,FR,prescription_event,30
2021-10,JP,prescription_event,71
2021-10,US,prescription_event,115
2021-11,AU,prescription_event,16
2021-11,CA,prescription_event,28
2021-11,CN,prescription_event,48
2021-11,DE,prescription_event,52
2021-11,FR,prescription_event,38
2021-11,JP,prescription_event,72
2021-11,US,prescription_event,112
2021-12,AU,prescription_event,20
2021-12,CA,prescription_event,21
2021-12,CN,prescription_event,44
2021-12,DE,prescription_event,57
2021-12,FR,prescription_event,34
2021-12,JP,prescription_event,51
2021-12,US,prescription_event,93
2022-01,AU,prescription_event,12
2022-01,CA,prescription_event,21
2022-01,CN,prescription_event,46
2022-01,DE,prescription_event,45
2022-01,FR,prescription_event,33
2022-01,JP,prescription_event,68
2022-01,US,prescription_event,96
2022-02,AU,prescription_event,18
2022-02,CA,prescription_event,21
2022-02,CN,prescription_event,52
2022-02,DE,prescription_event,61
2022-02,FR,prescription_event,29
2022-02,JP,prescription_event,63
2022-02,US,prescription_event,101
2022-03,AU,prescription_event,21
2022-03,CA,prescription_event,21
2022-03,CN,prescription_event,55
2022-03,DE,prescription_event,64
2022-03,FR,prescription_event,26
2022-03,JP,prescription_event,71
2022-03,US,prescription_event,111
2022-04,AU,prescription_event,12
2022-04,CA,prescription_event,23
2022-04,CN,prescription_event,47
2022-04,DE,prescription_event,57
2022-04,FR,prescription_event,34
2022-04,JP,prescription_event,63
2022-04,US,prescription_event,112
2022-05,AU,prescription_event,9
2022-05,CA,prescription_event,22
2022-05,CN,prescription_event,53
2022-05,DE,prescription_event,62
2022-05,FR,prescription_event,35
2022-05,JP,prescription_event,61
2022-05,US,prescription_event,129
2022-06,AU,prescription_event,17
2022-06,CA,prescription_event,18
2022-06,CN,prescription_event,53
2022-06,DE,prescription_event,73
2022-06,FR,prescription_event,27
2022-06,JP,prescription_event,49
2022-06,US,prescription_event,127
2022-07,AU,prescription_event,13
2022-07,CA,prescription_event,16
2022-07,CN,prescription_event,45
2022-07,DE,prescription_event,87
2022-07,FR,prescription_event,15
2022-07,JP,prescription_event,59
2022-07,US,prescription_event,110
2022-08,AU,prescription_event,15
2022-08,CA,prescription_event,31
2022-08,CN,prescription_event,45
2022-08,DE,prescription_event,73
2022-08,FR,prescription_event,32
2022-08,JP,prescription_event,58
2022-08,US,prescription_event,96
2022-09,AU,prescription_event,10
2022-09,CA,prescription_event,25
2022-09,CN,prescription_event,51
2022-09,DE,prescription_event,67
2022-09,FR,prescription_event,30
2022-09,JP,prescription_event,51
2022-09,US,prescription_event,95
2022-10,AU,prescription_event,18
2022-10,CA,prescription_event,23
2022-10,CN,prescription_event,33
2022-10,DE,prescription_event,77
2022-10,FR,prescription_event,29
2022-10,JP,prescription_event,55
2022-10,US,prescription_event,94
2022-11,AU,prescription_event,17
2022-11,CA,prescription_event,21
2022-11,CN,prescription_event,64
2022-11,DE,prescription_event,79
2022-11,FR,prescription_event,31
2022-11,JP,prescription_event,59
2022-11,US,prescription_event,115
2022-12,AU,prescription_event,8
2022-12,CA,prescription_event,23
2022-12,CN,prescription_event,57
2022-12,DE,prescription_event,63
2022-12,FR,prescription_event,36
2022-12,JP,prescription_event,67
2022-12,US,prescription_event,111
2023-01,AU,prescription_event,16
2023-01,CA,prescription_event,13
2023-01,CN,prescription_event,45
2023-01,DE,prescription_event,77
2023-01,FR,prescription_event,38
2023-01,JP,prescription_event,61
2023-01,US,prescription_event,114
2023-02,AU,prescription_event,13
2023-02,CA,prescription_event,20
2023-02,CN,prescription_event,55
2023-02,DE,prescription_event,74
2023-02,FR,prescription_event,35
2023-02,JP,prescription_event,71
2023-02,US,prescription_event,113
2023-03,AU,prescription_event,15
2023-03,CA,prescription_event,36
2023-03,CN,prescription_event,63
2023-03,DE,prescription_event,64
2023-03,FR,prescription_event,31
2023-03,JP,prescription_event,80
2023-03,US,prescription_event,116
2023-04,AU,prescription_event,18
2023-04,CA,prescription_event,23
2023-04,CN,prescription_event,53
2023-04,DE,prescription_event,77
2023-04,FR,prescription_event,50
2023-04,JP,prescription_event,70
2023-04,US,prescription_event,116
2023-05,AU,prescription_event,18
2023-05,CA,prescription_event,21
2023-05,CN,prescription_event,60
2023-05,DE,prescription_event,67
2023-05,FR,prescription_event,41
2023-05,JP,prescription_event,62
2023-05,US,prescription_event,113
2023-06,AU,prescription_event,15
2023-06,CA,prescription_event,27
2023-06,CN,prescription_event,55
2023-06,DE,prescription_event,83
2023-06,FR,prescription_event,36
2023-06,JP,prescription_event,77
2023-06,US,prescription_event,121
2023-07,AU,prescription_event,15
2023-07,CA,prescription_event,28
2023-07,CN,prescription_event,63
2023-07,DE,prescription_event,64
2023-07,FR,prescription_event,42
2023-07,JP,prescription_event,73
2023-07,US,prescription_event,110
2023-08,AU,prescription_event,29
2023-08,CA,prescription_event,28
2023-08,CN,prescription_event,52
2023-08,DE,prescription_event,87
2023-08,FR,prescription_event,45
2023-08,JP,prescription_event,74
2023-08,US,prescription_event,137
2023-09,AU,prescription_event,15
2023-09,CA,prescription_event,29
2023-09,CN,prescription_event,58
2023-09,DE,prescription_event,61
2023-09,FR,prescription_event,36
2023-09,JP,prescription_event,84
2023-09,US,prescription_event,125
2023-10,AU,prescription_event,22
2023-10,CA,prescription_event,37
2023-10,CN,prescription_event,54
2023-10,DE,prescription_event,73
2023-10,FR,prescription_event,39
2023-10,JP,prescription_event,87
2023-10,US,prescription_event,113
2023-11,AU,prescription_event,26
2023-11,CA,prescription_event,27
2023-11,CN,prescription_event,46
2023-11,DE,prescription_event,81
2023-11,FR,prescription_event,37
2023-11,JP,prescription_event,67
2023-11,US,prescription_event,121
2023-12,AU,prescription_event,16
2023-12,CA,prescription_event,20
2023-12,CN,prescription_event,50
2023-12,DE,prescription_event,91
2023-12,FR,prescription_event,36
2023-12,JP,prescription_event,80
2023-12,US,prescription_event,149
2024-01,AU,prescription_event,21
2024-01,CA,prescription_event,38
2024-01,CN,prescription_event,55
2024-01,DE,prescription_event,76
2024-01,FR,prescription_event,38
2024-01,JP,prescription_event,78
2024-01,US,prescription_event,133
2024-02,AU,prescription_event,27
2024-02,CA,prescription_event,28
2024-02,CN,prescription_event,49
2024-02,DE,prescription_event,53
2024-02,FR,prescription_event,39
2024-02,JP,prescription_event,71
2024-02,US,prescription_event,125
2024-03,AU,prescription_event,16
2024-03,CA,prescription_event,26
2024-03,CN,prescription_event,60
2024-03,DE,prescription_event,90
2024-03,FR,prescription_event,41
2024-03,JP,prescription_event,89
2024-03,US,prescription_event,130
2024-04,AU,prescription_event,21
2024-04,CA,prescription_event,24
2024-04,CN,prescription_event,49
2024-04,DE,prescription_event,71
2024-04,FR,prescription_event,48
2024-04,JP,prescription_event,55
2024-04,US,prescription_event,120
2024-05,AU,prescription_event,26
2024-05,CA,prescription_event,32
2024-05,CN,prescription_event,47
2024-05,DE,prescription_event,78
2024-05,FR,prescription_event,43
2024-05,JP,prescription_event,89
2024-05,US,prescription_event,131
2024-06,AU,prescription_event,26
2024-06,CA,prescription_event,19
2024-06,CN,prescription_event,61
2024-06,DE,prescription_event,82
2024-06,FR,prescription_event,41
2024-06,JP,prescription_event,77
2024-06,US,prescription_event,131
2024-07,AU,prescription_event,22
2024-07,CA,prescription_event,28
2024-07,CN,prescription_event,58
2024-07,DE,prescription_event,102
2024-07,FR,prescription_event,50
2024-07,JP,prescription_event,84
2024-07,US,prescription_event,142
2024-08,AU,prescription_event,26
2024-08,CA,prescription_event,20
2024-08,CN,prescription_event,51
2024-08,DE,prescription_event,73
2024-08,FR,prescription_event,42
2024-08,JP,prescription_event,74
2024-08,US,prescription_event,129
2024-09,AU,prescription_event,23
2024-09,CA,prescription_event,26
2024-09,CN,prescription_event,59
2024-09,DE,prescription_event,75
2024-09,FR,prescription_event,43
2024-09,JP,prescription_event,86
2024-09,US,prescription_event,120
2024-10,AU,prescription_event,25
2024-10,CA,prescription_event,24
2024-10,CN,prescription_event,48
2024-10,DE,prescription_event,93
2024-10,FR,prescription_event,51
2024-10,JP,prescription_event,74
2024-10,US,prescription_event,127
2024-11,AU,prescription_event,23
2024-11,CA,prescription_event,25
2024-11,CN,prescription_event,55
2024-11,DE,prescription_event,61
2024-11,FR,prescription_event,40
2024-11,JP,prescription_event,64
2024-11,US,prescription_event,126
2024-12,AU,prescription_event,27
2024-12,CA,prescription_event,26
2024-12,CN,prescription_event,49
2024-12,DE,prescription_event,66
2024-12,FR,prescription_event,34
2024-12,JP,prescription_event,85
2024-12,US,prescription_event,125
2025-01,AU,prescription_event,22
2025-01,CA,prescription_event,22
2025-01,CN,prescription_event,48
2025-01,DE,prescription_event,68
2025-01,FR,prescription_event,52
2025-01,JP,prescription_event,64
2025-01,US,prescription_event,107
2025-02,AU,prescription_event,21
2025-02,CA,prescription_event,20
2025-02,CN,prescription_event,42
2025-02,DE,prescription_event,59
2025-02,FR,prescription_event,40
2025-02,JP,prescription_event,41
2025-02,US,prescription_event,109
2025-03,AU,prescription_event,28
2025-03,CA,prescription_event,21
2025-03,CN,prescription_event,41
2025-03,DE,prescription_event,53
2025-03,FR,prescription_event,35
2025-03,JP,prescription_event,73
2025-03,US,prescription_event,104
2025-04,AU,prescription_event,20
2025-04,CA,prescription_event,23
2025-04,CN,prescription_event,44
2025-04,DE,prescription_event,51
2025-04,FR,prescription_event,40
2025-04,JP,prescription_event,61
2025-04,US,prescription_event,97
2025-05,AU,prescription_event,19
2025-05,CA,prescription_event,25
2025-05,CN,prescription_event,32
2025-05,DE,prescription_event,40
2025-05,FR,prescription_event,40
2025-05,JP,prescription_event,57
2025-05,US,prescription_event,98
2025-06,AU,prescription_event,18
2025-06,CA,prescription_event,12
2025-06,CN,prescription_event,40
2025-06,DE,prescription_event,48
2025-06,FR,prescription_event,28
2025-06,JP,prescription_event,47
2025-06,US,prescription_event,79
2025-07,AU,prescription_event,20
2025-07,CA,prescription_event,16
2025-07,CN,prescription_event,36
2025-07,DE,prescription_event,49
2025-07,FR,prescription_event,38
2025-07,JP,prescription_event,50
2025-07,US,prescription_event,93
2025-08,AU,prescription_event,16
2025-08,CA,prescription_event,11
2025-08,CN,prescription_event,40
2025-08,DE,prescription_event,44
2025-08,FR,prescription_event,33
2025-08,JP,prescription_event,45
2025-08,US,prescription_event,83
2025-09,AU,prescription_event,15
2025-09,CA,prescription_event,12
2025-09,CN,prescription_event,25
2025-09,DE,prescription_event,39
2025-09,FR,prescription_event,28
2025-09,JP,prescription_event,43
2025-09,US,prescription_event,75
2025-10,AU,prescription_event,13
2025-10,CA,prescription_event,10
2025-10,CN,prescription_event,38
2025-10,DE,prescription_event,47
2025-10,FR,prescription_event,37
2025-10,JP,prescription_event,43
2025-10,US,prescription_event,75
2025-11,AU,prescription_event,20
2025-11,CA,prescription_event,14
2025-11,CN,prescription_event,23
2025-11,DE,prescription_event,34
2025-11,FR,prescription_event,23
2025-11,JP,prescription_event,43
2025-11,US,prescription_event,62
2025-12,AU,prescription_event,13
2025-12,CA,prescription_event,10
2025-12,CN,prescription_event,25
2025-12,DE,prescription_event,20
2025-12,FR,prescription_event,14
2025-12,JP,prescription_event,26
2025-12,US,prescription_event,56
2019-03,JP,adverse_event,2
2019-06,CN,adverse_event,1
2019-06,DE,adverse_event,1
2019-06,FR,adverse_event,1
2019-06,JP,adverse_event,1
2019-06,US,adverse_event,1
2019-07,JP,adverse_event,1
2019-07,US,adverse_event,1
2019-08,CA,adverse_event,1
2019-08,CN,adverse_event,1
2019-08,FR,adverse_event,1
2019-08,US,adverse_event,1
2019-10,AU,adverse_event,1
2019-10,CA,adverse_event,1
2019-10,DE,adverse_event,1
2019-11,JP,adverse_event,1
2019-11,US,adverse_event,2
2019-12,CN,adverse_event,3
2019-12,DE,adverse_event,1
2019-12,FR,adverse_event,1
2019-12,US,adverse_event,1
2020-01,FR,adverse_event,2
2020-01,JP,adverse_event,1
2020-01,US,adverse_event,1
2020-02,US,adverse_event,2
2020-03,AU,adverse_event,1
2020-03,CN,adverse_event,1
2020-03,DE,adverse_event,1
2020-03,FR,adverse_event,1
2020-03,JP,adverse_event,2
2020-03,US,adverse_event,2
2020-04,DE,adverse_event,2
2020-04,US,adverse_event,2
2020-05,CN,adverse_event,1
2020-05,FR,adverse_event,1
2020-06,CA,adverse_event,1
2020-06,FR,adverse_event,2
2020-06,US,adverse_event,6
2020-07,CN,adverse_event,2
2020-07,US,adverse_event,2
2020-08,CA,adverse_event,1
2020-08,DE,adverse_event,1
2020-09,DE,adverse_event,3
2020-09,US,adverse_event,1
2020-10,CN,adverse_event,1
2020-10,US,adverse_event,3
2020-11,DE,adverse_event,2
2020-11,JP,adverse_event,1
2020-12,CN,adverse_event,1
2020-12,JP,adverse_event,2
2021-01,AU,adverse_event,1
2021-01,US,adverse_event,3
2021-02,FR,adverse_event,1
2021-02,US,adverse_event,1
2021-03,DE,adverse_event,2
2021-03,US,adverse_event,1
2021-04,JP,adverse_event,1
2021-04,US,adverse_event,4
2021-05,CN,adverse_event,1
2021-05,FR,adverse_event,1
2021-05,JP,adverse_event,1
2021-06,AU,adverse_event,1
2021-06,CN,adverse_event,1
2021-06,DE,adverse_event,1
2021-06,FR,adverse_event,3
2021-06,JP,adverse_event,1
2021-06,US,adverse_event,1
2021-07,CN,adverse_event,1
2021-07,DE,adverse_event,1
2021-07,JP,adverse_event,1
2021-08,DE,adverse_event,1
2021-08,JP,adverse_event,2
2021-08,US,adverse_event,3
2021-09,CN,adverse_event,2
2021-09,DE,adverse_event,1
2021-09,US,adverse_event,2
2021-10,CA,adverse_event,1
2021-10,DE,adverse_event,2
2021-10,JP,adverse_event,2
2021-10,US,adverse_event,3
2021-11,DE,adverse_event,2
2021-11,FR,adverse_event,1
2021-11,JP,adverse_event,1
2021-11,US,adverse_event,2
2021-12,JP,adverse_event,1
2022-01,AU,adverse_event,1
2022-01,CN,adverse_event,1
2022-01,DE,adverse_event,1
2022-01,FR,adverse_event,1
2022-01,JP,adverse_event,1
2022-01,US,adverse_event,3
2022-02,CN,adverse_event,1
2022-02,DE,adverse_event,1
2022-02,JP,adverse_event,1
2022-02,US,adverse_event,2
2022-03,CA,adverse_event,2
2022-03,DE,adverse_event,2
2022-03,FR,adverse_event,1
2022-03,US,adverse_event,1
2022-04,CN,adverse_event,3
2022-04,DE,adverse_event,2
2022-04,FR,adverse_event,1
2022-04,JP,adverse_event,1
2022-04,US,adverse_event,2
2022-05,AU,adverse_event,1
2022-05,CN,adverse_event,3
2022-05,DE,adverse_event,1
2022-05,FR,adverse_event,1
2022-05,JP,adverse_event,1
2022-05,US,adverse_event,1
2022-06,AU,adverse_event,2
2022-06,CN,adverse_event,2
2022-06,FR,adverse_event,1
2022-06,US,adverse_event,2
2022-07,CA,adverse_event,2
2022-07,DE,adverse_event,1
2022-07,JP,adverse_event,2
2022-07,US,adverse_event,2
2022-08,AU,adverse_event,1
2022-08,CA,adverse_event,1
2022-08,JP,adverse_event,1
2022-08,US,adverse_event,2
2022-09,CA,adverse_event,1
2022-09,DE,adverse_event,1
2022-09,US,adverse_event,1
2022-10,CA,adverse_event,2
2022-10,DE,adverse_event,3
2022-10,FR,adverse_event,1
2022-10,JP,adverse_event,2
2022-10,US,adverse_event,1
2022-11,DE,adverse_event,3
2022-11,US,adverse_event,1
2022-12,AU,adverse_event,1
2022-12,FR,adverse_event,2
2022-12,US,adverse_event,2
2023-01,CA,adverse_event,1
2023-01,DE,adverse_event,1
2023-01,FR,adverse_event,1
2023-01,JP,adverse_event,1
2023-01,US,adverse_event,2
2023-02,CA,adverse_event,1
2023-02,CN,adverse_event,2
2023-02,DE,adverse_event,1
2023-02,JP,adverse_event,1
2023-03,AU,adverse_event,3
2023-03,DE,adverse_event,1
2023-03,FR,adverse_event,1
2023-03,US,adverse_event,2
2023-04,CA,adverse_event,1
2023-04,CN,adverse_event,1
2023-04,DE,adverse_event,1
2023-04,FR,adverse_event,1
2023-04,US,adverse_event,1
2023-05,CA,adverse_event,1
2023-05,DE,adverse_event,1
2023-05,FR,adverse_event,3
2023-05,JP,adverse_event,2
2023-06,AU,adverse_event,1
2023-06,CA,adverse_event,1
2023-06,CN,adverse_event,2
2023-06,JP,adverse_event,1
2023-06,US,adverse_event,3
2023-07,CA,adverse_event,2
2023-07,DE,adverse_event,1
2023-07,JP,adverse_event,2
2023-07,US,adverse_event,1
2023-08,CN,adverse_event,1
2023-08,DE,adverse_event,1
2023-08,US,adverse_event,1
2023-09,AU,adverse_event,1
2023-09,CA,adverse_event,3
2023-09,FR,adverse_event,2
2023-09,US,adverse_event,1
2023-10,AU,adverse_event,1
2023-10,CA,adverse_event,1
2023-10,DE,adverse_event,1
2023-10,JP,adverse_event,1
2023-10,US,adverse_event,2
2023-11,CN,adverse_event,1
2023-11,DE,adverse_event,1
2023-11,FR,adverse_event,3
2023-11,JP,adverse_event,1
2023-11,US,adverse_event,4
2023-12,DE,adverse_event,2
2023-12,FR,adverse_event,1
2023-12,JP,adverse_event,2
2023-12,US,adverse_event,2
2024-01,CN,adverse_event,1
2024-01,DE,adverse_event,1
2024-01,US,adverse_event,2
2024-02,AU,adverse_event,1
2024-02,CA,adverse_event,1
2024-02,DE,adverse_event,1
2024-02,FR,adverse_event,1
2024-02,JP,adverse_event,1
2024-02,US,adverse_event,1
2024-03,AU,adverse_event,1
2024-03,CA,adverse_event,2
2024-03,DE,adverse_event,4
2024-03,FR,adverse_event,1
2024-03,JP,adverse_event,1
2024-03,US,adverse_event,2
2024-04,CN,adverse_event,1
2024-04,DE,adverse_event,2
2024-04,FR,adverse_event,1
2024-04,JP,adverse_event,2
2024-05,CN,adverse_event,4
2024-05,FR,adverse_event,1
2024-05,US,adverse_event,1
2024-06,AU,adverse_event,1
2024-06,DE,adverse_event,1
2024-06,FR,adverse_event,1
2024-06,JP,adverse_event,2
2024-06,US,adverse_event,2
2024-07,AU,adverse_event,1
2024-07,CN,adverse_event,3
2024-07,FR,adverse_event,2
2024-07,JP,adverse_event,1
2024-07,US,adverse_event,2
2024-08,AU,adverse_event,1
2024-08,CA,adverse_event,1
2024-08,CN,adverse_event,1
2024-08,DE,adverse_event,3
2024-08,FR,adverse_event,1
2024-08,JP,adverse_event,1
2024-08,US,adverse_event,3
2024-09,AU,adverse_event,1
2024-09,DE,adverse_event,1
2024-09,FR,adverse_event,1
2024-09,US,adverse_event,3
2024-10,CN,adverse_event,1
2024-10,DE,adverse_event,2
2024-10,FR,adverse_event,1
2024-10,JP,adverse_event,1
2024-11,CN,adverse_event,1
2024-11,DE,adverse_event,1
2024-11,JP,adverse_event,2
2024-11,US,adverse_event,3
2024-12,CN,adverse_event,1
2024-12,DE,adverse_event,1
2024-12,FR,adverse_event,1
2024-12,JP,adverse_event,1
2024-12,US,adverse_event,3
2025-01,CA,adverse_event,1
2025-01,DE,adverse_event,2
2025-01,JP,adverse_event,1
2025-01,US,adverse_event,3
2025-02,AU,adverse_event,1
2025-02,CA,adverse_event,2
2025-02,CN,adverse_event,1
2025-02,DE,adverse_event,1
2025-02,FR,adverse_event,2
2025-02,JP,adverse_event,1
2025-02,US,adverse_event,2
2025-03,DE,adverse_event,1
2025-03,FR,adverse_event,1
2025-03,JP,adverse_event,2
2025-03,US,adverse_event,1
2025-04,CN,adverse_event,1
2025-04,JP,adverse_event,2
2025-04,US,adverse_event,3
2025-05,CA,adverse_event,1
2025-05,DE,adverse_event,2
2025-05,FR,adverse_event,1
2025-05,JP,adverse_event,1
2025-05,US,adverse_event,1
2025-06,DE,adverse_event,2
2025-06,JP,adverse_event,1
2025-06,US,adverse_event,6
2025-07,CA,adverse_event,1
2025-07,JP,adverse_event,2
2025-08,AU,adverse_event,1
2025-08,FR,adverse_event,1
2025-08,US,adverse_event,2
2025-09,AU,adverse_event,1
2025-09,CN,adverse_event,1
2025-09,DE,adverse_event,1
2025-10,AU,adverse_event,1
2025-10,DE,adverse_event,1
2025-10,FR,adverse_event,1
2025-10,JP,adverse_event,3
2025-10,US,adverse_event,2
2025-11,CA,adverse_event,1
2025-11,US,adverse_event,3
2025-12,AU,adverse_event,2
2025-12,DE,adverse_event,3
2025-12,US,adverse_event,3
2019-05,CN,outcome,1
2019-05,US,outcome,1
2019-09,CA,outcome,1
2019-09,FR,outcome,1
2019-09,JP,outcome,1
2019-10,CA,outcome,1
2019-10,DE,outcome,1
2019-11,CN,outcome,2
2019-11,JP,outcome,1
2019-11,US,outcome,1
2019-12,AU,outcome,1
2019-12,DE,outcome,1
2020-01,JP,outcome,1
2020-01,US,outcome,1
2020-02,FR,outcome,1
2020-03,DE,outcome,1
2020-03,FR,outcome,1
2020-03,JP,outcome,1
2020-03,US,outcome,3
2020-04,AU,outcome,1
2020-04,DE,outcome,3
2020-04,FR,outcome,1
2020-04,US,outcome,1
2020-05,DE,outcome,1
2020-05,FR,outcome,1
2020-06,CN,outcome,1
2020-06,FR,outcome,1
2020-06,JP,outcome,1
2020-06,US,outcome,1
2020-07,CN,outcome,1
2020-07,DE,outcome,1
2020-08,CA,outcome,1
2020-08,DE,outcome,2
2020-08,FR,outcome,1
2020-08,JP,outcome,1
2020-08,US,outcome,1
2020-09,AU,outcome,2
2020-09,CA,outcome,2
2020-09,CN,outcome,2
2020-09,DE,outcome,2
2020-09,JP,outcome,1
2020-09,US,outcome,2
2020-10,JP,outcome,2
2020-10,US,outcome,1
2020-11,DE,outcome,2
2020-12,AU,outcome,2
2020-12,CN,outcome,2
2020-12,DE,outcome,2
2020-12,FR,outcome,4
2020-12,JP,outcome,1
2020-12,US,outcome,1
2021-01,CA,outcome,2
2021-01,JP,outcome,1
2021-01,US,outcome,2
2021-02,AU,outcome,1
2021-02,DE,outcome,1
2021-02,FR,outcome,3
2021-02,JP,outcome,3
2021-02,US,outcome,2
2021-03,AU,outcome,1
2021-03,CA,outcome,2
2021-03,CN,outcome,1
2021-03,DE,outcome,3
2021-03,FR,outcome,1
2021-03,JP,outcome,3
2021-03,US,outcome,5
2021-04,AU,outcome,1
2021-04,CA,outcome,1
2021-04,CN,outcome,1
2021-04,JP,outcome,1
2021-04,US,outcome,2
2021-05,CA,outcome,1
2021-05,CN,outcome,3
2021-05,DE,outcome,2
2021-05,JP,outcome,1
2021-05,US,outcome,1
2021-06,CA,outcome,1
2021-06,CN,outcome,1
2021-06,DE,outcome,1
2021-06,FR,outcome,1
2021-06,JP,outcome,2
2021-06,US,outcome,4
2021-07,JP,outcome,2
2021-07,US,outcome,3
2021-08,CA,outcome,1
2021-08,CN,outcome,2
2021-08,DE,outcome,1
2021-08,JP,outcome,1
2021-08,US,outcome,1
2021-09,AU,outcome,2
2021-09,CA,outcome,1
2021-09,CN,outcome,2
2021-09,DE,outcome,2
2021-09,JP,outcome,1
2021-09,US,outcome,2
2021-10,CA,outcome,2
2021-10,FR,outcome,1
2021-10,US,outcome,1
2021-11,AU,outcome,2
2021-11,CA,outcome,2
2021-11,CN,outcome,1
2021-11,DE,outcome,1
2021-11,FR,outcome,1
2021-11,JP,outcome,3
2021-11,US,outcome,4
2021-12,AU,outcome,1
2021-12,CA,outcome,1
2021-12,CN,outcome,6
2021-12,DE,outcome,4
2021-12,FR,outcome,2
2021-12,JP,outcome,2
2021-12,US,outcome,5
2022-01,CA,outcome,2
2022-01,CN,outcome,1
2022-01,DE,outcome,2
2022-01,JP,outcome,3
2022-01,US,outcome,5
2022-02,CN,outcome,3
2022-02,DE,outcome,1
2022-02,FR,outcome,1
2022-02,US,outcome,3
2022-03,AU,outcome,2
2022-03,CA,outcome,1
2022-03,DE,outcome,2
2022-03,JP,outcome,2
2022-03,US,outcome,3
2022-04,AU,outcome,2
2022-04,CA,outcome,1
2022-04,CN,outcome,1
2022-04,DE,outcome,3
2022-04,FR,outcome,3
2022-04,JP,outcome,2
2022-04,US,outcome,4
2022-05,AU,outcome,2
2022-05,CN,outcome,3
2022-05,DE,outcome,4
2022-05,FR,outcome,2
2022-05,JP,outcome,4
2022-05,US,outcome,1
2022-06,CA,outcome,2
2022-06,CN,outcome,3
2022-06,DE,outcome,3
2022-06,FR,outcome,2
2022-06,JP,outcome,4
2022-06,US,outcome,4
2022-07,DE,outcome,1
2022-07,FR,outcome,3
2022-07,JP,outcome,1
2022-07,US,outcome,1
2022-08,AU,outcome,3
2022-08,CA,outcome,1
2022-08,CN,outcome,1
2022-08,DE,outcome,4
2022-08,FR,outcome,2
2022-08,JP,outcome,1
2022-08,US,outcome,4
2022-09,AU,outcome,2
2022-09,CA,outcome,1
2022-09,CN,outcome,4
2022-09,DE,outcome,6
2022-09,FR,outcome,1
2022-09,JP,outcome,3
2022-09,US,outcome,4
2022-10,CA,outcome,2
2022-10,CN,outcome,1
2022-10,DE,outcome,2
2022-10,JP,outcome,4
2022-10,US,outcome,2
2022-11,CA,outcome,1
2022-11,CN,outcome,1
2022-11,DE,outcome,4
2022-11,FR,outcome,4
2022-11,JP,outcome,4
2022-11,US,outcome,4
2022-12,AU,outcome,4
2022-12,CA,outcome,3
2022-12,CN,outcome,4
2022-12,FR,outcome,2
2022-12,JP,outcome,1
2022-12,US,outcome,5
2023-01,AU,outcome,4
2023-01,CA,outcome,1
2023-01,CN,outcome,3
2023-01,DE,outcome,4
2023-01,FR,outcome,3
2023-01,JP,outcome,3
2023-01,US,outcome,7
2023-02,AU,outcome,1
2023-02,CA,outcome,4
2023-02,CN,outcome,3
2023-02,DE,outcome,2
2023-02,FR,outcome,5
2023-02,JP,outcome,4
2023-02,US,outcome,8
2023-03,AU,outcome,2
2023-03,CA,outcome,3
2023-03,CN,outcome,3
2023-03,DE,outcome,5
2023-03,FR,outcome,4
2023-03,JP,outcome,4
2023-03,US,outcome,3
2023-04,AU,outcome,4
2023-04,CA,outcome,1
2023-04,CN,outcome,3
2023-04,DE,outcome,2
2023-04,FR,outcome,3
2023-04,US,outcome,6
2023-05,AU,outcome,3
2023-05,CA,outcome,4
2023-05,CN,outcome,4
2023-05,DE,outcome,3
2023-05,FR,outcome,2
2023-05,JP,outcome,4
2023-05,US,outcome,5
2023-06,AU,outcome,5
2023-06,CA,outcome,4
2023-06,CN,outcome,6
2023-06,DE,outcome,3
2023-06,FR,outcome,3
2023-06,JP,outcome,5
2023-06,US,outcome,5
2023-07,AU,outcome,2
2023-07,CA,outcome,1
2023-07,CN,outcome,8
2023-07,DE,outcome,2
2023-07,FR,outcome,2
2023-07,JP,outcome,4
2023-07,US,outcome,7
2023-08,AU,outcome,2
2023-08,CA,outcome,2
2023-08,CN,outcome,3
2023-08,DE,outcome,6
2023-08,FR,outcome,3
2023-08,JP,outcome,7
2023-08,US,outcome,6
2023-09,AU,outcome,1
2023-09,CA,outcome,5
2023-09,CN,outcome,4
2023-09,DE,outcome,4
2023-09,FR,outcome,2
2023-09,JP,outcome,5
2023-09,US,outcome,13
2023-10,CA,outcome,4
2023-10,CN,outcome,5
2023-10,DE,outcome,2
2023-10,FR,outcome,2
2023-10,JP,outcome,5
2023-10,US,outcome,6
2023-11,AU,outcome,1
2023-11,CA,outcome,2
2023-11,CN,outcome,5
2023-11,DE,outcome,4
2023-11,FR,outcome,4
2023-11,JP,outcome,1
2023-11,US,outcome,5
2023-12,CA,outcome,3
2023-12,CN,outcome,8
2023-12,DE,outcome,10
2023-12,FR,outcome,4
2023-12,JP,outcome,5
2023-12,US,outcome,7
2024-01,AU,outcome,3
2024-01,CA,outcome,3
2024-01,CN,outcome,2
2024-01,DE,outcome,4
2024-01,FR,outcome,3
2024-01,JP,outcome,3
2024-01,US,outcome,8
2024-02,AU,outcome,2
2024-02,CN,outcome,5
2024-02,DE,outcome,5
2024-02,FR,outcome,2
2024-02,JP,outcome,2
2024-02,US,outcome,4
2024-03,AU,outcome,1
2024-03,CA,outcome,3
2024-03,CN,outcome,3
2024-03,DE,outcome,4
2024-03,FR,outcome,1
2024-03,JP,outcome,7
2024-03,US,outcome,10
2024-04,AU,outcome,1
2024-04,CN,outcome,3
2024-04,DE,outcome,10
2024-04,FR,outcome,2
2024-04,JP,outcome,8
2024-04,US,outcome,5
2024-05,AU,outcome,4
2024-05,CA,outcome,3
2024-05,CN,outcome,5
2024-05,DE,outcome,5
2024-05,FR,outcome,2
2024-05,JP,outcome,4
2024-05,US,outcome,12
2024-06,AU,outcome,2
2024-06,CA,outcome,5
2024-06,CN,outcome,6
2024-06,DE,outcome,5
2024-06,FR,outcome,4
2024-06,JP,outcome,6
2024-06,US,outcome,4
2024-07,AU,outcome,2
2024-07,CA,outcome,4
2024-07,CN,outcome,6
2024-07,DE,outcome,5
2024-07,FR,outcome,1
2024-07,JP,outcome,7
2024-07,US,outcome,8
2024-08,AU,outcome,1
2024-08,CA,outcome,4
2024-08,CN,outcome,5
2024-08,DE,outcome,8
2024-08,FR,outcome,5
2024-08,JP,outcome,4
2024-08,US,outcome,12
2024-09,AU,outcome,4
2024-09,CA,outcome,5
2024-09,CN,outcome,5
2024-09,DE,outcome,11
2024-09,FR,outcome,3
2024-09,JP,outcome,1
2024-09,US,outcome,13
2024-10,AU,outcome,3
2024-10,CA,outcome,9
2024-10,CN,outcome,3
2024-10,DE,outcome,6
2024-10,FR,outcome,5
2024-10,JP,outcome,5
2024-10,US,outcome,10
2024-11,CA,outcome,4
2024-11,CN,outcome,7
2024-11,DE,outcome,5
2024-11,FR,outcome,5
2024-11,JP,outcome,3
2024-11,US,outcome,14
2024-12,AU,outcome,5
2024-12,CA,outcome,9
2024-12,CN,outcome,8
2024-12,DE,outcome,7
2024-12,FR,outcome,4
2024-12,JP,outcome,4
2024-12,US,outcome,10
2025-01,CA,outcome,2
2025-01,CN,outcome,7
2025-01,DE,outcome,5
2025-01,FR,outcome,9
2025-01,JP,outcome,11
2025-01,US,outcome,7
2025-02,AU,outcome,2
2025-02,CA,outcome,3
2025-02,CN,outcome,8
2025-02,DE,outcome,6
2025-02,FR,outcome,7
2025-02,JP,outcome,4
2025-02,US,outcome,6
2025-03,AU,outcome,3
2025-03,CA,outcome,6
2025-03,CN,outcome,5
2025-03,DE,outcome,5
2025-03,FR,outcome,3
2025-03,JP,outcome,1
2025-03,US,outcome,12
2025-04,AU,outcome,4
2025-04,CA,outcome,4
2025-04,CN,outcome,6
2025-04,DE,outcome,7
2025-04,FR,outcome,6
2025-04,JP,outcome,3
2025-04,US,outcome,8
2025-05,AU,outcome,4
2025-05,CA,outcome,4
2025-05,CN,outcome,5
2025-05,DE,outcome,12
2025-05,FR,outcome,5
2025-05,JP,outcome,8
2025-05,US,outcome,13
2025-06,AU,outcome,4
2025-06,CA,outcome,3
2025-06,CN,outcome,2
2025-06,DE,outcome,8
2025-06,FR,outcome,6
2025-06,JP,outcome,6
2025-06,US,outcome,7
2025-07,AU,outcome,5
2025-07,CA,outcome,6
2025-07,CN,outcome,6
2025-07,DE,outcome,7
2025-07,FR,outcome,4
2025-07,JP,outcome,8
2025-07,US,outcome,14
2025-08,AU,outcome,6
2025-08,CA,outcome,3
2025-08,CN,outcome,8
2025-08,DE,outcome,5
2025-08,FR,outcome,6
2025-08,JP,outcome,7
2025-08,US,outcome,13
2025-09,AU,outcome,2
2025-09,CA,outcome,5
2025-09,CN,outcome,6
2025-09,DE,outcome,11
2025-09,FR,outcome,5
2025-09,JP,outcome,4
2025-09,US,outcome,9
2025-10,AU,outcome,2
2025-10,CA,outcome,3
2025-10,CN,outcome,3
2025-10,DE,outcome,5
2025-10,FR,outcome,6
2025-10,JP,outcome,5
2025-10,US,outcome,10
2025-11,AU,outcome,4
2025-11,CA,outcome,6
2025-11,CN,outcome,4
2025-11,DE,outcome,6
2025-11,FR,outcome,3
2025-11,JP,outcome,4
2025-11,US,outcome,13
2025-12,AU,outcome,682
2025-12,CA,outcome,739
2025-12,CN,outcome,979
2025-12,DE,outcome,1538
2025-12,FR,outcome,926
2025-12,JP,outcome,1379
2025-12,US,outcome,2215
2019-01,AU,patient_journey,1
2019-01,CA,patient_journey,2
2019-01,CN,patient_journey,2
2019-01,DE,patient_journey,7
2019-01,FR,patient_journey,5
2019-01,JP,patient_journey,5
2019-01,US,patient_journey,8
2019-02,AU,patient_journey,1
2019-02,CA,patient_journey,4
2019-02,CN,patient_journey,5
2019-02,DE,patient_journey,3
2019-02,FR,patient_journey,5
2019-02,JP,patient_journey,4
2019-02,US,patient_journey,10
2019-03,AU,patient_journey,1
2019-03,CA,patient_journey,5
2019-03,CN,patient_journey,7
2019-03,DE,patient_journey,4
2019-03,FR,patient_journey,3
2019-03,JP,patient_journey,5
2019-03,US,patient_journey,13
2019-04,AU,patient_journey,1
2019-04,CA,patient_journey,3
2019-04,CN,patient_journey,5
2019-04,DE,patient_journey,5
2019-04,FR,patient_journey,2
2019-04,JP,patient_journey,5
2019-04,US,patient_journey,10
2019-05,AU,patient_journey,2
2019-05,CA,patient_journey,3
2019-05,CN,patient_journey,8
2019-05,DE,patient_journey,8
2019-05,FR,patient_journey,4
2019-05,JP,patient_journey,3
2019-05,US,patient_journey,11
2019-06,AU,patient_journey,2
2019-06,CA,patient_journey,4
2019-06,CN,patient_journey,2
2019-06,DE,patient_journey,6
2019-06,FR,patient_journey,5
2019-06,JP,patient_journey,6
2019-06,US,patient_journey,10
2019-07,CA,patient_journey,1
2019-07,CN,patient_journey,5
2019-07,DE,patient_journey,5
2019-07,FR,patient_journey,3
2019-07,JP,patient_journey,4
2019-07,US,patient_journey,9
2019-08,AU,patient_journey,4
2019-08,CA,patient_journey,1
2019-08,CN,patient_journey,3
2019-08,DE,patient_journey,6
2019-08,FR,patient_journey,1
2019-08,JP,patient_journey,6
2019-08,US,patient_journey,7
2019-09,AU,patient_journey,2
2019-09,CA,patient_journey,2
2019-09,CN,patient_journey,7
2019-09,DE,patient_journey,7
2019-09,FR,patient_journey,3
2019-09,JP,patient_journey,7
2019-09,US,patient_journey,10
2019-10,AU,patient_journey,1
2019-10,CA,patient_journey,4
2019-10,CN,patient_journey,12
2019-10,DE,patient_journey,6
2019-10,FR,patient_journey,2
2019-10,JP,patient_journey,7
2019-10,US,patient_journey,17
2019-11,AU,patient_journey,2
2019-11,CA,patient_journey,3
2019-11,CN,patient_journey,5
2019-11,DE,patient_journey,6
2019-11,FR,patient_journey,3
2019-11,JP,patient_journey,11
2019-11,US,patient_journey,12
2019-12,AU,patient_journey,3
2019-12,CA,patient_journey,3
2019-12,CN,patient_journey,9
2019-12,DE,patient_journey,7
2019-12,FR,patient_journey,1
2019-12,JP,patient_journey,4
2019-12,US,patient_journey,7
2020-01,AU,patient_journey,3
2020-01,CA,patient_journey,1
2020-01,CN,patient_journey,6
2020-01,DE,patient_journey,5
2020-01,FR,patient_journey,4
2020-01,JP,patient_journey,2
2020-01,US,patient_journey,10
2020-02,AU,patient_journey,1
2020-02,CA,patient_journey,1
2020-02,CN,patient_journey,5
2020-02,DE,patient_journey,4
2020-02,FR,patient_journey,1
2020-02,JP,patient_journey,4
2020-02,US,patient_journey,12
2020-03,CA,patient_journey,1
2020-03,CN,patient_journey,8
2020-03,DE,patient_journey,3
2020-03,FR,patient_journey,2
2020-03,JP,patient_journey,5
2020-03,US,patient_journey,11
2020-04,AU,patient_journey,2
2020-04,CA,patient_journey,1
2020-04,CN,patient_journey,7
2020-04,DE,patient_journey,5
2020-04,FR,patient_journey,3
2020-04,JP,patient_journey,5
2020-04,US,patient_journey,10
2020-05,AU,patient_journey,3
2020-05,CA,patient_journey,5
2020-05,CN,patient_journey,2
2020-05,DE,patient_journey,8
2020-05,FR,patient_journey,2
2020-05,JP,patient_journey,4
2020-05,US,patient_journey,11
2020-06,AU,patient_journey,2
2020-06,CA,patient_journey,2
2020-06,CN,patient_journey,3
2020-06,DE,patient_journey,4
2020-06,FR,patient_journey,4
2020-06,JP,patient_journey,5
2020-06,US,patient_journey,13
2020-07,AU,patient_journey,5
2020-07,CA,patient_journey,1
2020-07,CN,patient_journey,5
2020-07,DE,patient_journey,4
2020-07,FR,patient_journey,10
2020-07,JP,patient_journey,2
2020-07,US,patient_journey,10
2020-08,CA,patient_journey,3
2020-08,CN,patient_journey,3
2020-08,DE,patient_journey,9
2020-08,FR,patient_journey,3
2020-08,JP,patient_journey,2
2020-08,US,patient_journey,14
2020-09,AU,patient_journey,3
2020-09,CA,patient_journey,3
2020-09,CN,patient_journey,2
2020-09,DE,patient_journey,7
2020-09,FR,patient_journey,1
2020-09,JP,patient_journey,8
2020-09,US,patient_journey,11
2020-10,AU,patient_journey,1
2020-10,CA,patient_journey,2
2020-10,CN,patient_journey,5
2020-10,DE,patient_journey,4
2020-10,FR,patient_journey,2
2020-10,JP,patient_journey,3
2020-10,US,patient_journey,14
2020-11,AU,patient_journey,2
2020-11,CA,patient_journey,2
2020-11,CN,patient_journey,5
2020-11,FR,patient_journey,1
2020-11,JP,patient_journey,6
2020-11,US,patient_journey,18
2020-12,AU,patient_journey,2
2020-12,CA,patient_journey,1
2020-12,CN,patient_journey,6
2020-12,DE,patient_journey,6
2020-12,FR,patient_journey,3
2020-12,JP,patient_journey,4
2020-12,US,patient_journey,12
2021-01,CA,patient_journey,4
2021-01,CN,patient_journey,10
2021-01,DE,patient_journey,2
2021-01,FR,patient_journey,7
2021-01,JP,patient_journey,8
2021-01,US,patient_journey,6
2021-02,AU,patient_journey,2
2021-02,CA,patient_journey,2
2021-02,CN,patient_journey,6
2021-02,DE,patient_journey,4
2021-02,FR,patient_journey,2
2021-02,JP,patient_journey,5
2021-02,US,patient_journey,8
2021-03,AU,patient_journey,1
2021-03,CA,patient_journey,4
2021-03,CN,patient_journey,4
2021-03,DE,patient_journey,5
2021-03,FR,patient_journey,2
2021-03,JP,patient_journey,1
2021-03,US,patient_journey,10
2021-04,AU,patient_journey,1
2021-04,CA,patient_journey,3
2021-04,CN,patient_journey,11
2021-04,DE,patient_journey,1
2021-04,FR,patient_journey,2
2021-04,JP,patient_journey,7
2021-04,US,patient_journey,9
2021-05,CA,patient_journey,2
2021-05,CN,patient_journey,3
2021-05,DE,patient_journey,3
2021-05,JP,patient_journey,14
2021-05,US,patient_journey,9
2021-06,CA,patient_journey,3
2021-06,CN,patient_journey,7
2021-06,DE,patient_journey,4
2021-06,JP,patient_journey,6
2021-06,US,patient_journey,10
2021-07,AU,patient_journey,2
2021-07,CA,patient_journey,1
2021-07,CN,patient_journey,5
2021-07,DE,patient_journey,6
2021-07,FR,patient_journey,2
2021-07,JP,patient_journey,7
2021-07,US,patient_journey,11
2021-08,AU,patient_journey,3
2021-08,CA,patient_journey,3
2021-08,CN,patient_journey,2
2021-08,DE,patient_journey,2
2021-08,FR,patient_journey,2
2021-08,JP,patient_journey,3
2021-08,US,patient_journey,7
2021-09,CA,patient_journey,1
2021-09,CN,patient_journey,6
2021-09,DE,patient_journey,2
2021-09,FR,patient_journey,5
2021-09,JP,patient_journey,4
2021-09,US,patient_journey,10
2021-10,AU,patient_journey,2
2021-10,CA,patient_journey,2
2021-10,CN,patient_journey,1
2021-10,DE,patient_journey,8
2021-10,FR,patient_journey,5
2021-10,JP,patient_journey,3
2021-10,US,patient_journey,6
2021-11,AU,patient_journey,1
2021-11,CA,patient_journey,1
2021-11,CN,patient_journey,7
2021-11,DE,patient_journey,6
2021-11,FR,patient_journey,3
2021-11,JP,patient_journey,7
2021-11,US,patient_journey,7
2021-12,AU,patient_journey,2
2021-12,CA,patient_journey,1
2021-12,CN,patient_journey,9
2021-12,DE,patient_journey,5
2021-12,FR,patient_journey,4
2021-12,JP,patient_journey,5
2021-12,US,patient_journey,7
2022-01,CA,patient_journey,2
2022-01,CN,patient_journey,3
2022-01,DE,patient_journey,9
2022-01,FR,patient_journey,4
2022-01,JP,patient_journey,3
2022-01,US,patient_journey,11
2022-02,CA,patient_journey,3
2022-02,CN,patient_journey,4
2022-02,DE,patient_journey,5
2022-02,FR,patient_journey,5
2022-02,US,patient_journey,9
2022-03,AU,patient_journey,1
2022-03,CA,patient_journey,5
2022-03,CN,patient_journey,5
2022-03,DE,patient_journey,8
2022-03,FR,patient_journey,2
2022-03,JP,patient_journey,5
2022-03,US,patient_journey,13
2022-04,AU,patient_journey,1
2022-04,CA,patient_journey,2
2022-04,CN,patient_journey,5
2022-04,DE,patient_journey,3
2022-04,FR,patient_journey,4
2022-04,JP,patient_journey,4
2022-04,US,patient_journey,8
2022-05,AU,patient_journey,1
2022-05,CN,patient_journey,4
2022-05,DE,patient_journey,12
2022-05,JP,patient_journey,4
2022-05,US,patient_journey,7
2022-06,AU,patient_journey,3
2022-06,CA,patient_journey,2
2022-06,CN,patient_journey,5
2022-06,DE,patient_journey,9
2022-06,FR,patient_journey,1
2022-06,JP,patient_journey,4
2022-06,US,patient_journey,6
2022-07,AU,patient_journey,3
2022-07,CA,patient_journey,5
2022-07,CN,patient_journey,6
2022-07,DE,patient_journey,7
2022-07,FR,patient_journey,3
2022-07,JP,patient_journey,2
2022-07,US,patient_journey,13
2022-08,AU,patient_journey,3
2022-08,CA,patient_journey,4
2022-08,CN,patient_journey,6
2022-08,DE,patient_journey,7
2022-08,FR,patient_journey,6
2022-08,JP,patient_journey,6
2022-08,US,patient_journey,2
2022-09,CA,patient_journey,1
2022-09,CN,patient_journey,9
2022-09,DE,patient_journey,9
2022-09,FR,patient_journey,7
2022-09,JP,patient_journey,1
2022-09,US,patient_journey,11
2022-10,AU,patient_journey,3
2022-10,CA,patient_journey,4
2022-10,CN,patient_journey,9
2022-10,DE,patient_journey,5
2022-10,FR,patient_journey,2
2022-10,JP,patient_journey,9
2022-10,US,patient_journey,8
2022-11,AU,patient_journey,1
2022-11,CA,patient_journey,2
2022-11,CN,patient_journey,6
2022-11,DE,patient_journey,6
2022-11,FR,patient_journey,2
2022-11,JP,patient_journey,9
2022-11,US,patient_journey,14
2022-12,AU,patient_journey,1
2022-12,CA,patient_journey,2
2022-12,CN,patient_journey,8
2022-12,DE,patient_journey,8
2022-12,FR,patient_journey,7
2022-12,JP,patient_journey,2
2022-12,US,patient_journey,14
2023-01,AU,patient_journey,2
2023-01,CA,patient_journey,6
2023-01,CN,patient_journey,5
2023-01,DE,patient_journey,5
2023-01,FR,patient_journey,2
2023-01,JP,patient_journey,6
2023-01,US,patient_journey,8
2023-02,AU,patient_journey,1
2023-02,CA,patient_journey,3
2023-02,CN,patient_journey,5
2023-02,DE,patient_journey,6
2023-02,FR,patient_journey,5
2023-02,JP,patient_journey,8
2023-02,US,patient_journey,8
2023-03,AU,patient_journey,3
2023-03,CN,patient_journey,7
2023-03,DE,patient_journey,2
2023-03,FR,patient_journey,4
2023-03,JP,patient_journey,3
2023-03,US,patient_journey,7
2023-04,AU,patient_journey,2
2023-04,CA,patient_journey,2
2023-04,CN,patient_journey,4
2023-04,DE,patient_journey,7
2023-04,FR,patient_journey,3
2023-04,JP,patient_journey,5
2023-04,US,patient_journey,7
2023-05,AU,patient_journey,2
2023-05,CA,patient_journey,2
2023-05,CN,patient_journey,6
2023-05,DE,patient_journey,3
2023-05,FR,patient_journey,3
2023-05,JP,patient_journey,8
2023-05,US,patient_journey,15
2023-06,AU,patient_journey,2
2023-06,CA,patient_journey,4
2023-06,CN,patient_journey,3
2023-06,DE,patient_journey,8
2023-06,FR,patient_journey,3
2023-06,JP,patient_journey,4
2023-06,US,patient_journey,5
2023-07,AU,patient_journey,1
2023-07,CA,patient_journey,3
2023-07,CN,patient_journey,7
2023-07,DE,patient_journey,6
2023-07,FR,patient_journey,5
2023-07,JP,patient_journey,3
2023-07,US,patient_journey,10
2023-08,AU,patient_journey,1
2023-08,CA,patient_journey,2
2023-08,CN,patient_journey,8
2023-08,DE,patient_journey,12
2023-08,FR,patient_journey,5
2023-08,JP,patient_journey,6
2023-08,US,patient_journey,11
2023-09,AU,patient_journey,2
2023-09,CA,patient_journey,1
2023-09,CN,patient_journey,4
2023-09,DE,patient_journey,4
2023-09,FR,patient_journey,1
2023-09,JP,patient_journey,4
2023-09,US,patient_journey,10
2023-10,AU,patient_journey,1
2023-10,CA,patient_journey,1
2023-10,CN,patient_journey,7
2023-10,DE,patient_journey,6
2023-10,FR,patient_journey,2
2023-10,JP,patient_journey,6
2023-10,US,patient_journey,8
2023-11,AU,patient_journey,1
2023-11,CA,patient_journey,2
2023-11,CN,patient_journey,3
2023-11,DE,patient_journey,5
2023-11,FR,patient_journey,3
2023-11,JP,patient_journey,3
2023-11,US,patient_journey,11
2023-12,CA,patient_journey,3
2023-12,CN,patient_journey,4
2023-12,DE,patient_journey,6
2023-12,FR,patient_journey,4
2023-12,JP,patient_journey,6
2023-12,US,patient_journey,8
2024-01,AU,patient_journey,2
2024-01,CA,patient_journey,3
2024-01,CN,patient_journey,7
2024-01,DE,patient_journey,8
2024-01,FR,patient_journey,3
2024-01,JP,patient_journey,5
2024-01,US,patient_journey,11
2024-02,CA,patient_journey,1
2024-02,CN,patient_journey,4
2024-02,DE,patient_journey,4
2024-02,FR,patient_journey,3
2024-02,JP,patient_journey,3
2024-02,US,patient_journey,8
2024-03,AU,patient_journey,3
2024-03,CA,patient_journey,2
2024-03,CN,patient_journey,3
2024-03,DE,patient_journey,10
2024-03,FR,patient_journey,3
2024-03,JP,patient_journey,5
2024-03,US,patient_journey,8
2024-04,AU,patient_journey,2
2024-04,CA,patient_journey,4
2024-04,CN,patient_journey,3
2024-04,DE,patient_journey,1
2024-04,FR,patient_journey,4
2024-04,JP,patient_journey,6
2024-04,US,patient_journey,12
2024-05,AU,patient_journey,4
2024-05,CA,patient_journey,1
2024-05,CN,patient_journey,7
2024-05,DE,patient_journey,6
2024-05,FR,patient_journey,2
2024-05,JP,patient_journey,2
2024-05,US,patient_journey,12
2024-06,AU,patient_journey,2
2024-06,CA,patient_journey,2
2024-06,CN,patient_journey,10
2024-06,DE,patient_journey,7
2024-06,FR,patient_journey,5
2024-06,JP,patient_journey,4
2024-06,US,patient_journey,6
2024-07,CA,patient_journey,4
2024-07,CN,patient_journey,5
2024-07,DE,patient_journey,3
2024-07,FR,patient_journey,5
2024-07,JP,patient_journey,9
2024-07,US,patient_journey,8
2024-08,AU,patient_journey,4
2024-08,CA,patient_journey,1
2024-08,CN,patient_journey,6
2024-08,DE,patient_journey,5
2024-08,FR,patient_journey,3
2024-08,JP,patient_journey,4
2024-08,US,patient_journey,8
2024-09,AU,patient_journey,3
2024-09,CA,patient_journey,1
2024-09,CN,patient_journey,3
2024-09,DE,patient_journey,6
2024-09,FR,patient_journey,4
2024-09,JP,patient_journey,6
2024-09,US,patient_journey,8
