pathway,time_days,n_at_risk,events,censored,survival,estimator_note
mcrpc,0.0,346,0,0,1.0,"Standard KM; death and LTFU right-censored. Competing incidence is descriptive, so initiation probability may be overestimated."
mcrpc,7.0,346,0,2,1.0,"Standard KM; death and LTFU right-censored. Competing incidence is descriptive, so initiation probability may be overestimated."
mcrpc,10.0,344,0,1,1.0,"Standard KM; death and LTFU right-censored. Competing incidence is descriptive, so initiation probability may be overestimated."
mcrpc,15.0,343,0,1,1.0,"Standard KM; death and LTFU right-censored. Competing incidence is descriptive, so initiation probability may be overestimated."
mcrpc,18.0,342,0,1,1.0,"Standard KM; death and LTFU right-censored. Competing incidence is descriptive, so initiation probability may be overestimated."
mcrpc,26.0,341,1,0,0.9970674486803519,"Standard KM; death and LTFU right-censored. Competing incidence is descriptive, so initiation probability may be overestimated."
mcrpc,28.0,340,1,0,0.9941348973607038,"Standard KM; death and LTFU right-censored. Competing incidence is descriptive, so initiation probability may be overestimated."
mcrpc,33.0,339,0,1,0.9941348973607038,"Standard KM; death and LTFU right-censored. Competing incidence is descriptive, so initiation probability may be overestimated."
mcrpc,34.0,338,0,1,0.9941348973607038,"Standard KM; death and LTFU right-censored. Competing incidence is descriptive, so initiation probability may be overestimated."
mcrpc,39.0,337,0,1,0.9941348973607038,"Standard KM; death and LTFU right-censored. Competing incidence is descriptive, so initiation probability may be overestimated."
mcrpc,57.0,336,0,1,0.9941348973607038,"Standard KM; death and LTFU right-censored. Competing incidence is descriptive, so initiation probability may be overestimated."
mcrpc,73.0,335,0,1,0.9941348973607038,"Standard KM; death and LTFU right-censored. Competing incidence is descriptive, so initiation probability may be overestimated."
mcrpc,77.0,334,0,1,0.9941348973607038,"Standard KM; death and LTFU right-censored. Competing incidence is descriptive, so initiation probability may be overestimated."
mcrpc,81.0,333,0,1,0.9941348973607038,"Standard KM; death and LTFU right-censored. Competing incidence is descriptive, so initiation probability may be overestimated."
mcrpc,82.0,332,0,1,0.9941348973607038,"Standard KM; death and LTFU right-censored. Competing incidence is descriptive, so initiation probability may be overestimated."
mcrpc,83.0,331,0,1,0.9941348973607038,"Standard KM; death and LTFU right-censored. Competing incidence is descriptive, so initiation probability may be overestimated."
mcrpc,90.0,330,1,0,0.9911223673687016,"Standard KM; death and LTFU right-censored. Competing incidence is descriptive, so initiation probability may be overestimated."
mcrpc,100.0,329,0,1,0.9911223673687016,"Standard KM; death and LTFU right-censored. Competing incidence is descriptive, so initiation probability may be overestimated."
mcrpc,101.0,328,0,1,0.9911223673687016,"Standard KM; death and LTFU right-censored. Competing incidence is descriptive, so initiation probability may be overestimated."
mcrpc,104.0,327,0,1,0.9911223673687016,"Standard KM; death and LTFU right-censored. Competing incidence is descriptive, so initiation probability may be overestimated."
mcrpc,108.0,326,0,1,0.9911223673687016,"Standard KM; death and LTFU right-censored. Competing incidence is descriptive, so initiation probability may be overestimated."
mcrpc,109.0,325,0,2,0.9911223673687016,"Standard KM; death and LTFU right-censored. Competing incidence is descriptive, so initiation probability may be overestimated."
mcrpc,113.0,323,0,1,0.9911223673687016,"Standard KM; death and LTFU right-censored. Competing incidence is descriptive, so initiation probability may be overestimated."
mcrpc,114.0,322,0,1,0.9911223673687016,"Standard KM; death and LTFU right-censored. Competing incidence is descriptive, so initiation probability may be overestimated."
mcrpc,119.0,321,0,1,0.9911223673687016,"Standard KM; death and LTFU right-censored. Competing incidence is descriptive, so initiation probability may be overestimated."
mcrpc,133.0,320,0,1,0.9911223673687016,"Standard KM; death and LTFU right-censored. Competing incidence is descriptive, so initiation probability may be overestimated."
mcrpc,135.0,319,0,1,0.9911223673687016,"Standard KM; death and LTFU right-censored. Competing incidence is descriptive, so initiation probability may be overestimated."
mcrpc,137.0,318,0,1,0.9911223673687016,"Standard KM; death and LTFU right-censored. Competing incidence is descriptive, so initiation probability may be overestimated."
mcrpc,138.0,317,0,1,0.9911223673687016,"Standard KM; death and LTFU right-censored. Competing incidence is descriptive, so initiation probability may be overestimated."
mcrpc,146.0,316,0,1,0.9911223673687016,"Standard KM; death and LTFU right-censored. Competing incidence is descriptive, so initiation probability may be overestimated."
mcrpc,154.0,315,0,2,0.9911223673687016,"Standard KM; death and LTFU right-censored. Competing incidence is descriptive, so initiation probability may be overestimated."
mcrpc,169.0,313,0,1,0.9911223673687016,"Standard KM; death and LTFU right-censored. Competing incidence is descriptive, so initiation probability may be overestimated."
mcrpc,173.0,312,0,1,0.9911223673687016,"Standard KM; death and LTFU right-censored. Competing incidence is descriptive, so initiation probability may be overestimated."
mcrpc,174.0,311,0,1,0.9911223673687016,"Standard KM; death and LTFU right-censored. Competing incidence is descriptive, so initiation probability may be overestimated."
mcrpc,178.0,310,0,1,0.9911223673687016,"Standard KM; death and LTFU right-censored. Competing incidence is descriptive, so initiation probability may be overestimated."
mcrpc,183.0,309,0,1,0.9911223673687016,"Standard KM; death and LTFU right-censored. Competing incidence is descriptive, so initiation probability may be overestimated."
mcrpc,184.0,308,0,3,0.9911223673687016,"Standard KM; death and LTFU right-censored. Competing incidence is descriptive, so initiation probability may be overestimated."
mcrpc,189.0,305,0,2,0.9911223673687016,"Standard KM; death and LTFU right-censored. Competing incidence is descriptive, so initiation probability may be overestimated."
mcrpc,190.0,303,0,1,0.9911223673687016,"Standard KM; death and LTFU right-censored. Competing incidence is descriptive, so initiation probability may be overestimated."
mcrpc,203.0,302,0,1,0.9911223673687016,"Standard KM; death and LTFU right-censored. Competing incidence is descriptive, so initiation probability may be overestimated."
mcrpc,205.0,301,0,1,0.9911223673687016,"Standard KM; death and LTFU right-censored. Competing incidence is descriptive, so initiation probability may be overestimated."
mcrpc,207.0,300,0,1,0.9911223673687016,"Standard KM; death and LTFU right-censored. Competing incidence is descriptive, so initiation probability may be overestimated."
mcrpc,208.0,299,0,1,0.9911223673687016,"Standard KM; death and LTFU right-censored. Competing incidence is descriptive, so initiation probability may be overestimated."
mcrpc,211.0,298,0,1,0.9911223673687016,"Standard KM; death and LTFU right-censored. Competing incidence is descriptive, so initiation probability may be overestimated."
mcrpc,212.0,297,0,1,0.9911223673687016,"Standard KM; death and LTFU right-censored. Competing incidence is descriptive, so initiation probability may be overestimated."
mcrpc,213.0,296,0,1,0.9911223673687016,"Standard KM; death and LTFU right-censored. Competing incidence is descriptive, so initiation probability may be overestimated."
mcrpc,214.0,295,0,1,0.9911223673687016,"Standard KM; death and LTFU right-censored. Competing incidence is descriptive, so initiation probability may be overestimated."
mcrpc,217.0,294,1,0,0.9877512028538421,"Standard KM; death and LTFU right-censored. Competing incidence is descriptive, so initiation probability may be overestimated."
mcrpc,221.0,293,0,1,0.9877512028538421,"Standard KM; death and LTFU right-censored. Competing incidence is descriptive, so initiation probability may be overestimated."
mcrpc,227.0,292,0,1,0.9877512028538421,"Standard KM; death and LTFU right-censored. Competing incidence is descriptive, so initiation probability may be overestimated."
mcrpc,231.0,291,0,1,0.9877512028538421,"Standard KM; death and LTFU right-censored. Competing incidence is descriptive, so initiation probability may be overestimated."
mcrpc,234.0,290,0,1,0.9877512028538421,"Standard KM; death and LTFU right-censored. Competing incidence is descriptive, so initiation probability may be overestimated."
mcrpc,241.0,289,0,1,0.9877512028538421,"Standard KM; death and LTFU right-censored. Competing incidence is descriptive, so initiation probability may be overestimated."
mcrpc,243.0,288,1,0,0.9843215111772663,"Standard KM; death and LTFU right-censored. Competing incidence is descriptive, so initiation probability may be overestimated."
mcrpc,249.0,287,0,1,0.9843215111772663,"Standard KM; death and LTFU right-censored. Competing incidence is descriptive, so initiation probability may be overestimated."
mcrpc,252.0,286,0,1,0.9843215111772663,"Standard KM; death and LTFU right-censored. Competing incidence is descriptive, so initiation probability may be overestimated."
mcrpc,254.0,285,0,1,0.9843215111772663,"Standard KM; death and LTFU right-censored. Competing incidence is descriptive, so initiation probability may be overestimated."
mcrpc,257.0,284,0,1,0.9843215111772663,"Standard KM; death and LTFU right-censored. Competing incidence is descriptive, so initiation probability may be overestimated."
mcrpc,261.0,283,0,1,0.9843215111772663,"Standard KM; death and LTFU right-censored. Competing incidence is descriptive, so initiation probability may be overestimated."
mcrpc,271.0,282,0,1,0.9843215111772663,"Standard KM; death and LTFU right-censored. Competing incidence is descriptive, so initiation probability may be overestimated."
mcrpc,272.0,281,0,1,0.9843215111772663,"Standard KM; death and LTFU right-censored. Competing incidence is descriptive, so initiation probability may be overestimated."
mcrpc,273.0,280,0,1,0.9843215111772663,"Standard KM; death and LTFU right-censored. Competing incidence is descriptive, so initiation probability may be overestimated."
mcrpc,278.0,279,0,1,0.9843215111772663,"Standard KM; death and LTFU right-censored. Competing incidence is descriptive, so initiation probability may be overestimated."
mcrpc,283.0,278,0,1,0.9843215111772663,"Standard KM; death and LTFU right-censored. Competing incidence is descriptive, so initiation probability may be overestimated."
mcrpc,289.0,277,0,1,0.9843215111772663,"Standard KM; death and LTFU right-censored. Competing incidence is descriptive, so initiation probability may be overestimated."
mcrpc,290.0,276,0,1,0.9843215111772663,"Standard KM; death and LTFU right-censored. Competing incidence is descriptive, so initiation probability may be overestimated."
mcrpc,298.0,275,0,1,0.9843215111772663,"Standard KM; death and LTFU right-censored. Competing incidence is descriptive, so initiation probability may be overestimated."
mcrpc,302.0,274,0,2,0.9843215111772663,"Standard KM; death and LTFU right-censored. Competing incidence is descriptive, so initiation probability may be overestimated."
mcrpc,309.0,272,0,1,0.9843215111772663,"Standard KM; death and LTFU right-censored. Competing incidence is descriptive, so initiation probability may be overestimated."
mcrpc,313.0,271,0,1,0.9843215111772663,"Standard KM; death and LTFU right-censored. Competing incidence is descriptive, so initiation probability may be overestimated."
mcrpc,326.0,270,0,1,0.9843215111772663,"Standard KM; death and LTFU right-censored. Competing incidence is descriptive, so initiation probability may be overestimated."
mcrpc,327.0,269,0,1,0.9843215111772663,"Standard KM; death and LTFU right-censored. Competing incidence is descriptive, so initiation probability may be overestimated."
mcrpc,334.0,268,0,1,0.9843215111772663,"Standard KM; death and LTFU right-censored. Competing incidence is descriptive, so initiation probability may be overestimated."
mcrpc,338.0,267,0,1,0.9843215111772663,"Standard KM; death and LTFU right-censored. Competing incidence is descriptive, so initiation probability may be overestimated."
mcrpc,342.0,266,0,2,0.9843215111772663,"Standard KM; death and LTFU right-censored. Competing incidence is descriptive, so initiation probability may be overestimated."
mcrpc,350.0,264,0,1,0.9843215111772663,"Standard KM; death and LTFU right-censored. Competing incidence is descriptive, so initiation probability may be overestimated."
mcrpc,351.0,263,0,2,0.9843215111772663,"Standard KM; death and LTFU right-censored. Competing incidence is descriptive, so initiation probability may be overestimated."
mcrpc,355.0,261,0,1,0.9843215111772663,"Standard KM; death and LTFU right-censored. Competing incidence is descriptive, so initiation probability may be overestimated."
mcrpc,356.0,260,0,1,0.9843215111772663,"Standard KM; death and LTFU right-censored. Competing incidence is descriptive, so initiation probability may be overestimated."
mcrpc,362.0,259,0,1,0.9843215111772663,"Standard KM; death and LTFU right-censored. Competing incidence is descriptive, so initiation probability may be overestimated."
mcrpc,363.0,258,0,1,0.9843215111772663,"Standard KM; death and LTFU right-censored. Competing incidence is descriptive, so initiation probability may be overestimated."
mcrpc,372.0,257,0,1,0.9843215111772663,"Standard KM; death and LTFU right-censored. Competing incidence is descriptive, so initiation probability may be overestimated."
mcrpc,376.0,256,0,1,0.9843215111772663,"Standard KM; death and LTFU right-censored. Competing incidence is descriptive, so initiation probability may be overestimated."
mcrpc,383.0,255,0,1,0.9843215111772663,"Standard KM; death and LTFU right-censored. Competing incidence is descriptive, so initiation probability may be overestimated."
mcrpc,388.0,254,0,1,0.9843215111772663,"Standard KM; death and LTFU right-censored. Competing incidence is descriptive, so initiation probability may be overestimated."
mcrpc,390.0,253,0,1,0.9843215111772663,"Standard KM; death and LTFU right-censored. Competing incidence is descriptive, so initiation probability may be overestimated."
mcrpc,391.0,252,0,2,0.9843215111772663,"Standard KM; death and LTFU right-censored. Competing incidence is descriptive, so initiation probability may be overestimated."
mcrpc,395.0,250,0,1,0.9843215111772663,"Standard KM; death and LTFU right-censored. Competing incidence is descriptive, so initiation probability may be overestimated."
mcrpc,399.0,249,0,2,0.9843215111772663,"Standard KM; death and LTFU right-censored. Competing incidence is descriptive, so initiation probability may be overestimated."
mcrpc,419.0,247,0,1,0.9843215111772663,"Standard KM; death and LTFU right-censored. Competing incidence is descriptive, so initiation probability may be overestimated."
mcrpc,422.0,246,0,1,0.9843215111772663,"Standard KM; death and LTFU right-censored. Competing incidence is descriptive, so initiation probability may be overestimated."
mcrpc,424.0,245,0,1,0.9843215111772663,"Standard KM; death and LTFU right-censored. Competing incidence is descriptive, so initiation probability may be overestimated."
mcrpc,426.0,244,0,1,0.9843215111772663,"Standard KM; death and LTFU right-censored. Competing incidence is descriptive, so initiation probability may be overestimated."
mcrpc,435.0,243,0,1,0.9843215111772663,"Standard KM; death and LTFU right-censored. Competing incidence is descriptive, so initiation probability may be overestimated."
mcrpc,437.0,242,0,1,0.9843215111772663,"Standard KM; death and LTFU right-censored. Competing incidence is descriptive, so initiation probability may be overestimated."
mcrpc,438.0,241,0,1,0.9843215111772663,"Standard KM; death and LTFU right-censored. Competing incidence is descriptive, so initiation probability may be overestimated."
mcrpc,447.0,240,0,1,0.9843215111772663,"Standard KM; death and LTFU right-censored. Competing incidence is descriptive, so initiation probability may be overestimated."
mcrpc,449.0,239,0,1,0.9843215111772663,"Standard KM; death and LTFU right-censored. Competing incidence is descriptive, so initiation probability may be overestimated."
mcrpc,454.0,238,0,1,0.9843215111772663,"Standard KM; death and LTFU right-censored. Competing incidence is descriptive, so initiation probability may be overestimated."
mcrpc,460.0,237,0,1,0.9843215111772663,"Standard KM; death and LTFU right-censored. Competing incidence is descriptive, so initiation probability may be overestimated."
mcrpc,461.0,236,0,1,0.9843215111772663,"Standard KM; death and LTFU right-censored. Competing incidence is descriptive, so initiation probability may be overestimated."
mcrpc,462.0,235,0,1,0.9843215111772663,"Standard KM; death and LTFU right-censored. Competing incidence is descriptive, so initiation probability may be overestimated."
mcrpc,463.0,234,0,1,0.9843215111772663,"Standard KM; death and LTFU right-censored. Competing incidence is descriptive, so initiation probability may be overestimated."
mcrpc,473.0,233,0,1,0.9843215111772663,"Standard KM; death and LTFU right-censored. Competing incidence is descriptive, so initiation probability may be overestimated."
mcrpc,478.0,232,0,1,0.9843215111772663,"Standard KM; death and LTFU right-censored. Competing incidence is descriptive, so initiation probability may be overestimated."
mcrpc,485.0,231,0,1,0.9843215111772663,"Standard KM; death and LTFU right-censored. Competing incidence is descriptive, so initiation probability may be overestimated."
mcrpc,491.0,230,0,1,0.9843215111772663,"Standard KM; death and LTFU right-censored. Competing incidence is descriptive, so initiation probability may be overestimated."
mcrpc,501.0,229,0,1,0.9843215111772663,"Standard KM; death and LTFU right-censored. Competing incidence is descriptive, so initiation probability may be overestimated."
mcrpc,507.0,228,0,1,0.9843215111772663,"Standard KM; death and LTFU right-censored. Competing incidence is descriptive, so initiation probability may be overestimated."
mcrpc,508.0,227,0,1,0.9843215111772663,"Standard KM; death and LTFU right-censored. Competing incidence is descriptive, so initiation probability may be overestimated."
mcrpc,509.0,226,0,1,0.9843215111772663,"Standard KM; death and LTFU right-censored. Competing incidence is descriptive, so initiation probability may be overestimated."
mcrpc,510.0,225,0,1,0.9843215111772663,"Standard KM; death and LTFU right-censored. Competing incidence is descriptive, so initiation probability may be overestimated."
mcrpc,515.0,224,0,1,0.9843215111772663,"Standard KM; death and LTFU right-censored. Competing incidence is descriptive, so initiation probability may be overestimated."
mcrpc,518.0,223,0,1,0.9843215111772663,"Standard KM; death and LTFU right-censored. Competing incidence is descriptive, so initiation probability may be overestimated."
mcrpc,523.0,222,0,1,0.9843215111772663,"Standard KM; death and LTFU right-censored. Competing incidence is descriptive, so initiation probability may be overestimated."
mcrpc,525.0,221,0,1,0.9843215111772663,"Standard KM; death and LTFU right-censored. Competing incidence is descriptive, so initiation probability may be overestimated."
mcrpc,528.0,220,0,1,0.9843215111772663,"Standard KM; death and LTFU right-censored. Competing incidence is descriptive, so initiation probability may be overestimated."
mcrpc,536.0,219,0,1,0.9843215111772663,"Standard KM; death and LTFU right-censored. Competing incidence is descriptive, so initiation probability may be overestimated."
mcrpc,537.0,218,0,1,0.9843215111772663,"Standard KM; death and LTFU right-censored. Competing incidence is descriptive, so initiation probability may be overestimated."
mcrpc,541.0,217,0,1,0.9843215111772663,"Standard KM; death and LTFU right-censored. Competing incidence is descriptive, so initiation probability may be overestimated."
mcrpc,543.0,216,0,1,0.9843215111772663,"Standard KM; death and LTFU right-censored. Competing incidence is descriptive, so initiation probability may be overestimated."
mcrpc,544.0,215,0,1,0.9843215111772663,"Standard KM; death and LTFU right-censored. Competing incidence is descriptive, so initiation probability may be overestimated."
mcrpc,556.0,214,0,1,0.9843215111772663,"Standard KM; death and LTFU right-censored. Competing incidence is descriptive, so initiation probability may be overestimated."
mcrpc,559.0,213,0,1,0.9843215111772663,"Standard KM; death and LTFU right-censored. Competing incidence is descriptive, so initiation probability may be overestimated."
mcrpc,567.0,212,0,1,0.9843215111772663,"Standard KM; death and LTFU right-censored. Competing incidence is descriptive, so initiation probability may be overestimated."
mcrpc,568.0,211,0,1,0.9843215111772663,"Standard KM; death and LTFU right-censored. Competing incidence is descriptive, so initiation probability may be overestimated."
mcrpc,570.0,210,0,1,0.9843215111772663,"Standard KM; death and LTFU right-censored. Competing incidence is descriptive, so initiation probability may be overestimated."
mcrpc,571.0,209,0,1,0.9843215111772663,"Standard KM; death and LTFU right-censored. Competing incidence is descriptive, so initiation probability may be overestimated."
mcrpc,575.0,208,0,2,0.9843215111772663,"Standard KM; death and LTFU right-censored. Competing incidence is descriptive, so initiation probability may be overestimated."
mcrpc,577.0,206,0,1,0.9843215111772663,"Standard KM; death and LTFU right-censored. Competing incidence is descriptive, so initiation probability may be overestimated."
mcrpc,578.0,205,0,1,0.9843215111772663,"Standard KM; death and LTFU right-censored. Competing incidence is descriptive, so initiation probability may be overestimated."
mcrpc,582.0,204,0,1,0.9843215111772663,"Standard KM; death and LTFU right-censored. Competing incidence is descriptive, so initiation probability may be overestimated."
mcrpc,583.0,203,0,1,0.9843215111772663,"Standard KM; death and LTFU right-censored. Competing incidence is descriptive, so initiation probability may be overestimated."
mcrpc,585.0,202,0,1,0.9843215111772663,"Standard KM; death and LTFU right-censored. Competing incidence is descriptive, so initiation probability may be overestimated."
mcrpc,590.0,201,0,1,0.9843215111772663,"Standard KM; death and LTFU right-censored. Competing incidence is descriptive, so initiation probability may be overestimated."
mcrpc,595.0,200,0,1,0.9843215111772663,"Standard KM; death and LTFU right-censored. Competing incidence is descriptive, so initiation probability may be overestimated."
mcrpc,598.0,199,0,1,0.9843215111772663,"Standard KM; death and LTFU right-censored. Competing incidence is descriptive, so initiation probability may be overestimated."
mcrpc,605.0,198,0,1,0.9843215111772663,"Standard KM; death and LTFU right-censored. Competing incidence is descriptive, so initiation probability may be overestimated."
mcrpc,637.0,197,0,1,0.9843215111772663,"Standard KM; death and LTFU right-censored. Competing incidence is descriptive, so initiation probability may be overestimated."
mcrpc,642.0,196,0,1,0.9843215111772663,"Standard KM; death and LTFU right-censored. Competing incidence is descriptive, so initiation probability may be overestimated."
mcrpc,647.0,195,0,1,0.9843215111772663,"Standard KM; death and LTFU right-censored. Competing incidence is descriptive, so initiation probability may be overestimated."
mcrpc,653.0,194,0,1,0.9843215111772663,"Standard KM; death and LTFU right-censored. Competing incidence is descriptive, so initiation probability may be overestimated."
mcrpc,665.0,193,0,1,0.9843215111772663,"Standard KM; death and LTFU right-censored. Competing incidence is descriptive, so initiation probability may be overestimated."
mcrpc,695.0,192,0,1,0.9843215111772663,"Standard KM; death and LTFU right-censored. Competing incidence is descriptive, so initiation probability may be overestimated."
mcrpc,698.0,191,0,1,0.9843215111772663,"Standard KM; death and LTFU right-censored. Competing incidence is descriptive, so initiation probability may be overestimated."
mcrpc,700.0,190,0,1,0.9843215111772663,"Standard KM; death and LTFU right-censored. Competing incidence is descriptive, so initiation probability may be overestimated."
mcrpc,708.0,189,0,1,0.9843215111772663,"Standard KM; death and LTFU right-censored. Competing incidence is descriptive, so initiation probability may be overestimated."
mcrpc,714.0,188,0,1,0.9843215111772663,"Standard KM; death and LTFU right-censored. Competing incidence is descriptive, so initiation probability may be overestimated."
mcrpc,728.0,187,0,1,0.9843215111772663,"Standard KM; death and LTFU right-censored. Competing incidence is descriptive, so initiation probability may be overestimated."
mcrpc,733.0,186,0,1,0.9843215111772663,"Standard KM; death and LTFU right-censored. Competing incidence is descriptive, so initiation probability may be overestimated."
mcrpc,742.0,185,0,1,0.9843215111772663,"Standard KM; death and LTFU right-censored. Competing incidence is descriptive, so initiation probability may be overestimated."
mcrpc,754.0,184,0,1,0.9843215111772663,"Standard KM; death and LTFU right-censored. Competing incidence is descriptive, so initiation probability may be overestimated."
mcrpc,762.0,183,0,1,0.9843215111772663,"Standard KM; death and LTFU right-censored. Competing incidence is descriptive, so initiation probability may be overestimated."
mcrpc,765.0,182,0,1,0.9843215111772663,"Standard KM; death and LTFU right-censored. Competing incidence is descriptive, so initiation probability may be overestimated."
mcrpc,767.0,181,0,1,0.9843215111772663,"Standard KM; death and LTFU right-censored. Competing incidence is descriptive, so initiation probability may be overestimated."
mcrpc,793.0,180,0,1,0.9843215111772663,"Standard KM; death and LTFU right-censored. Competing incidence is descriptive, so initiation probability may be overestimated."
mcrpc,797.0,179,0,2,0.9843215111772663,"Standard KM; death and LTFU right-censored. Competing incidence is descriptive, so initiation probability may be overestimated."
mcrpc,802.0,177,0,1,0.9843215111772663,"Standard KM; death and LTFU right-censored. Competing incidence is descriptive, so initiation probability may be overestimated."
mcrpc,817.0,176,0,1,0.9843215111772663,"Standard KM; death and LTFU right-censored. Competing incidence is descriptive, so initiation probability may be overestimated."
mcrpc,820.0,175,0,1,0.9843215111772663,"Standard KM; death and LTFU right-censored. Competing incidence is descriptive, so initiation probability may be overestimated."
mcrpc,829.0,174,0,1,0.9843215111772663,"Standard KM; death and LTFU right-censored. Competing incidence is descriptive, so initiation probability may be overestimated."
mcrpc,832.0,173,0,1,0.9843215111772663,"Standard KM; death and LTFU right-censored. Competing incidence is descriptive, so initiation probability may be overestimated."
mcrpc,834.0,172,0,1,0.9843215111772663,"Standard KM; death and LTFU right-censored. Competing incidence is descriptive, so initiation probability may be overestimated."
mcrpc,837.0,171,0,1,0.9843215111772663,"Standard KM; death and LTFU right-censored. Competing incidence is descriptive, so initiation probability may be overestimated."
mcrpc,838.0,170,0,1,0.9843215111772663,"Standard KM; death and LTFU right-censored. Competing incidence is descriptive, so initiation probability may be overestimated."
mcrpc,842.0,169,0,2,0.9843215111772663,"Standard KM; death and LTFU right-censored. Competing incidence is descriptive, so initiation probability may be overestimated."
mcrpc,843.0,167,0,1,0.9843215111772663,"Standard KM; death and LTFU right-censored. Competing incidence is descriptive, so initiation probability may be overestimated."
mcrpc,845.0,166,0,1,0.9843215111772663,"Standard KM; death and LTFU right-censored. Competing incidence is descriptive, so initiation probability may be overestimated."
mcrpc,846.0,165,0,1,0.9843215111772663,"Standard KM; death and LTFU right-censored. Competing incidence is descriptive, so initiation probability may be overestimated."
mcrpc,849.0,164,0,1,0.9843215111772663,"Standard KM; death and LTFU right-censored. Competing incidence is descriptive, so initiation probability may be overestimated."
mcrpc,853.0,163,0,1,0.9843215111772663,"Standard KM; death and LTFU right-censored. Competing incidence is descriptive, so initiation probability may be overestimated."
mcrpc,872.0,162,0,1,0.9843215111772663,"Standard KM; death and LTFU right-censored. Competing incidence is descriptive, so initiation probability may be overestimated."
mcrpc,874.0,161,0,1,0.9843215111772663,"Standard KM; death and LTFU right-censored. Competing incidence is descriptive, so initiation probability may be overestimated."
mcrpc,878.0,160,0,1,0.9843215111772663,"Standard KM; death and LTFU right-censored. Competing incidence is descriptive, so initiation probability may be overestimated."
mcrpc,880.0,159,0,1,0.9843215111772663,"Standard KM; death and LTFU right-censored. Competing incidence is descriptive, so initiation probability may be overestimated."
mcrpc,894.0,158,0,1,0.9843215111772663,"Standard KM; death and LTFU right-censored. Competing incidence is descriptive, so initiation probability may be overestimated."
mcrpc,899.0,157,0,1,0.9843215111772663,"Standard KM; death and LTFU right-censored. Competing incidence is descriptive, so initiation probability may be overestimated."
mcrpc,907.0,156,0,1,0.9843215111772663,"Standard KM; death and LTFU right-censored. Competing incidence is descriptive, so initiation probability may be overestimated."
mcrpc,910.0,155,0,1,0.9843215111772663,"Standard KM; death and LTFU right-censored. Competing incidence is descriptive, so initiation probability may be overestimated."
mcrpc,914.0,154,0,1,0.9843215111772663,"Standard KM; death and LTFU right-censored. Competing incidence is descriptive, so initiation probability may be overestimated."
mcrpc,919.0,153,0,2,0.9843215111772663,"Standard KM; death and LTFU right-censored. Competing incidence is descriptive, so initiation probability may be overestimated."
mcrpc,923.0,151,0,1,0.9843215111772663,"Standard KM; death and LTFU right-censored. Competing incidence is descriptive, so initiation probability may be overestimated."
mcrpc,930.0,150,0,1,0.9843215111772663,"Standard KM; death and LTFU right-censored. Competing incidence is descriptive, so initiation probability may be overestimated."
mcrpc,936.0,149,0,1,0.9843215111772663,"Standard KM; death and LTFU right-censored. Competing incidence is descriptive, so initiation probability may be overestimated."
mcrpc,949.0,148,0,1,0.9843215111772663,"Standard KM; death and LTFU right-censored. Competing incidence is descriptive, so initiation probability may be overestimated."
mcrpc,950.0,147,0,1,0.9843215111772663,"Standard KM; death and LTFU right-censored. Competing incidence is descriptive, so initiation probability may be overestimated."
mcrpc,951.0,146,0,1,0.9843215111772663,"Standard KM; death and LTFU right-censored. Competing incidence is descriptive, so initiation probability may be overestimated."
mcrpc,952.0,145,0,1,0.9843215111772663,"Standard KM; death and LTFU right-censored. Competing incidence is descriptive, so initiation probability may be overestimated."
mcrpc,956.0,144,0,1,0.9843215111772663,"Standard KM; death and LTFU right-censored. Competing incidence is descriptive, so initiation probability may be overestimated."
mcrpc,972.0,143,0,1,0.9843215111772663,"Standard KM; death and LTFU right-censored. Competing incidence is descriptive, so initiation probability may be overestimated."
mcrpc,988.0,142,0,1,0.9843215111772663,"Standard KM; death and LTFU right-censored. Competing incidence is descriptive, so initiation probability may be overestimated."
mcrpc,997.0,141,0,1,0.9843215111772663,"Standard KM; death and LTFU right-censored. Competing incidence is descriptive, so initiation probability may be overestimated."
mcrpc,1018.0,140,0,2,0.9843215111772663,"Standard KM; death and LTFU right-censored. Competing incidence is descriptive, so initiation probability may be overestimated."
mcrpc,1037.0,138,0,1,0.9843215111772663,"Standard KM; death and LTFU right-censored. Competing incidence is descriptive, so initiation probability may be overestimated."
mcrpc,1038.0,137,0,1,0.9843215111772663,"Standard KM; death and LTFU right-censored. Competing incidence is descriptive, so initiation probability may be overestimated."
mcrpc,1039.0,136,0,1,0.9843215111772663,"Standard KM; death and LTFU right-censored. Competing incidence is descriptive, so initiation probability may be overestimated."
mcrpc,1041.0,135,0,1,0.9843215111772663,"Standard KM; death and LTFU right-censored. Competing incidence is descriptive, so initiation probability may be overestimated."
mcrpc,1056.0,134,0,1,0.9843215111772663,"Standard KM; death and LTFU right-censored. Competing incidence is descriptive, so initiation probability may be overestimated."
mcrpc,1079.0,133,0,1,0.9843215111772663,"Standard KM; death and LTFU right-censored. Competing incidence is descriptive, so initiation probability may be overestimated."
mcrpc,1099.0,132,0,1,0.9843215111772663,"Standard KM; death and LTFU right-censored. Competing incidence is descriptive, so initiation probability may be overestimated."
mcrpc,1129.0,131,0,1,0.9843215111772663,"Standard KM; death and LTFU right-censored. Competing incidence is descriptive, so initiation probability may be overestimated."
mcrpc,1135.0,130,0,1,0.9843215111772663,"Standard KM; death and LTFU right-censored. Competing incidence is descriptive, so initiation probability may be overestimated."
mcrpc,1152.0,129,0,1,0.9843215111772663,"Standard KM; death and LTFU right-censored. Competing incidence is descriptive, so initiation probability may be overestimated."
mcrpc,1156.0,128,0,2,0.9843215111772663,"Standard KM; death and LTFU right-censored. Competing incidence is descriptive, so initiation probability may be overestimated."
mcrpc,1185.0,126,0,2,0.9843215111772663,"Standard KM; death and LTFU right-censored. Competing incidence is descriptive, so initiation probability may be overestimated."
mcrpc,1188.0,124,0,1,0.9843215111772663,"Standard KM; death and LTFU right-censored. Competing incidence is descriptive, so initiation probability may be overestimated."
mcrpc,1222.0,123,0,1,0.9843215111772663,"Standard KM; death and LTFU right-censored. Competing incidence is descriptive, so initiation probability may be overestimated."
mcrpc,1237.0,122,0,1,0.9843215111772663,"Standard KM; death and LTFU right-censored. Competing incidence is descriptive, so initiation probability may be overestimated."
mcrpc,1246.0,121,0,1,0.9843215111772663,"Standard KM; death and LTFU right-censored. Competing incidence is descriptive, so initiation probability may be overestimated."
mcrpc,1254.0,120,0,1,0.9843215111772663,"Standard KM; death and LTFU right-censored. Competing incidence is descriptive, so initiation probability may be overestimated."
mcrpc,1255.0,119,0,1,0.9843215111772663,"Standard KM; death and LTFU right-censored. Competing incidence is descriptive, so initiation probability may be overestimated."
mcrpc,1266.0,118,0,1,0.9843215111772663,"Standard KM; death and LTFU right-censored. Competing incidence is descriptive, so initiation probability may be overestimated."
mcrpc,1268.0,117,0,1,0.9843215111772663,"Standard KM; death and LTFU right-censored. Competing incidence is descriptive, so initiation probability may be overestimated."
mcrpc,1271.0,116,0,1,0.9843215111772663,"Standard KM; death and LTFU right-censored. Competing incidence is descriptive, so initiation probability may be overestimated."
mcrpc,1277.0,115,0,1,0.9843215111772663,"Standard KM; death and LTFU right-censored. Competing incidence is descriptive, so initiation probability may be overestimated."
mcrpc,1279.0,114,0,1,0.9843215111772663,"Standard KM; death and LTFU right-censored. Competing incidence is descriptive, so initiation probability may be overestimated."
mcrpc,1282.0,113,0,1,0.9843215111772663,"Standard KM; death and LTFU right-censored. Competing incidence is descriptive, so initiation probability may be overestimated."
mcrpc,1284.0,112,0,1,0.9843215111772663,"Standard KM; death and LTFU right-censored. Competing incidence is descriptive, so initiation probability may be overestimated."
mcrpc,1289.0,111,0,1,0.9843215111772663,"Standard KM; death and LTFU right-censored. Competing incidence is descriptive, so initiation probability may be overestimated."
mcrpc,1300.0,110,0,1,0.9843215111772663,"Standard KM; death and LTFU right-censored. Competing incidence is descriptive, so initiation probability may be overestimated."
mcrpc,1308.0,109,0,1,0.9843215111772663,"Standard KM; death and LTFU right-censored. Competing incidence is descriptive, so initiation probability may be overestimated."
mcrpc,1321.0,108,0,1,0.9843215111772663,"Standard KM; death and LTFU right-censored. Competing incidence is descriptive, so initiation probability may be overestimated."
mcrpc,1333.0,107,0,1,0.9843215111772663,"Standard KM; death and LTFU right-censored. Competing incidence is descriptive, so initiation probability may be overestimated."
mcrpc,1335.0,106,0,1,0.9843215111772663,"Standard KM; death and LTFU right-censored. Competing incidence is descriptive, so initiation probability may be overestimated."
mcrpc,1353.0,105,0,1,0.9843215111772663,"Standard KM; death and LTFU right-censored. Competing incidence is descriptive, so initiation probability may be overestimated."
mcrpc,1354.0,104,0,1,0.9843215111772663,"Standard KM; death and LTFU right-censored. Competing incidence is descriptive, so initiation probability may be overestimated."
mcrpc,1371.0,103,0,1,0.9843215111772663,"Standard KM; death and LTFU right-censored. Competing incidence is descriptive, so initiation probability may be overestimated."
mcrpc,1385.0,102,0,1,0.9843215111772663,"Standard KM; death and LTFU right-censored. Competing incidence is descriptive, so initiation probability may be overestimated."
mcrpc,1407.0,101,0,1,0.9843215111772663,"Standard KM; death and LTFU right-censored. Competing incidence is descriptive, so initiation probability may be overestimated."
mcrpc,1414.0,100,0,1,0.9843215111772663,"Standard KM; death and LTFU right-censored. Competing incidence is descriptive, so initiation probability may be overestimated."
mcrpc,1416.0,99,0,1,0.9843215111772663,"Standard KM; death and LTFU right-censored. Competing incidence is descriptive, so initiation probability may be overestimated."
mcrpc,1425.0,98,0,1,0.9843215111772663,"Standard KM; death and LTFU right-censored. Competing incidence is descriptive, so initiation probability may be overestimated."
mcrpc,1436.0,97,0,1,0.9843215111772663,"Standard KM; death and LTFU right-censored. Competing incidence is descriptive, so initiation probability may be overestimated."
mcrpc,1446.0,96,0,1,0.9843215111772663,"Standard KM; death and LTFU right-censored. Competing incidence is descriptive, so initiation probability may be overestimated."
mcrpc,1465.0,95,0,1,0.9843215111772663,"Standard KM; death and LTFU right-censored. Competing incidence is descriptive, so initiation probability may be overestimated."
mcrpc,1483.0,94,0,1,0.9843215111772663,"Standard KM; death and LTFU right-censored. Competing incidence is descriptive, so initiation probability may be overestimated."
mcrpc,1484.0,93,0,1,0.9843215111772663,"Standard KM; death and LTFU right-censored. Competing incidence is descriptive, so initiation probability may be overestimated."
mcrpc,1500.0,92,0,1,0.9843215111772663,"Standard KM; death and LTFU right-censored. Competing incidence is descriptive, so initiation probability may be overestimated."
mcrpc,1515.0,91,0,1,0.9843215111772663,"Standard KM; death and LTFU right-censored. Competing incidence is descriptive, so initiation probability may be overestimated."
mcrpc,1518.0,90,0,1,0.9843215111772663,"Standard KM; death and LTFU right-censored. Competing incidence is descriptive, so initiation probability may be overestimated."
mcrpc,1521.0,89,0,1,0.9843215111772663,"Standard KM; death and LTFU right-censored. Competing incidence is descriptive, so initiation probability may be overestimated."
mcrpc,1526.0,88,0,1,0.9843215111772663,"Standard KM; death and LTFU right-censored. Competing incidence is descriptive, so initiation probability may be overestimated."
mcrpc,1541.0,87,0,1,0.9843215111772663,"Standard KM; death and LTFU right-censored. Competing incidence is descriptive, so initiation probability may be overestimated."
mcrpc,1542.0,86,0,1,0.9843215111772663,"Standard KM; death and LTFU right-censored. Competing incidence is descriptive, so initiation probability may be overestimated."
mcrpc,1559.0,85,0,1,0.9843215111772663,"Standard KM; death and LTFU right-censored. Competing incidence is descriptive, so initiation probability may be overestimated."
mcrpc,1565.0,84,0,1,0.9843215111772663,"Standard KM; death and LTFU right-censored. Competing incidence is descriptive, so initiation probability may be overestimated."
mcrpc,1575.0,83,0,1,0.9843215111772663,"Standard KM; death and LTFU right-censored. Competing incidence is descriptive, so initiation probability may be overestimated."
mcrpc,1603.0,82,0,1,0.9843215111772663,"Standard KM; death and LTFU right-censored. Competing incidence is descriptive, so initiation probability may be overestimated."
mcrpc,1607.0,81,0,1,0.9843215111772663,"Standard KM; death and LTFU right-censored. Competing incidence is descriptive, so initiation probability may be overestimated."
mcrpc,1612.0,80,0,1,0.9843215111772663,"Standard KM; death and LTFU right-censored. Competing incidence is descriptive, so initiation probability may be overestimated."
mcrpc,1616.0,79,0,1,0.9843215111772663,"Standard KM; death and LTFU right-censored. Competing incidence is descriptive, so initiation probability may be overestimated."
mcrpc,1622.0,78,0,1,0.9843215111772663,"Standard KM; death and LTFU right-censored. Competing incidence is descriptive, so initiation probability may be overestimated."
mcrpc,1623.0,77,0,2,0.9843215111772663,"Standard KM; death and LTFU right-censored. Competing incidence is descriptive, so initiation probability may be overestimated."
mcrpc,1635.0,75,0,1,0.9843215111772663,"Standard KM; death and LTFU right-censored. Competing incidence is descriptive, so initiation probability may be overestimated."
mcrpc,1646.0,74,0,2,0.9843215111772663,"Standard KM; death and LTFU right-censored. Competing incidence is descriptive, so initiation probability may be overestimated."
mcrpc,1648.0,72,0,1,0.9843215111772663,"Standard KM; death and LTFU right-censored. Competing incidence is descriptive, so initiation probability may be overestimated."
mcrpc,1668.0,71,0,1,0.9843215111772663,"Standard KM; death and LTFU right-censored. Competing incidence is descriptive, so initiation probability may be overestimated."
mcrpc,1690.0,70,0,1,0.9843215111772663,"Standard KM; death and LTFU right-censored. Competing incidence is descriptive, so initiation probability may be overestimated."
mcrpc,1694.0,69,0,1,0.9843215111772663,"Standard KM; death and LTFU right-censored. Competing incidence is descriptive, so initiation probability may be overestimated."
mcrpc,1700.0,68,0,1,0.9843215111772663,"Standard KM; death and LTFU right-censored. Competing incidence is descriptive, so initiation probability may be overestimated."
mcrpc,1701.0,67,0,1,0.9843215111772663,"Standard KM; death and LTFU right-censored. Competing incidence is descriptive, so initiation probability may be overestimated."
mcrpc,1709.0,66,0,1,0.9843215111772663,"Standard KM; death and LTFU right-censored. Competing incidence is descriptive, so initiation probability may be overestimated."
mcrpc,1713.0,65,0,1,0.9843215111772663,"Standard KM; death and LTFU right-censored. Competing incidence is descriptive, so initiation probability may be overestimated."
mcrpc,1719.0,64,0,1,0.9843215111772663,"Standard KM; death and LTFU right-censored. Competing incidence is descriptive, so initiation probability may be overestimated."
mcrpc,1732.0,63,0,1,0.9843215111772663,"Standard KM; death and LTFU right-censored. Competing incidence is descriptive, so initiation probability may be overestimated."
mcrpc,1737.0,62,0,1,0.9843215111772663,"Standard KM; death and LTFU right-censored. Competing incidence is descriptive, so initiation probability may be overestimated."
mcrpc,1753.0,61,0,2,0.9843215111772663,"Standard KM; death and LTFU right-censored. Competing incidence is descriptive, so initiation probability may be overestimated."
mcrpc,1756.0,59,0,1,0.9843215111772663,"Standard KM; death and LTFU right-censored. Competing incidence is descriptive, so initiation probability may be overestimated."
mcrpc,1769.0,58,0,1,0.9843215111772663,"Standard KM; death and LTFU right-censored. Competing incidence is descriptive, so initiation probability may be overestimated."
mcrpc,1770.0,57,0,1,0.9843215111772663,"Standard KM; death and LTFU right-censored. Competing incidence is descriptive, so initiation probability may be overestimated."
mcrpc,1779.0,56,0,1,0.9843215111772663,"Standard KM; death and LTFU right-censored. Competing incidence is descriptive, so initiation probability may be overestimated."
mcrpc,1803.0,55,0,1,0.9843215111772663,"Standard KM; death and LTFU right-censored. Competing incidence is descriptive, so initiation probability may be overestimated."
mcrpc,1808.0,54,0,1,0.9843215111772663,"Standard KM; death and LTFU right-censored. Competing incidence is descriptive, so initiation probability may be overestimated."
mcrpc,1814.0,53,0,1,0.9843215111772663,"Standard KM; death and LTFU right-censored. Competing incidence is descriptive, so initiation probability may be overestimated."
mcrpc,1817.0,52,0,1,0.9843215111772663,"Standard KM; death and LTFU right-censored. Competing incidence is descriptive, so initiation probability may be overestimated."
mcrpc,1822.0,51,0,1,0.9843215111772663,"Standard KM; death and LTFU right-censored. Competing incidence is descriptive, so initiation probability may be overestimated."
mcrpc,1835.0,50,0,1,0.9843215111772663,"Standard KM; death and LTFU right-censored. Competing incidence is descriptive, so initiation probability may be overestimated."
mcrpc,1851.0,49,0,1,0.9843215111772663,"Standard KM; death and LTFU right-censored. Competing incidence is descriptive, so initiation probability may be overestimated."
mcrpc,1861.0,48,0,1,0.9843215111772663,"Standard KM; death and LTFU right-censored. Competing incidence is descriptive, so initiation probability may be overestimated."
mcrpc,1867.0,47,0,1,0.9843215111772663,"Standard KM; death and LTFU right-censored. Competing incidence is descriptive, so initiation probability may be overestimated."
mcrpc,1892.0,46,0,1,0.9843215111772663,"Standard KM; death and LTFU right-censored. Competing incidence is descriptive, so initiation probability may be overestimated."
mcrpc,1905.0,45,0,1,0.9843215111772663,"Standard KM; death and LTFU right-censored. Competing incidence is descriptive, so initiation probability may be overestimated."
mcrpc,1946.0,44,0,1,0.9843215111772663,"Standard KM; death and LTFU right-censored. Competing incidence is descriptive, so initiation probability may be overestimated."
mcrpc,1969.0,43,0,1,0.9843215111772663,"Standard KM; death and LTFU right-censored. Competing incidence is descriptive, so initiation probability may be overestimated."
mcrpc,1971.0,42,0,1,0.9843215111772663,"Standard KM; death and LTFU right-censored. Competing incidence is descriptive, so initiation probability may be overestimated."
mcrpc,2009.0,41,0,1,0.9843215111772663,"Standard KM; death and LTFU right-censored. Competing incidence is descriptive, so initiation probability may be overestimated."
mcrpc,2016.0,40,0,1,0.9843215111772663,"Standard KM; death and LTFU right-censored. Competing incidence is descriptive, so initiation probability may be overestimated."
mcrpc,2017.0,39,0,1,0.9843215111772663,"Standard KM; death and LTFU right-censored. Competing incidence is descriptive, so initiation probability may be overestimated."
mcrpc,2020.0,38,0,1,0.9843215111772663,"Standard KM; death and LTFU right-censored. Competing incidence is descriptive, so initiation probability may be overestimated."
mcrpc,2028.0,37,0,1,0.9843215111772663,"Standard KM; death and LTFU right-censored. Competing incidence is descriptive, so initiation probability may be overestimated."
mcrpc,2042.0,36,0,1,0.9843215111772663,"Standard KM; death and LTFU right-censored. Competing incidence is descriptive, so initiation probability may be overestimated."
mcrpc,2049.0,35,0,1,0.9843215111772663,"Standard KM; death and LTFU right-censored. Competing incidence is descriptive, so initiation probability may be overestimated."
mcrpc,2082.0,34,0,1,0.9843215111772663,"Standard KM; death and LTFU right-censored. Competing incidence is descriptive, so initiation probability may be overestimated."
mcrpc,2090.0,33,0,1,0.9843215111772663,"Standard KM; death and LTFU right-censored. Competing incidence is descriptive, so initiation probability may be overestimated."
mcrpc,2128.0,32,0,1,0.9843215111772663,"Standard KM; death and LTFU right-censored. Competing incidence is descriptive, so initiation probability may be overestimated."
mcrpc,2136.0,31,0,1,0.9843215111772663,"Standard KM; death and LTFU right-censored. Competing incidence is descriptive, so initiation probability may be overestimated."
mcrpc,2152.0,30,0,1,0.9843215111772663,"Standard KM; death and LTFU right-censored. Competing incidence is descriptive, so initiation probability may be overestimated."
mcrpc,2164.0,29,0,1,0.9843215111772663,"Standard KM; death and LTFU right-censored. Competing incidence is descriptive, so initiation probability may be overestimated."
mcrpc,2174.0,28,0,1,0.9843215111772663,"Standard KM; death and LTFU right-censored. Competing incidence is descriptive, so initiation probability may be overestimated."
mcrpc,2202.0,27,0,1,0.9843215111772663,"Standard KM; death and LTFU right-censored. Competing incidence is descriptive, so initiation probability may be overestimated."
mcrpc,2206.0,26,0,1,0.9843215111772663,"Standard KM; death and LTFU right-censored. Competing incidence is descriptive, so initiation probability may be overestimated."
mcrpc,2238.0,25,0,1,0.9843215111772663,"Standard KM; death and LTFU right-censored. Competing incidence is descriptive, so initiation probability may be overestimated."
mcrpc,2248.0,24,0,1,0.9843215111772663,"Standard KM; death and LTFU right-censored. Competing incidence is descriptive, so initiation probability may be overestimated."
mcrpc,2285.0,23,0,1,0.9843215111772663,"Standard KM; death and LTFU right-censored. Competing incidence is descriptive, so initiation probability may be overestimated."
mcrpc,2311.0,22,0,1,0.9843215111772663,"Standard KM; death and LTFU right-censored. Competing incidence is descriptive, so initiation probability may be overestimated."
mcrpc,2319.0,21,0,1,0.9843215111772663,"Standard KM; death and LTFU right-censored. Competing incidence is descriptive, so initiation probability may be overestimated."
mcrpc,2338.0,20,0,1,0.9843215111772663,"Standard KM; death and LTFU right-censored. Competing incidence is descriptive, so initiation probability may be overestimated."
mcrpc,2340.0,19,0,1,0.9843215111772663,"Standard KM; death and LTFU right-censored. Competing incidence is descriptive, so initiation probability may be overestimated."
mcrpc,2341.0,18,0,1,0.9843215111772663,"Standard KM; death and LTFU right-censored. Competing incidence is descriptive, so initiation probability may be overestimated."
mcrpc,2343.0,17,0,1,0.9843215111772663,"Standard KM; death and LTFU right-censored. Competing incidence is descriptive, so initiation probability may be overestimated."
mcrpc,2350.0,16,0,1,0.9843215111772663,"Standard KM; death and LTFU right-censored. Competing incidence is descriptive, so initiation probability may be overestimated."
mcrpc,2358.0,15,0,1,0.9843215111772663,"Standard KM; death and LTFU right-censored. Competing incidence is descriptive, so initiation probability may be overestimated."
mcrpc,2361.0,14,0,1,0.9843215111772663,"Standard KM; death and LTFU right-censored. Competing incidence is descriptive, so initiation probability may be overestimated."
mcrpc,2387.0,13,0,1,0.9843215111772663,"Standard KM; death and LTFU right-censored. Competing incidence is descriptive, so initiation probability may be overestimated."
mcrpc,2389.0,12,0,1,0.9843215111772663,"Standard KM; death and LTFU right-censored. Competing incidence is descriptive, so initiation probability may be overestimated."
mcrpc,2397.0,11,0,1,0.9843215111772663,"Standard KM; death and LTFU right-censored. Competing incidence is descriptive, so initiation probability may be overestimated."
mcrpc,2399.0,10,0,1,0.9843215111772663,"Standard KM; death and LTFU right-censored. Competing incidence is descriptive, so initiation probability may be overestimated."
mcrpc,2401.0,9,0,1,0.9843215111772663,"Standard KM; death and LTFU right-censored. Competing incidence is descriptive, so initiation probability may be overestimated."
mcrpc,2404.0,8,0,1,0.9843215111772663,"Standard KM; death and LTFU right-censored. Competing incidence is descriptive, so initiation probability may be overestimated."
mcrpc,2409.0,7,0,1,0.9843215111772663,"Standard KM; death and LTFU right-censored. Competing incidence is descriptive, so initiation probability may be overestimated."
mcrpc,2421.0,6,0,1,0.9843215111772663,"Standard KM; death and LTFU right-censored. Competing incidence is descriptive, so initiation probability may be overestimated."
mcrpc,2430.0,5,0,1,0.9843215111772663,"Standard KM; death and LTFU right-censored. Competing incidence is descriptive, so initiation probability may be overestimated."
mcrpc,2450.0,4,0,1,0.9843215111772663,"Standard KM; death and LTFU right-censored. Competing incidence is descriptive, so initiation probability may be overestimated."
mcrpc,2468.0,3,0,1,0.9843215111772663,"Standard KM; death and LTFU right-censored. Competing incidence is descriptive, so initiation probability may be overestimated."
mcrpc,2478.0,2,0,1,0.9843215111772663,"Standard KM; death and LTFU right-censored. Competing incidence is descriptive, so initiation probability may be overestimated."
mcrpc,2548.0,1,0,1,0.9843215111772663,"Standard KM; death and LTFU right-censored. Competing incidence is descriptive, so initiation probability may be overestimated."
mhspc_mcspc,0.0,2281,0,0,1.0,"Standard KM; death and LTFU right-censored. Competing incidence is descriptive, so initiation probability may be overestimated."
mhspc_mcspc,1.0,2281,14,0,0.9938623410784744,"Standard KM; death and LTFU right-censored. Competing incidence is descriptive, so initiation probability may be overestimated."
mhspc_mcspc,2.0,2267,1,0,0.9934239368697939,"Standard KM; death and LTFU right-censored. Competing incidence is descriptive, so initiation probability may be overestimated."
mhspc_mcspc,3.0,2266,2,0,0.9925471284524331,"Standard KM; death and LTFU right-censored. Competing incidence is descriptive, so initiation probability may be overestimated."
mhspc_mcspc,4.0,2264,1,0,0.9921087242437527,"Standard KM; death and LTFU right-censored. Competing incidence is descriptive, so initiation probability may be overestimated."
mhspc_mcspc,5.0,2263,6,0,0.9894782989916703,"Standard KM; death and LTFU right-censored. Competing incidence is descriptive, so initiation probability may be overestimated."
mhspc_mcspc,6.0,2257,3,0,0.988163086365629,"Standard KM; death and LTFU right-censored. Competing incidence is descriptive, so initiation probability may be overestimated."
mhspc_mcspc,7.0,2254,1,0,0.9877246821569485,"Standard KM; death and LTFU right-censored. Competing incidence is descriptive, so initiation probability may be overestimated."
mhspc_mcspc,8.0,2253,4,0,0.9859710653222269,"Standard KM; death and LTFU right-censored. Competing incidence is descriptive, so initiation probability may be overestimated."
mhspc_mcspc,9.0,2249,3,0,0.9846558526961857,"Standard KM; death and LTFU right-censored. Competing incidence is descriptive, so initiation probability may be overestimated."
mhspc_mcspc,10.0,2246,4,0,0.9829022358614641,"Standard KM; death and LTFU right-censored. Competing incidence is descriptive, so initiation probability may be overestimated."
mhspc_mcspc,11.0,2242,3,0,0.9815870232354229,"Standard KM; death and LTFU right-censored. Competing incidence is descriptive, so initiation probability may be overestimated."
mhspc_mcspc,12.0,2239,6,0,0.9789565979833406,"Standard KM; death and LTFU right-censored. Competing incidence is descriptive, so initiation probability may be overestimated."
mhspc_mcspc,13.0,2233,5,0,0.9767645769399386,"Standard KM; death and LTFU right-censored. Competing incidence is descriptive, so initiation probability may be overestimated."
mhspc_mcspc,14.0,2228,7,0,0.9736957474791758,"Standard KM; death and LTFU right-censored. Competing incidence is descriptive, so initiation probability may be overestimated."
mhspc_mcspc,15.0,2221,5,0,0.9715037264357737,"Standard KM; death and LTFU right-censored. Competing incidence is descriptive, so initiation probability may be overestimated."
mhspc_mcspc,16.0,2216,8,0,0.9679964927663304,"Standard KM; death and LTFU right-censored. Competing incidence is descriptive, so initiation probability may be overestimated."
mhspc_mcspc,17.0,2208,4,0,0.9662428759316087,"Standard KM; death and LTFU right-censored. Competing incidence is descriptive, so initiation probability may be overestimated."
mhspc_mcspc,18.0,2204,4,0,0.9644892590968871,"Standard KM; death and LTFU right-censored. Competing incidence is descriptive, so initiation probability may be overestimated."
mhspc_mcspc,19.0,2200,10,0,0.9601052170100831,"Standard KM; death and LTFU right-censored. Competing incidence is descriptive, so initiation probability may be overestimated."
mhspc_mcspc,20.0,2190,12,0,0.9548443665059183,"Standard KM; death and LTFU right-censored. Competing incidence is descriptive, so initiation probability may be overestimated."
mhspc_mcspc,21.0,2178,5,0,0.9526523454625163,"Standard KM; death and LTFU right-censored. Competing incidence is descriptive, so initiation probability may be overestimated."
mhspc_mcspc,22.0,2173,11,0,0.9478298991670319,"Standard KM; death and LTFU right-censored. Competing incidence is descriptive, so initiation probability may be overestimated."
mhspc_mcspc,23.0,2162,16,0,0.9408154318281453,"Standard KM; death and LTFU right-censored. Competing incidence is descriptive, so initiation probability may be overestimated."
mhspc_mcspc,24.0,2146,10,0,0.9364313897413412,"Standard KM; death and LTFU right-censored. Competing incidence is descriptive, so initiation probability may be overestimated."
mhspc_mcspc,25.0,2136,20,0,0.9276633055677331,"Standard KM; death and LTFU right-censored. Competing incidence is descriptive, so initiation probability may be overestimated."
mhspc_mcspc,26.0,2116,22,0,0.9180184129767642,"Standard KM; death and LTFU right-censored. Competing incidence is descriptive, so initiation probability may be overestimated."
mhspc_mcspc,27.0,2094,21,0,0.9088119245944758,"Standard KM; death and LTFU right-censored. Competing incidence is descriptive, so initiation probability may be overestimated."
mhspc_mcspc,28.0,2073,22,0,0.8991670320035069,"Standard KM; death and LTFU right-censored. Competing incidence is descriptive, so initiation probability may be overestimated."
mhspc_mcspc,29.0,2051,25,0,0.8882069267864968,"Standard KM; death and LTFU right-censored. Competing incidence is descriptive, so initiation probability may be overestimated."
mhspc_mcspc,30.0,2026,20,0,0.8794388426128887,"Standard KM; death and LTFU right-censored. Competing incidence is descriptive, so initiation probability may be overestimated."
mhspc_mcspc,31.0,2006,26,0,0.8680403331871983,"Standard KM; death and LTFU right-censored. Competing incidence is descriptive, so initiation probability may be overestimated."
mhspc_mcspc,32.0,1980,26,0,0.8566418237615079,"Standard KM; death and LTFU right-censored. Competing incidence is descriptive, so initiation probability may be overestimated."
mhspc_mcspc,33.0,1954,32,0,0.8426128890837349,"Standard KM; death and LTFU right-censored. Competing incidence is descriptive, so initiation probability may be overestimated."
mhspc_mcspc,34.0,1922,28,0,0.8303375712406836,"Standard KM; death and LTFU right-censored. Competing incidence is descriptive, so initiation probability may be overestimated."
mhspc_mcspc,35.0,1894,32,0,0.8163086365629107,"Standard KM; death and LTFU right-censored. Competing incidence is descriptive, so initiation probability may be overestimated."
mhspc_mcspc,36.0,1862,25,0,0.8053485313459007,"Standard KM; death and LTFU right-censored. Competing incidence is descriptive, so initiation probability may be overestimated."
mhspc_mcspc,37.0,1837,35,0,0.7900043840420865,"Standard KM; death and LTFU right-censored. Competing incidence is descriptive, so initiation probability may be overestimated."
mhspc_mcspc,38.0,1802,28,0,0.7777290661990353,"Standard KM; death and LTFU right-censored. Competing incidence is descriptive, so initiation probability may be overestimated."
mhspc_mcspc,39.0,1774,37,0,0.7615081104778604,"Standard KM; death and LTFU right-censored. Competing incidence is descriptive, so initiation probability may be overestimated."
mhspc_mcspc,40.0,1737,30,0,0.7483559842174483,"Standard KM; death and LTFU right-censored. Competing incidence is descriptive, so initiation probability may be overestimated."
mhspc_mcspc,41.0,1707,34,0,0.7334502411223146,"Standard KM; death and LTFU right-censored. Competing incidence is descriptive, so initiation probability may be overestimated."
mhspc_mcspc,42.0,1673,25,0,0.7224901359053045,"Standard KM; death and LTFU right-censored. Competing incidence is descriptive, so initiation probability may be overestimated."
mhspc_mcspc,43.0,1648,39,0,0.7053923717667688,"Standard KM; death and LTFU right-censored. Competing incidence is descriptive, so initiation probability may be overestimated."
mhspc_mcspc,44.0,1609,42,0,0.6869793950021919,"Standard KM; death and LTFU right-censored. Competing incidence is descriptive, so initiation probability may be overestimated."
mhspc_mcspc,45.0,1567,29,0,0.6742656729504601,"Standard KM; death and LTFU right-censored. Competing incidence is descriptive, so initiation probability may be overestimated."
mhspc_mcspc,46.0,1538,45,0,0.654537483559842,"Standard KM; death and LTFU right-censored. Competing incidence is descriptive, so initiation probability may be overestimated."
mhspc_mcspc,47.0,1493,35,0,0.6391933362560279,"Standard KM; death and LTFU right-censored. Competing incidence is descriptive, so initiation probability may be overestimated."
mhspc_mcspc,48.0,1458,50,0,0.6172731258220078,"Standard KM; death and LTFU right-censored. Competing incidence is descriptive, so initiation probability may be overestimated."
mhspc_mcspc,49.0,1408,37,0,0.6010521701008329,"Standard KM; death and LTFU right-censored. Competing incidence is descriptive, so initiation probability may be overestimated."
mhspc_mcspc,50.0,1371,37,0,0.584831214379658,"Standard KM; death and LTFU right-censored. Competing incidence is descriptive, so initiation probability may be overestimated."
mhspc_mcspc,51.0,1334,32,0,0.5708022797018851,"Standard KM; death and LTFU right-censored. Competing incidence is descriptive, so initiation probability may be overestimated."
mhspc_mcspc,52.0,1302,22,0,0.5611573871109162,"Standard KM; death and LTFU right-censored. Competing incidence is descriptive, so initiation probability may be overestimated."
mhspc_mcspc,53.0,1280,29,0,0.5484436650591845,"Standard KM; death and LTFU right-censored. Competing incidence is descriptive, so initiation probability may be overestimated."
mhspc_mcspc,54.0,1251,45,0,0.5287154756685664,"Standard KM; death and LTFU right-censored. Competing incidence is descriptive, so initiation probability may be overestimated."
mhspc_mcspc,55.0,1206,27,0,0.5168785620341955,"Standard KM; death and LTFU right-censored. Competing incidence is descriptive, so initiation probability may be overestimated."
mhspc_mcspc,56.0,1179,42,0,0.49846558526961854,"Standard KM; death and LTFU right-censored. Competing incidence is descriptive, so initiation probability may be overestimated."
mhspc_mcspc,57.0,1137,28,0,0.48619026742656724,"Standard KM; death and LTFU right-censored. Competing incidence is descriptive, so initiation probability may be overestimated."
mhspc_mcspc,58.0,1109,22,0,0.4765453748355984,"Standard KM; death and LTFU right-censored. Competing incidence is descriptive, so initiation probability may be overestimated."
mhspc_mcspc,59.0,1087,28,0,0.4642700569925471,"Standard KM; death and LTFU right-censored. Competing incidence is descriptive, so initiation probability may be overestimated."
mhspc_mcspc,60.0,1059,33,0,0.4498027181060938,"Standard KM; death and LTFU right-censored. Competing incidence is descriptive, so initiation probability may be overestimated."
mhspc_mcspc,61.0,1026,31,0,0.4362121876370013,"Standard KM; death and LTFU right-censored. Competing incidence is descriptive, so initiation probability may be overestimated."
mhspc_mcspc,62.0,995,28,0,0.42393686979395,"Standard KM; death and LTFU right-censored. Competing incidence is descriptive, so initiation probability may be overestimated."
mhspc_mcspc,63.0,967,37,0,0.4077159140727751,"Standard KM; death and LTFU right-censored. Competing incidence is descriptive, so initiation probability may be overestimated."
mhspc_mcspc,64.0,930,26,0,0.3963174046470846,"Standard KM; death and LTFU right-censored. Competing incidence is descriptive, so initiation probability may be overestimated."
mhspc_mcspc,65.0,904,25,0,0.3853572994300745,"Standard KM; death and LTFU right-censored. Competing incidence is descriptive, so initiation probability may be overestimated."
mhspc_mcspc,66.0,879,20,0,0.37658921525646644,"Standard KM; death and LTFU right-censored. Competing incidence is descriptive, so initiation probability may be overestimated."
mhspc_mcspc,67.0,859,25,0,0.36562911003945636,"Standard KM; death and LTFU right-censored. Competing incidence is descriptive, so initiation probability may be overestimated."
mhspc_mcspc,68.0,834,23,0,0.35554581323980705,"Standard KM; death and LTFU right-censored. Competing incidence is descriptive, so initiation probability may be overestimated."
mhspc_mcspc,69.0,811,27,0,0.34370889960543616,"Standard KM; death and LTFU right-censored. Competing incidence is descriptive, so initiation probability may be overestimated."
mhspc_mcspc,70.0,784,20,0,0.3349408154318281,"Standard KM; death and LTFU right-censored. Competing incidence is descriptive, so initiation probability may be overestimated."
mhspc_mcspc,71.0,764,14,0,0.3288031565103024,"Standard KM; death and LTFU right-censored. Competing incidence is descriptive, so initiation probability may be overestimated."
mhspc_mcspc,72.0,750,19,0,0.3204734765453747,"Standard KM; death and LTFU right-censored. Competing incidence is descriptive, so initiation probability may be overestimated."
mhspc_mcspc,73.0,731,10,0,0.3160894344585707,"Standard KM; death and LTFU right-censored. Competing incidence is descriptive, so initiation probability may be overestimated."
mhspc_mcspc,74.0,721,12,0,0.3108285839544058,"Standard KM; death and LTFU right-censored. Competing incidence is descriptive, so initiation probability may be overestimated."
mhspc_mcspc,75.0,709,18,0,0.30293730819815856,"Standard KM; death and LTFU right-censored. Competing incidence is descriptive, so initiation probability may be overestimated."
mhspc_mcspc,76.0,691,18,0,0.2950460324419113,"Standard KM; death and LTFU right-censored. Competing incidence is descriptive, so initiation probability may be overestimated."
mhspc_mcspc,77.0,673,11,0,0.29022358614642685,"Standard KM; death and LTFU right-censored. Competing incidence is descriptive, so initiation probability may be overestimated."
mhspc_mcspc,78.0,662,5,0,0.28803156510302486,"Standard KM; death and LTFU right-censored. Competing incidence is descriptive, so initiation probability may be overestimated."
mhspc_mcspc,79.0,657,14,0,0.28189390618149923,"Standard KM; death and LTFU right-censored. Competing incidence is descriptive, so initiation probability may be overestimated."
mhspc_mcspc,80.0,643,2,0,0.2810170977641384,"Standard KM; death and LTFU right-censored. Competing incidence is descriptive, so initiation probability may be overestimated."
mhspc_mcspc,81.0,641,10,0,0.27663305567733437,"Standard KM; death and LTFU right-censored. Competing incidence is descriptive, so initiation probability may be overestimated."
mhspc_mcspc,82.0,631,11,0,0.27181060938185,"Standard KM; death and LTFU right-censored. Competing incidence is descriptive, so initiation probability may be overestimated."
mhspc_mcspc,83.0,620,7,0,0.26874177992108716,"Standard KM; death and LTFU right-censored. Competing incidence is descriptive, so initiation probability may be overestimated."
mhspc_mcspc,84.0,613,1,0,0.26830337571240676,"Standard KM; death and LTFU right-censored. Competing incidence is descriptive, so initiation probability may be overestimated."
mhspc_mcspc,85.0,612,8,0,0.26479614204296353,"Standard KM; death and LTFU right-censored. Competing incidence is descriptive, so initiation probability may be overestimated."
mhspc_mcspc,86.0,604,5,0,0.26260412099956154,"Standard KM; death and LTFU right-censored. Competing incidence is descriptive, so initiation probability may be overestimated."
mhspc_mcspc,87.0,599,8,0,0.2590968873301183,"Standard KM; death and LTFU right-censored. Competing incidence is descriptive, so initiation probability may be overestimated."
mhspc_mcspc,88.0,591,3,0,0.2577816747040771,"Standard KM; death and LTFU right-censored. Competing incidence is descriptive, so initiation probability may be overestimated."
mhspc_mcspc,89.0,588,5,0,0.2555896536606751,"Standard KM; death and LTFU right-censored. Competing incidence is descriptive, so initiation probability may be overestimated."
mhspc_mcspc,90.0,583,2,0,0.2547128452433143,"Standard KM; death and LTFU right-censored. Competing incidence is descriptive, so initiation probability may be overestimated."
mhspc_mcspc,91.0,581,3,0,0.25339763261727305,"Standard KM; death and LTFU right-censored. Competing incidence is descriptive, so initiation probability may be overestimated."
mhspc_mcspc,92.0,578,6,0,0.2507672073651906,"Standard KM; death and LTFU right-censored. Competing incidence is descriptive, so initiation probability may be overestimated."
mhspc_mcspc,93.0,572,4,0,0.24901359053046898,"Standard KM; death and LTFU right-censored. Competing incidence is descriptive, so initiation probability may be overestimated."
mhspc_mcspc,94.0,568,3,0,0.24769837790442775,"Standard KM; death and LTFU right-censored. Competing incidence is descriptive, so initiation probability may be overestimated."
mhspc_mcspc,95.0,565,1,0,0.24725997369574737,"Standard KM; death and LTFU right-censored. Competing incidence is descriptive, so initiation probability may be overestimated."
mhspc_mcspc,96.0,564,1,1,0.24682156948706696,"Standard KM; death and LTFU right-censored. Competing incidence is descriptive, so initiation probability may be overestimated."
mhspc_mcspc,97.0,562,1,0,0.2463823851997234,"Standard KM; death and LTFU right-censored. Competing incidence is descriptive, so initiation probability may be overestimated."
mhspc_mcspc,99.0,561,5,0,0.24418646376300573,"Standard KM; death and LTFU right-censored. Competing incidence is descriptive, so initiation probability may be overestimated."
mhspc_mcspc,100.0,556,2,1,0.24330809518831867,"Standard KM; death and LTFU right-censored. Competing incidence is descriptive, so initiation probability may be overestimated."
mhspc_mcspc,101.0,553,2,0,0.24242813824369547,"Standard KM; death and LTFU right-censored. Competing incidence is descriptive, so initiation probability may be overestimated."
mhspc_mcspc,103.0,551,2,0,0.24154818129907224,"Standard KM; death and LTFU right-censored. Competing incidence is descriptive, so initiation probability may be overestimated."
mhspc_mcspc,104.0,549,1,0,0.24110820282676063,"Standard KM; death and LTFU right-censored. Competing incidence is descriptive, so initiation probability may be overestimated."
mhspc_mcspc,105.0,548,5,0,0.2389083104652026,"Standard KM; death and LTFU right-censored. Competing incidence is descriptive, so initiation probability may be overestimated."
mhspc_mcspc,106.0,543,1,0,0.238468331992891,"Standard KM; death and LTFU right-censored. Competing incidence is descriptive, so initiation probability may be overestimated."
mhspc_mcspc,107.0,542,1,0,0.23802835352057938,"Standard KM; death and LTFU right-censored. Competing incidence is descriptive, so initiation probability may be overestimated."
mhspc_mcspc,108.0,541,2,0,0.23714839657595616,"Standard KM; death and LTFU right-censored. Competing incidence is descriptive, so initiation probability may be overestimated."
mhspc_mcspc,109.0,539,0,1,0.23714839657595616,"Standard KM; death and LTFU right-censored. Competing incidence is descriptive, so initiation probability may be overestimated."
mhspc_mcspc,110.0,538,1,0,0.23670760029979268,"Standard KM; death and LTFU right-censored. Competing incidence is descriptive, so initiation probability may be overestimated."
mhspc_mcspc,115.0,537,1,0,0.23626680402362918,"Standard KM; death and LTFU right-censored. Competing incidence is descriptive, so initiation probability may be overestimated."
mhspc_mcspc,116.0,536,1,0,0.23582600774746568,"Standard KM; death and LTFU right-censored. Competing incidence is descriptive, so initiation probability may be overestimated."
mhspc_mcspc,117.0,535,1,0,0.23538521147130217,"Standard KM; death and LTFU right-censored. Competing incidence is descriptive, so initiation probability may be overestimated."
mhspc_mcspc,118.0,534,1,0,0.23494441519513867,"Standard KM; death and LTFU right-censored. Competing incidence is descriptive, so initiation probability may be overestimated."
mhspc_mcspc,120.0,533,2,0,0.2340628226428117,"Standard KM; death and LTFU right-censored. Competing incidence is descriptive, so initiation probability may be overestimated."
mhspc_mcspc,121.0,531,1,0,0.2336220263666482,"Standard KM; death and LTFU right-censored. Competing incidence is descriptive, so initiation probability may be overestimated."
mhspc_mcspc,129.0,530,1,0,0.23318123009048472,"Standard KM; death and LTFU right-censored. Competing incidence is descriptive, so initiation probability may be overestimated."
mhspc_mcspc,131.0,529,0,2,0.23318123009048472,"Standard KM; death and LTFU right-censored. Competing incidence is descriptive, so initiation probability may be overestimated."
mhspc_mcspc,133.0,527,1,0,0.23273876096317828,"Standard KM; death and LTFU right-censored. Competing incidence is descriptive, so initiation probability may be overestimated."
mhspc_mcspc,135.0,526,0,1,0.23273876096317828,"Standard KM; death and LTFU right-censored. Competing incidence is descriptive, so initiation probability may be overestimated."
mhspc_mcspc,140.0,525,1,0,0.23229544903753413,"Standard KM; death and LTFU right-censored. Competing incidence is descriptive, so initiation probability may be overestimated."
mhspc_mcspc,141.0,524,0,1,0.23229544903753413,"Standard KM; death and LTFU right-censored. Competing incidence is descriptive, so initiation probability may be overestimated."
mhspc_mcspc,143.0,523,0,1,0.23229544903753413,"Standard KM; death and LTFU right-censored. Competing incidence is descriptive, so initiation probability may be overestimated."
mhspc_mcspc,146.0,522,0,1,0.23229544903753413,"Standard KM; death and LTFU right-censored. Competing incidence is descriptive, so initiation probability may be overestimated."
mhspc_mcspc,160.0,521,0,1,0.23229544903753413,"Standard KM; death and LTFU right-censored. Competing incidence is descriptive, so initiation probability may be overestimated."
mhspc_mcspc,163.0,520,0,1,0.23229544903753413,"Standard KM; death and LTFU right-censored. Competing incidence is descriptive, so initiation probability may be overestimated."
mhspc_mcspc,171.0,519,0,1,0.23229544903753413,"Standard KM; death and LTFU right-censored. Competing incidence is descriptive, so initiation probability may be overestimated."
mhspc_mcspc,189.0,518,0,1,0.23229544903753413,"Standard KM; death and LTFU right-censored. Competing incidence is descriptive, so initiation probability may be overestimated."
mhspc_mcspc,190.0,517,0,1,0.23229544903753413,"Standard KM; death and LTFU right-censored. Competing incidence is descriptive, so initiation probability may be overestimated."
mhspc_mcspc,196.0,516,0,1,0.23229544903753413,"Standard KM; death and LTFU right-censored. Competing incidence is descriptive, so initiation probability may be overestimated."
mhspc_mcspc,205.0,515,0,1,0.23229544903753413,"Standard KM; death and LTFU right-censored. Competing incidence is descriptive, so initiation probability may be overestimated."
mhspc_mcspc,208.0,514,0,1,0.23229544903753413,"Standard KM; death and LTFU right-censored. Competing incidence is descriptive, so initiation probability may be overestimated."
mhspc_mcspc,210.0,513,0,1,0.23229544903753413,"Standard KM; death and LTFU right-censored. Competing incidence is descriptive, so initiation probability may be overestimated."
mhspc_mcspc,238.0,512,0,1,0.23229544903753413,"Standard KM; death and LTFU right-censored. Competing incidence is descriptive, so initiation probability may be overestimated."
mhspc_mcspc,249.0,511,0,1,0.23229544903753413,"Standard KM; death and LTFU right-censored. Competing incidence is descriptive, so initiation probability may be overestimated."
mhspc_mcspc,260.0,510,0,1,0.23229544903753413,"Standard KM; death and LTFU right-censored. Competing incidence is descriptive, so initiation probability may be overestimated."
mhspc_mcspc,264.0,509,0,2,0.23229544903753413,"Standard KM; death and LTFU right-censored. Competing incidence is descriptive, so initiation probability may be overestimated."
mhspc_mcspc,269.0,507,0,1,0.23229544903753413,"Standard KM; death and LTFU right-censored. Competing incidence is descriptive, so initiation probability may be overestimated."
mhspc_mcspc,310.0,506,0,1,0.23229544903753413,"Standard KM; death and LTFU right-censored. Competing incidence is descriptive, so initiation probability may be overestimated."
mhspc_mcspc,315.0,505,0,2,0.23229544903753413,"Standard KM; death and LTFU right-censored. Competing incidence is descriptive, so initiation probability may be overestimated."
mhspc_mcspc,329.0,503,0,1,0.23229544903753413,"Standard KM; death and LTFU right-censored. Competing incidence is descriptive, so initiation probability may be overestimated."
mhspc_mcspc,331.0,502,0,1,0.23229544903753413,"Standard KM; death and LTFU right-censored. Competing incidence is descriptive, so initiation probability may be overestimated."
mhspc_mcspc,332.0,501,0,1,0.23229544903753413,"Standard KM; death and LTFU right-censored. Competing incidence is descriptive, so initiation probability may be overestimated."
mhspc_mcspc,334.0,500,0,1,0.23229544903753413,"Standard KM; death and LTFU right-censored. Competing incidence is descriptive, so initiation probability may be overestimated."
mhspc_mcspc,340.0,499,0,1,0.23229544903753413,"Standard KM; death and LTFU right-censored. Competing incidence is descriptive, so initiation probability may be overestimated."
mhspc_mcspc,346.0,498,0,1,0.23229544903753413,"Standard KM; death and LTFU right-censored. Competing incidence is descriptive, so initiation probability may be overestimated."
mhspc_mcspc,347.0,497,0,1,0.23229544903753413,"Standard KM; death and LTFU right-censored. Competing incidence is descriptive, so initiation probability may be overestimated."
mhspc_mcspc,350.0,496,0,1,0.23229544903753413,"Standard KM; death and LTFU right-censored. Competing incidence is descriptive, so initiation probability may be overestimated."
mhspc_mcspc,360.0,495,0,1,0.23229544903753413,"Standard KM; death and LTFU right-censored. Competing incidence is descriptive, so initiation probability may be overestimated."
mhspc_mcspc,365.0,494,0,1,0.23229544903753413,"Standard KM; death and LTFU right-censored. Competing incidence is descriptive, so initiation probability may be overestimated."
mhspc_mcspc,366.0,493,0,1,0.23229544903753413,"Standard KM; death and LTFU right-censored. Competing incidence is descriptive, so initiation probability may be overestimated."
mhspc_mcspc,378.0,492,0,1,0.23229544903753413,"Standard KM; death and LTFU right-censored. Competing incidence is descriptive, so initiation probability may be overestimated."
mhspc_mcspc,384.0,491,0,1,0.23229544903753413,"Standard KM; death and LTFU right-censored. Competing incidence is descriptive, so initiation probability may be overestimated."
mhspc_mcspc,388.0,490,0,1,0.23229544903753413,"Standard KM; death and LTFU right-censored. Competing incidence is descriptive, so initiation probability may be overestimated."
mhspc_mcspc,404.0,489,0,1,0.23229544903753413,"Standard KM; death and LTFU right-censored. Competing incidence is descriptive, so initiation probability may be overestimated."
mhspc_mcspc,408.0,488,0,1,0.23229544903753413,"Standard KM; death and LTFU right-censored. Competing incidence is descriptive, so initiation probability may be overestimated."
mhspc_mcspc,425.0,487,0,1,0.23229544903753413,"Standard KM; death and LTFU right-censored. Competing incidence is descriptive, so initiation probability may be overestimated."
mhspc_mcspc,453.0,486,0,1,0.23229544903753413,"Standard KM; death and LTFU right-censored. Competing incidence is descriptive, so initiation probability may be overestimated."
mhspc_mcspc,459.0,485,0,1,0.23229544903753413,"Standard KM; death and LTFU right-censored. Competing incidence is descriptive, so initiation probability may be overestimated."
mhspc_mcspc,471.0,484,0,1,0.23229544903753413,"Standard KM; death and LTFU right-censored. Competing incidence is descriptive, so initiation probability may be overestimated."
mhspc_mcspc,474.0,483,0,1,0.23229544903753413,"Standard KM; death and LTFU right-censored. Competing incidence is descriptive, so initiation probability may be overestimated."
mhspc_mcspc,475.0,482,0,2,0.23229544903753413,"Standard KM; death and LTFU right-censored. Competing incidence is descriptive, so initiation probability may be overestimated."
mhspc_mcspc,476.0,480,0,1,0.23229544903753413,"Standard KM; death and LTFU right-censored. Competing incidence is descriptive, so initiation probability may be overestimated."
mhspc_mcspc,478.0,479,0,1,0.23229544903753413,"Standard KM; death and LTFU right-censored. Competing incidence is descriptive, so initiation probability may be overestimated."
mhspc_mcspc,481.0,478,0,1,0.23229544903753413,"Standard KM; death and LTFU right-censored. Competing incidence is descriptive, so initiation probability may be overestimated."
mhspc_mcspc,482.0,477,0,1,0.23229544903753413,"Standard KM; death and LTFU right-censored. Competing incidence is descriptive, so initiation probability may be overestimated."
mhspc_mcspc,486.0,476,0,1,0.23229544903753413,"Standard KM; death and LTFU right-censored. Competing incidence is descriptive, so initiation probability may be overestimated."
mhspc_mcspc,489.0,475,0,1,0.23229544903753413,"Standard KM; death and LTFU right-censored. Competing incidence is descriptive, so initiation probability may be overestimated."
mhspc_mcspc,491.0,474,0,1,0.23229544903753413,"Standard KM; death and LTFU right-censored. Competing incidence is descriptive, so initiation probability may be overestimated."
mhspc_mcspc,493.0,473,0,1,0.23229544903753413,"Standard KM; death and LTFU right-censored. Competing incidence is descriptive, so initiation probability may be overestimated."
mhspc_mcspc,495.0,472,0,1,0.23229544903753413,"Standard KM; death and LTFU right-censored. Competing incidence is descriptive, so initiation probability may be overestimated."
mhspc_mcspc,500.0,471,0,1,0.23229544903753413,"Standard KM; death and LTFU right-censored. Competing incidence is descriptive, so initiation probability may be overestimated."
mhspc_mcspc,501.0,470,0,1,0.23229544903753413,"Standard KM; death and LTFU right-censored. Competing incidence is descriptive, so initiation probability may be overestimated."
mhspc_mcspc,502.0,469,0,1,0.23229544903753413,"Standard KM; death and LTFU right-censored. Competing incidence is descriptive, so initiation probability may be overestimated."
mhspc_mcspc,503.0,468,0,1,0.23229544903753413,"Standard KM; death and LTFU right-censored. Competing incidence is descriptive, so initiation probability may be overestimated."
mhspc_mcspc,508.0,467,0,1,0.23229544903753413,"Standard KM; death and LTFU right-censored. Competing incidence is descriptive, so initiation probability may be overestimated."
mhspc_mcspc,511.0,466,0,1,0.23229544903753413,"Standard KM; death and LTFU right-censored. Competing incidence is descriptive, so initiation probability may be overestimated."
mhspc_mcspc,512.0,465,0,1,0.23229544903753413,"Standard KM; death and LTFU right-censored. Competing incidence is descriptive, so initiation probability may be overestimated."
mhspc_mcspc,514.0,464,0,1,0.23229544903753413,"Standard KM; death and LTFU right-censored. Competing incidence is descriptive, so initiation probability may be overestimated."
mhspc_mcspc,531.0,463,0,1,0.23229544903753413,"Standard KM; death and LTFU right-censored. Competing incidence is descriptive, so initiation probability may be overestimated."
mhspc_mcspc,534.0,462,0,1,0.23229544903753413,"Standard KM; death and LTFU right-censored. Competing incidence is descriptive, so initiation probability may be overestimated."
mhspc_mcspc,536.0,461,0,1,0.23229544903753413,"Standard KM; death and LTFU right-censored. Competing incidence is descriptive, so initiation probability may be overestimated."
mhspc_mcspc,542.0,460,0,3,0.23229544903753413,"Standard KM; death and LTFU right-censored. Competing incidence is descriptive, so initiation probability may be overestimated."
mhspc_mcspc,547.0,457,0,1,0.23229544903753413,"Standard KM; death and LTFU right-censored. Competing incidence is descriptive, so initiation probability may be overestimated."
mhspc_mcspc,548.0,456,0,2,0.23229544903753413,"Standard KM; death and LTFU right-censored. Competing incidence is descriptive, so initiation probability may be overestimated."
mhspc_mcspc,549.0,454,0,1,0.23229544903753413,"Standard KM; death and LTFU right-censored. Competing incidence is descriptive, so initiation probability may be overestimated."
mhspc_mcspc,554.0,453,0,1,0.23229544903753413,"Standard KM; death and LTFU right-censored. Competing incidence is descriptive, so initiation probability may be overestimated."
mhspc_mcspc,555.0,452,0,1,0.23229544903753413,"Standard KM; death and LTFU right-censored. Competing incidence is descriptive, so initiation probability may be overestimated."
mhspc_mcspc,573.0,451,0,1,0.23229544903753413,"Standard KM; death and LTFU right-censored. Competing incidence is descriptive, so initiation probability may be overestimated."
mhspc_mcspc,577.0,450,0,1,0.23229544903753413,"Standard KM; death and LTFU right-censored. Competing incidence is descriptive, so initiation probability may be overestimated."
mhspc_mcspc,587.0,449,0,1,0.23229544903753413,"Standard KM; death and LTFU right-censored. Competing incidence is descriptive, so initiation probability may be overestimated."
mhspc_mcspc,589.0,448,0,1,0.23229544903753413,"Standard KM; death and LTFU right-censored. Competing incidence is descriptive, so initiation probability may be overestimated."
mhspc_mcspc,593.0,447,0,1,0.23229544903753413,"Standard KM; death and LTFU right-censored. Competing incidence is descriptive, so initiation probability may be overestimated."
mhspc_mcspc,599.0,446,0,1,0.23229544903753413,"Standard KM; death and LTFU right-censored. Competing incidence is descriptive, so initiation probability may be overestimated."
mhspc_mcspc,602.0,445,0,1,0.23229544903753413,"Standard KM; death and LTFU right-censored. Competing incidence is descriptive, so initiation probability may be overestimated."
mhspc_mcspc,603.0,444,0,1,0.23229544903753413,"Standard KM; death and LTFU right-censored. Competing incidence is descriptive, so initiation probability may be overestimated."
mhspc_mcspc,608.0,443,0,1,0.23229544903753413,"Standard KM; death and LTFU right-censored. Competing incidence is descriptive, so initiation probability may be overestimated."
mhspc_mcspc,609.0,442,0,1,0.23229544903753413,"Standard KM; death and LTFU right-censored. Competing incidence is descriptive, so initiation probability may be overestimated."
mhspc_mcspc,610.0,441,0,1,0.23229544903753413,"Standard KM; death and LTFU right-censored. Competing incidence is descriptive, so initiation probability may be overestimated."
mhspc_mcspc,613.0,440,0,1,0.23229544903753413,"Standard KM; death and LTFU right-censored. Competing incidence is descriptive, so initiation probability may be overestimated."
mhspc_mcspc,616.0,439,0,1,0.23229544903753413,"Standard KM; death and LTFU right-censored. Competing incidence is descriptive, so initiation probability may be overestimated."
mhspc_mcspc,617.0,438,0,1,0.23229544903753413,"Standard KM; death and LTFU right-censored. Competing incidence is descriptive, so initiation probability may be overestimated."
mhspc_mcspc,618.0,437,0,1,0.23229544903753413,"Standard KM; death and LTFU right-censored. Competing incidence is descriptive, so initiation probability may be overestimated."
mhspc_mcspc,628.0,436,0,1,0.23229544903753413,"Standard KM; death and LTFU right-censored. Competing incidence is descriptive, so initiation probability may be overestimated."
mhspc_mcspc,640.0,435,0,3,0.23229544903753413,"Standard KM; death and LTFU right-censored. Competing incidence is descriptive, so initiation probability may be overestimated."
mhspc_mcspc,647.0,432,0,1,0.23229544903753413,"Standard KM; death and LTFU right-censored. Competing incidence is descriptive, so initiation probability may be overestimated."
mhspc_mcspc,664.0,431,0,1,0.23229544903753413,"Standard KM; death and LTFU right-censored. Competing incidence is descriptive, so initiation probability may be overestimated."
mhspc_mcspc,670.0,430,0,1,0.23229544903753413,"Standard KM; death and LTFU right-censored. Competing incidence is descriptive, so initiation probability may be overestimated."
mhspc_mcspc,679.0,429,0,1,0.23229544903753413,"Standard KM; death and LTFU right-censored. Competing incidence is descriptive, so initiation probability may be overestimated."
mhspc_mcspc,682.0,428,0,2,0.23229544903753413,"Standard KM; death and LTFU right-censored. Competing incidence is descriptive, so initiation probability may be overestimated."
mhspc_mcspc,684.0,426,0,1,0.23229544903753413,"Standard KM; death and LTFU right-censored. Competing incidence is descriptive, so initiation probability may be overestimated."
mhspc_mcspc,688.0,425,0,1,0.23229544903753413,"Standard KM; death and LTFU right-censored. Competing incidence is descriptive, so initiation probability may be overestimated."
mhspc_mcspc,696.0,424,0,1,0.23229544903753413,"Standard KM; death and LTFU right-censored. Competing incidence is descriptive, so initiation probability may be overestimated."
mhspc_mcspc,706.0,423,0,1,0.23229544903753413,"Standard KM; death and LTFU right-censored. Competing incidence is descriptive, so initiation probability may be overestimated."
mhspc_mcspc,707.0,422,0,1,0.23229544903753413,"Standard KM; death and LTFU right-censored. Competing incidence is descriptive, so initiation probability may be overestimated."
mhspc_mcspc,708.0,421,0,1,0.23229544903753413,"Standard KM; death and LTFU right-censored. Competing incidence is descriptive, so initiation probability may be overestimated."
mhspc_mcspc,709.0,420,0,1,0.23229544903753413,"Standard KM; death and LTFU right-censored. Competing incidence is descriptive, so initiation probability may be overestimated."
mhspc_mcspc,711.0,419,0,1,0.23229544903753413,"Standard KM; death and LTFU right-censored. Competing incidence is descriptive, so initiation probability may be overestimated."
mhspc_mcspc,712.0,418,0,1,0.23229544903753413,"Standard KM; death and LTFU right-censored. Competing incidence is descriptive, so initiation probability may be overestimated."
mhspc_mcspc,713.0,417,0,1,0.23229544903753413,"Standard KM; death and LTFU right-censored. Competing incidence is descriptive, so initiation probability may be overestimated."
mhspc_mcspc,717.0,416,0,1,0.23229544903753413,"Standard KM; death and LTFU right-censored. Competing incidence is descriptive, so initiation probability may be overestimated."
mhspc_mcspc,722.0,415,0,1,0.23229544903753413,"Standard KM; death and LTFU right-censored. Competing incidence is descriptive, so initiation probability may be overestimated."
mhspc_mcspc,726.0,414,0,1,0.23229544903753413,"Standard KM; death and LTFU right-censored. Competing incidence is descriptive, so initiation probability may be overestimated."
mhspc_mcspc,733.0,413,0,1,0.23229544903753413,"Standard KM; death and LTFU right-censored. Competing incidence is descriptive, so initiation probability may be overestimated."
mhspc_mcspc,735.0,412,0,1,0.23229544903753413,"Standard KM; death and LTFU right-censored. Competing incidence is descriptive, so initiation probability may be overestimated."
mhspc_mcspc,736.0,411,0,1,0.23229544903753413,"Standard KM; death and LTFU right-censored. Competing incidence is descriptive, so initiation probability may be overestimated."
mhspc_mcspc,739.0,410,0,2,0.23229544903753413,"Standard KM; death and LTFU right-censored. Competing incidence is descriptive, so initiation probability may be overestimated."
mhspc_mcspc,740.0,408,0,1,0.23229544903753413,"Standard KM; death and LTFU right-censored. Competing incidence is descriptive, so initiation probability may be overestimated."
mhspc_mcspc,746.0,407,0,1,0.23229544903753413,"Standard KM; death and LTFU right-censored. Competing incidence is descriptive, so initiation probability may be overestimated."
mhspc_mcspc,751.0,406,0,1,0.23229544903753413,"Standard KM; death and LTFU right-censored. Competing incidence is descriptive, so initiation probability may be overestimated."
mhspc_mcspc,756.0,405,0,1,0.23229544903753413,"Standard KM; death and LTFU right-censored. Competing incidence is descriptive, so initiation probability may be overestimated."
mhspc_mcspc,761.0,404,0,1,0.23229544903753413,"Standard KM; death and LTFU right-censored. Competing incidence is descriptive, so initiation probability may be overestimated."
mhspc_mcspc,762.0,403,0,1,0.23229544903753413,"Standard KM; death and LTFU right-censored. Competing incidence is descriptive, so initiation probability may be overestimated."
mhspc_mcspc,763.0,402,0,1,0.23229544903753413,"Standard KM; death and LTFU right-censored. Competing incidence is descriptive, so initiation probability may be overestimated."
mhspc_mcspc,764.0,401,0,1,0.23229544903753413,"Standard KM; death and LTFU right-censored. Competing incidence is descriptive, so initiation probability may be overestimated."
mhspc_mcspc,767.0,400,0,1,0.23229544903753413,"Standard KM; death and LTFU right-censored. Competing incidence is descriptive, so initiation probability may be overestimated."
mhspc_mcspc,770.0,399,0,1,0.23229544903753413,"Standard KM; death and LTFU right-censored. Competing incidence is descriptive, so initiation probability may be overestimated."
mhspc_mcspc,774.0,398,0,2,0.23229544903753413,"Standard KM; death and LTFU right-censored. Competing incidence is descriptive, so initiation probability may be overestimated."
mhspc_mcspc,780.0,396,0,1,0.23229544903753413,"Standard KM; death and LTFU right-censored. Competing incidence is descriptive, so initiation probability may be overestimated."
mhspc_mcspc,795.0,395,0,2,0.23229544903753413,"Standard KM; death and LTFU right-censored. Competing incidence is descriptive, so initiation probability may be overestimated."
mhspc_mcspc,798.0,393,0,1,0.23229544903753413,"Standard KM; death and LTFU right-censored. Competing incidence is descriptive, so initiation probability may be overestimated."
mhspc_mcspc,802.0,392,0,1,0.23229544903753413,"Standard KM; death and LTFU right-censored. Competing incidence is descriptive, so initiation probability may be overestimated."
mhspc_mcspc,803.0,391,0,1,0.23229544903753413,"Standard KM; death and LTFU right-censored. Competing incidence is descriptive, so initiation probability may be overestimated."
mhspc_mcspc,816.0,390,0,1,0.23229544903753413,"Standard KM; death and LTFU right-censored. Competing incidence is descriptive, so initiation probability may be overestimated."
mhspc_mcspc,824.0,389,0,1,0.23229544903753413,"Standard KM; death and LTFU right-censored. Competing incidence is descriptive, so initiation probability may be overestimated."
mhspc_mcspc,829.0,388,0,1,0.23229544903753413,"Standard KM; death and LTFU right-censored. Competing incidence is descriptive, so initiation probability may be overestimated."
mhspc_mcspc,831.0,387,0,1,0.23229544903753413,"Standard KM; death and LTFU right-censored. Competing incidence is descriptive, so initiation probability may be overestimated."
mhspc_mcspc,832.0,386,0,1,0.23229544903753413,"Standard KM; death and LTFU right-censored. Competing incidence is descriptive, so initiation probability may be overestimated."
mhspc_mcspc,839.0,385,0,1,0.23229544903753413,"Standard KM; death and LTFU right-censored. Competing incidence is descriptive, so initiation probability may be overestimated."
mhspc_mcspc,848.0,384,0,1,0.23229544903753413,"Standard KM; death and LTFU right-censored. Competing incidence is descriptive, so initiation probability may be overestimated."
mhspc_mcspc,856.0,383,0,1,0.23229544903753413,"Standard KM; death and LTFU right-censored. Competing incidence is descriptive, so initiation probability may be overestimated."
mhspc_mcspc,860.0,382,0,1,0.23229544903753413,"Standard KM; death and LTFU right-censored. Competing incidence is descriptive, so initiation probability may be overestimated."
mhspc_mcspc,866.0,381,0,1,0.23229544903753413,"Standard KM; death and LTFU right-censored. Competing incidence is descriptive, so initiation probability may be overestimated."
mhspc_mcspc,869.0,380,0,1,0.23229544903753413,"Standard KM; death and LTFU right-censored. Competing incidence is descriptive, so initiation probability may be overestimated."
mhspc_mcspc,871.0,379,0,1,0.23229544903753413,"Standard KM; death and LTFU right-censored. Competing incidence is descriptive, so initiation probability may be overestimated."
mhspc_mcspc,879.0,378,0,1,0.23229544903753413,"Standard KM; death and LTFU right-censored. Competing incidence is descriptive, so initiation probability may be overestimated."
mhspc_mcspc,888.0,377,0,1,0.23229544903753413,"Standard KM; death and LTFU right-censored. Competing incidence is descriptive, so initiation probability may be overestimated."
mhspc_mcspc,890.0,376,0,2,0.23229544903753413,"Standard KM; death and LTFU right-censored. Competing incidence is descriptive, so initiation probability may be overestimated."
mhspc_mcspc,909.0,374,0,1,0.23229544903753413,"Standard KM; death and LTFU right-censored. Competing incidence is descriptive, so initiation probability may be overestimated."
mhspc_mcspc,910.0,373,0,1,0.23229544903753413,"Standard KM; death and LTFU right-censored. Competing incidence is descriptive, so initiation probability may be overestimated."
mhspc_mcspc,914.0,372,0,1,0.23229544903753413,"Standard KM; death and LTFU right-censored. Competing incidence is descriptive, so initiation probability may be overestimated."
mhspc_mcspc,921.0,371,0,2,0.23229544903753413,"Standard KM; death and LTFU right-censored. Competing incidence is descriptive, so initiation probability may be overestimated."
mhspc_mcspc,923.0,369,0,2,0.23229544903753413,"Standard KM; death and LTFU right-censored. Competing incidence is descriptive, so initiation probability may be overestimated."
mhspc_mcspc,929.0,367,0,1,0.23229544903753413,"Standard KM; death and LTFU right-censored. Competing incidence is descriptive, so initiation probability may be overestimated."
mhspc_mcspc,931.0,366,0,1,0.23229544903753413,"Standard KM; death and LTFU right-censored. Competing incidence is descriptive, so initiation probability may be overestimated."
mhspc_mcspc,937.0,365,0,1,0.23229544903753413,"Standard KM; death and LTFU right-censored. Competing incidence is descriptive, so initiation probability may be overestimated."
mhspc_mcspc,955.0,364,0,2,0.23229544903753413,"Standard KM; death and LTFU right-censored. Competing incidence is descriptive, so initiation probability may be overestimated."
mhspc_mcspc,956.0,362,0,1,0.23229544903753413,"Standard KM; death and LTFU right-censored. Competing incidence is descriptive, so initiation probability may be overestimated."
mhspc_mcspc,957.0,361,0,1,0.23229544903753413,"Standard KM; death and LTFU right-censored. Competing incidence is descriptive, so initiation probability may be overestimated."
mhspc_mcspc,959.0,360,0,2,0.23229544903753413,"Standard KM; death and LTFU right-censored. Competing incidence is descriptive, so initiation probability may be overestimated."
mhspc_mcspc,965.0,358,0,2,0.23229544903753413,"Standard KM; death and LTFU right-censored. Competing incidence is descriptive, so initiation probability may be overestimated."
mhspc_mcspc,973.0,356,0,1,0.23229544903753413,"Standard KM; death and LTFU right-censored. Competing incidence is descriptive, so initiation probability may be overestimated."
mhspc_mcspc,974.0,355,0,1,0.23229544903753413,"Standard KM; death and LTFU right-censored. Competing incidence is descriptive, so initiation probability may be overestimated."
mhspc_mcspc,982.0,354,0,1,0.23229544903753413,"Standard KM; death and LTFU right-censored. Competing incidence is descriptive, so initiation probability may be overestimated."
mhspc_mcspc,985.0,353,0,1,0.23229544903753413,"Standard KM; death and LTFU right-censored. Competing incidence is descriptive, so initiation probability may be overestimated."
mhspc_mcspc,986.0,352,0,1,0.23229544903753413,"Standard KM; death and LTFU right-censored. Competing incidence is descriptive, so initiation probability may be overestimated."
mhspc_mcspc,987.0,351,0,1,0.23229544903753413,"Standard KM; death and LTFU right-censored. Competing incidence is descriptive, so initiation probability may be overestimated."
mhspc_mcspc,1013.0,350,0,1,0.23229544903753413,"Standard KM; death and LTFU right-censored. Competing incidence is descriptive, so initiation probability may be overestimated."
mhspc_mcspc,1015.0,349,0,2,0.23229544903753413,"Standard KM; death and LTFU right-censored. Competing incidence is descriptive, so initiation probability may be overestimated."
mhspc_mcspc,1017.0,347,0,1,0.23229544903753413,"Standard KM; death and LTFU right-censored. Competing incidence is descriptive, so initiation probability may be overestimated."
mhspc_mcspc,1020.0,346,0,1,0.23229544903753413,"Standard KM; death and LTFU right-censored. Competing incidence is descriptive, so initiation probability may be overestimated."
mhspc_mcspc,1022.0,345,0,1,0.23229544903753413,"Standard KM; death and LTFU right-censored. Competing incidence is descriptive, so initiation probability may be overestimated."
mhspc_mcspc,1028.0,344,0,1,0.23229544903753413,"Standard KM; death and LTFU right-censored. Competing incidence is descriptive, so initiation probability may be overestimated."
mhspc_mcspc,1040.0,343,0,1,0.23229544903753413,"Standard KM; death and LTFU right-censored. Competing incidence is descriptive, so initiation probability may be overestimated."
mhspc_mcspc,1049.0,342,0,1,0.23229544903753413,"Standard KM; death and LTFU right-censored. Competing incidence is descriptive, so initiation probability may be overestimated."
mhspc_mcspc,1056.0,341,0,2,0.23229544903753413,"Standard KM; death and LTFU right-censored. Competing incidence is descriptive, so initiation probability may be overestimated."
mhspc_mcspc,1058.0,339,0,2,0.23229544903753413,"Standard KM; death and LTFU right-censored. Competing incidence is descriptive, so initiation probability may be overestimated."
mhspc_mcspc,1061.0,337,0,1,0.23229544903753413,"Standard KM; death and LTFU right-censored. Competing incidence is descriptive, so initiation probability may be overestimated."
mhspc_mcspc,1066.0,336,0,1,0.23229544903753413,"Standard KM; death and LTFU right-censored. Competing incidence is descriptive, so initiation probability may be overestimated."
mhspc_mcspc,1068.0,335,0,1,0.23229544903753413,"Standard KM; death and LTFU right-censored. Competing incidence is descriptive, so initiation probability may be overestimated."
mhspc_mcspc,1075.0,334,0,2,0.23229544903753413,"Standard KM; death and LTFU right-censored. Competing incidence is descriptive, so initiation probability may be overestimated."
mhspc_mcspc,1084.0,332,0,1,0.23229544903753413,"Standard KM; death and LTFU right-censored. Competing incidence is descriptive, so initiation probability may be overestimated."
mhspc_mcspc,1090.0,331,0,1,0.23229544903753413,"Standard KM; death and LTFU right-censored. Competing incidence is descriptive, so initiation probability may be overestimated."
mhspc_mcspc,1091.0,330,0,1,0.23229544903753413,"Standard KM; death and LTFU right-censored. Competing incidence is descriptive, so initiation probability may be overestimated."
mhspc_mcspc,1107.0,329,0,1,0.23229544903753413,"Standard KM; death and LTFU right-censored. Competing incidence is descriptive, so initiation probability may be overestimated."
mhspc_mcspc,1108.0,328,0,1,0.23229544903753413,"Standard KM; death and LTFU right-censored. Competing incidence is descriptive, so initiation probability may be overestimated."
mhspc_mcspc,1110.0,327,0,1,0.23229544903753413,"Standard KM; death and LTFU right-censored. Competing incidence is descriptive, so initiation probability may be overestimated."
mhspc_mcspc,1111.0,326,0,2,0.23229544903753413,"Standard KM; death and LTFU right-censored. Competing incidence is descriptive, so initiation probability may be overestimated."
mhspc_mcspc,1130.0,324,0,1,0.23229544903753413,"Standard KM; death and LTFU right-censored. Competing incidence is descriptive, so initiation probability may be overestimated."
mhspc_mcspc,1137.0,323,0,1,0.23229544903753413,"Standard KM; death and LTFU right-censored. Competing incidence is descriptive, so initiation probability may be overestimated."
mhspc_mcspc,1139.0,322,0,1,0.23229544903753413,"Standard KM; death and LTFU right-censored. Competing incidence is descriptive, so initiation probability may be overestimated."
mhspc_mcspc,1150.0,321,0,3,0.23229544903753413,"Standard KM; death and LTFU right-censored. Competing incidence is descriptive, so initiation probability may be overestimated."
mhspc_mcspc,1159.0,318,0,1,0.23229544903753413,"Standard KM; death and LTFU right-censored. Competing incidence is descriptive, so initiation probability may be overestimated."
mhspc_mcspc,1165.0,317,0,1,0.23229544903753413,"Standard KM; death and LTFU right-censored. Competing incidence is descriptive, so initiation probability may be overestimated."
mhspc_mcspc,1166.0,316,0,1,0.23229544903753413,"Standard KM; death and LTFU right-censored. Competing incidence is descriptive, so initiation probability may be overestimated."
mhspc_mcspc,1169.0,315,0,1,0.23229544903753413,"Standard KM; death and LTFU right-censored. Competing incidence is descriptive, so initiation probability may be overestimated."
mhspc_mcspc,1174.0,314,0,1,0.23229544903753413,"Standard KM; death and LTFU right-censored. Competing incidence is descriptive, so initiation probability may be overestimated."
mhspc_mcspc,1176.0,313,0,1,0.23229544903753413,"Standard KM; death and LTFU right-censored. Competing incidence is descriptive, so initiation probability may be overestimated."
mhspc_mcspc,1182.0,312,0,1,0.23229544903753413,"Standard KM; death and LTFU right-censored. Competing incidence is descriptive, so initiation probability may be overestimated."
mhspc_mcspc,1184.0,311,0,2,0.23229544903753413,"Standard KM; death and LTFU right-censored. Competing incidence is descriptive, so initiation probability may be overestimated."
mhspc_mcspc,1185.0,309,0,1,0.23229544903753413,"Standard KM; death and LTFU right-censored. Competing incidence is descriptive, so initiation probability may be overestimated."
mhspc_mcspc,1189.0,308,0,1,0.23229544903753413,"Standard KM; death and LTFU right-censored. Competing incidence is descriptive, so initiation probability may be overestimated."
mhspc_mcspc,1195.0,307,0,1,0.23229544903753413,"Standard KM; death and LTFU right-censored. Competing incidence is descriptive, so initiation probability may be overestimated."
mhspc_mcspc,1220.0,306,0,1,0.23229544903753413,"Standard KM; death and LTFU right-censored. Competing incidence is descriptive, so initiation probability may be overestimated."
mhspc_mcspc,1223.0,305,0,1,0.23229544903753413,"Standard KM; death and LTFU right-censored. Competing incidence is descriptive, so initiation probability may be overestimated."
mhspc_mcspc,1224.0,304,0,1,0.23229544903753413,"Standard KM; death and LTFU right-censored. Competing incidence is descriptive, so initiation probability may be overestimated."
mhspc_mcspc,1227.0,303,0,2,0.23229544903753413,"Standard KM; death and LTFU right-censored. Competing incidence is descriptive, so initiation probability may be overestimated."
mhspc_mcspc,1235.0,301,0,1,0.23229544903753413,"Standard KM; death and LTFU right-censored. Competing incidence is descriptive, so initiation probability may be overestimated."
mhspc_mcspc,1237.0,300,0,1,0.23229544903753413,"Standard KM; death and LTFU right-censored. Competing incidence is descriptive, so initiation probability may be overestimated."
mhspc_mcspc,1242.0,299,0,1,0.23229544903753413,"Standard KM; death and LTFU right-censored. Competing incidence is descriptive, so initiation probability may be overestimated."
mhspc_mcspc,1245.0,298,0,1,0.23229544903753413,"Standard KM; death and LTFU right-censored. Competing incidence is descriptive, so initiation probability may be overestimated."
mhspc_mcspc,1249.0,297,0,1,0.23229544903753413,"Standard KM; death and LTFU right-censored. Competing incidence is descriptive, so initiation probability may be overestimated."
mhspc_mcspc,1251.0,296,0,2,0.23229544903753413,"Standard KM; death and LTFU right-censored. Competing incidence is descriptive, so initiation probability may be overestimated."
mhspc_mcspc,1254.0,294,0,1,0.23229544903753413,"Standard KM; death and LTFU right-censored. Competing incidence is descriptive, so initiation probability may be overestimated."
mhspc_mcspc,1255.0,293,0,1,0.23229544903753413,"Standard KM; death and LTFU right-censored. Competing incidence is descriptive, so initiation probability may be overestimated."
mhspc_mcspc,1266.0,292,0,1,0.23229544903753413,"Standard KM; death and LTFU right-censored. Competing incidence is descriptive, so initiation probability may be overestimated."
mhspc_mcspc,1271.0,291,0,1,0.23229544903753413,"Standard KM; death and LTFU right-censored. Competing incidence is descriptive, so initiation probability may be overestimated."
mhspc_mcspc,1282.0,290,0,1,0.23229544903753413,"Standard KM; death and LTFU right-censored. Competing incidence is descriptive, so initiation probability may be overestimated."
mhspc_mcspc,1285.0,289,0,1,0.23229544903753413,"Standard KM; death and LTFU right-censored. Competing incidence is descriptive, so initiation probability may be overestimated."
mhspc_mcspc,1288.0,288,0,1,0.23229544903753413,"Standard KM; death and LTFU right-censored. Competing incidence is descriptive, so initiation probability may be overestimated."
mhspc_mcspc,1289.0,287,0,1,0.23229544903753413,"Standard KM; death and LTFU right-censored. Competing incidence is descriptive, so initiation probability may be overestimated."
mhspc_mcspc,1299.0,286,0,1,0.23229544903753413,"Standard KM; death and LTFU right-censored. Competing incidence is descriptive, so initiation probability may be overestimated."
mhspc_mcspc,1308.0,285,0,1,0.23229544903753413,"Standard KM; death and LTFU right-censored. Competing incidence is descriptive, so initiation probability may be overestimated."
mhspc_mcspc,1309.0,284,0,1,0.23229544903753413,"Standard KM; death and LTFU right-censored. Competing incidence is descriptive, so initiation probability may be overestimated."
mhspc_mcspc,1313.0,283,0,1,0.23229544903753413,"Standard KM; death and LTFU right-censored. Competing incidence is descriptive, so initiation probability may be overestimated."
mhspc_mcspc,1315.0,282,0,1,0.23229544903753413,"Standard KM; death and LTFU right-censored. Competing incidence is descriptive, so initiation probability may be overestimated."
mhspc_mcspc,1316.0,281,0,1,0.23229544903753413,"Standard KM; death and LTFU right-censored. Competing incidence is descriptive, so initiation probability may be overestimated."
mhspc_mcspc,1317.0,280,0,1,0.23229544903753413,"Standard KM; death and LTFU right-censored. Competing incidence is descriptive, so initiation probability may be overestimated."
mhspc_mcspc,1325.0,279,0,1,0.23229544903753413,"Standard KM; death and LTFU right-censored. Competing incidence is descriptive, so initiation probability may be overestimated."
mhspc_mcspc,1326.0,278,0,1,0.23229544903753413,"Standard KM; death and LTFU right-censored. Competing incidence is descriptive, so initiation probability may be overestimated."
mhspc_mcspc,1331.0,277,0,1,0.23229544903753413,"Standard KM; death and LTFU right-censored. Competing incidence is descriptive, so initiation probability may be overestimated."
mhspc_mcspc,1332.0,276,0,1,0.23229544903753413,"Standard KM; death and LTFU right-censored. Competing incidence is descriptive, so initiation probability may be overestimated."
mhspc_mcspc,1341.0,275,0,1,0.23229544903753413,"Standard KM; death and LTFU right-censored. Competing incidence is descriptive, so initiation probability may be overestimated."
mhspc_mcspc,1343.0,274,0,1,0.23229544903753413,"Standard KM; death and LTFU right-censored. Competing incidence is descriptive, so initiation probability may be overestimated."
mhspc_mcspc,1352.0,273,0,1,0.23229544903753413,"Standard KM; death and LTFU right-censored. Competing incidence is descriptive, so initiation probability may be overestimated."
mhspc_mcspc,1358.0,272,0,1,0.23229544903753413,"Standard KM; death and LTFU right-censored. Competing incidence is descriptive, so initiation probability may be overestimated."
mhspc_mcspc,1359.0,271,0,1,0.23229544903753413,"Standard KM; death and LTFU right-censored. Competing incidence is descriptive, so initiation probability may be overestimated."
mhspc_mcspc,1363.0,270,0,1,0.23229544903753413,"Standard KM; death and LTFU right-censored. Competing incidence is descriptive, so initiation probability may be overestimated."
mhspc_mcspc,1364.0,269,0,1,0.23229544903753413,"Standard KM; death and LTFU right-censored. Competing incidence is descriptive, so initiation probability may be overestimated."
mhspc_mcspc,1370.0,268,0,1,0.23229544903753413,"Standard KM; death and LTFU right-censored. Competing incidence is descriptive, so initiation probability may be overestimated."
mhspc_mcspc,1375.0,267,0,1,0.23229544903753413,"Standard KM; death and LTFU right-censored. Competing incidence is descriptive, so initiation probability may be overestimated."
mhspc_mcspc,1381.0,266,0,1,0.23229544903753413,"Standard KM; death and LTFU right-censored. Competing incidence is descriptive, so initiation probability may be overestimated."
mhspc_mcspc,1382.0,265,0,1,0.23229544903753413,"Standard KM; death and LTFU right-censored. Competing incidence is descriptive, so initiation probability may be overestimated."
mhspc_mcspc,1386.0,264,0,1,0.23229544903753413,"Standard KM; death and LTFU right-censored. Competing incidence is descriptive, so initiation probability may be overestimated."
mhspc_mcspc,1388.0,263,0,1,0.23229544903753413,"Standard KM; death and LTFU right-censored. Competing incidence is descriptive, so initiation probability may be overestimated."
mhspc_mcspc,1396.0,262,0,1,0.23229544903753413,"Standard KM; death and LTFU right-censored. Competing incidence is descriptive, so initiation probability may be overestimated."
mhspc_mcspc,1399.0,261,0,1,0.23229544903753413,"Standard KM; death and LTFU right-censored. Competing incidence is descriptive, so initiation probability may be overestimated."
mhspc_mcspc,1404.0,260,0,2,0.23229544903753413,"Standard KM; death and LTFU right-censored. Competing incidence is descriptive, so initiation probability may be overestimated."
mhspc_mcspc,1408.0,258,0,1,0.23229544903753413,"Standard KM; death and LTFU right-censored. Competing incidence is descriptive, so initiation probability may be overestimated."
mhspc_mcspc,1412.0,257,0,1,0.23229544903753413,"Standard KM; death and LTFU right-censored. Competing incidence is descriptive, so initiation probability may be overestimated."
mhspc_mcspc,1423.0,256,0,1,0.23229544903753413,"Standard KM; death and LTFU right-censored. Competing incidence is descriptive, so initiation probability may be overestimated."
mhspc_mcspc,1429.0,255,0,1,0.23229544903753413,"Standard KM; death and LTFU right-censored. Competing incidence is descriptive, so initiation probability may be overestimated."
mhspc_mcspc,1431.0,254,0,1,0.23229544903753413,"Standard KM; death and LTFU right-censored. Competing incidence is descriptive, so initiation probability may be overestimated."
mhspc_mcspc,1445.0,253,0,1,0.23229544903753413,"Standard KM; death and LTFU right-censored. Competing incidence is descriptive, so initiation probability may be overestimated."
mhspc_mcspc,1447.0,252,0,1,0.23229544903753413,"Standard KM; death and LTFU right-censored. Competing incidence is descriptive, so initiation probability may be overestimated."
mhspc_mcspc,1462.0,251,0,1,0.23229544903753413,"Standard KM; death and LTFU right-censored. Competing incidence is descriptive, so initiation probability may be overestimated."
mhspc_mcspc,1465.0,250,0,1,0.23229544903753413,"Standard KM; death and LTFU right-censored. Competing incidence is descriptive, so initiation probability may be overestimated."
mhspc_mcspc,1475.0,249,0,1,0.23229544903753413,"Standard KM; death and LTFU right-censored. Competing incidence is descriptive, so initiation probability may be overestimated."
mhspc_mcspc,1476.0,248,0,1,0.23229544903753413,"Standard KM; death and LTFU right-censored. Competing incidence is descriptive, so initiation probability may be overestimated."
mhspc_mcspc,1491.0,247,0,1,0.23229544903753413,"Standard KM; death and LTFU right-censored. Competing incidence is descriptive, so initiation probability may be overestimated."
mhspc_mcspc,1513.0,246,0,1,0.23229544903753413,"Standard KM; death and LTFU right-censored. Competing incidence is descriptive, so initiation probability may be overestimated."
mhspc_mcspc,1514.0,245,0,1,0.23229544903753413,"Standard KM; death and LTFU right-censored. Competing incidence is descriptive, so initiation probability may be overestimated."
mhspc_mcspc,1515.0,244,0,1,0.23229544903753413,"Standard KM; death and LTFU right-censored. Competing incidence is descriptive, so initiation probability may be overestimated."
mhspc_mcspc,1516.0,243,0,1,0.23229544903753413,"Standard KM; death and LTFU right-censored. Competing incidence is descriptive, so initiation probability may be overestimated."
mhspc_mcspc,1518.0,242,0,1,0.23229544903753413,"Standard KM; death and LTFU right-censored. Competing incidence is descriptive, so initiation probability may be overestimated."
mhspc_mcspc,1526.0,241,0,2,0.23229544903753413,"Standard KM; death and LTFU right-censored. Competing incidence is descriptive, so initiation probability may be overestimated."
mhspc_mcspc,1535.0,239,0,1,0.23229544903753413,"Standard KM; death and LTFU right-censored. Competing incidence is descriptive, so initiation probability may be overestimated."
mhspc_mcspc,1542.0,238,0,1,0.23229544903753413,"Standard KM; death and LTFU right-censored. Competing incidence is descriptive, so initiation probability may be overestimated."
mhspc_mcspc,1544.0,237,0,1,0.23229544903753413,"Standard KM; death and LTFU right-censored. Competing incidence is descriptive, so initiation probability may be overestimated."
mhspc_mcspc,1549.0,236,0,1,0.23229544903753413,"Standard KM; death and LTFU right-censored. Competing incidence is descriptive, so initiation probability may be overestimated."
mhspc_mcspc,1561.0,235,0,1,0.23229544903753413,"Standard KM; death and LTFU right-censored. Competing incidence is descriptive, so initiation probability may be overestimated."
mhspc_mcspc,1567.0,234,0,1,0.23229544903753413,"Standard KM; death and LTFU right-censored. Competing incidence is descriptive, so initiation probability may be overestimated."
mhspc_mcspc,1571.0,233,0,1,0.23229544903753413,"Standard KM; death and LTFU right-censored. Competing incidence is descriptive, so initiation probability may be overestimated."
mhspc_mcspc,1573.0,232,0,2,0.23229544903753413,"Standard KM; death and LTFU right-censored. Competing incidence is descriptive, so initiation probability may be overestimated."
mhspc_mcspc,1574.0,230,0,1,0.23229544903753413,"Standard KM; death and LTFU right-censored. Competing incidence is descriptive, so initiation probability may be overestimated."
mhspc_mcspc,1579.0,229,0,1,0.23229544903753413,"Standard KM; death and LTFU right-censored. Competing incidence is descriptive, so initiation probability may be overestimated."
mhspc_mcspc,1582.0,228,0,1,0.23229544903753413,"Standard KM; death and LTFU right-censored. Competing incidence is descriptive, so initiation probability may be overestimated."
mhspc_mcspc,1583.0,227,0,1,0.23229544903753413,"Standard KM; death and LTFU right-censored. Competing incidence is descriptive, so initiation probability may be overestimated."
mhspc_mcspc,1597.0,226,0,1,0.23229544903753413,"Standard KM; death and LTFU right-censored. Competing incidence is descriptive, so initiation probability may be overestimated."
mhspc_mcspc,1598.0,225,0,1,0.23229544903753413,"Standard KM; death and LTFU right-censored. Competing incidence is descriptive, so initiation probability may be overestimated."
mhspc_mcspc,1606.0,224,0,1,0.23229544903753413,"Standard KM; death and LTFU right-censored. Competing incidence is descriptive, so initiation probability may be overestimated."
mhspc_mcspc,1611.0,223,0,1,0.23229544903753413,"Standard KM; death and LTFU right-censored. Competing incidence is descriptive, so initiation probability may be overestimated."
mhspc_mcspc,1614.0,222,0,1,0.23229544903753413,"Standard KM; death and LTFU right-censored. Competing incidence is descriptive, so initiation probability may be overestimated."
mhspc_mcspc,1615.0,221,0,1,0.23229544903753413,"Standard KM; death and LTFU right-censored. Competing incidence is descriptive, so initiation probability may be overestimated."
mhspc_mcspc,1616.0,220,0,1,0.23229544903753413,"Standard KM; death and LTFU right-censored. Competing incidence is descriptive, so initiation probability may be overestimated."
mhspc_mcspc,1622.0,219,0,1,0.23229544903753413,"Standard KM; death and LTFU right-censored. Competing incidence is descriptive, so initiation probability may be overestimated."
mhspc_mcspc,1624.0,218,0,1,0.23229544903753413,"Standard KM; death and LTFU right-censored. Competing incidence is descriptive, so initiation probability may be overestimated."
mhspc_mcspc,1630.0,217,0,1,0.23229544903753413,"Standard KM; death and LTFU right-censored. Competing incidence is descriptive, so initiation probability may be overestimated."
mhspc_mcspc,1631.0,216,0,2,0.23229544903753413,"Standard KM; death and LTFU right-censored. Competing incidence is descriptive, so initiation probability may be overestimated."
mhspc_mcspc,1635.0,214,0,2,0.23229544903753413,"Standard KM; death and LTFU right-censored. Competing incidence is descriptive, so initiation probability may be overestimated."
mhspc_mcspc,1651.0,212,0,1,0.23229544903753413,"Standard KM; death and LTFU right-censored. Competing incidence is descriptive, so initiation probability may be overestimated."
mhspc_mcspc,1653.0,211,0,1,0.23229544903753413,"Standard KM; death and LTFU right-censored. Competing incidence is descriptive, so initiation probability may be overestimated."
mhspc_mcspc,1654.0,210,0,1,0.23229544903753413,"Standard KM; death and LTFU right-censored. Competing incidence is descriptive, so initiation probability may be overestimated."
mhspc_mcspc,1664.0,209,0,1,0.23229544903753413,"Standard KM; death and LTFU right-censored. Competing incidence is descriptive, so initiation probability may be overestimated."
mhspc_mcspc,1671.0,208,0,1,0.23229544903753413,"Standard KM; death and LTFU right-censored. Competing incidence is descriptive, so initiation probability may be overestimated."
mhspc_mcspc,1673.0,207,0,1,0.23229544903753413,"Standard KM; death and LTFU right-censored. Competing incidence is descriptive, so initiation probability may be overestimated."
mhspc_mcspc,1675.0,206,0,1,0.23229544903753413,"Standard KM; death and LTFU right-censored. Competing incidence is descriptive, so initiation probability may be overestimated."
mhspc_mcspc,1681.0,205,0,1,0.23229544903753413,"Standard KM; death and LTFU right-censored. Competing incidence is descriptive, so initiation probability may be overestimated."
mhspc_mcspc,1684.0,204,0,1,0.23229544903753413,"Standard KM; death and LTFU right-censored. Competing incidence is descriptive, so initiation probability may be overestimated."
mhspc_mcspc,1688.0,203,0,1,0.23229544903753413,"Standard KM; death and LTFU right-censored. Competing incidence is descriptive, so initiation probability may be overestimated."
mhspc_mcspc,1691.0,202,0,1,0.23229544903753413,"Standard KM; death and LTFU right-censored. Competing incidence is descriptive, so initiation probability may be overestimated."
mhspc_mcspc,1697.0,201,0,1,0.23229544903753413,"Standard KM; death and LTFU right-censored. Competing incidence is descriptive, so initiation probability may be overestimated."
mhspc_mcspc,1706.0,200,0,1,0.23229544903753413,"Standard KM; death and LTFU right-censored. Competing incidence is descriptive, so initiation probability may be overestimated."
mhspc_mcspc,1708.0,199,0,1,0.23229544903753413,"Standard KM; death and LTFU right-censored. Competing incidence is descriptive, so initiation probability may be overestimated."
mhspc_mcspc,1714.0,198,0,1,0.23229544903753413,"Standard KM; death and LTFU right-censored. Competing incidence is descriptive, so initiation probability may be overestimated."
mhspc_mcspc,1716.0,197,0,1,0.23229544903753413,"Standard KM; death and LTFU right-censored. Competing incidence is descriptive, so initiation probability may be overestimated."
mhspc_mcspc,1717.0,196,0,1,0.23229544903753413,"Standard KM; death and LTFU right-censored. Competing incidence is descriptive, so initiation probability may be overestimated."
mhspc_mcspc,1719.0,195,0,1,0.23229544903753413,"Standard KM; death and LTFU right-censored. Competing incidence is descriptive, so initiation probability may be overestimated."
mhspc_mcspc,1721.0,194,0,1,0.23229544903753413,"Standard KM; death and LTFU right-censored. Competing incidence is descriptive, so initiation probability may be overestimated."
mhspc_mcspc,1722.0,193,0,1,0.23229544903753413,"Standard KM; death and LTFU right-censored. Competing incidence is descriptive, so initiation probability may be overestimated."
mhspc_mcspc,1724.0,192,0,1,0.23229544903753413,"Standard KM; death and LTFU right-censored. Competing incidence is descriptive, so initiation probability may be overestimated."
mhspc_mcspc,1725.0,191,0,1,0.23229544903753413,"Standard KM; death and LTFU right-censored. Competing incidence is descriptive, so initiation probability may be overestimated."
mhspc_mcspc,1733.0,190,0,1,0.23229544903753413,"Standard KM; death and LTFU right-censored. Competing incidence is descriptive, so initiation probability may be overestimated."
mhspc_mcspc,1734.0,189,0,1,0.23229544903753413,"Standard KM; death and LTFU right-censored. Competing incidence is descriptive, so initiation probability may be overestimated."
mhspc_mcspc,1735.0,188,0,2,0.23229544903753413,"Standard KM; death and LTFU right-censored. Competing incidence is descriptive, so initiation probability may be overestimated."
mhspc_mcspc,1736.0,186,0,1,0.23229544903753413,"Standard KM; death and LTFU right-censored. Competing incidence is descriptive, so initiation probability may be overestimated."
mhspc_mcspc,1740.0,185,0,1,0.23229544903753413,"Standard KM; death and LTFU right-censored. Competing incidence is descriptive, so initiation probability may be overestimated."
mhspc_mcspc,1742.0,184,0,1,0.23229544903753413,"Standard KM; death and LTFU right-censored. Competing incidence is descriptive, so initiation probability may be overestimated."
mhspc_mcspc,1755.0,183,0,1,0.23229544903753413,"Standard KM; death and LTFU right-censored. Competing incidence is descriptive, so initiation probability may be overestimated."
mhspc_mcspc,1763.0,182,0,1,0.23229544903753413,"Standard KM; death and LTFU right-censored. Competing incidence is descriptive, so initiation probability may be overestimated."
mhspc_mcspc,1768.0,181,0,2,0.23229544903753413,"Standard KM; death and LTFU right-censored. Competing incidence is descriptive, so initiation probability may be overestimated."
mhspc_mcspc,1771.0,179,0,1,0.23229544903753413,"Standard KM; death and LTFU right-censored. Competing incidence is descriptive, so initiation probability may be overestimated."
mhspc_mcspc,1775.0,178,0,1,0.23229544903753413,"Standard KM; death and LTFU right-censored. Competing incidence is descriptive, so initiation probability may be overestimated."
mhspc_mcspc,1778.0,177,0,1,0.23229544903753413,"Standard KM; death and LTFU right-censored. Competing incidence is descriptive, so initiation probability may be overestimated."
mhspc_mcspc,1785.0,176,0,2,0.23229544903753413,"Standard KM; death and LTFU right-censored. Competing incidence is descriptive, so initiation probability may be overestimated."
mhspc_mcspc,1786.0,174,0,1,0.23229544903753413,"Standard KM; death and LTFU right-censored. Competing incidence is descriptive, so initiation probability may be overestimated."
mhspc_mcspc,1789.0,173,0,1,0.23229544903753413,"Standard KM; death and LTFU right-censored. Competing incidence is descriptive, so initiation probability may be overestimated."
mhspc_mcspc,1792.0,172,0,1,0.23229544903753413,"Standard KM; death and LTFU right-censored. Competing incidence is descriptive, so initiation probability may be overestimated."
mhspc_mcspc,1794.0,171,0,1,0.23229544903753413,"Standard KM; death and LTFU right-censored. Competing incidence is descriptive, so initiation probability may be overestimated."
mhspc_mcspc,1799.0,170,0,1,0.23229544903753413,"Standard KM; death and LTFU right-censored. Competing incidence is descriptive, so initiation probability may be overestimated."
mhspc_mcspc,1801.0,169,0,1,0.23229544903753413,"Standard KM; death and LTFU right-censored. Competing incidence is descriptive, so initiation probability may be overestimated."
mhspc_mcspc,1803.0,168,0,2,0.23229544903753413,"Standard KM; death and LTFU right-censored. Competing incidence is descriptive, so initiation probability may be overestimated."
mhspc_mcspc,1805.0,166,0,1,0.23229544903753413,"Standard KM; death and LTFU right-censored. Competing incidence is descriptive, so initiation probability may be overestimated."
mhspc_mcspc,1807.0,165,0,2,0.23229544903753413,"Standard KM; death and LTFU right-censored. Competing incidence is descriptive, so initiation probability may be overestimated."
mhspc_mcspc,1809.0,163,0,1,0.23229544903753413,"Standard KM; death and LTFU right-censored. Competing incidence is descriptive, so initiation probability may be overestimated."
mhspc_mcspc,1815.0,162,0,1,0.23229544903753413,"Standard KM; death and LTFU right-censored. Competing incidence is descriptive, so initiation probability may be overestimated."
mhspc_mcspc,1821.0,161,0,1,0.23229544903753413,"Standard KM; death and LTFU right-censored. Competing incidence is descriptive, so initiation probability may be overestimated."
mhspc_mcspc,1824.0,160,0,1,0.23229544903753413,"Standard KM; death and LTFU right-censored. Competing incidence is descriptive, so initiation probability may be overestimated."
mhspc_mcspc,1825.0,159,0,1,0.23229544903753413,"Standard KM; death and LTFU right-censored. Competing incidence is descriptive, so initiation probability may be overestimated."
mhspc_mcspc,1829.0,158,0,1,0.23229544903753413,"Standard KM; death and LTFU right-censored. Competing incidence is descriptive, so initiation probability may be overestimated."
mhspc_mcspc,1837.0,157,0,1,0.23229544903753413,"Standard KM; death and LTFU right-censored. Competing incidence is descriptive, so initiation probability may be overestimated."
mhspc_mcspc,1845.0,156,0,1,0.23229544903753413,"Standard KM; death and LTFU right-censored. Competing incidence is descriptive, so initiation probability may be overestimated."
mhspc_mcspc,1851.0,155,0,1,0.23229544903753413,"Standard KM; death and LTFU right-censored. Competing incidence is descriptive, so initiation probability may be overestimated."
mhspc_mcspc,1857.0,154,0,1,0.23229544903753413,"Standard KM; death and LTFU right-censored. Competing incidence is descriptive, so initiation probability may be overestimated."
mhspc_mcspc,1858.0,153,0,1,0.23229544903753413,"Standard KM; death and LTFU right-censored. Competing incidence is descriptive, so initiation probability may be overestimated."
mhspc_mcspc,1864.0,152,0,1,0.23229544903753413,"Standard KM; death and LTFU right-censored. Competing incidence is descriptive, so initiation probability may be overestimated."
mhspc_mcspc,1865.0,151,0,1,0.23229544903753413,"Standard KM; death and LTFU right-censored. Competing incidence is descriptive, so initiation probability may be overestimated."
mhspc_mcspc,1880.0,150,0,2,0.23229544903753413,"Standard KM; death and LTFU right-censored. Competing incidence is descriptive, so initiation probability may be overestimated."
mhspc_mcspc,1882.0,148,0,1,0.23229544903753413,"Standard KM; death and LTFU right-censored. Competing incidence is descriptive, so initiation probability may be overestimated."
mhspc_mcspc,1883.0,147,0,1,0.23229544903753413,"Standard KM; death and LTFU right-censored. Competing incidence is descriptive, so initiation probability may be overestimated."
mhspc_mcspc,1891.0,146,0,1,0.23229544903753413,"Standard KM; death and LTFU right-censored. Competing incidence is descriptive, so initiation probability may be overestimated."
mhspc_mcspc,1894.0,145,0,1,0.23229544903753413,"Standard KM; death and LTFU right-censored. Competing incidence is descriptive, so initiation probability may be overestimated."
mhspc_mcspc,1897.0,144,0,2,0.23229544903753413,"Standard KM; death and LTFU right-censored. Competing incidence is descriptive, so initiation probability may be overestimated."
mhspc_mcspc,1905.0,142,0,2,0.23229544903753413,"Standard KM; death and LTFU right-censored. Competing incidence is descriptive, so initiation probability may be overestimated."
mhspc_mcspc,1922.0,140,0,1,0.23229544903753413,"Standard KM; death and LTFU right-censored. Competing incidence is descriptive, so initiation probability may be overestimated."
mhspc_mcspc,1923.0,139,0,1,0.23229544903753413,"Standard KM; death and LTFU right-censored. Competing incidence is descriptive, so initiation probability may be overestimated."
mhspc_mcspc,1930.0,138,0,1,0.23229544903753413,"Standard KM; death and LTFU right-censored. Competing incidence is descriptive, so initiation probability may be overestimated."
mhspc_mcspc,1934.0,137,0,1,0.23229544903753413,"Standard KM; death and LTFU right-censored. Competing incidence is descriptive, so initiation probability may be overestimated."
mhspc_mcspc,1935.0,136,0,1,0.23229544903753413,"Standard KM; death and LTFU right-censored. Competing incidence is descriptive, so initiation probability may be overestimated."
mhspc_mcspc,1936.0,135,0,1,0.23229544903753413,"Standard KM; death and LTFU right-censored. Competing incidence is descriptive, so initiation probability may be overestimated."
mhspc_mcspc,1939.0,134,0,1,0.23229544903753413,"Standard KM; death and LTFU right-censored. Competing incidence is descriptive, so initiation probability may be overestimated."
mhspc_mcspc,1961.0,133,0,1,0.23229544903753413,"Standard KM; death and LTFU right-censored. Competing incidence is descriptive, so initiation probability may be overestimated."
mhspc_mcspc,1965.0,132,0,1,0.23229544903753413,"Standard KM; death and LTFU right-censored. Competing incidence is descriptive, so initiation probability may be overestimated."
mhspc_mcspc,1976.0,131,0,1,0.23229544903753413,"Standard KM; death and LTFU right-censored. Competing incidence is descriptive, so initiation probability may be overestimated."
mhspc_mcspc,1981.0,130,0,1,0.23229544903753413,"Standard KM; death and LTFU right-censored. Competing incidence is descriptive, so initiation probability may be overestimated."
mhspc_mcspc,1990.0,129,0,1,0.23229544903753413,"Standard KM; death and LTFU right-censored. Competing incidence is descriptive, so initiation probability may be overestimated."
mhspc_mcspc,2009.0,128,0,1,0.23229544903753413,"Standard KM; death and LTFU right-censored. Competing incidence is descriptive, so initiation probability may be overestimated."
mhspc_mcspc,2011.0,127,0,1,0.23229544903753413,"Standard KM; death and LTFU right-censored. Competing incidence is descriptive, so initiation probability may be overestimated."
mhspc_mcspc,2017.0,126,0,1,0.23229544903753413,"Standard KM; death and LTFU right-censored. Competing incidence is descriptive, so initiation probability may be overestimated."
mhspc_mcspc,2021.0,125,0,1,0.23229544903753413,"Standard KM; death and LTFU right-censored. Competing incidence is descriptive, so initiation probability may be overestimated."
mhspc_mcspc,2039.0,124,0,1,0.23229544903753413,"Standard KM; death and LTFU right-censored. Competing incidence is descriptive, so initiation probability may be overestimated."
mhspc_mcspc,2046.0,123,0,2,0.23229544903753413,"Standard KM; death and LTFU right-censored. Competing incidence is descriptive, so initiation probability may be overestimated."
mhspc_mcspc,2047.0,121,0,1,0.23229544903753413,"Standard KM; death and LTFU right-censored. Competing incidence is descriptive, so initiation probability may be overestimated."
mhspc_mcspc,2049.0,120,0,1,0.23229544903753413,"Standard KM; death and LTFU right-censored. Competing incidence is descriptive, so initiation probability may be overestimated."
mhspc_mcspc,2052.0,119,0,1,0.23229544903753413,"Standard KM; death and LTFU right-censored. Competing incidence is descriptive, so initiation probability may be overestimated."
mhspc_mcspc,2056.0,118,0,1,0.23229544903753413,"Standard KM; death and LTFU right-censored. Competing incidence is descriptive, so initiation probability may be overestimated."
mhspc_mcspc,2057.0,117,0,1,0.23229544903753413,"Standard KM; death and LTFU right-censored. Competing incidence is descriptive, so initiation probability may be overestimated."
mhspc_mcspc,2061.0,116,0,1,0.23229544903753413,"Standard KM; death and LTFU right-censored. Competing incidence is descriptive, so initiation probability may be overestimated."
mhspc_mcspc,2068.0,115,0,1,0.23229544903753413,"Standard KM; death and LTFU right-censored. Competing incidence is descriptive, so initiation probability may be overestimated."
mhspc_mcspc,2078.0,114,0,1,0.23229544903753413,"Standard KM; death and LTFU right-censored. Competing incidence is descriptive, so initiation probability may be overestimated."
mhspc_mcspc,2085.0,113,0,2,0.23229544903753413,"Standard KM; death and LTFU right-censored. Competing incidence is descriptive, so initiation probability may be overestimated."
mhspc_mcspc,2090.0,111,0,1,0.23229544903753413,"Standard KM; death and LTFU right-censored. Competing incidence is descriptive, so initiation probability may be overestimated."
mhspc_mcspc,2093.0,110,0,1,0.23229544903753413,"Standard KM; death and LTFU right-censored. Competing incidence is descriptive, so initiation probability may be overestimated."
mhspc_mcspc,2096.0,109,0,1,0.23229544903753413,"Standard KM; death and LTFU right-censored. Competing incidence is descriptive, so initiation probability may be overestimated."
mhspc_mcspc,2104.0,108,0,1,0.23229544903753413,"Standard KM; death and LTFU right-censored. Competing incidence is descriptive, so initiation probability may be overestimated."
mhspc_mcspc,2106.0,107,0,1,0.23229544903753413,"Standard KM; death and LTFU right-censored. Competing incidence is descriptive, so initiation probability may be overestimated."
mhspc_mcspc,2109.0,106,0,1,0.23229544903753413,"Standard KM; death and LTFU right-censored. Competing incidence is descriptive, so initiation probability may be overestimated."
mhspc_mcspc,2118.0,105,0,1,0.23229544903753413,"Standard KM; death and LTFU right-censored. Competing incidence is descriptive, so initiation probability may be overestimated."
mhspc_mcspc,2121.0,104,0,1,0.23229544903753413,"Standard KM; death and LTFU right-censored. Competing incidence is descriptive, so initiation probability may be overestimated."
mhspc_mcspc,2123.0,103,0,1,0.23229544903753413,"Standard KM; death and LTFU right-censored. Competing incidence is descriptive, so initiation probability may be overestimated."
mhspc_mcspc,2129.0,102,0,1,0.23229544903753413,"Standard KM; death and LTFU right-censored. Competing incidence is descriptive, so initiation probability may be overestimated."
mhspc_mcspc,2130.0,101,0,1,0.23229544903753413,"Standard KM; death and LTFU right-censored. Competing incidence is descriptive, so initiation probability may be overestimated."
mhspc_mcspc,2132.0,100,0,2,0.23229544903753413,"Standard KM; death and LTFU right-censored. Competing incidence is descriptive, so initiation probability may be overestimated."
mhspc_mcspc,2133.0,98,0,1,0.23229544903753413,"Standard KM; death and LTFU right-censored. Competing incidence is descriptive, so initiation probability may be overestimated."
mhspc_mcspc,2140.0,97,0,1,0.23229544903753413,"Standard KM; death and LTFU right-censored. Competing incidence is descriptive, so initiation probability may be overestimated."
mhspc_mcspc,2142.0,96,0,1,0.23229544903753413,"Standard KM; death and LTFU right-censored. Competing incidence is descriptive, so initiation probability may be overestimated."
mhspc_mcspc,2147.0,95,0,1,0.23229544903753413,"Standard KM; death and LTFU right-censored. Competing incidence is descriptive, so initiation probability may be overestimated."
mhspc_mcspc,2151.0,94,0,1,0.23229544903753413,"Standard KM; death and LTFU right-censored. Competing incidence is descriptive, so initiation probability may be overestimated."
mhspc_mcspc,2157.0,93,0,1,0.23229544903753413,"Standard KM; death and LTFU right-censored. Competing incidence is descriptive, so initiation probability may be overestimated."
mhspc_mcspc,2166.0,92,0,1,0.23229544903753413,"Standard KM; death and LTFU right-censored. Competing incidence is descriptive, so initiation probability may be overestimated."
mhspc_mcspc,2168.0,91,0,1,0.23229544903753413,"Standard KM; death and LTFU right-censored. Competing incidence is descriptive, so initiation probability may be overestimated."
mhspc_mcspc,2169.0,90,0,1,0.23229544903753413,"Standard KM; death and LTFU right-censored. Competing incidence is descriptive, so initiation probability may be overestimated."
mhspc_mcspc,2187.0,89,0,1,0.23229544903753413,"Standard KM; death and LTFU right-censored. Competing incidence is descriptive, so initiation probability may be overestimated."
mhspc_mcspc,2188.0,88,0,1,0.23229544903753413,"Standard KM; death and LTFU right-censored. Competing incidence is descriptive, so initiation probability may be overestimated."
mhspc_mcspc,2196.0,87,0,1,0.23229544903753413,"Standard KM; death and LTFU right-censored. Competing incidence is descriptive, so initiation probability may be overestimated."
mhspc_mcspc,2199.0,86,0,1,0.23229544903753413,"Standard KM; death and LTFU right-censored. Competing incidence is descriptive, so initiation probability may be overestimated."
mhspc_mcspc,2202.0,85,0,1,0.23229544903753413,"Standard KM; death and LTFU right-censored. Competing incidence is descriptive, so initiation probability may be overestimated."
mhspc_mcspc,2206.0,84,0,1,0.23229544903753413,"Standard KM; death and LTFU right-censored. Competing incidence is descriptive, so initiation probability may be overestimated."
mhspc_mcspc,2209.0,83,0,1,0.23229544903753413,"Standard KM; death and LTFU right-censored. Competing incidence is descriptive, so initiation probability may be overestimated."
mhspc_mcspc,2214.0,82,0,1,0.23229544903753413,"Standard KM; death and LTFU right-censored. Competing incidence is descriptive, so initiation probability may be overestimated."
mhspc_mcspc,2215.0,81,0,1,0.23229544903753413,"Standard KM; death and LTFU right-censored. Competing incidence is descriptive, so initiation probability may be overestimated."
mhspc_mcspc,2216.0,80,0,1,0.23229544903753413,"Standard KM; death and LTFU right-censored. Competing incidence is descriptive, so initiation probability may be overestimated."
mhspc_mcspc,2220.0,79,0,1,0.23229544903753413,"Standard KM; death and LTFU right-censored. Competing incidence is descriptive, so initiation probability may be overestimated."
mhspc_mcspc,2223.0,78,0,2,0.23229544903753413,"Standard KM; death and LTFU right-censored. Competing incidence is descriptive, so initiation probability may be overestimated."
mhspc_mcspc,2229.0,76,0,1,0.23229544903753413,"Standard KM; death and LTFU right-censored. Competing incidence is descriptive, so initiation probability may be overestimated."
mhspc_mcspc,2231.0,75,0,1,0.23229544903753413,"Standard KM; death and LTFU right-censored. Competing incidence is descriptive, so initiation probability may be overestimated."
mhspc_mcspc,2234.0,74,0,1,0.23229544903753413,"Standard KM; death and LTFU right-censored. Competing incidence is descriptive, so initiation probability may be overestimated."
mhspc_mcspc,2244.0,73,0,1,0.23229544903753413,"Standard KM; death and LTFU right-censored. Competing incidence is descriptive, so initiation probability may be overestimated."
mhspc_mcspc,2253.0,72,0,1,0.23229544903753413,"Standard KM; death and LTFU right-censored. Competing incidence is descriptive, so initiation probability may be overestimated."
mhspc_mcspc,2254.0,71,0,1,0.23229544903753413,"Standard KM; death and LTFU right-censored. Competing incidence is descriptive, so initiation probability may be overestimated."
mhspc_mcspc,2255.0,70,0,1,0.23229544903753413,"Standard KM; death and LTFU right-censored. Competing incidence is descriptive, so initiation probability may be overestimated."
mhspc_mcspc,2258.0,69,0,1,0.23229544903753413,"Standard KM; death and LTFU right-censored. Competing incidence is descriptive, so initiation probability may be overestimated."
mhspc_mcspc,2262.0,68,0,1,0.23229544903753413,"Standard KM; death and LTFU right-censored. Competing incidence is descriptive, so initiation probability may be overestimated."
mhspc_mcspc,2263.0,67,0,2,0.23229544903753413,"Standard KM; death and LTFU right-censored. Competing incidence is descriptive, so initiation probability may be overestimated."
mhspc_mcspc,2266.0,65,0,1,0.23229544903753413,"Standard KM; death and LTFU right-censored. Competing incidence is descriptive, so initiation probability may be overestimated."
mhspc_mcspc,2272.0,64,0,2,0.23229544903753413,"Standard KM; death and LTFU right-censored. Competing incidence is descriptive, so initiation probability may be overestimated."
mhspc_mcspc,2280.0,62,0,1,0.23229544903753413,"Standard KM; death and LTFU right-censored. Competing incidence is descriptive, so initiation probability may be overestimated."
mhspc_mcspc,2281.0,61,0,1,0.23229544903753413,"Standard KM; death and LTFU right-censored. Competing incidence is descriptive, so initiation probability may be overestimated."
mhspc_mcspc,2286.0,60,0,1,0.23229544903753413,"Standard KM; death and LTFU right-censored. Competing incidence is descriptive, so initiation probability may be overestimated."
mhspc_mcspc,2287.0,59,0,1,0.23229544903753413,"Standard KM; death and LTFU right-censored. Competing incidence is descriptive, so initiation probability may be overestimated."
mhspc_mcspc,2300.0,58,0,1,0.23229544903753413,"Standard KM; death and LTFU right-censored. Competing incidence is descriptive, so initiation probability may be overestimated."
mhspc_mcspc,2301.0,57,0,1,0.23229544903753413,"Standard KM; death and LTFU right-censored. Competing incidence is descriptive, so initiation probability may be overestimated."
mhspc_mcspc,2313.0,56,0,2,0.23229544903753413,"Standard KM; death and LTFU right-censored. Competing incidence is descriptive, so initiation probability may be overestimated."
mhspc_mcspc,2319.0,54,0,1,0.23229544903753413,"Standard KM; death and LTFU right-censored. Competing incidence is descriptive, so initiation probability may be overestimated."
mhspc_mcspc,2320.0,53,0,1,0.23229544903753413,"Standard KM; death and LTFU right-censored. Competing incidence is descriptive, so initiation probability may be overestimated."
mhspc_mcspc,2326.0,52,0,1,0.23229544903753413,"Standard KM; death and LTFU right-censored. Competing incidence is descriptive, so initiation probability may be overestimated."
mhspc_mcspc,2339.0,51,0,1,0.23229544903753413,"Standard KM; death and LTFU right-censored. Competing incidence is descriptive, so initiation probability may be overestimated."
mhspc_mcspc,2341.0,50,0,1,0.23229544903753413,"Standard KM; death and LTFU right-censored. Competing incidence is descriptive, so initiation probability may be overestimated."
mhspc_mcspc,2348.0,49,0,1,0.23229544903753413,"Standard KM; death and LTFU right-censored. Competing incidence is descriptive, so initiation probability may be overestimated."
mhspc_mcspc,2350.0,48,0,1,0.23229544903753413,"Standard KM; death and LTFU right-censored. Competing incidence is descriptive, so initiation probability may be overestimated."
mhspc_mcspc,2356.0,47,0,1,0.23229544903753413,"Standard KM; death and LTFU right-censored. Competing incidence is descriptive, so initiation probability may be overestimated."
mhspc_mcspc,2358.0,46,0,1,0.23229544903753413,"Standard KM; death and LTFU right-censored. Competing incidence is descriptive, so initiation probability may be overestimated."
mhspc_mcspc,2360.0,45,0,1,0.23229544903753413,"Standard KM; death and LTFU right-censored. Competing incidence is descriptive, so initiation probability may be overestimated."
mhspc_mcspc,2367.0,44,0,1,0.23229544903753413,"Standard KM; death and LTFU right-censored. Competing incidence is descriptive, so initiation probability may be overestimated."
mhspc_mcspc,2371.0,43,0,1,0.23229544903753413,"Standard KM; death and LTFU right-censored. Competing incidence is descriptive, so initiation probability may be overestimated."
mhspc_mcspc,2378.0,42,0,1,0.23229544903753413,"Standard KM; death and LTFU right-censored. Competing incidence is descriptive, so initiation probability may be overestimated."
mhspc_mcspc,2383.0,41,0,1,0.23229544903753413,"Standard KM; death and LTFU right-censored. Competing incidence is descriptive, so initiation probability may be overestimated."
mhspc_mcspc,2387.0,40,0,1,0.23229544903753413,"Standard KM; death and LTFU right-censored. Competing incidence is descriptive, so initiation probability may be overestimated."
mhspc_mcspc,2390.0,39,0,1,0.23229544903753413,"Standard KM; death and LTFU right-censored. Competing incidence is descriptive, so initiation probability may be overestimated."
mhspc_mcspc,2402.0,38,0,1,0.23229544903753413,"Standard KM; death and LTFU right-censored. Competing incidence is descriptive, so initiation probability may be overestimated."
mhspc_mcspc,2403.0,37,0,1,0.23229544903753413,"Standard KM; death and LTFU right-censored. Competing incidence is descriptive, so initiation probability may be overestimated."
mhspc_mcspc,2412.0,36,0,1,0.23229544903753413,"Standard KM; death and LTFU right-censored. Competing incidence is descriptive, so initiation probability may be overestimated."
mhspc_mcspc,2414.0,35,0,1,0.23229544903753413,"Standard KM; death and LTFU right-censored. Competing incidence is descriptive, so initiation probability may be overestimated."
mhspc_mcspc,2422.0,34,0,2,0.23229544903753413,"Standard KM; death and LTFU right-censored. Competing incidence is descriptive, so initiation probability may be overestimated."
mhspc_mcspc,2429.0,32,0,1,0.23229544903753413,"Standard KM; death and LTFU right-censored. Competing incidence is descriptive, so initiation probability may be overestimated."
mhspc_mcspc,2430.0,31,0,1,0.23229544903753413,"Standard KM; death and LTFU right-censored. Competing incidence is descriptive, so initiation probability may be overestimated."
mhspc_mcspc,2431.0,30,0,2,0.23229544903753413,"Standard KM; death and LTFU right-censored. Competing incidence is descriptive, so initiation probability may be overestimated."
mhspc_mcspc,2437.0,28,0,1,0.23229544903753413,"Standard KM; death and LTFU right-censored. Competing incidence is descriptive, so initiation probability may be overestimated."
mhspc_mcspc,2439.0,27,0,2,0.23229544903753413,"Standard KM; death and LTFU right-censored. Competing incidence is descriptive, so initiation probability may be overestimated."
mhspc_mcspc,2443.0,25,0,1,0.23229544903753413,"Standard KM; death and LTFU right-censored. Competing incidence is descriptive, so initiation probability may be overestimated."
mhspc_mcspc,2445.0,24,0,2,0.23229544903753413,"Standard KM; death and LTFU right-censored. Competing incidence is descriptive, so initiation probability may be overestimated."
mhspc_mcspc,2456.0,22,0,1,0.23229544903753413,"Standard KM; death and LTFU right-censored. Competing incidence is descriptive, so initiation probability may be overestimated."
mhspc_mcspc,2458.0,21,0,1,0.23229544903753413,"Standard KM; death and LTFU right-censored. Competing incidence is descriptive, so initiation probability may be overestimated."
mhspc_mcspc,2459.0,20,0,1,0.23229544903753413,"Standard KM; death and LTFU right-censored. Competing incidence is descriptive, so initiation probability may be overestimated."
mhspc_mcspc,2486.0,19,0,1,0.23229544903753413,"Standard KM; death and LTFU right-censored. Competing incidence is descriptive, so initiation probability may be overestimated."
mhspc_mcspc,2492.0,18,0,1,0.23229544903753413,"Standard KM; death and LTFU right-censored. Competing incidence is descriptive, so initiation probability may be overestimated."
mhspc_mcspc,2493.0,17,0,1,0.23229544903753413,"Standard KM; death and LTFU right-censored. Competing incidence is descriptive, so initiation probability may be overestimated."
mhspc_mcspc,2494.0,16,0,1,0.23229544903753413,"Standard KM; death and LTFU right-censored. Competing incidence is descriptive, so initiation probability may be overestimated."
mhspc_mcspc,2495.0,15,0,1,0.23229544903753413,"Standard KM; death and LTFU right-censored. Competing incidence is descriptive, so initiation probability may be overestimated."
mhspc_mcspc,2496.0,14,0,1,0.23229544903753413,"Standard KM; death and LTFU right-censored. Competing incidence is descriptive, so initiation probability may be overestimated."
mhspc_mcspc,2500.0,13,0,1,0.23229544903753413,"Standard KM; death and LTFU right-censored. Competing incidence is descriptive, so initiation probability may be overestimated."
mhspc_mcspc,2503.0,12,0,1,0.23229544903753413,"Standard KM; death and LTFU right-censored. Competing incidence is descriptive, so initiation probability may be overestimated."
mhspc_mcspc,2511.0,11,0,2,0.23229544903753413,"Standard KM; death and LTFU right-censored. Competing incidence is descriptive, so initiation probability may be overestimated."
mhspc_mcspc,2517.0,9,0,1,0.23229544903753413,"Standard KM; death and LTFU right-censored. Competing incidence is descriptive, so initiation probability may be overestimated."
mhspc_mcspc,2523.0,8,0,1,0.23229544903753413,"Standard KM; death and LTFU right-censored. Competing incidence is descriptive, so initiation probability may be overestimated."
mhspc_mcspc,2526.0,7,0,1,0.23229544903753413,"Standard KM; death and LTFU right-censored. Competing incidence is descriptive, so initiation probability may be overestimated."
mhspc_mcspc,2528.0,6,0,2,0.23229544903753413,"Standard KM; death and LTFU right-censored. Competing incidence is descriptive, so initiation probability may be overestimated."
mhspc_mcspc,2534.0,4,0,1,0.23229544903753413,"Standard KM; death and LTFU right-censored. Competing incidence is descriptive, so initiation probability may be overestimated."
mhspc_mcspc,2540.0,3,0,1,0.23229544903753413,"Standard KM; death and LTFU right-censored. Competing incidence is descriptive, so initiation probability may be overestimated."
mhspc_mcspc,2541.0,2,0,1,0.23229544903753413,"Standard KM; death and LTFU right-censored. Competing incidence is descriptive, so initiation probability may be overestimated."
mhspc_mcspc,2554.0,1,0,1,0.23229544903753413,"Standard KM; death and LTFU right-censored. Competing incidence is descriptive, so initiation probability may be overestimated."
